sample_id,rms_acceleration_mps2,dominant_frequency_hz,peak_acceleration_mps2,vibration_hazard_label
SIM_VIB_00001,0.03,6.3256,0.09279,0
SIM_VIB_00002,0.43709,26.3359,2.20308,1
SIM_VIB_00003,0.2394,13.9279,0.65614,0
SIM_VIB_00004,0.19188,1.566,0.48347,0
SIM_VIB_00005,1.22237,35.5309,4.66597,1
SIM_VIB_00006,0.18706,3.0076,0.50078,0
SIM_VIB_00007,0.21776,10.5572,0.85529,0
SIM_VIB_00008,0.23042,8.2047,0.68496,0
SIM_VIB_00009,0.07921,4.0344,0.68316,0
SIM_VIB_00010,0.28007,11.6633,0.52389,0
SIM_VIB_00011,1.74063,23.8995,3.34517,1
SIM_VIB_00012,0.2859,13.8525,0.55197,0
SIM_VIB_00013,0.17377,8.4594,0.6717,0
SIM_VIB_00014,0.25675,6.2387,0.74309,0
SIM_VIB_00015,0.25585,5.1238,0.81146,0
SIM_VIB_00016,0.27314,4.8531,0.81422,0
SIM_VIB_00017,0.18253,5.3517,0.5642,0
SIM_VIB_00018,1.4918,38.7531,4.60489,1
SIM_VIB_00019,0.12574,10.5807,0.32076,0
SIM_VIB_00020,0.2508,10.7846,0.64701,0
SIM_VIB_00021,0.36381,5.425,1.01635,0
SIM_VIB_00022,2.25692,54.2954,6.09582,1
SIM_VIB_00023,0.73458,23.4772,1.65847,1
SIM_VIB_00024,0.17664,6.9062,0.432,0
SIM_VIB_00025,1.68419,50.7633,4.30525,1
SIM_VIB_00026,0.43437,24.2079,1.22476,1
SIM_VIB_00027,0.17506,7.0869,0.31802,0
SIM_VIB_00028,1.19787,49.9196,3.83776,1
SIM_VIB_00029,0.12555,6.1067,0.29399,0
SIM_VIB_00030,0.59178,18.3003,2.12674,1
SIM_VIB_00031,1.64551,35.3968,4.44415,1
SIM_VIB_00032,0.7977,19.3006,1.79605,1
SIM_VIB_00033,0.79936,21.3046,2.60487,1
SIM_VIB_00034,0.22779,11.3811,0.72741,0
SIM_VIB_00035,0.30396,9.9814,0.86535,0
SIM_VIB_00036,0.12433,4.7993,0.24985,0
SIM_VIB_00037,0.72531,25.505,2.4802,1
SIM_VIB_00038,0.15386,6.7142,0.58454,0
SIM_VIB_00039,1.18418,49.6024,3.72811,1
SIM_VIB_00040,0.30368,10.4185,0.58129,0
SIM_VIB_00041,0.19283,7.4984,0.3175,0
SIM_VIB_00042,0.28135,7.5614,0.52339,0
SIM_VIB_00043,0.15174,9.9412,0.44459,0
SIM_VIB_00044,0.18076,7.8433,0.8625,0
SIM_VIB_00045,0.47624,35.679,1.57969,1
SIM_VIB_00046,0.80587,21.813,2.4843,1
SIM_VIB_00047,1.00569,33.4706,4.45438,1
SIM_VIB_00048,0.87644,28.8369,2.44398,1
SIM_VIB_00049,0.2629,15.8381,0.78088,0
SIM_VIB_00050,0.19525,9.3187,0.64433,0
SIM_VIB_00051,0.21715,11.0048,0.91022,0
SIM_VIB_00052,0.20642,8.0553,0.62366,0
SIM_VIB_00053,0.07706,4.3524,0.34865,0
SIM_VIB_00054,0.19775,2.6682,0.55231,0
SIM_VIB_00055,0.16841,7.5847,0.42328,0
SIM_VIB_00056,0.74345,14.873,2.12128,1
SIM_VIB_00057,0.27181,6.6284,0.62398,0
SIM_VIB_00058,0.65046,30.6195,2.04834,1
SIM_VIB_00059,0.14697,10.1019,0.71319,0
SIM_VIB_00060,0.6073,33.9677,1.86269,1
SIM_VIB_00061,0.81004,19.0798,1.9581,1
SIM_VIB_00062,0.11332,7.0604,0.44556,0
SIM_VIB_00063,1.91711,42.0207,6.20218,1
SIM_VIB_00064,0.65419,26.3991,1.85774,1
SIM_VIB_00065,0.15803,6.327,0.76575,0
SIM_VIB_00066,0.24042,14.9209,0.61882,0
SIM_VIB_00067,0.34895,9.3052,0.89486,0
SIM_VIB_00068,0.23484,13.4876,0.57031,0
SIM_VIB_00069,0.26079,9.5929,0.71634,0
SIM_VIB_00070,0.25423,8.305,0.7823,0
SIM_VIB_00071,0.20706,8.0524,0.49864,0
SIM_VIB_00072,0.79007,19.696,1.9464,1
SIM_VIB_00073,0.34362,7.2128,0.8403,0
SIM_VIB_00074,0.25258,6.8742,0.55313,0
SIM_VIB_00075,0.6552,26.7037,1.66625,1
SIM_VIB_00076,0.33737,9.1247,0.79168,0
SIM_VIB_00077,0.20038,9.3661,0.64948,0
SIM_VIB_00078,0.18331,10.6611,0.64136,0
SIM_VIB_00079,0.2286,7.1497,0.60746,0
SIM_VIB_00080,0.41363,1.0,0.88505,0
SIM_VIB_00081,1.05858,37.1375,2.27352,1
SIM_VIB_00082,0.91953,33.3338,2.8109,1
SIM_VIB_00083,0.5451,22.6367,1.7277,1
SIM_VIB_00084,0.31647,5.9009,0.75136,0
SIM_VIB_00085,0.38281,5.6446,0.72894,0
SIM_VIB_00086,1.6032,63.7219,5.28437,1
SIM_VIB_00087,0.19973,14.6801,0.57821,0
SIM_VIB_00088,0.67926,23.0653,1.46353,1
SIM_VIB_00089,0.23416,3.4801,0.56976,0
SIM_VIB_00090,0.17386,6.853,0.64106,0
SIM_VIB_00091,0.13311,9.3118,0.43762,0
SIM_VIB_00092,0.23268,5.4996,0.5386,0
SIM_VIB_00093,1.89263,38.2551,5.79212,1
SIM_VIB_00094,0.26661,4.8376,0.60672,0
SIM_VIB_00095,0.21891,10.3052,0.54551,0
SIM_VIB_00096,0.25,23.9492,1.57252,1
SIM_VIB_00097,0.31517,6.3238,0.83492,0
SIM_VIB_00098,0.1256,5.8984,0.43213,0
SIM_VIB_00099,0.17732,10.6752,0.49469,0
SIM_VIB_00100,0.20764,13.2083,0.63704,0
SIM_VIB_00101,0.26338,9.6802,0.7708,0
SIM_VIB_00102,0.28975,7.8114,0.91145,0
SIM_VIB_00103,0.65,51.8008,3.24085,1
SIM_VIB_00104,0.22716,12.3514,0.57871,0
SIM_VIB_00105,0.12806,9.8,0.56026,0
SIM_VIB_00106,0.71771,22.0104,1.82386,1
SIM_VIB_00107,0.23721,13.1455,0.80103,0
SIM_VIB_00108,0.25029,13.4167,0.57173,0
SIM_VIB_00109,0.3747,13.5651,0.67508,0
SIM_VIB_00110,0.17036,11.9308,0.60894,0
SIM_VIB_00111,0.0684,4.9852,0.13753,0
SIM_VIB_00112,1.55683,35.583,4.52766,1
SIM_VIB_00113,0.25998,14.1484,0.7731,0
SIM_VIB_00114,0.17134,8.7441,0.46946,0
SIM_VIB_00115,0.21362,3.7109,0.56266,0
SIM_VIB_00116,0.2243,10.5316,0.49564,0
SIM_VIB_00117,0.14303,1.0,0.92741,0
SIM_VIB_00118,0.20377,11.444,0.61197,0
SIM_VIB_00119,0.23629,10.5893,0.7374,0
SIM_VIB_00120,0.1993,8.6952,0.68506,0
SIM_VIB_00121,0.23364,8.61,0.55914,0
SIM_VIB_00122,0.18372,9.5385,0.64194,0
SIM_VIB_00123,0.77146,22.6016,1.65371,1
SIM_VIB_00124,1.32597,24.3671,3.79554,1
SIM_VIB_00125,1.13006,15.1407,2.99625,1
SIM_VIB_00126,1.40179,35.0259,4.6498,1
SIM_VIB_00127,0.25432,11.684,0.78346,0
SIM_VIB_00128,0.16907,14.5582,0.47075,0
SIM_VIB_00129,0.52135,8.9123,1.50684,1
SIM_VIB_00130,0.09464,15.5089,0.25703,0
SIM_VIB_00131,0.6719,28.7039,1.82334,1
SIM_VIB_00132,0.30329,25.2655,2.22936,1
SIM_VIB_00133,0.11056,4.5792,0.38085,0
SIM_VIB_00134,0.37267,19.1144,2.13931,1
SIM_VIB_00135,0.03245,11.466,0.69569,0
SIM_VIB_00136,0.1201,8.8146,0.5959,0
SIM_VIB_00137,0.18045,10.8826,0.564,0
SIM_VIB_00138,0.23574,12.5809,0.73104,0
SIM_VIB_00139,0.18749,13.7624,0.62681,0
SIM_VIB_00140,0.2464,8.1167,0.59627,0
SIM_VIB_00141,0.31863,11.2536,0.8552,0
SIM_VIB_00142,0.078,10.2732,0.31434,0
SIM_VIB_00143,0.23913,7.5231,0.54977,0
SIM_VIB_00144,1.50365,30.5344,5.4697,1
SIM_VIB_00145,0.27245,11.2325,0.63167,0
SIM_VIB_00146,0.27915,10.2166,0.85796,0
SIM_VIB_00147,0.36227,12.5336,0.9255,0
SIM_VIB_00148,0.23907,14.3645,0.53468,0
SIM_VIB_00149,0.28648,11.154,0.61271,0
SIM_VIB_00150,0.41503,38.0437,1.99829,1
SIM_VIB_00151,0.17719,6.07,0.74501,0
SIM_VIB_00152,1.2796,33.6735,3.41848,1
SIM_VIB_00153,0.24023,11.9857,0.56713,0
SIM_VIB_00154,0.10343,9.2798,0.45401,0
SIM_VIB_00155,0.52301,35.8237,2.25037,1
SIM_VIB_00156,0.13276,18.7912,0.30836,0
SIM_VIB_00157,0.28445,7.1126,0.63653,0
SIM_VIB_00158,0.6569,23.1701,2.00682,1
SIM_VIB_00159,0.25654,6.467,0.51916,0
SIM_VIB_00160,0.16795,7.1523,0.52064,0
SIM_VIB_00161,0.30073,9.6496,0.7849,0
SIM_VIB_00162,0.20107,9.4508,0.66278,0
SIM_VIB_00163,0.2328,10.8396,0.70257,0
SIM_VIB_00164,0.29955,3.1942,0.76802,0
SIM_VIB_00165,1.22165,53.4581,4.07037,1
SIM_VIB_00166,0.7088,23.8957,1.51041,1
SIM_VIB_00167,0.12021,2.3944,0.53854,0
SIM_VIB_00168,0.24368,3.5275,0.80022,0
SIM_VIB_00169,0.50918,18.1633,1.90369,1
SIM_VIB_00170,0.7814,29.5965,2.59463,1
SIM_VIB_00171,0.29862,3.9126,0.84563,0
SIM_VIB_00172,0.22288,12.1483,0.76758,0
SIM_VIB_00173,0.10143,10.4464,0.5131,0
SIM_VIB_00174,1.16224,25.4119,3.72363,1
SIM_VIB_00175,1.51823,60.8273,4.93911,1
SIM_VIB_00176,0.67113,22.2356,2.03168,1
SIM_VIB_00177,0.75259,20.0892,2.08671,1
SIM_VIB_00178,2.14187,49.9471,4.59908,1
SIM_VIB_00179,0.23875,2.8502,0.59188,0
SIM_VIB_00180,1.19211,37.8839,3.04347,1
SIM_VIB_00181,0.20383,14.7134,0.67531,0
SIM_VIB_00182,0.56556,5.0,1.28944,1
SIM_VIB_00183,0.62296,14.2522,1.79559,1
SIM_VIB_00184,0.42668,26.3785,2.09447,1
SIM_VIB_00185,1.55927,28.5463,4.27056,1
SIM_VIB_00186,0.21,1.9608,0.43318,0
SIM_VIB_00187,0.82552,14.8063,2.25511,1
SIM_VIB_00188,0.16093,8.5801,0.47532,0
SIM_VIB_00189,0.08197,7.4088,0.30803,0
SIM_VIB_00190,0.12008,9.4097,0.66861,0
SIM_VIB_00191,0.05136,16.358,0.61327,0
SIM_VIB_00192,0.44424,15.4138,1.34068,1
SIM_VIB_00193,0.21776,9.6054,0.86083,0
SIM_VIB_00194,1.34038,12.0,3.87449,1
SIM_VIB_00195,0.23687,12.963,0.49123,0
SIM_VIB_00196,0.25881,4.2888,0.50738,0
SIM_VIB_00197,1.05283,52.4303,3.48173,1
SIM_VIB_00198,1.23913,69.6247,3.90324,1
SIM_VIB_00199,0.32591,22.3764,1.54274,1
SIM_VIB_00200,0.12976,5.9344,0.92596,0
SIM_VIB_00201,0.0412,8.4492,0.37242,0
SIM_VIB_00202,0.54172,15.3586,1.91378,1
SIM_VIB_00203,0.0915,14.6158,0.54323,0
SIM_VIB_00204,1.3118,70.2312,4.27287,1
SIM_VIB_00205,0.21304,1.2347,0.65101,0
SIM_VIB_00206,1.42916,29.7439,4.97893,1
SIM_VIB_00207,1.1356,19.6536,3.72998,1
SIM_VIB_00208,0.1947,3.7239,0.53522,0
SIM_VIB_00209,0.61816,20.5274,1.14571,1
SIM_VIB_00210,0.29154,6.2319,0.70243,0
SIM_VIB_00211,0.49486,29.0137,1.63157,1
SIM_VIB_00212,0.24313,14.7181,0.69221,0
SIM_VIB_00213,0.13719,9.1738,0.50845,0
SIM_VIB_00214,0.37483,9.2104,1.17666,0
SIM_VIB_00215,0.52785,11.2528,1.55119,1
SIM_VIB_00216,0.18991,12.5073,0.54865,0
SIM_VIB_00217,0.31835,6.6706,0.83424,0
SIM_VIB_00218,0.66071,19.236,1.49556,1
SIM_VIB_00219,0.69092,20.7836,2.24996,1
SIM_VIB_00220,0.30421,15.4617,0.9079,0
SIM_VIB_00221,1.19991,43.0969,5.44174,1
SIM_VIB_00222,0.41061,12.0647,1.26256,0
SIM_VIB_00223,1.77417,36.942,4.18586,1
SIM_VIB_00224,0.57847,26.2901,1.73536,1
SIM_VIB_00225,0.33193,4.4191,0.60808,0
SIM_VIB_00226,0.15868,6.9033,0.58015,0
SIM_VIB_00227,0.15467,15.4651,0.68795,0
SIM_VIB_00228,0.97655,15.8747,2.00325,1
SIM_VIB_00229,0.15807,10.415,0.53675,0
SIM_VIB_00230,0.17271,14.2317,0.53232,0
SIM_VIB_00231,0.24582,13.3028,0.76631,0
SIM_VIB_00232,0.28494,13.8985,0.69668,0
SIM_VIB_00233,0.88439,16.9766,2.36049,1
SIM_VIB_00234,0.49218,37.1024,1.48378,1
SIM_VIB_00235,0.24151,22.0841,0.75903,0
SIM_VIB_00236,0.67123,15.9447,1.93189,1
SIM_VIB_00237,0.3146,7.9682,0.66043,0
SIM_VIB_00238,0.21513,4.1856,0.6949,0
SIM_VIB_00239,0.70122,40.8811,1.25911,1
SIM_VIB_00240,2.02676,40.5602,4.54353,1
SIM_VIB_00241,1.02565,18.705,2.44631,1
SIM_VIB_00242,0.36565,9.0501,0.90322,0
SIM_VIB_00243,0.40648,8.4257,1.15359,0
SIM_VIB_00244,0.15279,14.3455,0.42054,0
SIM_VIB_00245,2.18966,39.4202,4.12431,1
SIM_VIB_00246,0.4451,9.1424,1.35862,1
SIM_VIB_00247,0.19106,13.0687,0.4824,0
SIM_VIB_00248,0.14245,7.0614,0.34406,0
SIM_VIB_00249,0.62574,20.2302,2.09817,1
SIM_VIB_00250,0.34016,13.1956,1.02037,0
SIM_VIB_00251,0.25078,11.0476,0.81871,0
SIM_VIB_00252,1.67803,44.8805,4.97217,1
SIM_VIB_00253,0.23874,11.0306,0.85709,0
SIM_VIB_00254,0.09258,9.6061,0.60857,0
SIM_VIB_00255,0.14588,12.3847,0.54091,0
SIM_VIB_00256,1.24926,48.1637,5.28089,1
SIM_VIB_00257,0.17557,15.5709,0.42737,0
SIM_VIB_00258,0.223,11.2352,0.46489,0
SIM_VIB_00259,1.0686,42.2638,3.65295,1
SIM_VIB_00260,0.11784,4.9678,0.64216,0
SIM_VIB_00261,0.36876,6.3269,0.7445,0
SIM_VIB_00262,0.25698,6.2908,0.72397,0
SIM_VIB_00263,0.34935,11.5766,1.00033,0
SIM_VIB_00264,0.17764,8.3217,0.64564,0
SIM_VIB_00265,0.20692,8.8004,0.66272,0
SIM_VIB_00266,0.16943,2.9551,0.54075,0
SIM_VIB_00267,1.45147,52.1001,3.50025,1
SIM_VIB_00268,0.78157,13.7418,2.25423,1
SIM_VIB_00269,0.76872,23.4085,2.27466,1
SIM_VIB_00270,0.95735,24.0482,3.66073,1
SIM_VIB_00271,0.27846,12.5534,0.78337,0
SIM_VIB_00272,0.26069,15.5813,0.55129,0
SIM_VIB_00273,2.0578,25.2545,6.98565,1
SIM_VIB_00274,0.63374,22.6604,1.95304,1
SIM_VIB_00275,0.32394,5.4339,0.93039,0
SIM_VIB_00276,0.20484,12.5695,0.70558,0
SIM_VIB_00277,1.32373,28.8488,3.74637,1
SIM_VIB_00278,0.20232,6.9335,0.65436,0
SIM_VIB_00279,1.16572,29.4882,3.75851,1
SIM_VIB_00280,0.06056,5.6479,0.8813,0
SIM_VIB_00281,0.91937,29.2661,2.84407,1
SIM_VIB_00282,0.30359,8.8272,0.77215,0
SIM_VIB_00283,0.40219,16.8996,0.85647,0
SIM_VIB_00284,0.37304,13.4924,0.91036,0
SIM_VIB_00285,0.23009,10.0617,0.74519,0
SIM_VIB_00286,0.22309,5.1207,0.62003,0
SIM_VIB_00287,0.28837,13.9092,0.82478,0
SIM_VIB_00288,0.72171,13.5969,1.69224,1
SIM_VIB_00289,1.40505,43.3168,3.93624,1
SIM_VIB_00290,0.72251,22.4854,2.31282,1
SIM_VIB_00291,0.73965,36.9651,1.61566,1
SIM_VIB_00292,0.93657,18.2836,1.92498,1
SIM_VIB_00293,0.25583,16.3476,0.77116,0
SIM_VIB_00294,0.17997,5.4142,0.54482,0
SIM_VIB_00295,0.24052,7.3265,0.80198,0
SIM_VIB_00296,1.67065,46.1108,3.5861,1
SIM_VIB_00297,0.56397,26.2175,1.6888,1
SIM_VIB_00298,0.18701,1.0,0.54685,0
SIM_VIB_00299,0.70181,36.6871,2.36161,1
SIM_VIB_00300,0.34299,9.082,0.70447,0
SIM_VIB_00301,0.26192,6.3983,0.52954,0
SIM_VIB_00302,0.2438,8.7368,0.52387,0
SIM_VIB_00303,1.60917,38.5313,4.05458,1
SIM_VIB_00304,0.12587,10.5981,0.37333,0
SIM_VIB_00305,2.0663,37.4961,6.56064,1
SIM_VIB_00306,0.09674,8.8561,0.48028,0
SIM_VIB_00307,1.72554,28.8703,4.63452,1
SIM_VIB_00308,0.30315,5.3201,0.95104,0
SIM_VIB_00309,1.01507,32.6969,3.83279,1
SIM_VIB_00310,0.1259,6.9935,0.42135,0
SIM_VIB_00311,0.33388,2.356,0.75753,0
SIM_VIB_00312,0.23885,12.6983,0.77511,0
SIM_VIB_00313,0.32911,2.2728,0.61564,0
SIM_VIB_00314,0.19725,8.3588,0.58837,0
SIM_VIB_00315,2.01152,54.5283,5.86977,1
SIM_VIB_00316,0.03,5.0521,0.81799,0
SIM_VIB_00317,0.27081,20.3812,0.46779,0
SIM_VIB_00318,0.27994,10.6539,0.65142,0
SIM_VIB_00319,0.33022,16.2481,0.90394,0
SIM_VIB_00320,0.23168,6.8337,0.48331,0
SIM_VIB_00321,0.17514,12.3118,0.4117,0
SIM_VIB_00322,2.16977,35.9411,4.34914,1
SIM_VIB_00323,0.26904,16.9248,0.55889,0
SIM_VIB_00324,0.72156,14.7301,2.7393,1
SIM_VIB_00325,0.60658,25.3352,2.28981,1
SIM_VIB_00326,0.79295,13.563,2.50288,1
SIM_VIB_00327,0.27001,1.0,0.82445,0
SIM_VIB_00328,0.23685,7.7335,0.71143,0
SIM_VIB_00329,0.43895,30.1265,1.50747,1
SIM_VIB_00330,0.71607,9.6124,1.99604,1
SIM_VIB_00331,0.61089,20.2467,1.6985,1
SIM_VIB_00332,0.3017,20.2003,0.92414,0
SIM_VIB_00333,1.45315,12.8804,4.95225,1
SIM_VIB_00334,0.12523,11.4454,0.38736,0
SIM_VIB_00335,1.02091,43.3416,2.50852,1
SIM_VIB_00336,0.21806,7.2145,0.65109,0
SIM_VIB_00337,0.07577,15.6811,0.51441,0
SIM_VIB_00338,0.20747,12.7102,0.72489,0
SIM_VIB_00339,0.89937,42.8158,2.6882,1
SIM_VIB_00340,0.7205,21.7968,1.52587,1
SIM_VIB_00341,0.29161,9.6838,0.73186,0
SIM_VIB_00342,0.18723,9.0198,0.3975,0
SIM_VIB_00343,0.29581,8.8323,0.93312,0
SIM_VIB_00344,0.14715,10.0384,0.59066,0
SIM_VIB_00345,0.2224,14.7774,0.65138,0
SIM_VIB_00346,0.22094,4.1825,0.60123,0
SIM_VIB_00347,0.16695,8.8274,0.38282,0
SIM_VIB_00348,0.72603,19.2443,1.56171,1
SIM_VIB_00349,0.33921,12.9534,1.0464,0
SIM_VIB_00350,0.10292,5.13,0.37339,0
SIM_VIB_00351,1.52985,19.5262,3.13347,1
SIM_VIB_00352,0.10993,11.6459,0.64261,0
SIM_VIB_00353,0.87881,20.2117,2.59441,1
SIM_VIB_00354,1.63167,41.9553,3.72825,1
SIM_VIB_00355,0.78111,17.2166,2.51425,1
SIM_VIB_00356,0.60889,22.3486,2.03713,1
SIM_VIB_00357,1.4005,57.8344,4.14006,1
SIM_VIB_00358,1.64719,42.3794,4.81373,1
SIM_VIB_00359,0.14329,6.1946,0.50818,0
SIM_VIB_00360,1.50931,46.2563,3.71164,1
SIM_VIB_00361,0.22517,19.3742,0.369,0
SIM_VIB_00362,0.20108,12.1408,0.83368,0
SIM_VIB_00363,0.0522,7.6935,0.60351,0
SIM_VIB_00364,0.29997,9.6881,0.85792,0
SIM_VIB_00365,0.17231,13.4286,0.5534,0
SIM_VIB_00366,2.04438,34.8121,5.15644,1
SIM_VIB_00367,0.75603,20.2414,2.53982,1
SIM_VIB_00368,0.27696,5.2117,0.93974,0
SIM_VIB_00369,0.24857,3.6558,0.66935,0
SIM_VIB_00370,0.33377,6.8691,0.87646,0
SIM_VIB_00371,0.19221,7.7119,0.40676,0
SIM_VIB_00372,0.93239,51.1528,3.21865,1
SIM_VIB_00373,0.19135,7.4268,0.43496,0
SIM_VIB_00374,0.03437,7.9543,0.29704,0
SIM_VIB_00375,0.96862,40.3038,3.28196,1
SIM_VIB_00376,0.28995,12.4723,0.81882,0
SIM_VIB_00377,0.271,6.5636,0.71542,0
SIM_VIB_00378,0.3373,12.5753,0.72436,0
SIM_VIB_00379,0.27413,14.5293,0.74581,0
SIM_VIB_00380,0.19744,12.3273,0.60886,0
SIM_VIB_00381,0.66789,24.813,2.13822,1
SIM_VIB_00382,0.09135,7.1771,0.48305,0
SIM_VIB_00383,2.06003,50.1214,5.61499,1
SIM_VIB_00384,1.41729,41.3362,4.28603,1
SIM_VIB_00385,0.26341,5.9396,0.66692,0
SIM_VIB_00386,1.23344,45.3806,3.96627,1
SIM_VIB_00387,2.12616,36.2428,6.992,1
SIM_VIB_00388,0.2574,1.5891,0.67385,0
SIM_VIB_00389,0.67338,28.3657,1.61507,1
SIM_VIB_00390,0.87769,27.8006,2.76043,1
SIM_VIB_00391,1.95869,45.4285,4.98778,1
SIM_VIB_00392,0.16466,5.4457,0.5663,0
SIM_VIB_00393,1.18541,25.0439,4.09727,1
SIM_VIB_00394,0.14478,5.3793,0.76741,0
SIM_VIB_00395,1.73981,47.5452,3.95048,1
SIM_VIB_00396,0.24319,5.0991,0.51467,0
SIM_VIB_00397,0.3661,7.0072,0.93988,0
SIM_VIB_00398,0.28347,2.6722,0.65183,0
SIM_VIB_00399,0.30415,8.1687,0.76226,0
SIM_VIB_00400,1.32034,33.7458,4.4437,1
SIM_VIB_00401,1.86309,47.3046,5.06812,1
SIM_VIB_00402,0.14792,2.4371,0.34035,0
SIM_VIB_00403,1.70475,18.644,4.93682,1
SIM_VIB_00404,0.30769,9.6706,0.77513,0
SIM_VIB_00405,0.3151,9.9178,0.81085,0
SIM_VIB_00406,0.19,3.5928,0.53669,0
SIM_VIB_00407,0.92908,21.4887,2.1656,1
SIM_VIB_00408,0.19869,12.135,0.37701,0
SIM_VIB_00409,0.83518,31.3371,2.19906,1
SIM_VIB_00410,0.19546,7.6256,0.55098,0
SIM_VIB_00411,0.76511,23.0394,2.28431,1
SIM_VIB_00412,0.25846,19.5059,0.62379,0
SIM_VIB_00413,0.31905,8.007,0.67662,0
SIM_VIB_00414,0.46954,13.5451,1.90956,1
SIM_VIB_00415,0.12548,4.9117,0.33122,0
SIM_VIB_00416,0.28468,17.9192,0.5168,0
SIM_VIB_00417,0.27214,10.6987,0.8612,0
SIM_VIB_00418,0.28178,9.1072,0.63876,0
SIM_VIB_00419,0.61501,20.1752,2.1482,1
SIM_VIB_00420,0.94074,28.9085,2.9728,1
SIM_VIB_00421,1.48054,57.8991,3.84754,1
SIM_VIB_00422,0.85728,22.2287,2.03267,1
SIM_VIB_00423,0.27095,6.6145,0.98275,0
SIM_VIB_00424,0.21179,10.9885,0.44846,0
SIM_VIB_00425,0.22737,9.7815,0.63072,0
SIM_VIB_00426,0.29898,15.735,0.56736,0
SIM_VIB_00427,0.25682,13.0387,0.87418,0
SIM_VIB_00428,0.28735,15.8032,0.82312,0
SIM_VIB_00429,1.23797,42.32,3.20073,1
SIM_VIB_00430,0.98163,30.7593,2.34524,1
SIM_VIB_00431,0.34743,8.7978,0.78623,0
SIM_VIB_00432,0.36021,4.9831,0.75213,0
SIM_VIB_00433,0.03926,15.8924,0.65475,0
SIM_VIB_00434,0.13061,4.6539,0.78029,0
SIM_VIB_00435,0.26619,12.7026,0.92483,0
SIM_VIB_00436,0.12944,12.039,0.4807,0
SIM_VIB_00437,0.03,4.9634,0.48375,0
SIM_VIB_00438,0.16059,7.2222,0.48466,0
SIM_VIB_00439,0.31088,5.9972,0.95833,0
SIM_VIB_00440,0.66825,20.0658,1.91925,1
SIM_VIB_00441,0.09474,4.7889,0.7561,0
SIM_VIB_00442,0.19547,8.988,0.39008,0
SIM_VIB_00443,0.3126,12.8185,0.91411,0
SIM_VIB_00444,0.25303,8.1457,0.89193,0
SIM_VIB_00445,0.31832,30.1448,0.78425,1
SIM_VIB_00446,1.12147,38.5043,3.89729,1
SIM_VIB_00447,0.23755,1.5903,0.69522,0
SIM_VIB_00448,0.44477,16.1276,1.35171,0
SIM_VIB_00449,0.72068,15.1529,1.56378,1
SIM_VIB_00450,0.41951,7.9507,1.35566,0
SIM_VIB_00451,0.23106,17.5527,0.77526,0
SIM_VIB_00452,1.31706,43.6211,4.00235,1
SIM_VIB_00453,0.19947,11.9322,0.41145,0
SIM_VIB_00454,0.64181,19.0039,1.84357,1
SIM_VIB_00455,0.1781,6.8262,0.5449,0
SIM_VIB_00456,1.33412,20.4031,3.43105,1
SIM_VIB_00457,0.30511,1.0,0.86407,0
SIM_VIB_00458,0.80059,20.6862,2.34166,1
SIM_VIB_00459,0.09497,3.7398,0.36748,0
SIM_VIB_00460,0.11001,10.5792,0.48809,0
SIM_VIB_00461,0.24102,10.1855,0.73412,0
SIM_VIB_00462,0.24674,3.6883,0.71765,0
SIM_VIB_00463,0.80925,25.7037,1.81409,1
SIM_VIB_00464,0.21959,12.3568,0.48185,0
SIM_VIB_00465,0.56758,30.4669,1.90908,1
SIM_VIB_00466,0.63784,19.1695,1.18174,1
SIM_VIB_00467,0.03,13.4423,0.46015,0
SIM_VIB_00468,0.18891,9.7523,0.50836,0
SIM_VIB_00469,0.15735,1.0,0.56483,0
SIM_VIB_00470,0.10824,12.5969,0.55815,0
SIM_VIB_00471,0.75882,34.6336,2.12925,1
SIM_VIB_00472,1.80736,39.6322,5.88095,1
SIM_VIB_00473,0.27886,11.0386,0.76661,0
SIM_VIB_00474,0.20683,16.6022,0.54948,0
SIM_VIB_00475,0.27035,7.5931,0.68763,0
SIM_VIB_00476,0.21929,8.4506,0.79383,0
SIM_VIB_00477,0.83602,12.431,2.49988,1
SIM_VIB_00478,0.30198,2.7379,1.00141,0
SIM_VIB_00479,0.13459,8.1215,0.4394,0
SIM_VIB_00480,0.21414,15.8444,0.63932,0
SIM_VIB_00481,0.14476,17.0904,0.44457,0
SIM_VIB_00482,0.2793,6.9209,0.85524,0
SIM_VIB_00483,1.77539,37.7884,3.91235,1
SIM_VIB_00484,2.34677,48.4061,5.13403,1
SIM_VIB_00485,0.92648,10.8459,2.23961,1
SIM_VIB_00486,0.87793,19.0859,2.84317,1
SIM_VIB_00487,0.2826,6.6567,0.77198,0
SIM_VIB_00488,0.16709,14.0206,0.80445,0
SIM_VIB_00489,0.43078,9.5732,0.90043,0
SIM_VIB_00490,0.15126,12.447,0.38929,0
SIM_VIB_00491,1.24631,32.0705,3.8701,1
SIM_VIB_00492,0.28773,18.5354,0.8463,0
SIM_VIB_00493,1.79829,49.9585,6.11713,1
SIM_VIB_00494,0.08134,10.0182,0.38191,0
SIM_VIB_00495,0.15193,13.8151,0.65582,0
SIM_VIB_00496,0.18052,15.0776,0.60006,0
SIM_VIB_00497,0.6045,21.5063,1.53501,1
SIM_VIB_00498,0.25279,9.2698,0.57779,0
SIM_VIB_00499,0.32632,9.8776,0.85733,0
SIM_VIB_00500,0.25938,14.7563,0.75719,0
SIM_VIB_00501,0.22448,8.3858,0.37009,0
SIM_VIB_00502,1.07523,34.8001,3.49259,1
SIM_VIB_00503,1.04856,9.9822,3.31605,1
SIM_VIB_00504,0.85463,22.7197,2.42841,1
SIM_VIB_00505,1.13828,26.7008,2.39863,1
SIM_VIB_00506,0.13835,8.6756,0.61755,0
SIM_VIB_00507,0.27202,17.6139,0.63723,0
SIM_VIB_00508,0.1765,14.9618,0.40758,0
SIM_VIB_00509,0.07784,13.786,0.32284,0
SIM_VIB_00510,0.308,14.0802,0.83028,0
SIM_VIB_00511,0.69422,5.0,2.34855,1
SIM_VIB_00512,0.17829,7.145,0.71563,0
SIM_VIB_00513,0.66303,23.9497,2.04041,1
SIM_VIB_00514,0.15389,3.995,0.45165,0
SIM_VIB_00515,0.7532,20.554,2.58146,1
SIM_VIB_00516,0.54376,21.2174,1.40433,1
SIM_VIB_00517,1.64291,45.2595,4.78616,1
SIM_VIB_00518,0.65257,28.171,1.86675,1
SIM_VIB_00519,0.87176,9.1443,2.07315,1
SIM_VIB_00520,2.21164,49.6893,7.0986,1
SIM_VIB_00521,0.74612,12.9349,2.47483,1
SIM_VIB_00522,0.80598,14.8302,2.06545,1
SIM_VIB_00523,0.21866,12.1461,0.53136,0
SIM_VIB_00524,0.333,4.7474,0.91344,0
SIM_VIB_00525,0.28745,8.6186,0.76127,0
SIM_VIB_00526,0.26498,5.6807,0.54427,0
SIM_VIB_00527,0.32689,10.6397,1.06982,0
SIM_VIB_00528,0.18707,10.5889,0.61468,0
SIM_VIB_00529,0.93141,17.7718,2.69716,1
SIM_VIB_00530,1.70609,31.8581,5.28674,1
SIM_VIB_00531,0.28429,6.4247,0.7973,0
SIM_VIB_00532,0.1549,8.491,0.53426,0
SIM_VIB_00533,0.17699,8.7649,0.61626,0
SIM_VIB_00534,0.22933,7.904,0.72803,0
SIM_VIB_00535,0.08976,8.6361,0.409,0
SIM_VIB_00536,0.15901,8.8308,0.4958,0
SIM_VIB_00537,0.26913,7.0406,0.50336,0
SIM_VIB_00538,0.255,8.055,0.86154,0
SIM_VIB_00539,0.22812,14.6678,0.86905,0
SIM_VIB_00540,0.88293,24.2701,2.2328,1
SIM_VIB_00541,0.69988,26.6468,2.10195,1
SIM_VIB_00542,0.11506,1.0,0.78963,0
SIM_VIB_00543,0.1429,9.1366,0.54399,0
SIM_VIB_00544,0.2669,10.259,0.75335,0
SIM_VIB_00545,0.81531,26.2954,1.85551,1
SIM_VIB_00546,0.28872,8.3113,0.7937,0
SIM_VIB_00547,1.55686,53.3847,4.31116,1
SIM_VIB_00548,0.29443,6.3535,0.95664,0
SIM_VIB_00549,0.14091,9.6192,0.62302,0
SIM_VIB_00550,0.31855,8.8237,0.81132,0
SIM_VIB_00551,0.15635,7.8906,0.67101,0
SIM_VIB_00552,0.14192,9.0011,0.58615,0
SIM_VIB_00553,0.77989,17.2899,2.18977,1
SIM_VIB_00554,0.60327,24.9604,2.35142,1
SIM_VIB_00555,0.19496,3.2301,0.6514,0
SIM_VIB_00556,0.77998,22.7952,2.4013,1
SIM_VIB_00557,0.21659,6.8023,0.64114,0
SIM_VIB_00558,1.02587,28.5301,2.59029,1
SIM_VIB_00559,0.35573,11.4848,1.0174,0
SIM_VIB_00560,0.69486,15.7881,1.29633,1
SIM_VIB_00561,1.03258,43.308,2.84903,1
SIM_VIB_00562,0.63639,35.7094,2.10475,1
SIM_VIB_00563,0.3669,9.4092,0.76233,0
SIM_VIB_00564,2.05114,67.0686,6.42156,1
SIM_VIB_00565,1.59985,26.6051,4.55325,1
SIM_VIB_00566,0.26587,4.888,0.70591,0
SIM_VIB_00567,1.96056,62.3754,6.47129,1
SIM_VIB_00568,0.72347,23.9365,2.15686,1
SIM_VIB_00569,0.98108,23.2918,3.18674,1
SIM_VIB_00570,0.2613,1.0,0.56179,0
SIM_VIB_00571,0.26154,25.9253,2.29246,1
SIM_VIB_00572,0.23483,14.6637,0.68707,0
SIM_VIB_00573,0.19012,17.0731,0.66306,0
SIM_VIB_00574,2.05677,12.0,4.43863,1
SIM_VIB_00575,0.19025,16.1636,0.54597,0
SIM_VIB_00576,0.19372,8.0758,0.51165,0
SIM_VIB_00577,0.05747,17.2219,0.63525,0
SIM_VIB_00578,0.16408,6.742,0.73219,0
SIM_VIB_00579,0.2577,7.5944,0.80053,0
SIM_VIB_00580,0.18449,18.3112,0.54192,0
SIM_VIB_00581,0.93336,27.4348,2.65965,1
SIM_VIB_00582,0.73644,21.8594,2.31422,1
SIM_VIB_00583,0.53711,18.3824,1.07412,1
SIM_VIB_00584,0.23129,3.8773,0.58847,0
SIM_VIB_00585,0.14985,3.469,0.47715,0
SIM_VIB_00586,1.47542,55.3636,3.52868,1
SIM_VIB_00587,0.31622,16.9932,0.62924,0
SIM_VIB_00588,0.09216,13.4334,0.72739,0
SIM_VIB_00589,0.34348,1.612,0.65491,0
SIM_VIB_00590,1.18543,22.79,3.92034,1
SIM_VIB_00591,0.09198,11.86,0.62222,0
SIM_VIB_00592,0.45632,22.7438,1.86827,1
SIM_VIB_00593,1.07054,20.5219,1.95244,1
SIM_VIB_00594,0.23836,3.4635,0.60291,0
SIM_VIB_00595,0.15733,7.895,0.39649,0
SIM_VIB_00596,1.56232,41.6646,5.2535,1
SIM_VIB_00597,1.27987,45.202,4.77704,1
SIM_VIB_00598,1.31775,48.136,3.87281,1
SIM_VIB_00599,0.31356,13.2181,0.6768,0
SIM_VIB_00600,0.13153,9.6075,0.53597,0
SIM_VIB_00601,0.1389,13.3967,0.79021,0
SIM_VIB_00602,0.21297,9.5807,0.49702,0
SIM_VIB_00603,2.04649,41.6834,5.98903,1
SIM_VIB_00604,0.15524,8.247,0.36724,0
SIM_VIB_00605,0.19094,20.4299,0.62244,0
SIM_VIB_00606,0.17133,15.1762,0.5473,0
SIM_VIB_00607,0.72934,13.6059,2.23772,1
SIM_VIB_00608,0.39075,17.628,1.95216,1
SIM_VIB_00609,0.60863,18.2864,1.88367,1
SIM_VIB_00610,0.37729,11.5668,1.30829,0
SIM_VIB_00611,0.36695,19.958,1.22451,0
SIM_VIB_00612,1.00138,19.3075,3.28957,1
SIM_VIB_00613,0.21103,6.8473,0.43947,0
SIM_VIB_00614,0.1524,8.8061,0.5643,0
SIM_VIB_00615,0.16884,10.1937,0.58376,0
SIM_VIB_00616,0.39157,10.5463,2.03454,1
SIM_VIB_00617,0.81253,18.593,1.85523,1
SIM_VIB_00618,0.30215,11.5612,0.96291,0
SIM_VIB_00619,0.18526,4.9559,0.64729,0
SIM_VIB_00620,0.32325,6.3107,0.93503,0
SIM_VIB_00621,0.48924,28.3914,1.64774,1
SIM_VIB_00622,0.0602,12.1814,0.49428,0
SIM_VIB_00623,0.67873,18.6482,2.28528,1
SIM_VIB_00624,0.24416,1.952,0.58813,0
SIM_VIB_00625,2.03911,61.7539,5.78349,1
SIM_VIB_00626,2.34235,44.7298,5.74242,1
SIM_VIB_00627,0.23933,1.0,0.75595,0
SIM_VIB_00628,0.1893,3.6563,0.61676,0
SIM_VIB_00629,0.19627,8.0236,0.4838,0
SIM_VIB_00630,1.45144,55.3048,5.7807,1
SIM_VIB_00631,0.11775,6.9915,0.2575,0
SIM_VIB_00632,0.23256,14.1974,0.62413,0
SIM_VIB_00633,0.61235,34.6895,2.39686,1
SIM_VIB_00634,0.11518,13.6469,0.47215,0
SIM_VIB_00635,0.19984,4.138,0.59112,0
SIM_VIB_00636,0.38616,6.8336,0.8336,0
SIM_VIB_00637,0.67863,49.3295,3.52862,1
SIM_VIB_00638,0.59364,21.5833,1.61091,1
SIM_VIB_00639,0.14769,7.7596,0.49921,0
SIM_VIB_00640,0.20034,2.7046,0.5709,0
SIM_VIB_00641,0.22116,8.248,0.48166,0
SIM_VIB_00642,0.24265,6.4957,0.61805,0
SIM_VIB_00643,0.59835,25.7692,1.99658,1
SIM_VIB_00644,0.28474,13.9006,0.7554,0
SIM_VIB_00645,0.89769,23.3814,1.94987,1
SIM_VIB_00646,1.19942,15.0082,3.16078,1
SIM_VIB_00647,0.24555,12.9243,0.51154,0
SIM_VIB_00648,0.13001,11.7045,0.3572,0
SIM_VIB_00649,0.26823,4.6374,0.90437,0
SIM_VIB_00650,0.67498,31.1806,1.57748,1
SIM_VIB_00651,0.27419,6.5782,0.91689,0
SIM_VIB_00652,0.88828,20.4338,1.74508,1
SIM_VIB_00653,0.39838,3.9162,1.37385,0
SIM_VIB_00654,1.77366,56.7445,4.55122,1
SIM_VIB_00655,0.23081,6.5227,0.70716,0
SIM_VIB_00656,1.32837,17.5508,3.4008,1
SIM_VIB_00657,0.09882,8.2876,0.31658,0
SIM_VIB_00658,1.89927,57.7776,4.2159,1
SIM_VIB_00659,0.17011,3.5206,0.55057,0
SIM_VIB_00660,0.1981,5.9985,0.58155,0
SIM_VIB_00661,0.86666,19.0973,1.65258,1
SIM_VIB_00662,0.4055,21.1799,0.90931,1
SIM_VIB_00663,1.71304,46.8875,5.82878,1
SIM_VIB_00664,0.31404,10.5682,0.64743,0
SIM_VIB_00665,0.34597,22.7921,1.08923,1
SIM_VIB_00666,0.32476,7.9774,0.593,0
SIM_VIB_00667,0.24298,5.0338,0.74111,0
SIM_VIB_00668,0.05138,12.7718,0.59568,0
SIM_VIB_00669,0.62441,18.7181,1.57759,1
SIM_VIB_00670,0.17245,3.5736,0.4491,0
SIM_VIB_00671,0.19447,8.7781,0.46393,0
SIM_VIB_00672,0.33789,6.1504,1.01951,0
SIM_VIB_00673,0.16411,5.9875,0.53822,0
SIM_VIB_00674,0.07535,6.5528,0.25974,0
SIM_VIB_00675,1.9557,46.8672,4.33907,1
SIM_VIB_00676,0.28681,8.5969,0.69526,0
SIM_VIB_00677,0.1915,6.0359,0.39766,0
SIM_VIB_00678,0.67502,14.4081,2.06667,1
SIM_VIB_00679,0.20285,10.215,0.50271,0
SIM_VIB_00680,0.25895,8.2751,0.63916,0
SIM_VIB_00681,0.37557,3.1778,1.05427,0
SIM_VIB_00682,0.15764,5.7269,0.47969,0
SIM_VIB_00683,0.20049,10.2994,0.4041,0
SIM_VIB_00684,0.50812,21.6147,1.48617,1
SIM_VIB_00685,0.08541,15.586,0.32188,0
SIM_VIB_00686,0.13875,7.2152,0.76334,0
SIM_VIB_00687,0.0669,6.0053,0.51968,0
SIM_VIB_00688,0.25472,11.5314,0.75023,0
SIM_VIB_00689,0.14034,15.1539,0.84258,0
SIM_VIB_00690,0.29461,12.834,0.52925,0
SIM_VIB_00691,0.13879,9.3557,0.45407,0
SIM_VIB_00692,0.63416,10.4844,1.96987,1
SIM_VIB_00693,1.11561,51.6181,4.03094,1
SIM_VIB_00694,0.26157,10.0734,0.78214,0
SIM_VIB_00695,1.87805,34.9211,5.19962,1
SIM_VIB_00696,0.19694,9.2331,0.59367,0
SIM_VIB_00697,0.19462,12.2484,0.38581,0
SIM_VIB_00698,0.2116,13.316,0.69692,0
SIM_VIB_00699,0.25,14.7616,0.73081,1
SIM_VIB_00700,1.10722,32.3095,2.53989,1
SIM_VIB_00701,0.93908,12.2002,2.56362,1
SIM_VIB_00702,0.15904,5.5999,0.48791,0
SIM_VIB_00703,0.20834,1.0,0.41766,0
SIM_VIB_00704,2.20634,61.7494,5.2797,1
SIM_VIB_00705,0.15496,20.1988,0.50887,0
SIM_VIB_00706,0.22863,10.3096,0.71027,0
SIM_VIB_00707,0.08916,8.7891,0.68002,0
SIM_VIB_00708,0.3181,10.444,0.8861,0
SIM_VIB_00709,1.15352,39.1322,2.52546,1
SIM_VIB_00710,0.23434,11.7856,0.73136,0
SIM_VIB_00711,1.57904,39.5458,5.21289,1
SIM_VIB_00712,0.23882,10.2025,0.67794,0
SIM_VIB_00713,0.8118,28.4459,1.76101,1
SIM_VIB_00714,0.22759,10.484,0.63824,0
SIM_VIB_00715,0.21447,7.7161,0.63335,0
SIM_VIB_00716,0.27401,11.5943,0.901,0
SIM_VIB_00717,0.19977,13.5199,0.54162,0
SIM_VIB_00718,0.18522,9.5417,0.82493,0
SIM_VIB_00719,1.68013,46.9421,4.96144,1
SIM_VIB_00720,0.8359,16.8699,2.25978,1
SIM_VIB_00721,0.34601,5.6169,1.1503,0
SIM_VIB_00722,0.90732,23.3454,2.27959,1
SIM_VIB_00723,0.26914,9.1031,0.5595,0
SIM_VIB_00724,0.12893,14.4996,0.51933,0
SIM_VIB_00725,0.45241,12.4655,1.01984,0
SIM_VIB_00726,0.2054,12.1227,0.66487,0
SIM_VIB_00727,0.81316,28.8613,2.52608,1
SIM_VIB_00728,0.19348,6.7352,0.77247,0
SIM_VIB_00729,0.14708,1.0,0.60487,0
SIM_VIB_00730,0.76522,22.6915,2.13013,1
SIM_VIB_00731,0.13534,7.2957,0.63961,0
SIM_VIB_00732,0.20325,13.3741,0.74971,0
SIM_VIB_00733,0.48071,18.1002,2.35241,1
SIM_VIB_00734,1.03722,23.1995,2.39794,1
SIM_VIB_00735,0.82396,20.2351,1.70864,1
SIM_VIB_00736,1.0015,32.2462,2.38589,1
SIM_VIB_00737,0.84116,20.3682,2.46638,1
SIM_VIB_00738,0.66415,16.7345,2.16586,1
SIM_VIB_00739,0.75526,40.4965,2.51449,1
SIM_VIB_00740,0.13707,11.2451,0.45797,0
SIM_VIB_00741,0.24428,6.7588,0.78811,0
SIM_VIB_00742,0.14325,7.7069,0.39573,0
SIM_VIB_00743,0.19721,9.6838,0.35669,0
SIM_VIB_00744,0.78554,17.8096,1.7043,1
SIM_VIB_00745,0.30379,11.7788,1.00292,0
SIM_VIB_00746,0.26698,5.8379,0.55484,0
SIM_VIB_00747,0.27742,8.6397,0.68553,0
SIM_VIB_00748,0.18684,8.7837,0.57423,0
SIM_VIB_00749,0.56834,17.3086,1.47465,1
SIM_VIB_00750,0.10182,4.3255,0.43406,0
SIM_VIB_00751,0.88411,12.3878,2.47404,1
SIM_VIB_00752,1.54975,42.5387,4.49848,1
SIM_VIB_00753,0.11016,6.0642,0.41209,0
SIM_VIB_00754,0.34889,17.4867,0.78002,0
SIM_VIB_00755,0.21238,15.1305,0.49434,0
SIM_VIB_00756,0.56844,15.3339,2.18706,1
SIM_VIB_00757,0.58947,30.1523,1.92311,1
SIM_VIB_00758,0.21561,10.0094,0.60198,0
SIM_VIB_00759,2.03271,29.5228,5.38995,1
SIM_VIB_00760,0.26435,12.6026,0.63546,0
SIM_VIB_00761,0.24592,12.1222,0.51829,0
SIM_VIB_00762,0.21122,12.0285,0.67234,0
SIM_VIB_00763,0.22113,9.8214,0.74043,0
SIM_VIB_00764,0.08991,5.0574,0.29368,0
SIM_VIB_00765,0.58872,22.6764,1.53496,1
SIM_VIB_00766,0.28633,3.346,1.02341,0
SIM_VIB_00767,0.12445,7.4541,0.62363,0
SIM_VIB_00768,0.14975,8.6045,0.46131,0
SIM_VIB_00769,0.6777,7.182,1.87775,1
SIM_VIB_00770,0.81438,12.5952,2.06899,1
SIM_VIB_00771,0.19136,5.141,0.44727,0
SIM_VIB_00772,1.94806,17.1992,3.7111,1
SIM_VIB_00773,0.24047,2.3939,0.71707,0
SIM_VIB_00774,1.45316,46.6254,3.59016,1
SIM_VIB_00775,0.32429,5.773,0.80478,0
SIM_VIB_00776,2.30342,28.4494,4.38014,1
SIM_VIB_00777,0.25475,10.8818,0.68659,0
SIM_VIB_00778,0.32141,16.971,0.86848,0
SIM_VIB_00779,1.62101,48.1168,4.74562,1
SIM_VIB_00780,0.2044,10.9305,0.7561,0
SIM_VIB_00781,0.0812,1.0,0.44663,0
SIM_VIB_00782,0.2291,8.9654,0.61005,0
SIM_VIB_00783,0.21065,7.638,0.76486,0
SIM_VIB_00784,0.58848,13.2678,1.99606,1
SIM_VIB_00785,0.42829,8.761,1.17713,0
SIM_VIB_00786,0.16304,4.3834,0.89665,0
SIM_VIB_00787,0.23817,8.8417,0.62887,0
SIM_VIB_00788,0.37937,31.3704,1.93554,1
SIM_VIB_00789,0.54696,29.2159,2.24682,1
SIM_VIB_00790,0.60867,16.9663,2.09222,1
SIM_VIB_00791,0.66348,23.4499,2.13967,1
SIM_VIB_00792,0.14459,1.725,0.48174,0
SIM_VIB_00793,1.28755,37.0747,4.47066,1
SIM_VIB_00794,0.10583,6.292,0.47854,0
SIM_VIB_00795,0.13442,8.9296,0.53991,0
SIM_VIB_00796,1.37562,44.4895,3.62932,1
SIM_VIB_00797,0.25289,9.282,0.62885,0
SIM_VIB_00798,0.27405,7.9871,0.76077,0
SIM_VIB_00799,0.19288,11.3878,0.37711,0
SIM_VIB_00800,0.3027,13.8369,0.98369,0
SIM_VIB_00801,0.25447,11.5232,0.75931,0
SIM_VIB_00802,0.11705,9.8093,0.44399,0
SIM_VIB_00803,0.08368,7.719,0.46881,0
SIM_VIB_00804,0.22033,7.9409,0.7059,0
SIM_VIB_00805,0.12241,12.4715,0.27862,0
SIM_VIB_00806,0.19606,4.4084,0.76834,0
SIM_VIB_00807,0.31674,3.2066,0.74114,0
SIM_VIB_00808,0.27715,8.8842,0.90187,0
SIM_VIB_00809,0.11199,10.4286,0.26894,0
SIM_VIB_00810,0.83869,13.1427,1.96607,1
SIM_VIB_00811,0.27212,1.0,0.9038,0
SIM_VIB_00812,1.27222,38.9989,2.35763,1
SIM_VIB_00813,1.31723,60.9004,3.60617,1
SIM_VIB_00814,0.71909,15.987,1.91193,1
SIM_VIB_00815,1.72211,39.6548,4.96777,1
SIM_VIB_00816,1.9865,39.1824,5.83147,1
SIM_VIB_00817,0.2524,9.551,0.68979,0
SIM_VIB_00818,0.13741,8.3551,0.75527,0
SIM_VIB_00819,0.22372,13.6009,0.70769,0
SIM_VIB_00820,0.69819,15.674,2.05898,1
SIM_VIB_00821,1.59815,28.9718,4.7399,1
SIM_VIB_00822,0.22277,10.7837,0.62604,0
SIM_VIB_00823,0.24287,1.457,0.7785,0
SIM_VIB_00824,0.30803,16.6573,0.97273,0
SIM_VIB_00825,0.21655,7.4804,0.74372,0
SIM_VIB_00826,0.85655,24.8409,1.80096,1
SIM_VIB_00827,0.24553,1.8731,0.78728,0
SIM_VIB_00828,1.7753,13.3584,4.64783,1
SIM_VIB_00829,0.24124,6.4591,0.57224,0
SIM_VIB_00830,0.86913,10.4478,1.92274,1
SIM_VIB_00831,2.02632,52.311,6.37642,1
SIM_VIB_00832,1.76011,54.5979,3.28816,1
SIM_VIB_00833,0.27428,14.9072,0.80646,0
SIM_VIB_00834,0.27323,11.8734,0.8166,0
SIM_VIB_00835,0.17718,4.9434,0.44084,0
SIM_VIB_00836,0.21677,8.2974,0.60956,0
SIM_VIB_00837,0.0882,11.181,0.58652,0
SIM_VIB_00838,0.18534,3.6714,0.53029,0
SIM_VIB_00839,0.25769,6.2426,0.63428,0
SIM_VIB_00840,0.2047,9.5475,0.5602,0
SIM_VIB_00841,0.82408,21.0148,2.56928,1
SIM_VIB_00842,0.2599,5.7338,0.72703,0
SIM_VIB_00843,0.14358,2.2605,0.52581,0
SIM_VIB_00844,1.48687,54.5306,4.76881,1
SIM_VIB_00845,0.65777,22.8443,1.96353,1
SIM_VIB_00846,0.24726,1.0,0.82545,0
SIM_VIB_00847,0.03,4.7746,0.06836,0
SIM_VIB_00848,0.65735,15.8527,2.11661,1
SIM_VIB_00849,0.10185,8.4027,0.6849,0
SIM_VIB_00850,0.30848,8.624,0.65727,0
SIM_VIB_00851,0.2621,4.1479,0.43664,0
SIM_VIB_00852,0.326,3.4876,1.02712,0
SIM_VIB_00853,0.20951,11.349,0.48452,0
SIM_VIB_00854,0.16214,6.4161,0.47432,0
SIM_VIB_00855,0.24627,3.255,0.60418,0
SIM_VIB_00856,0.30392,11.2656,0.67817,0
SIM_VIB_00857,0.67274,19.8225,1.6625,1
SIM_VIB_00858,0.31984,10.3465,1.02036,0
SIM_VIB_00859,0.12267,13.4416,0.53926,0
SIM_VIB_00860,0.11701,1.0,0.6161,0
SIM_VIB_00861,0.74829,18.3784,2.46056,1
SIM_VIB_00862,0.15422,4.8223,0.50609,0
SIM_VIB_00863,0.56299,21.1782,1.53889,1
SIM_VIB_00864,0.17516,14.0044,0.29455,0
SIM_VIB_00865,0.19981,11.9609,0.87417,0
SIM_VIB_00866,0.13638,15.8863,0.20485,0
SIM_VIB_00867,0.51965,18.5355,1.3716,1
SIM_VIB_00868,0.73678,14.2396,1.43166,1
SIM_VIB_00869,1.97257,40.8407,4.54794,1
SIM_VIB_00870,0.35469,2.8557,0.77,0
SIM_VIB_00871,0.13195,10.7501,0.69917,0
SIM_VIB_00872,0.53618,9.9952,1.78703,1
SIM_VIB_00873,1.08214,17.1547,3.23833,1
SIM_VIB_00874,0.84782,10.892,1.82446,1
SIM_VIB_00875,0.19543,6.7612,0.42886,0
SIM_VIB_00876,0.27067,16.7095,0.79027,0
SIM_VIB_00877,1.12555,48.6168,3.23352,1
SIM_VIB_00878,1.38425,64.2383,4.21023,1
SIM_VIB_00879,1.09653,25.0606,2.40821,1
SIM_VIB_00880,1.05955,61.0186,4.49087,1
SIM_VIB_00881,0.67254,14.3427,1.82097,1
SIM_VIB_00882,0.20111,3.704,0.44497,0
SIM_VIB_00883,0.36338,37.8833,2.06515,1
SIM_VIB_00884,0.13772,12.9763,0.45076,0
SIM_VIB_00885,1.39469,33.7632,3.90123,1
SIM_VIB_00886,0.13715,6.4727,0.47986,0
SIM_VIB_00887,0.89479,31.3965,2.04976,1
SIM_VIB_00888,0.60641,29.4619,2.58223,1
SIM_VIB_00889,1.29245,23.4857,2.97509,1
SIM_VIB_00890,1.08136,66.2145,2.77597,1
SIM_VIB_00891,0.49103,25.2148,1.37931,1
SIM_VIB_00892,0.33527,10.3216,1.03512,0
SIM_VIB_00893,1.51031,44.9765,3.70579,1
SIM_VIB_00894,0.74811,31.5894,1.34725,1
SIM_VIB_00895,0.62529,9.9529,2.05849,1
SIM_VIB_00896,0.64816,20.6293,1.97,1
SIM_VIB_00897,0.2703,12.4723,0.9065,0
SIM_VIB_00898,1.08564,43.4074,2.71068,1
SIM_VIB_00899,0.93946,31.9871,1.9169,1
SIM_VIB_00900,0.19026,10.6285,0.51602,0
SIM_VIB_00901,2.10706,38.577,5.23568,1
SIM_VIB_00902,0.12681,3.5315,0.48598,0
SIM_VIB_00903,0.27589,12.5237,0.87545,0
SIM_VIB_00904,1.40803,43.7805,2.99634,1
SIM_VIB_00905,0.93734,17.9349,2.52075,1
SIM_VIB_00906,0.10569,6.4063,0.6136,0
SIM_VIB_00907,1.54423,47.9717,4.79284,1
SIM_VIB_00908,0.28172,10.9797,0.74918,0
SIM_VIB_00909,0.24932,9.2464,0.68571,0
SIM_VIB_00910,1.23077,5.0,3.16122,1
SIM_VIB_00911,0.37027,7.212,1.13828,0
SIM_VIB_00912,1.60911,57.8257,4.10812,1
SIM_VIB_00913,0.18743,8.3707,0.74965,0
SIM_VIB_00914,1.76993,38.3392,3.93362,1
SIM_VIB_00915,0.3295,11.2974,0.76171,0
SIM_VIB_00916,1.75365,63.0255,4.45728,1
SIM_VIB_00917,0.12046,9.9791,0.34795,0
SIM_VIB_00918,1.53549,27.9016,3.48359,1
SIM_VIB_00919,1.04481,17.2434,2.34671,1
SIM_VIB_00920,0.16592,7.0859,0.47316,0
SIM_VIB_00921,1.84921,51.4006,5.21765,1
SIM_VIB_00922,0.25876,15.9693,0.59792,0
SIM_VIB_00923,2.32541,47.4514,5.15858,1
SIM_VIB_00924,0.87786,13.9056,2.38028,1
SIM_VIB_00925,0.30548,9.1038,0.80243,0
SIM_VIB_00926,0.24732,6.0319,0.67173,0
SIM_VIB_00927,0.34286,4.1374,0.71487,0
SIM_VIB_00928,0.22341,6.7849,0.60583,0
SIM_VIB_00929,0.27063,10.2527,0.64959,0
SIM_VIB_00930,0.25124,12.4687,0.50328,0
SIM_VIB_00931,0.82185,12.8107,2.88282,1
SIM_VIB_00932,0.37015,9.924,0.69098,0
SIM_VIB_00933,0.13395,13.594,0.56127,0
SIM_VIB_00934,1.44983,49.5758,4.49237,1
SIM_VIB_00935,0.28764,8.6388,0.5662,0
SIM_VIB_00936,1.5352,43.7489,3.90196,1
SIM_VIB_00937,0.74152,16.0076,1.9272,1
SIM_VIB_00938,1.14646,26.0254,2.33277,1
SIM_VIB_00939,1.30053,60.5748,4.45454,1
SIM_VIB_00940,0.28994,9.0963,0.95969,0
SIM_VIB_00941,0.27521,7.5363,0.74245,0
SIM_VIB_00942,0.12713,5.2185,0.62362,0
SIM_VIB_00943,1.83126,31.1614,4.98703,1
SIM_VIB_00944,0.15648,8.1829,0.64334,0
SIM_VIB_00945,0.696,17.4639,1.64738,1
SIM_VIB_00946,0.10016,8.8737,0.33712,0
SIM_VIB_00947,0.33772,1.0,0.80904,0
SIM_VIB_00948,0.32319,7.9897,0.80501,0
SIM_VIB_00949,0.27301,2.0668,0.73015,0
SIM_VIB_00950,0.96296,25.229,2.15987,1
SIM_VIB_00951,1.47673,38.4513,4.53704,1
SIM_VIB_00952,0.09303,17.9271,0.53543,0
SIM_VIB_00953,0.23814,14.2836,0.45374,0
SIM_VIB_00954,0.80487,36.384,1.83916,1
SIM_VIB_00955,0.18335,6.8655,0.61434,0
SIM_VIB_00956,0.21822,9.7486,0.41229,0
SIM_VIB_00957,1.58986,33.4444,5.52824,1
SIM_VIB_00958,0.38251,7.5145,1.16077,0
SIM_VIB_00959,0.17613,7.4392,0.54534,0
SIM_VIB_00960,0.27529,10.4938,0.90019,0
SIM_VIB_00961,0.0711,8.6167,0.36342,0
SIM_VIB_00962,0.73686,28.1063,2.09244,1
SIM_VIB_00963,2.03455,55.9106,6.44016,1
SIM_VIB_00964,0.21394,4.6246,0.67169,0
SIM_VIB_00965,0.25946,10.3625,0.67871,0
SIM_VIB_00966,0.96415,20.5131,3.11751,1
SIM_VIB_00967,0.25904,6.8089,0.81286,0
SIM_VIB_00968,0.11586,7.6061,0.57326,0
SIM_VIB_00969,0.41097,17.3802,1.88803,1
SIM_VIB_00970,0.33108,16.1348,1.23398,1
SIM_VIB_00971,0.86613,14.7905,1.64669,1
SIM_VIB_00972,1.3086,52.6455,3.80701,1
SIM_VIB_00973,0.05988,8.5809,0.23357,0
SIM_VIB_00974,1.01032,22.1074,2.77754,1
SIM_VIB_00975,0.31322,16.1769,0.78308,0
SIM_VIB_00976,0.25571,8.4677,0.81546,0
SIM_VIB_00977,0.26634,19.1134,0.73336,0
SIM_VIB_00978,0.7594,27.0554,1.91002,1
SIM_VIB_00979,0.30909,16.0967,1.06583,0
SIM_VIB_00980,0.29491,10.6422,0.7797,0
SIM_VIB_00981,1.52101,38.7951,4.67022,1
SIM_VIB_00982,0.62901,12.1252,1.50168,1
SIM_VIB_00983,0.6871,8.2177,1.40609,1
SIM_VIB_00984,0.99049,27.6414,2.75492,1
SIM_VIB_00985,1.62774,31.611,5.21546,1
SIM_VIB_00986,0.17652,12.103,0.39914,0
SIM_VIB_00987,0.23059,11.4352,0.50116,0
SIM_VIB_00988,0.23792,2.9715,0.69935,0
SIM_VIB_00989,0.21222,7.0394,0.45759,0
SIM_VIB_00990,0.19926,8.0345,0.47013,0
SIM_VIB_00991,1.34754,48.1581,4.0904,1
SIM_VIB_00992,0.4042,35.0144,2.02195,1
SIM_VIB_00993,0.15524,14.2189,0.50037,0
SIM_VIB_00994,0.81685,18.4684,2.4428,1
SIM_VIB_00995,0.2004,13.3846,0.64334,0
SIM_VIB_00996,1.24298,12.1894,2.29852,1
SIM_VIB_00997,0.17624,6.7097,0.5354,0
SIM_VIB_00998,0.144,8.2857,0.49876,0
SIM_VIB_00999,1.62736,31.7953,5.16866,1
SIM_VIB_01000,1.92141,26.1301,4.37922,1
SIM_VIB_01001,1.57746,39.7347,3.60788,1
SIM_VIB_01002,0.84679,22.7719,1.75335,1
SIM_VIB_01003,1.64298,46.5157,4.48547,1
SIM_VIB_01004,0.77439,11.8264,2.40227,1
SIM_VIB_01005,0.2582,6.2462,0.53369,0
SIM_VIB_01006,0.42255,16.6305,1.31527,0
SIM_VIB_01007,0.76607,23.2891,1.48791,1
SIM_VIB_01008,0.72049,34.1848,1.65625,1
SIM_VIB_01009,0.13541,7.9295,0.52353,0
SIM_VIB_01010,0.14683,1.083,0.48666,0
SIM_VIB_01011,0.67642,24.6312,2.2982,1
SIM_VIB_01012,0.1812,6.3924,0.78572,0
SIM_VIB_01013,0.22883,6.4035,0.62373,0
SIM_VIB_01014,0.15487,10.6841,0.49078,0
SIM_VIB_01015,0.19869,8.1562,0.51122,0
SIM_VIB_01016,0.93481,11.449,2.88864,1
SIM_VIB_01017,0.20262,5.893,0.62836,0
SIM_VIB_01018,0.29742,11.4982,0.71525,0
SIM_VIB_01019,0.30873,3.9926,0.64636,0
SIM_VIB_01020,0.76132,40.1717,2.14066,1
SIM_VIB_01021,0.0951,5.0565,0.24001,0
SIM_VIB_01022,1.26384,30.7477,4.79261,1
SIM_VIB_01023,1.11359,30.5441,3.31504,1
SIM_VIB_01024,0.30714,15.0349,0.67361,0
SIM_VIB_01025,0.10976,1.0,0.44794,0
SIM_VIB_01026,0.31329,24.9077,1.21699,1
SIM_VIB_01027,2.33257,42.7554,6.32205,1
SIM_VIB_01028,0.29201,8.0977,0.76384,0
SIM_VIB_01029,0.22051,7.4174,0.70478,0
SIM_VIB_01030,2.14159,42.9961,4.59263,1
SIM_VIB_01031,0.04944,2.1664,0.43138,0
SIM_VIB_01032,0.20512,8.9303,0.45092,0
SIM_VIB_01033,1.42927,31.1147,4.60573,1
SIM_VIB_01034,0.25956,8.6244,0.64901,0
SIM_VIB_01035,0.43632,11.3341,1.14659,0
SIM_VIB_01036,0.26329,7.9707,0.67699,0
SIM_VIB_01037,1.09487,31.4763,2.99795,1
SIM_VIB_01038,0.2505,9.9771,0.89047,0
SIM_VIB_01039,0.19315,12.2708,0.6504,0
SIM_VIB_01040,0.19436,16.848,0.57723,0
SIM_VIB_01041,0.71103,19.8469,1.66035,1
SIM_VIB_01042,1.69377,36.5085,4.98564,1
SIM_VIB_01043,0.12489,10.9961,0.42679,0
SIM_VIB_01044,0.31024,9.4006,0.85162,0
SIM_VIB_01045,0.10815,3.8674,0.31367,0
SIM_VIB_01046,0.19084,10.5542,0.62759,0
SIM_VIB_01047,0.17943,1.0,0.58809,0
SIM_VIB_01048,0.1682,4.9718,0.69409,0
SIM_VIB_01049,0.18636,4.9908,0.54856,0
SIM_VIB_01050,0.07134,9.3044,0.57265,0
SIM_VIB_01051,0.77895,19.9822,1.99752,1
SIM_VIB_01052,0.81748,17.3464,2.66582,1
SIM_VIB_01053,0.21248,4.6212,0.64017,0
SIM_VIB_01054,0.35369,2.6811,0.84843,0
SIM_VIB_01055,0.2291,8.0549,0.67543,0
SIM_VIB_01056,0.82669,16.1125,2.15914,1
SIM_VIB_01057,0.16631,13.7989,1.10655,0
SIM_VIB_01058,2.03812,39.1361,5.61649,1
SIM_VIB_01059,0.16125,5.9072,0.81175,0
SIM_VIB_01060,0.25278,10.0059,0.68455,0
SIM_VIB_01061,0.23119,3.0791,0.65471,0
SIM_VIB_01062,0.15442,10.2599,0.7352,0
SIM_VIB_01063,0.67185,24.4457,1.74787,1
SIM_VIB_01064,0.20962,12.0297,0.60915,0
SIM_VIB_01065,0.26655,9.1263,0.83876,0
SIM_VIB_01066,0.32628,7.8427,0.97566,0
SIM_VIB_01067,0.14617,5.2671,0.40448,0
SIM_VIB_01068,0.07731,12.875,0.29979,0
SIM_VIB_01069,0.2411,5.0757,0.54732,0
SIM_VIB_01070,0.324,4.8086,0.98226,0
SIM_VIB_01071,1.5768,37.4852,4.22652,1
SIM_VIB_01072,0.76943,24.2899,2.22489,1
SIM_VIB_01073,1.83727,55.7065,4.87745,1
SIM_VIB_01074,0.21273,10.5505,0.5783,0
SIM_VIB_01075,0.85219,14.848,2.06771,1
SIM_VIB_01076,1.70563,36.2752,5.64512,1
SIM_VIB_01077,0.31,8.8046,0.88337,0
SIM_VIB_01078,0.12934,11.1068,0.60043,0
SIM_VIB_01079,0.12692,1.4424,0.58345,0
SIM_VIB_01080,0.27613,9.1515,0.90286,0
SIM_VIB_01081,0.64528,31.779,1.45251,1
SIM_VIB_01082,0.24719,4.5761,0.77226,0
SIM_VIB_01083,0.40479,16.5575,1.08672,0
SIM_VIB_01084,0.73707,31.8797,2.23442,1
SIM_VIB_01085,0.10344,15.9403,0.69587,0
SIM_VIB_01086,0.28456,7.1163,0.71555,0
SIM_VIB_01087,2.09995,51.646,5.05883,1
SIM_VIB_01088,0.13853,14.7598,0.54758,0
SIM_VIB_01089,2.16652,58.0757,4.61874,1
SIM_VIB_01090,1.79266,66.2687,4.5337,1
SIM_VIB_01091,0.1566,6.0634,0.61381,0
SIM_VIB_01092,0.26407,14.2609,0.77604,0
SIM_VIB_01093,1.16388,43.1557,4.24778,1
SIM_VIB_01094,0.71914,13.326,2.35746,1
SIM_VIB_01095,0.53826,16.1039,2.08234,1
SIM_VIB_01096,2.14283,55.3331,4.65471,1
SIM_VIB_01097,0.10665,7.0915,0.39782,0
SIM_VIB_01098,0.98863,19.2398,2.58345,1
SIM_VIB_01099,1.83046,69.0689,4.84919,1
SIM_VIB_01100,0.23039,11.6504,0.68526,0
SIM_VIB_01101,0.16181,11.4292,0.59938,0
SIM_VIB_01102,1.31374,41.7109,4.40337,1
SIM_VIB_01103,0.3493,13.9482,0.88538,0
SIM_VIB_01104,0.41855,35.3093,1.25668,1
SIM_VIB_01105,0.25176,8.3226,0.66409,0
SIM_VIB_01106,0.14135,7.7883,0.3095,0
SIM_VIB_01107,0.23789,7.4278,0.65048,0
SIM_VIB_01108,0.66883,32.8084,2.00785,1
SIM_VIB_01109,1.55667,46.8572,5.11075,1
SIM_VIB_01110,0.32565,3.2262,1.03899,0
SIM_VIB_01111,0.36408,13.0626,0.8235,0
SIM_VIB_01112,0.27347,12.6726,0.60412,0
SIM_VIB_01113,0.22857,12.1094,0.5667,0
SIM_VIB_01114,2.02766,46.4205,4.72963,1
SIM_VIB_01115,0.04752,6.8217,0.174,0
SIM_VIB_01116,0.30458,8.8704,1.00419,0
SIM_VIB_01117,0.21645,7.116,0.5249,0
SIM_VIB_01118,0.5357,15.0592,1.38741,1
SIM_VIB_01119,0.07229,10.843,0.31423,0
SIM_VIB_01120,0.33776,8.6647,0.8182,0
SIM_VIB_01121,0.16342,14.6015,0.72802,0
SIM_VIB_01122,0.707,25.9622,2.30039,1
SIM_VIB_01123,1.03627,52.6132,3.07335,1
SIM_VIB_01124,0.75661,20.8357,2.04832,1
SIM_VIB_01125,0.15348,11.489,0.4645,0
SIM_VIB_01126,1.33172,52.7987,3.92896,1
SIM_VIB_01127,0.90223,19.5754,2.39404,1
SIM_VIB_01128,0.2101,14.9828,0.36836,0
SIM_VIB_01129,0.22936,2.0441,0.56392,0
SIM_VIB_01130,0.81481,23.649,2.31789,1
SIM_VIB_01131,0.13252,2.945,0.83384,0
SIM_VIB_01132,1.71641,39.4753,5.36713,1
SIM_VIB_01133,0.3085,14.4067,0.85916,0
SIM_VIB_01134,0.24958,2.0921,0.51018,0
SIM_VIB_01135,0.44481,6.9136,1.31986,1
SIM_VIB_01136,0.28001,8.6151,0.69012,0
SIM_VIB_01137,0.76058,16.9972,2.06129,1
SIM_VIB_01138,0.24225,11.3093,0.70254,0
SIM_VIB_01139,0.22704,6.3014,0.88267,0
SIM_VIB_01140,0.2705,9.7101,0.67619,0
SIM_VIB_01141,0.81278,19.8105,2.68971,1
SIM_VIB_01142,0.20637,8.921,0.50064,0
SIM_VIB_01143,0.09941,15.4254,0.3946,0
SIM_VIB_01144,0.37608,10.5964,0.84999,0
SIM_VIB_01145,0.17941,10.7351,0.637,0
SIM_VIB_01146,0.45498,16.4559,1.64301,1
SIM_VIB_01147,0.39133,11.9075,0.98599,0
SIM_VIB_01148,0.20792,15.3881,0.51912,0
SIM_VIB_01149,1.37223,36.8796,4.15159,1
SIM_VIB_01150,0.25881,11.0365,0.66577,0
SIM_VIB_01151,0.28722,11.2069,0.60712,0
SIM_VIB_01152,0.18975,8.7981,0.51884,0
SIM_VIB_01153,0.93841,23.9337,2.94853,1
SIM_VIB_01154,0.18631,8.7558,0.57227,0
SIM_VIB_01155,0.17043,8.8093,0.52436,0
SIM_VIB_01156,0.68676,21.0575,2.08348,1
SIM_VIB_01157,0.18389,12.0008,0.58693,0
SIM_VIB_01158,0.10271,5.0499,0.30589,0
SIM_VIB_01159,1.03902,23.4803,2.26816,1
SIM_VIB_01160,0.87848,36.3264,1.6194,1
SIM_VIB_01161,0.10462,8.7865,0.32774,0
SIM_VIB_01162,0.17003,15.4248,0.27793,0
SIM_VIB_01163,0.34706,12.1878,1.06649,0
SIM_VIB_01164,1.81631,45.2836,5.76758,1
SIM_VIB_01165,0.08181,7.887,0.45916,0
SIM_VIB_01166,1.39355,46.1505,3.87439,1
SIM_VIB_01167,1.35139,18.2118,4.32432,1
SIM_VIB_01168,2.02893,38.6563,3.97167,1
SIM_VIB_01169,0.46529,20.3446,1.60344,1
SIM_VIB_01170,0.17335,10.8208,0.50899,0
SIM_VIB_01171,0.24593,9.1695,0.43635,0
SIM_VIB_01172,0.34546,11.0657,0.87261,0
SIM_VIB_01173,2.10569,57.6714,6.46618,1
SIM_VIB_01174,0.95987,29.271,2.48835,1
SIM_VIB_01175,0.4574,32.7205,1.7649,1
SIM_VIB_01176,0.5505,31.1535,1.76388,1
SIM_VIB_01177,0.19012,9.0786,0.49976,0
SIM_VIB_01178,1.50462,64.5092,4.31925,1
SIM_VIB_01179,1.98271,42.9624,5.87691,1
SIM_VIB_01180,2.35566,24.6072,6.24022,1
SIM_VIB_01181,0.59044,29.4515,1.88542,1
SIM_VIB_01182,0.16752,8.5159,0.59938,0
SIM_VIB_01183,0.22025,5.3741,0.64706,0
SIM_VIB_01184,0.22088,3.7455,0.55418,0
SIM_VIB_01185,0.28323,16.5687,0.89512,0
SIM_VIB_01186,0.23738,2.2095,0.48024,0
SIM_VIB_01187,0.56115,22.9834,1.35394,1
SIM_VIB_01188,0.06665,4.1507,0.4272,0
SIM_VIB_01189,1.50148,37.0343,4.53529,1
SIM_VIB_01190,0.96332,20.3057,2.13195,1
SIM_VIB_01191,1.03522,61.0509,5.0718,1
SIM_VIB_01192,1.92556,40.4976,5.45626,1
SIM_VIB_01193,1.39603,45.0073,3.97732,1
SIM_VIB_01194,0.61383,35.4262,1.35078,1
SIM_VIB_01195,1.60341,54.2725,3.1729,1
SIM_VIB_01196,0.283,8.8282,0.95401,0
SIM_VIB_01197,0.35649,6.5038,0.86212,0
SIM_VIB_01198,0.17458,15.4877,0.74684,0
SIM_VIB_01199,1.23053,43.6431,3.93456,1
SIM_VIB_01200,0.20846,16.979,0.62795,0
SIM_VIB_01201,0.9516,19.1376,2.19554,1
SIM_VIB_01202,1.83702,29.3995,4.10974,1
SIM_VIB_01203,0.3568,1.256,1.04084,0
SIM_VIB_01204,0.20589,12.3734,0.61709,0
SIM_VIB_01205,0.1232,8.0585,0.68134,0
SIM_VIB_01206,0.2562,12.7479,0.84545,0
SIM_VIB_01207,1.44686,45.8968,4.72743,1
SIM_VIB_01208,0.10759,8.9299,0.54444,0
SIM_VIB_01209,0.03,3.0236,0.44372,0
SIM_VIB_01210,1.66229,50.8749,3.62459,1
SIM_VIB_01211,0.25147,11.4968,0.56347,0
SIM_VIB_01212,0.16766,6.2273,0.42039,0
SIM_VIB_01213,0.32901,16.8006,1.0445,0
SIM_VIB_01214,1.42781,56.2337,4.18311,1
SIM_VIB_01215,0.25171,8.0095,0.7717,0
SIM_VIB_01216,0.37057,4.2507,0.77767,0
SIM_VIB_01217,0.47128,12.9713,1.78775,1
SIM_VIB_01218,0.87682,32.1803,2.78831,1
SIM_VIB_01219,1.37648,53.4032,3.84496,1
SIM_VIB_01220,0.11941,4.057,0.666,0
SIM_VIB_01221,2.22966,60.499,5.05429,1
SIM_VIB_01222,0.14017,11.6158,0.74444,0
SIM_VIB_01223,0.21552,1.0,0.72932,0
SIM_VIB_01224,0.20348,10.5377,0.49551,0
SIM_VIB_01225,0.24315,11.2588,0.61051,0
SIM_VIB_01226,0.75184,5.0,1.74082,1
SIM_VIB_01227,0.29768,12.5888,0.60752,0
SIM_VIB_01228,0.22528,6.6822,0.52796,0
SIM_VIB_01229,0.1911,7.568,0.62595,0
SIM_VIB_01230,0.83403,15.9543,1.99166,1
SIM_VIB_01231,0.85932,21.4285,2.25499,1
SIM_VIB_01232,1.26676,68.7169,3.74464,1
SIM_VIB_01233,0.38421,4.8056,0.94394,0
SIM_VIB_01234,0.26993,8.0795,0.83954,0
SIM_VIB_01235,0.36095,20.198,1.68828,1
SIM_VIB_01236,0.07813,12.8999,0.32162,0
SIM_VIB_01237,0.7545,17.2013,1.99038,1
SIM_VIB_01238,1.31586,39.9833,4.20236,1
SIM_VIB_01239,0.74711,53.3956,2.86508,1
SIM_VIB_01240,0.11816,13.2876,0.32404,0
SIM_VIB_01241,0.30365,8.918,0.67462,0
SIM_VIB_01242,0.78726,22.762,1.56408,1
SIM_VIB_01243,0.25821,6.5699,0.48227,0
SIM_VIB_01244,0.1317,1.654,0.36028,0
SIM_VIB_01245,0.25143,9.7856,0.61193,0
SIM_VIB_01246,0.88917,12.5137,2.78569,1
SIM_VIB_01247,0.28905,5.6301,0.92649,0
SIM_VIB_01248,0.33488,4.4874,0.88163,0
SIM_VIB_01249,0.84742,16.3315,2.6555,1
SIM_VIB_01250,0.26438,7.7987,0.66001,0
SIM_VIB_01251,0.46711,32.3049,1.523,1
SIM_VIB_01252,0.36699,3.4093,0.65441,0
SIM_VIB_01253,0.09651,2.9983,0.67212,0
SIM_VIB_01254,0.22586,11.1062,0.78798,0
SIM_VIB_01255,0.84383,39.3335,2.3907,1
SIM_VIB_01256,0.31523,12.8912,0.54844,0
SIM_VIB_01257,0.06976,11.7345,0.59912,0
SIM_VIB_01258,0.48906,14.5538,1.41509,1
SIM_VIB_01259,0.24693,6.5127,0.75029,0
SIM_VIB_01260,0.22224,12.5336,0.43536,0
SIM_VIB_01261,0.17308,14.8084,0.67068,0
SIM_VIB_01262,0.19551,10.8181,0.54496,0
SIM_VIB_01263,0.295,5.9171,0.5653,0
SIM_VIB_01264,0.20259,7.4244,0.55296,0
SIM_VIB_01265,1.80058,35.1961,5.03122,1
SIM_VIB_01266,0.03986,14.1253,0.29769,0
SIM_VIB_01267,0.54409,9.4705,1.88674,1
SIM_VIB_01268,0.18804,10.7152,0.50678,0
SIM_VIB_01269,0.11055,16.1249,0.3032,0
SIM_VIB_01270,0.2242,7.3456,0.69034,0
SIM_VIB_01271,0.04439,3.1814,0.37299,0
SIM_VIB_01272,1.53949,25.5831,4.4112,1
SIM_VIB_01273,0.70473,11.5033,2.13288,1
SIM_VIB_01274,0.45044,10.4694,1.17036,1
SIM_VIB_01275,0.25,14.5708,1.65482,1
SIM_VIB_01276,0.25731,9.1768,0.56491,0
SIM_VIB_01277,0.21731,8.9196,0.74666,0
SIM_VIB_01278,1.6408,57.2973,4.24467,1
SIM_VIB_01279,0.98154,17.3567,2.73129,1
SIM_VIB_01280,0.16244,11.0829,0.36353,0
SIM_VIB_01281,0.21282,1.2038,0.68674,0
SIM_VIB_01282,0.29327,10.0702,0.80536,0
SIM_VIB_01283,0.96321,55.268,2.16674,1
SIM_VIB_01284,0.83008,18.7858,1.75305,1
SIM_VIB_01285,0.28067,7.0392,0.81983,0
SIM_VIB_01286,0.25977,1.2696,0.71746,0
SIM_VIB_01287,1.57784,22.5622,3.07095,1
SIM_VIB_01288,0.08685,13.9686,0.32004,0
SIM_VIB_01289,0.46696,25.0502,1.34308,1
SIM_VIB_01290,1.4412,33.5486,4.86477,1
SIM_VIB_01291,0.86129,23.2941,2.07473,1
SIM_VIB_01292,0.24391,11.5636,0.6185,0
SIM_VIB_01293,0.26128,12.0381,0.62373,0
SIM_VIB_01294,1.50628,51.9228,3.29932,1
SIM_VIB_01295,0.16446,12.4739,0.42017,0
SIM_VIB_01296,0.13018,1.2108,0.48556,0
SIM_VIB_01297,1.43282,55.3982,4.52753,1
SIM_VIB_01298,0.19215,5.6772,0.52735,0
SIM_VIB_01299,0.89667,53.6854,4.26059,1
SIM_VIB_01300,0.92739,34.1186,2.7773,1
SIM_VIB_01301,0.10432,9.3224,0.52602,0
SIM_VIB_01302,1.79286,50.1914,4.11618,1
SIM_VIB_01303,0.53614,21.602,1.54839,1
SIM_VIB_01304,1.14459,44.0737,3.84546,1
SIM_VIB_01305,0.30468,16.6836,0.95016,0
SIM_VIB_01306,0.29968,6.8525,0.81815,0
SIM_VIB_01307,0.27808,1.0,0.72812,0
SIM_VIB_01308,0.14794,10.9348,0.48787,0
SIM_VIB_01309,0.19833,10.7897,0.75418,0
SIM_VIB_01310,0.12905,8.1703,0.5969,0
SIM_VIB_01311,0.2739,6.4935,0.45527,0
SIM_VIB_01312,1.01756,9.5715,2.20677,1
SIM_VIB_01313,0.72539,33.9416,1.57272,1
SIM_VIB_01314,0.20178,14.9822,0.64654,0
SIM_VIB_01315,0.11314,19.0309,0.31944,0
SIM_VIB_01316,0.3583,3.5848,0.74428,0
SIM_VIB_01317,0.24947,6.092,0.66398,0
SIM_VIB_01318,0.28001,13.5874,0.57718,0
SIM_VIB_01319,0.75661,16.1211,1.80389,1
SIM_VIB_01320,0.15235,11.8538,0.48493,0
SIM_VIB_01321,2.41674,58.0481,7.21917,1
SIM_VIB_01322,0.42781,6.9601,1.31863,0
SIM_VIB_01323,0.22816,6.6659,0.78235,0
SIM_VIB_01324,0.30207,4.9437,0.75944,0
SIM_VIB_01325,0.5508,21.082,1.89181,1
SIM_VIB_01326,0.25882,21.4075,0.68833,0
SIM_VIB_01327,0.1293,4.6511,0.59313,0
SIM_VIB_01328,0.26258,9.1852,0.69262,0
SIM_VIB_01329,0.15143,6.4303,0.69983,0
SIM_VIB_01330,0.25132,10.5321,0.63022,0
SIM_VIB_01331,0.30652,8.5824,0.54705,0
SIM_VIB_01332,0.24511,14.7361,0.8344,0
SIM_VIB_01333,0.21814,15.3709,0.39134,0
SIM_VIB_01334,0.04635,10.088,0.48053,0
SIM_VIB_01335,0.6909,17.8607,2.18879,1
SIM_VIB_01336,0.35259,6.2263,0.63416,0
SIM_VIB_01337,0.25038,10.1448,0.83856,0
SIM_VIB_01338,0.14551,9.1126,0.97152,0
SIM_VIB_01339,0.57254,31.7576,1.57176,1
SIM_VIB_01340,1.2146,61.6748,3.70422,1
SIM_VIB_01341,0.70289,21.2256,2.09277,1
SIM_VIB_01342,0.23963,8.3679,0.68255,0
SIM_VIB_01343,0.73096,19.5094,1.45717,1
SIM_VIB_01344,0.36648,5.4681,1.13661,0
SIM_VIB_01345,0.5619,30.0201,1.49847,1
SIM_VIB_01346,0.25585,12.5508,0.67275,0
SIM_VIB_01347,0.59584,11.7567,1.83264,1
SIM_VIB_01348,0.44245,20.2215,1.74508,1
SIM_VIB_01349,0.09874,5.9559,0.52007,0
SIM_VIB_01350,1.81552,39.5711,6.16636,1
SIM_VIB_01351,0.68862,28.9229,2.03054,1
SIM_VIB_01352,1.24222,31.2392,3.45361,1
SIM_VIB_01353,2.33877,61.7542,4.80744,1
SIM_VIB_01354,0.55384,23.4852,1.83808,1
SIM_VIB_01355,0.27152,10.2045,0.58209,0
SIM_VIB_01356,0.2687,14.9218,0.72274,0
SIM_VIB_01357,0.3342,12.2723,0.88108,0
SIM_VIB_01358,0.59797,27.5397,2.46477,1
SIM_VIB_01359,0.26194,10.7597,0.71435,0
SIM_VIB_01360,0.5298,20.3288,1.71207,1
SIM_VIB_01361,0.8687,31.9472,2.57194,1
SIM_VIB_01362,0.15473,5.9288,0.4556,0
SIM_VIB_01363,0.52718,17.7768,1.37647,1
SIM_VIB_01364,0.15902,10.57,0.50125,0
SIM_VIB_01365,0.25047,14.1636,0.65797,0
SIM_VIB_01366,0.16649,4.112,0.75781,0
SIM_VIB_01367,0.67961,12.8361,2.29102,1
SIM_VIB_01368,0.34663,5.7548,0.93471,0
SIM_VIB_01369,0.17947,8.6118,0.73037,0
SIM_VIB_01370,0.11201,1.0,0.35183,0
SIM_VIB_01371,0.48262,16.2939,2.34845,1
SIM_VIB_01372,0.25362,8.042,0.71682,0
SIM_VIB_01373,0.70749,15.6679,2.27483,1
SIM_VIB_01374,0.34131,10.8755,1.00678,0
SIM_VIB_01375,0.17072,9.2999,0.38515,0
SIM_VIB_01376,0.19321,10.6098,0.73208,0
SIM_VIB_01377,0.79032,19.0344,2.34807,1
SIM_VIB_01378,0.95973,16.157,1.89997,1
SIM_VIB_01379,0.62981,20.5689,2.01034,1
SIM_VIB_01380,0.256,5.0638,0.89331,0
SIM_VIB_01381,0.16031,9.7296,0.51551,0
SIM_VIB_01382,0.21285,12.49,0.72115,0
SIM_VIB_01383,0.30167,12.1117,0.86606,0
SIM_VIB_01384,1.431,32.967,2.90431,1
SIM_VIB_01385,0.16666,7.2497,0.73239,0
SIM_VIB_01386,0.26623,18.7263,0.97203,1
SIM_VIB_01387,0.96985,21.5757,2.84637,1
SIM_VIB_01388,1.39798,38.7406,3.73436,1
SIM_VIB_01389,0.73476,10.9248,2.15351,1
SIM_VIB_01390,0.70852,26.3702,1.73428,1
SIM_VIB_01391,0.31903,12.3936,0.69276,0
SIM_VIB_01392,0.73213,19.2968,2.52775,1
SIM_VIB_01393,0.2855,14.749,0.84805,0
SIM_VIB_01394,0.20499,13.0862,0.62959,0
SIM_VIB_01395,0.64377,16.7516,1.50981,1
SIM_VIB_01396,0.49718,35.764,2.42591,1
SIM_VIB_01397,0.47937,18.9807,1.45338,1
SIM_VIB_01398,1.5859,36.0883,5.06244,1
SIM_VIB_01399,0.17301,8.9769,0.6602,0
SIM_VIB_01400,0.33447,10.2623,1.0662,0
SIM_VIB_01401,0.23052,7.7828,0.74308,0
SIM_VIB_01402,0.29808,10.8649,0.79475,0
SIM_VIB_01403,1.46255,61.3343,4.68891,1
SIM_VIB_01404,0.19543,6.1158,0.59792,0
SIM_VIB_01405,0.39487,7.4352,1.14864,0
SIM_VIB_01406,0.22757,11.6356,0.80767,0
SIM_VIB_01407,1.09657,20.7263,2.83243,1
SIM_VIB_01408,0.25034,15.1884,0.88208,0
SIM_VIB_01409,0.254,7.9288,0.78961,0
SIM_VIB_01410,0.09638,9.8945,0.32548,0
SIM_VIB_01411,0.2693,13.2579,0.63116,0
SIM_VIB_01412,0.30632,15.2241,0.54104,0
SIM_VIB_01413,0.72825,28.2928,1.95767,1
SIM_VIB_01414,0.27187,12.2889,0.63998,0
SIM_VIB_01415,0.16432,7.7988,0.53153,0
SIM_VIB_01416,1.88377,45.864,3.91038,1
SIM_VIB_01417,0.38028,8.3126,0.85561,0
SIM_VIB_01418,0.22632,15.5457,0.76258,0
SIM_VIB_01419,0.1965,3.332,0.43897,0
SIM_VIB_01420,0.26373,7.4488,0.45444,0
SIM_VIB_01421,0.23857,6.4104,0.77181,0
SIM_VIB_01422,0.65,23.1788,2.48956,1
SIM_VIB_01423,0.18775,7.396,0.8137,0
SIM_VIB_01424,1.90873,32.529,4.4345,1
SIM_VIB_01425,0.11856,9.685,0.28379,0
SIM_VIB_01426,0.16191,16.3252,0.49835,0
SIM_VIB_01427,0.40703,9.1293,0.8423,0
SIM_VIB_01428,0.2737,8.6784,0.78352,0
SIM_VIB_01429,1.76216,40.6794,4.47257,1
SIM_VIB_01430,0.14793,12.0323,0.4189,0
SIM_VIB_01431,0.16852,11.8866,0.43705,0
SIM_VIB_01432,0.13083,7.2155,0.55623,0
SIM_VIB_01433,0.19192,5.2093,0.51407,0
SIM_VIB_01434,0.94954,31.054,2.70345,1
SIM_VIB_01435,0.16876,18.957,0.71801,0
SIM_VIB_01436,0.28279,3.915,0.85977,0
SIM_VIB_01437,0.40527,24.0811,1.28383,1
SIM_VIB_01438,0.28249,3.6998,0.6331,0
SIM_VIB_01439,0.14045,1.0485,0.4493,0
SIM_VIB_01440,0.8875,23.9131,1.66213,1
SIM_VIB_01441,1.26354,26.5338,5.23363,1
SIM_VIB_01442,0.15101,1.0,0.49079,0
SIM_VIB_01443,0.35917,6.8838,0.82865,0
SIM_VIB_01444,0.34603,6.3426,1.20198,0
SIM_VIB_01445,0.10423,5.841,0.54058,0
SIM_VIB_01446,0.3401,4.643,0.95199,0
SIM_VIB_01447,0.29689,5.4966,0.99854,0
SIM_VIB_01448,0.3603,8.8514,0.94326,0
SIM_VIB_01449,0.64717,25.0856,1.89366,1
SIM_VIB_01450,0.2059,17.39,0.3958,0
SIM_VIB_01451,0.7722,21.133,2.35492,1
SIM_VIB_01452,0.1583,12.6163,0.48849,0
SIM_VIB_01453,0.23093,5.7715,0.75728,0
SIM_VIB_01454,0.28067,25.0837,1.72719,1
SIM_VIB_01455,1.69332,30.9071,4.42838,1
SIM_VIB_01456,0.3137,4.5935,0.7251,0
SIM_VIB_01457,0.45664,13.2253,2.01771,1
SIM_VIB_01458,0.18976,14.483,0.50339,0
SIM_VIB_01459,0.63743,37.4267,1.876,1
SIM_VIB_01460,0.22262,10.5859,0.6489,0
SIM_VIB_01461,0.33576,15.2047,0.93815,0
SIM_VIB_01462,0.16409,10.4052,0.304,0
SIM_VIB_01463,0.18962,10.5119,0.54479,0
SIM_VIB_01464,0.206,11.9442,0.47455,0
SIM_VIB_01465,0.08326,15.608,0.70694,0
SIM_VIB_01466,0.21324,13.292,0.52394,0
SIM_VIB_01467,0.13492,16.6352,0.38065,0
SIM_VIB_01468,0.44501,7.0515,1.23369,0
SIM_VIB_01469,0.22466,4.2325,0.78256,0
SIM_VIB_01470,0.25282,14.8474,0.59944,0
SIM_VIB_01471,0.23221,3.3459,0.56878,0
SIM_VIB_01472,0.2543,16.2995,0.85076,0
SIM_VIB_01473,0.69186,27.3787,1.81074,1
SIM_VIB_01474,0.64999,23.392,2.17788,1
SIM_VIB_01475,0.21508,7.152,0.64681,0
SIM_VIB_01476,0.25619,8.7147,0.61784,0
SIM_VIB_01477,0.2114,9.8226,0.65017,0
SIM_VIB_01478,0.2254,16.7937,0.52847,0
SIM_VIB_01479,1.08788,8.7098,3.48641,1
SIM_VIB_01480,0.14658,16.0737,0.83907,0
SIM_VIB_01481,0.23419,13.4703,0.582,0
SIM_VIB_01482,0.16972,13.847,0.52266,0
SIM_VIB_01483,0.08123,9.4108,0.24263,0
SIM_VIB_01484,0.35819,8.0063,1.11697,0
SIM_VIB_01485,0.1495,1.0,0.49094,0
SIM_VIB_01486,1.36784,51.6722,4.5233,1
SIM_VIB_01487,0.25831,9.9617,0.57999,0
SIM_VIB_01488,0.10943,8.3243,0.42539,0
SIM_VIB_01489,1.15373,51.5645,3.64126,1
SIM_VIB_01490,0.23853,12.7387,0.44531,0
SIM_VIB_01491,0.10762,8.6482,0.37464,0
SIM_VIB_01492,0.1848,11.8522,0.54014,0
SIM_VIB_01493,2.14933,55.1775,6.71958,1
SIM_VIB_01494,0.25288,14.8789,0.72666,0
SIM_VIB_01495,0.23133,8.8867,0.73703,0
SIM_VIB_01496,0.28676,12.0564,1.05347,0
SIM_VIB_01497,0.19564,8.541,0.50954,0
SIM_VIB_01498,0.77573,11.7586,2.59103,1
SIM_VIB_01499,2.06507,41.6567,4.11682,1
SIM_VIB_01500,0.65046,21.3857,1.1751,1
SIM_VIB_01501,0.17033,8.9673,0.42657,0
SIM_VIB_01502,0.73948,26.5809,2.4251,1
SIM_VIB_01503,0.21813,4.5507,0.7403,0
SIM_VIB_01504,0.10819,2.8937,0.54545,0
SIM_VIB_01505,0.15072,1.0,0.58925,0
SIM_VIB_01506,0.25872,7.9651,0.55195,0
SIM_VIB_01507,1.42281,33.9035,3.01139,1
SIM_VIB_01508,0.34526,11.9744,0.90907,0
SIM_VIB_01509,0.97441,18.5371,3.00426,1
SIM_VIB_01510,0.69117,14.0852,2.25655,1
SIM_VIB_01511,0.72757,24.0129,1.95833,1
SIM_VIB_01512,0.22329,12.895,0.4314,0
SIM_VIB_01513,0.18649,12.1237,0.85789,0
SIM_VIB_01514,0.98386,21.3022,2.9201,1
SIM_VIB_01515,0.51797,26.4459,2.58213,1
SIM_VIB_01516,2.4644,46.6656,5.23139,1
SIM_VIB_01517,0.2684,7.6103,0.74716,0
SIM_VIB_01518,0.22459,10.2614,0.85423,0
SIM_VIB_01519,0.36171,7.7139,0.84894,0
SIM_VIB_01520,0.81,12.5819,2.53722,1
SIM_VIB_01521,1.36526,33.5258,3.98565,1
SIM_VIB_01522,1.08229,38.8003,4.17988,1
SIM_VIB_01523,0.84431,20.3633,1.97422,1
SIM_VIB_01524,0.21509,2.5271,0.51718,0
SIM_VIB_01525,0.25624,11.3598,0.63949,0
SIM_VIB_01526,0.18843,4.5915,0.5348,0
SIM_VIB_01527,0.11795,10.9515,0.66697,0
SIM_VIB_01528,0.79413,19.3468,2.23376,1
SIM_VIB_01529,0.03,13.9624,0.4562,0
SIM_VIB_01530,0.34036,7.4385,0.94455,0
SIM_VIB_01531,1.64912,35.1931,3.45295,1
SIM_VIB_01532,0.77307,24.1838,2.19124,1
SIM_VIB_01533,0.1643,8.5801,0.50265,0
SIM_VIB_01534,0.15617,10.4824,0.74682,0
SIM_VIB_01535,0.34492,2.3785,0.98974,0
SIM_VIB_01536,0.27119,1.6116,0.81291,0
SIM_VIB_01537,0.40397,7.909,1.01606,0
SIM_VIB_01538,0.24564,5.9641,0.76051,0
SIM_VIB_01539,0.1525,7.8033,0.41632,0
SIM_VIB_01540,0.13501,7.7253,0.3523,0
SIM_VIB_01541,0.18614,1.245,0.59016,0
SIM_VIB_01542,0.85475,50.6667,2.94731,1
SIM_VIB_01543,0.20943,7.2662,0.43195,0
SIM_VIB_01544,0.08308,7.2528,0.51764,0
SIM_VIB_01545,0.26614,17.4815,0.64407,0
SIM_VIB_01546,0.23638,8.2274,0.66249,0
SIM_VIB_01547,1.16549,29.4521,3.47584,1
SIM_VIB_01548,0.374,3.8283,1.18747,0
SIM_VIB_01549,0.16166,9.1766,0.40168,0
SIM_VIB_01550,0.37332,11.7675,1.16347,0
SIM_VIB_01551,0.65,34.6082,3.34463,1
SIM_VIB_01552,0.37017,7.9509,1.13285,0
SIM_VIB_01553,0.16568,7.8458,0.51066,0
SIM_VIB_01554,0.20306,9.1462,0.65091,0
SIM_VIB_01555,0.39943,10.8495,1.05426,0
SIM_VIB_01556,0.59358,27.4153,1.68438,1
SIM_VIB_01557,1.26341,29.3812,3.6309,1
SIM_VIB_01558,0.44434,8.3645,0.99756,1
SIM_VIB_01559,0.29852,9.0522,0.87738,0
SIM_VIB_01560,0.03,8.3515,0.3671,0
SIM_VIB_01561,0.03331,10.0258,0.4176,0
SIM_VIB_01562,0.27557,2.6374,0.59235,0
SIM_VIB_01563,0.23421,12.0373,0.73507,0
SIM_VIB_01564,2.05518,70.1509,4.73145,1
SIM_VIB_01565,0.24412,5.2776,0.71382,0
SIM_VIB_01566,0.2915,6.3531,0.84702,0
SIM_VIB_01567,0.29967,12.2776,0.55449,0
SIM_VIB_01568,0.18256,14.4843,0.54481,0
SIM_VIB_01569,0.17777,10.2529,0.53731,0
SIM_VIB_01570,1.55969,55.7778,3.55792,1
SIM_VIB_01571,1.62701,39.9197,5.36778,1
SIM_VIB_01572,0.89437,26.6205,2.57161,1
SIM_VIB_01573,0.25587,10.1605,0.75432,0
SIM_VIB_01574,1.71033,25.4432,5.18685,1
SIM_VIB_01575,0.16609,5.9719,0.4986,0
SIM_VIB_01576,0.06505,14.631,0.55808,0
SIM_VIB_01577,0.33819,9.8019,0.85611,0
SIM_VIB_01578,0.06074,10.7451,0.39679,0
SIM_VIB_01579,0.21297,10.2029,0.58511,0
SIM_VIB_01580,0.23582,8.5478,0.60969,0
SIM_VIB_01581,0.23356,11.365,0.62325,0
SIM_VIB_01582,0.18802,9.4849,0.68784,0
SIM_VIB_01583,0.13811,6.5235,0.39977,0
SIM_VIB_01584,0.74182,26.3733,1.87583,1
SIM_VIB_01585,0.81021,17.8645,2.10043,1
SIM_VIB_01586,0.2884,7.5496,0.94473,0
SIM_VIB_01587,0.45314,5.8691,1.51769,0
SIM_VIB_01588,0.29791,6.5458,0.62202,0
SIM_VIB_01589,0.5023,29.9397,2.09269,1
SIM_VIB_01590,0.76673,25.7983,1.53084,1
SIM_VIB_01591,0.45023,15.6419,1.15903,1
SIM_VIB_01592,0.20763,9.6219,0.45091,0
SIM_VIB_01593,0.17835,10.1331,0.39399,0
SIM_VIB_01594,0.66101,20.2499,1.85483,1
SIM_VIB_01595,0.29113,9.1388,0.92585,0
SIM_VIB_01596,0.33561,16.4115,0.84124,0
SIM_VIB_01597,0.0715,10.5681,0.50136,0
SIM_VIB_01598,0.21424,11.8063,0.61366,0
SIM_VIB_01599,1.21345,33.5782,3.96407,1
SIM_VIB_01600,0.21498,1.0,0.60025,0
SIM_VIB_01601,0.35343,10.9295,0.94343,0
SIM_VIB_01602,0.66444,32.4367,1.60813,1
SIM_VIB_01603,1.65894,48.2474,4.33939,1
SIM_VIB_01604,0.85363,48.8914,3.94112,1
SIM_VIB_01605,0.22919,8.7521,0.72659,0
SIM_VIB_01606,1.0492,20.9931,3.46009,1
SIM_VIB_01607,1.50044,41.1818,4.89865,1
SIM_VIB_01608,0.15104,6.7586,0.44708,0
SIM_VIB_01609,0.77842,30.6172,2.56996,1
SIM_VIB_01610,0.27524,16.8941,0.9594,0
SIM_VIB_01611,0.86409,19.6901,2.79167,1
SIM_VIB_01612,1.49626,42.0289,3.60073,1
SIM_VIB_01613,0.19507,1.0,0.62119,0
SIM_VIB_01614,1.64022,17.5713,5.36748,1
SIM_VIB_01615,1.10101,31.3018,5.14375,1
SIM_VIB_01616,0.8543,26.8641,1.60053,1
SIM_VIB_01617,1.52372,42.8648,2.95108,1
SIM_VIB_01618,1.41857,37.8209,3.27254,1
SIM_VIB_01619,0.21198,4.708,0.42213,0
SIM_VIB_01620,0.49481,26.1353,1.73317,1
SIM_VIB_01621,0.12121,9.3904,0.53046,0
SIM_VIB_01622,0.30364,4.8667,0.69372,0
SIM_VIB_01623,0.26643,13.9567,0.54724,0
SIM_VIB_01624,0.31714,8.245,0.7371,0
SIM_VIB_01625,0.25202,1.9527,0.6096,0
SIM_VIB_01626,0.27839,5.4735,0.55589,0
SIM_VIB_01627,0.11418,6.203,0.46876,0
SIM_VIB_01628,0.1428,16.8769,0.44265,0
SIM_VIB_01629,0.71453,15.8978,2.15714,1
SIM_VIB_01630,0.87534,12.1772,2.0452,1
SIM_VIB_01631,0.83442,25.3111,2.05641,1
SIM_VIB_01632,0.1142,9.1011,0.36492,0
SIM_VIB_01633,0.22257,11.1701,0.65487,0
SIM_VIB_01634,1.53451,39.4089,3.71063,1
SIM_VIB_01635,0.09457,3.3539,0.42021,0
SIM_VIB_01636,0.20723,4.4496,0.69638,0
SIM_VIB_01637,0.20566,7.4775,0.56179,0
SIM_VIB_01638,0.25296,7.4566,0.6348,0
SIM_VIB_01639,0.71592,20.5164,1.73656,1
SIM_VIB_01640,0.2705,10.0268,0.80163,0
SIM_VIB_01641,1.3225,37.3613,3.51539,1
SIM_VIB_01642,0.21741,8.2553,0.59519,0
SIM_VIB_01643,0.65784,22.1689,2.1652,1
SIM_VIB_01644,0.28473,6.5035,0.76981,0
SIM_VIB_01645,0.29447,10.4338,0.8746,0
SIM_VIB_01646,0.25,23.1838,1.36289,1
SIM_VIB_01647,0.6447,17.0486,1.4734,1
SIM_VIB_01648,0.11118,12.5636,0.57439,0
SIM_VIB_01649,0.64107,20.3504,1.34499,1
SIM_VIB_01650,0.14842,8.3151,0.4414,0
SIM_VIB_01651,0.25192,3.1571,0.78157,0
SIM_VIB_01652,0.31078,25.2252,0.8308,1
SIM_VIB_01653,0.72558,20.1474,2.4105,1
SIM_VIB_01654,0.24757,6.2576,0.62127,0
SIM_VIB_01655,0.24592,12.5368,0.52746,0
SIM_VIB_01656,2.07986,20.8587,6.95394,1
SIM_VIB_01657,0.35192,15.4564,1.60244,1
SIM_VIB_01658,0.18475,15.4919,0.52167,0
SIM_VIB_01659,1.11595,32.9705,3.87749,1
SIM_VIB_01660,0.82744,19.1889,2.29788,1
SIM_VIB_01661,0.93183,20.8848,1.85591,1
SIM_VIB_01662,0.59328,20.2441,2.0366,1
SIM_VIB_01663,0.27677,2.5795,0.8859,0
SIM_VIB_01664,0.21412,4.6486,0.72251,0
SIM_VIB_01665,0.19301,9.8885,0.65969,0
SIM_VIB_01666,0.18404,10.6858,0.70335,0
SIM_VIB_01667,1.48073,40.4925,3.23499,1
SIM_VIB_01668,0.30124,7.9299,0.96044,0
SIM_VIB_01669,0.33632,7.5656,0.57421,0
SIM_VIB_01670,0.61793,12.8818,1.49681,1
SIM_VIB_01671,0.807,14.3098,1.96982,1
SIM_VIB_01672,0.13812,9.1848,0.42522,0
SIM_VIB_01673,0.34607,4.4109,0.96137,0
SIM_VIB_01674,0.81308,25.5179,2.25809,1
SIM_VIB_01675,0.58834,17.3436,1.34005,1
SIM_VIB_01676,0.49555,18.0945,1.35375,1
SIM_VIB_01677,0.21074,9.2607,0.6418,0
SIM_VIB_01678,0.17604,3.7373,0.42282,0
SIM_VIB_01679,0.16444,13.3025,0.43376,0
SIM_VIB_01680,1.17433,30.6476,3.67334,1
SIM_VIB_01681,1.38773,53.1977,3.74889,1
SIM_VIB_01682,1.3964,47.6073,5.19183,1
SIM_VIB_01683,0.25877,4.8957,0.83637,0
SIM_VIB_01684,0.10234,9.284,0.49368,0
SIM_VIB_01685,0.3248,12.503,0.59796,0
SIM_VIB_01686,0.32979,4.6602,0.95494,0
SIM_VIB_01687,0.20657,11.4347,0.69706,0
SIM_VIB_01688,0.41415,15.8253,1.87315,1
SIM_VIB_01689,1.87697,47.8681,4.50357,1
SIM_VIB_01690,0.16806,10.7539,0.65825,0
SIM_VIB_01691,0.19621,11.2341,0.68106,0
SIM_VIB_01692,1.73761,32.6025,3.62893,1
SIM_VIB_01693,0.23302,7.2821,0.75667,0
SIM_VIB_01694,0.19076,14.4172,0.57325,0
SIM_VIB_01695,0.58156,10.7591,2.01697,1
SIM_VIB_01696,1.45399,30.8671,2.85535,1
SIM_VIB_01697,1.24062,46.8561,3.20959,1
SIM_VIB_01698,0.2685,1.2739,0.68674,0
SIM_VIB_01699,0.10251,14.1553,0.5429,0
SIM_VIB_01700,0.71163,21.1728,2.1138,1
SIM_VIB_01701,0.28278,17.8044,0.61236,0
SIM_VIB_01702,0.20665,5.1662,0.603,0
SIM_VIB_01703,0.6124,16.183,1.91032,1
SIM_VIB_01704,0.18087,7.4533,0.59095,0
SIM_VIB_01705,0.2376,12.7404,0.72138,0
SIM_VIB_01706,0.21297,8.8675,0.75276,0
SIM_VIB_01707,0.27915,2.1122,0.81979,0
SIM_VIB_01708,0.87876,8.5933,2.61865,1
SIM_VIB_01709,0.6511,5.0915,1.66283,1
SIM_VIB_01710,0.28905,5.9195,0.5644,0
SIM_VIB_01711,0.29094,9.2687,0.57226,0
SIM_VIB_01712,0.16777,4.903,0.50165,0
SIM_VIB_01713,0.2834,11.0264,0.63821,0
SIM_VIB_01714,0.27655,8.5352,0.58172,0
SIM_VIB_01715,0.16452,12.9447,0.53459,0
SIM_VIB_01716,0.76977,25.9755,2.40074,1
SIM_VIB_01717,0.1766,6.7445,0.44196,0
SIM_VIB_01718,1.07444,59.8444,4.24042,1
SIM_VIB_01719,0.24249,12.4562,0.62065,0
SIM_VIB_01720,0.66519,25.6675,2.61188,1
SIM_VIB_01721,0.07518,7.671,0.61512,0
SIM_VIB_01722,0.76641,15.2621,1.66277,1
SIM_VIB_01723,0.21231,6.1366,0.49709,0
SIM_VIB_01724,0.47173,17.4853,0.9472,1
SIM_VIB_01725,0.28019,7.6339,0.80046,0
SIM_VIB_01726,0.24513,7.2326,0.81205,0
SIM_VIB_01727,0.32196,11.1624,0.78151,0
SIM_VIB_01728,0.22111,7.3476,0.59758,0
SIM_VIB_01729,0.76706,22.3314,2.21129,1
SIM_VIB_01730,1.78573,37.795,3.65446,1
SIM_VIB_01731,1.58469,52.7776,3.51943,1
SIM_VIB_01732,2.06379,29.672,6.22821,1
SIM_VIB_01733,0.0998,16.4016,0.43061,0
SIM_VIB_01734,0.50003,20.2435,1.78182,1
SIM_VIB_01735,0.29917,9.8855,0.77948,0
SIM_VIB_01736,2.25025,54.6563,4.79086,1
SIM_VIB_01737,2.02687,44.3687,5.69274,1
SIM_VIB_01738,0.34587,3.8852,1.01691,0
SIM_VIB_01739,1.90853,22.9319,6.28297,1
SIM_VIB_01740,0.76793,22.6861,1.96407,1
SIM_VIB_01741,0.2933,11.5063,0.68167,0
SIM_VIB_01742,0.73864,24.7155,2.28878,1
SIM_VIB_01743,0.31588,10.9194,0.84962,0
SIM_VIB_01744,0.30955,5.8074,0.60579,0
SIM_VIB_01745,0.17134,1.5318,0.38507,0
SIM_VIB_01746,0.59698,23.9585,1.7355,1
SIM_VIB_01747,0.31132,15.8238,0.61935,0
SIM_VIB_01748,0.18751,8.8546,0.73951,0
SIM_VIB_01749,0.25,20.5829,1.22977,1
SIM_VIB_01750,0.2665,9.5489,0.57386,0
SIM_VIB_01751,1.37615,24.7725,4.45689,1
SIM_VIB_01752,0.19154,9.0848,0.49678,0
SIM_VIB_01753,0.63779,23.3539,1.73992,1
SIM_VIB_01754,1.75655,45.1556,4.71338,1
SIM_VIB_01755,0.23412,2.606,0.69469,0
SIM_VIB_01756,0.14992,16.4889,0.46,0
SIM_VIB_01757,0.071,4.2645,0.53914,0
SIM_VIB_01758,0.07946,6.454,0.38442,0
SIM_VIB_01759,0.28864,2.0625,0.82764,0
SIM_VIB_01760,0.82499,23.1598,2.33737,1
SIM_VIB_01761,0.28222,9.6064,0.74964,0
SIM_VIB_01762,0.26886,1.0,0.59728,0
SIM_VIB_01763,0.4721,37.2277,1.36875,1
SIM_VIB_01764,0.23776,6.4119,0.73467,0
SIM_VIB_01765,0.42359,18.5989,1.44828,1
SIM_VIB_01766,0.24642,8.4579,0.64951,0
SIM_VIB_01767,0.06178,9.113,0.3298,0
SIM_VIB_01768,0.20731,7.8719,0.72928,0
SIM_VIB_01769,0.14633,12.3758,0.47583,0
SIM_VIB_01770,1.55255,38.6448,5.03351,1
SIM_VIB_01771,0.32577,3.6822,0.98609,0
SIM_VIB_01772,0.03397,13.7662,0.65999,0
SIM_VIB_01773,1.27821,30.1491,4.11797,1
SIM_VIB_01774,0.19763,5.0203,0.44601,0
SIM_VIB_01775,0.21674,12.0017,0.55668,0
SIM_VIB_01776,0.23794,5.5105,0.79638,0
SIM_VIB_01777,0.20359,10.2509,0.66039,0
SIM_VIB_01778,0.10226,13.9153,0.33093,0
SIM_VIB_01779,0.27333,9.8485,0.77963,0
SIM_VIB_01780,0.20082,5.1765,0.74803,0
SIM_VIB_01781,1.07555,42.2311,3.45764,1
SIM_VIB_01782,1.09118,45.1096,4.71092,1
SIM_VIB_01783,0.34834,11.9773,0.92593,0
SIM_VIB_01784,0.74009,16.2411,2.35913,1
SIM_VIB_01785,1.72017,35.1913,5.80327,1
SIM_VIB_01786,0.24061,5.5807,0.72046,0
SIM_VIB_01787,0.38747,17.8844,0.87098,1
SIM_VIB_01788,0.15054,14.0082,0.36808,0
SIM_VIB_01789,2.09288,37.0416,6.13461,1
SIM_VIB_01790,1.80269,43.8679,5.15246,1
SIM_VIB_01791,0.22196,11.7176,0.60963,0
SIM_VIB_01792,0.33699,12.9699,0.74357,0
SIM_VIB_01793,0.09606,6.3481,0.43946,0
SIM_VIB_01794,2.07999,41.3187,6.62828,1
SIM_VIB_01795,2.13643,34.3089,5.92467,1
SIM_VIB_01796,0.25236,12.6362,0.69828,0
SIM_VIB_01797,0.22285,1.0,0.51322,0
SIM_VIB_01798,0.33787,7.7463,0.91471,0
SIM_VIB_01799,0.20872,11.3171,0.67887,0
SIM_VIB_01800,0.23381,5.2547,0.4894,0
SIM_VIB_01801,0.55664,6.6675,2.05293,1
SIM_VIB_01802,0.2531,9.7548,0.68639,0
SIM_VIB_01803,0.14987,17.958,0.70005,0
SIM_VIB_01804,0.2375,3.0908,0.60053,0
SIM_VIB_01805,0.29995,2.6162,0.65225,0
SIM_VIB_01806,0.34633,11.8648,0.65631,0
SIM_VIB_01807,0.3351,1.767,0.61865,0
SIM_VIB_01808,0.13622,10.7229,0.48295,0
SIM_VIB_01809,1.72604,41.1381,4.25594,1
SIM_VIB_01810,0.24923,9.0476,0.73844,0
SIM_VIB_01811,1.07039,41.6998,3.2759,1
SIM_VIB_01812,0.71947,25.1861,1.71874,1
SIM_VIB_01813,0.31501,1.9604,1.0057,0
SIM_VIB_01814,0.36207,22.558,2.13348,1
SIM_VIB_01815,0.35819,11.5693,1.02089,0
SIM_VIB_01816,0.07596,7.9425,0.67118,0
SIM_VIB_01817,0.21893,16.6551,0.75689,0
SIM_VIB_01818,0.25635,13.9431,0.61457,0
SIM_VIB_01819,0.39016,34.3732,1.23076,1
SIM_VIB_01820,0.36532,5.7504,1.05498,0
SIM_VIB_01821,0.42244,14.3103,0.96874,1
SIM_VIB_01822,0.24053,16.8219,0.73243,0
SIM_VIB_01823,0.21943,12.7089,0.65686,0
SIM_VIB_01824,0.5744,11.9277,1.11875,1
SIM_VIB_01825,0.75774,17.3299,1.95522,1
SIM_VIB_01826,0.71419,32.2702,1.72705,1
SIM_VIB_01827,1.58862,52.2933,4.89963,1
SIM_VIB_01828,1.28462,19.5807,3.59805,1
SIM_VIB_01829,0.31425,13.6107,0.88096,0
SIM_VIB_01830,0.2818,10.8898,0.68372,0
SIM_VIB_01831,1.08216,37.9798,4.28313,1
SIM_VIB_01832,0.49264,21.2185,1.84591,1
SIM_VIB_01833,0.62882,23.6364,1.91968,1
SIM_VIB_01834,1.81911,38.6165,4.15437,1
SIM_VIB_01835,1.20539,36.4389,3.70964,1
SIM_VIB_01836,0.14783,11.1157,0.52715,0
SIM_VIB_01837,0.18175,16.6727,0.48829,0
SIM_VIB_01838,0.77826,32.9804,3.62892,1
SIM_VIB_01839,0.18991,9.0413,0.39708,0
SIM_VIB_01840,0.25479,14.1059,0.80382,0
SIM_VIB_01841,0.12177,11.4094,0.3315,0
SIM_VIB_01842,0.14756,4.0929,0.38777,0
SIM_VIB_01843,0.13855,9.2579,0.68354,0
SIM_VIB_01844,0.22792,6.7587,0.56623,0
SIM_VIB_01845,0.6759,30.0796,2.20807,1
SIM_VIB_01846,1.35148,46.6863,4.76225,1
SIM_VIB_01847,0.24916,6.5192,0.73598,0
SIM_VIB_01848,0.61658,16.6802,1.92365,1
SIM_VIB_01849,0.95436,23.4286,2.02684,1
SIM_VIB_01850,0.86287,22.4559,1.72779,1
SIM_VIB_01851,0.23722,8.3083,0.57501,0
SIM_VIB_01852,1.02876,31.59,2.97016,1
SIM_VIB_01853,0.33784,12.4175,0.79881,0
SIM_VIB_01854,0.76234,25.3164,2.54561,1
SIM_VIB_01855,0.11745,10.2012,0.44516,0
SIM_VIB_01856,0.83102,35.4684,1.85515,1
SIM_VIB_01857,0.03,5.9153,0.58427,0
SIM_VIB_01858,0.16051,5.0209,0.42556,0
SIM_VIB_01859,0.25,15.9468,1.96452,1
SIM_VIB_01860,0.32121,11.5995,0.6197,0
SIM_VIB_01861,0.28564,10.0933,0.96925,0
SIM_VIB_01862,0.90937,17.7699,2.11971,1
SIM_VIB_01863,1.931,54.716,3.69159,1
SIM_VIB_01864,0.03,5.7237,0.60094,0
SIM_VIB_01865,0.16711,5.421,0.67077,0
SIM_VIB_01866,0.21601,7.9378,0.6201,0
SIM_VIB_01867,0.19701,4.4991,0.67644,0
SIM_VIB_01868,0.55908,21.3868,1.41685,1
SIM_VIB_01869,0.17818,13.6319,0.67043,0
SIM_VIB_01870,0.20764,15.2414,0.59383,0
SIM_VIB_01871,1.74015,36.9646,3.92877,1
SIM_VIB_01872,1.1535,35.7238,2.9754,1
SIM_VIB_01873,0.2828,8.6765,0.67271,0
SIM_VIB_01874,0.28439,6.1951,0.62355,0
SIM_VIB_01875,0.95894,24.6153,2.77931,1
SIM_VIB_01876,0.37978,10.5373,1.07195,0
SIM_VIB_01877,0.26415,2.8357,0.56713,0
SIM_VIB_01878,1.28877,46.2959,4.99495,1
SIM_VIB_01879,0.64872,18.6754,1.50019,1
SIM_VIB_01880,0.8672,24.6399,2.07419,1
SIM_VIB_01881,1.01566,20.1765,2.44085,1
SIM_VIB_01882,0.22147,10.3462,0.44516,0
SIM_VIB_01883,0.69298,24.8876,1.43494,1
SIM_VIB_01884,0.25176,8.4706,0.68254,0
SIM_VIB_01885,0.25969,11.1121,0.84329,0
SIM_VIB_01886,0.19305,19.9252,0.63725,0
SIM_VIB_01887,0.26065,3.1213,0.45877,0
SIM_VIB_01888,0.29355,9.6984,0.73263,0
SIM_VIB_01889,0.06675,8.0039,0.15636,0
SIM_VIB_01890,0.82299,19.243,2.58979,1
SIM_VIB_01891,0.13799,4.7012,0.69178,0
SIM_VIB_01892,0.21819,10.9192,0.58061,0
SIM_VIB_01893,1.02011,6.76,2.70894,1
SIM_VIB_01894,1.9069,27.4572,5.21964,1
SIM_VIB_01895,1.085,22.4632,2.0309,1
SIM_VIB_01896,0.76104,26.2702,1.74951,1
SIM_VIB_01897,0.7774,28.507,1.78812,1
SIM_VIB_01898,0.17702,1.0,0.7387,0
SIM_VIB_01899,0.16163,11.2808,0.56792,0
SIM_VIB_01900,0.16493,12.8986,0.6495,0
SIM_VIB_01901,0.20475,7.7355,0.53806,0
SIM_VIB_01902,1.74173,57.0157,4.55917,1
SIM_VIB_01903,0.8826,36.0733,3.91679,1
SIM_VIB_01904,0.94653,19.0348,1.80722,1
SIM_VIB_01905,0.99784,36.7844,3.29197,1
SIM_VIB_01906,0.32699,9.7334,0.74148,0
SIM_VIB_01907,0.17313,12.7062,0.46277,0
SIM_VIB_01908,0.30985,9.7238,0.87367,0
SIM_VIB_01909,0.2078,14.2381,0.6489,0
SIM_VIB_01910,0.76072,31.5123,2.5362,1
SIM_VIB_01911,0.20025,6.0967,0.49382,0
SIM_VIB_01912,0.40878,1.0,0.85281,0
SIM_VIB_01913,0.39875,10.8077,1.27716,0
SIM_VIB_01914,0.22877,10.7074,0.6331,0
SIM_VIB_01915,1.10929,38.8006,3.94949,1
SIM_VIB_01916,0.2554,16.8188,0.74781,0
SIM_VIB_01917,0.66147,26.3922,1.67492,1
SIM_VIB_01918,1.71409,37.531,5.31586,1
SIM_VIB_01919,1.45596,40.615,4.75321,1
SIM_VIB_01920,0.28595,8.5169,0.59741,0
SIM_VIB_01921,0.50374,23.0734,1.86443,1
SIM_VIB_01922,0.66812,29.2561,1.49154,1
SIM_VIB_01923,0.19379,13.595,0.46764,0
SIM_VIB_01924,0.16575,11.1497,0.84789,0
SIM_VIB_01925,1.02826,19.6927,3.12876,1
SIM_VIB_01926,0.17773,14.3195,0.61696,0
SIM_VIB_01927,0.27181,5.6246,0.67002,0
SIM_VIB_01928,0.4486,11.4044,1.32882,0
SIM_VIB_01929,0.28556,4.9679,0.82969,0
SIM_VIB_01930,0.19983,4.7806,0.76065,0
SIM_VIB_01931,0.23131,12.9531,0.70333,0
SIM_VIB_01932,0.17822,15.9401,0.66584,0
SIM_VIB_01933,0.30733,9.3106,0.96392,0
SIM_VIB_01934,1.97051,54.3866,4.20234,1
SIM_VIB_01935,0.27147,2.3616,0.79838,0
SIM_VIB_01936,0.33689,7.2301,0.97111,0
SIM_VIB_01937,0.6192,20.551,1.92408,1
SIM_VIB_01938,0.29165,9.0423,0.71261,0
SIM_VIB_01939,0.23692,12.0349,0.75691,0
SIM_VIB_01940,1.06329,23.011,2.38347,1
SIM_VIB_01941,0.6677,20.6861,1.52761,1
SIM_VIB_01942,0.23199,5.5296,0.6404,0
SIM_VIB_01943,0.88094,37.8898,2.39113,1
SIM_VIB_01944,0.18549,4.7983,0.64331,0
SIM_VIB_01945,0.25146,12.9209,0.79287,0
SIM_VIB_01946,0.28359,10.0613,0.76752,0
SIM_VIB_01947,1.45449,58.2658,4.38554,1
SIM_VIB_01948,0.86043,36.9507,1.69492,1
SIM_VIB_01949,0.26387,8.6235,0.67033,0
SIM_VIB_01950,0.27347,13.5078,0.72944,0
SIM_VIB_01951,0.98798,14.5323,2.25515,1
SIM_VIB_01952,0.61445,27.0618,1.17622,1
SIM_VIB_01953,0.23019,8.4807,0.62256,0
SIM_VIB_01954,0.45311,7.1037,0.87259,0
SIM_VIB_01955,1.73567,60.2792,4.35259,1
SIM_VIB_01956,1.81005,54.2572,3.38792,1
SIM_VIB_01957,0.25668,12.1301,0.6155,0
SIM_VIB_01958,1.13843,23.1226,3.57254,1
SIM_VIB_01959,0.30242,2.0059,0.62609,0
SIM_VIB_01960,0.73265,16.3922,2.15859,1
SIM_VIB_01961,0.17615,12.9939,0.46327,0
SIM_VIB_01962,0.29267,9.0899,1.01351,0
SIM_VIB_01963,0.2144,12.127,0.67219,0
SIM_VIB_01964,0.05416,6.4864,0.3061,0
SIM_VIB_01965,0.27632,9.1569,0.67065,0
SIM_VIB_01966,0.22415,7.6758,0.47623,0
SIM_VIB_01967,0.84327,10.2037,1.98858,1
SIM_VIB_01968,0.11751,14.1101,0.69409,0
SIM_VIB_01969,0.18269,11.3197,0.4829,0
SIM_VIB_01970,0.21995,9.123,0.45541,0
SIM_VIB_01971,2.17107,45.3988,6.20022,1
SIM_VIB_01972,0.20951,12.5577,0.64486,0
SIM_VIB_01973,0.18062,4.8243,0.54283,0
SIM_VIB_01974,1.33849,40.9543,3.14629,1
SIM_VIB_01975,0.29183,6.1745,0.65659,0
SIM_VIB_01976,0.2029,12.7773,0.59574,0
SIM_VIB_01977,0.35951,7.097,1.1068,0
SIM_VIB_01978,1.22773,43.1214,4.42597,1
SIM_VIB_01979,0.73246,37.2412,2.04645,1
SIM_VIB_01980,0.17891,7.019,0.45387,0
SIM_VIB_01981,0.22801,5.72,0.78873,0
SIM_VIB_01982,0.21321,8.0519,0.63555,0
SIM_VIB_01983,0.32456,8.2371,0.64864,0
SIM_VIB_01984,0.2479,8.6032,0.48659,0
SIM_VIB_01985,2.68953,52.6616,5.51894,1
SIM_VIB_01986,0.44516,9.1674,1.28047,0
SIM_VIB_01987,0.12782,13.4377,0.64714,0
SIM_VIB_01988,0.50821,39.9419,1.64211,1
SIM_VIB_01989,0.04287,2.0368,0.50186,0
SIM_VIB_01990,0.15336,16.0382,0.66508,0
SIM_VIB_01991,0.26257,6.144,0.52324,0
SIM_VIB_01992,0.57168,10.1257,1.85188,1
SIM_VIB_01993,0.67682,29.0252,1.70802,1
SIM_VIB_01994,1.70135,46.0094,4.21327,1
SIM_VIB_01995,1.45675,24.0069,3.9513,1
SIM_VIB_01996,0.29188,13.3974,0.81315,0
SIM_VIB_01997,0.18423,11.0335,0.61805,0
SIM_VIB_01998,1.49241,40.06,4.03309,1
SIM_VIB_01999,0.2859,16.5618,0.78469,0
SIM_VIB_02000,0.6829,23.8881,2.05263,1
SIM_VIB_02001,0.19968,5.3836,0.63748,0
SIM_VIB_02002,0.66898,54.2271,2.37009,1
SIM_VIB_02003,0.38768,10.6617,1.07391,0
SIM_VIB_02004,0.18935,7.5008,0.57555,0
SIM_VIB_02005,0.94146,19.0852,2.81406,1
SIM_VIB_02006,1.40277,56.0219,4.62728,1
SIM_VIB_02007,0.15714,10.5413,0.4131,0
SIM_VIB_02008,1.93454,58.6698,4.90785,1
SIM_VIB_02009,0.19163,3.3131,0.63172,0
SIM_VIB_02010,1.82095,27.6163,4.65719,1
SIM_VIB_02011,0.13484,10.0767,0.3995,0
SIM_VIB_02012,1.47956,41.5524,6.28431,1
SIM_VIB_02013,0.43686,11.7987,0.84844,0
SIM_VIB_02014,0.20217,7.6645,0.60002,0
SIM_VIB_02015,0.78341,22.1832,1.68893,1
SIM_VIB_02016,0.64164,31.7067,2.03125,1
SIM_VIB_02017,0.2287,12.3477,0.54138,0
SIM_VIB_02018,1.61216,51.3493,5.39752,1
SIM_VIB_02019,0.04966,5.6656,0.59351,0
SIM_VIB_02020,1.41221,33.7117,4.45173,1
SIM_VIB_02021,1.18518,33.1794,3.03102,1
SIM_VIB_02022,1.27492,36.587,4.86259,1
SIM_VIB_02023,0.27255,3.3625,0.94896,0
SIM_VIB_02024,0.1862,9.2062,0.52029,0
SIM_VIB_02025,0.23179,4.0987,0.78878,0
SIM_VIB_02026,0.7398,25.9959,2.28763,1
SIM_VIB_02027,0.93608,19.3805,2.50809,1
SIM_VIB_02028,0.23618,6.5278,0.76064,0
SIM_VIB_02029,0.12705,1.0,0.50141,0
SIM_VIB_02030,0.21421,7.0464,0.67941,0
SIM_VIB_02031,0.29701,10.0013,1.02985,0
SIM_VIB_02032,0.76327,32.3959,2.44598,1
SIM_VIB_02033,1.15701,15.645,2.14433,1
SIM_VIB_02034,0.26973,11.7815,0.774,0
SIM_VIB_02035,0.95046,12.8843,2.43662,1
SIM_VIB_02036,1.91087,44.9987,5.8585,1
SIM_VIB_02037,0.19978,12.4019,0.5002,0
SIM_VIB_02038,0.1707,10.8947,0.59425,0
SIM_VIB_02039,1.26914,66.8705,3.34773,1
SIM_VIB_02040,0.20564,15.1949,0.45143,0
SIM_VIB_02041,0.22561,17.5326,0.69248,0
SIM_VIB_02042,0.28722,8.4318,0.44118,0
SIM_VIB_02043,0.11776,13.3619,0.41155,0
SIM_VIB_02044,0.12493,3.4064,0.46396,0
SIM_VIB_02045,0.28605,12.8047,0.74516,0
SIM_VIB_02046,0.57154,26.6285,2.53663,1
SIM_VIB_02047,0.34622,6.6,0.69788,0
SIM_VIB_02048,0.18978,6.3466,0.63868,0
SIM_VIB_02049,0.28175,9.0812,0.88046,0
SIM_VIB_02050,2.26078,41.2371,5.9203,1
SIM_VIB_02051,1.0621,22.7171,3.8919,1
SIM_VIB_02052,1.56148,50.7662,3.93801,1
SIM_VIB_02053,0.2716,8.2391,0.71863,0
SIM_VIB_02054,0.14119,13.8227,0.47698,0
SIM_VIB_02055,0.80635,32.5111,1.67348,1
SIM_VIB_02056,1.35369,24.5424,4.56222,1
SIM_VIB_02057,0.13199,12.6135,0.56605,0
SIM_VIB_02058,0.17523,14.8751,0.41487,0
SIM_VIB_02059,0.29453,12.6988,0.85385,0
SIM_VIB_02060,0.21548,2.9795,0.50966,0
SIM_VIB_02061,1.55405,65.3114,4.96181,1
SIM_VIB_02062,0.3027,5.6342,0.81974,0
SIM_VIB_02063,1.35,28.8364,4.2492,1
SIM_VIB_02064,0.279,5.8752,0.60922,0
SIM_VIB_02065,0.08378,12.0534,0.61638,0
SIM_VIB_02066,0.73658,5.0,2.25903,1
SIM_VIB_02067,0.58837,26.687,1.79227,1
SIM_VIB_02068,0.16749,12.9657,0.49656,0
SIM_VIB_02069,1.24563,34.0478,4.17384,1
SIM_VIB_02070,2.18747,30.8183,4.20066,1
SIM_VIB_02071,0.28014,3.0501,0.70921,0
SIM_VIB_02072,0.08603,8.2882,0.23981,0
SIM_VIB_02073,0.22662,9.9167,0.54931,0
SIM_VIB_02074,0.16375,20.985,0.32098,0
SIM_VIB_02075,0.26062,9.6825,0.5764,0
SIM_VIB_02076,1.68257,25.0994,3.77369,1
SIM_VIB_02077,0.39925,20.7484,1.76963,1
SIM_VIB_02078,0.25915,2.9665,0.84032,0
SIM_VIB_02079,0.35123,5.5876,0.84792,0
SIM_VIB_02080,0.31774,8.2866,0.87197,0
SIM_VIB_02081,2.24669,32.4473,7.62388,1
SIM_VIB_02082,0.21659,13.4406,0.73575,0
SIM_VIB_02083,0.35858,3.0134,0.81113,0
SIM_VIB_02084,1.1148,45.6516,4.21312,1
SIM_VIB_02085,0.30221,15.4777,0.8066,0
SIM_VIB_02086,0.40184,14.3045,0.96763,0
SIM_VIB_02087,0.29484,1.9415,0.95443,0
SIM_VIB_02088,0.2161,1.0,0.62643,0
SIM_VIB_02089,0.23896,13.0556,0.48211,0
SIM_VIB_02090,0.32308,8.9852,0.5511,0
SIM_VIB_02091,0.17321,18.7067,0.54718,0
SIM_VIB_02092,0.13577,18.7853,0.26897,0
SIM_VIB_02093,0.27291,9.6438,0.78835,0
SIM_VIB_02094,0.21687,12.7055,0.44561,0
SIM_VIB_02095,0.1555,8.2504,0.43898,0
SIM_VIB_02096,2.25572,25.0743,5.45689,1
SIM_VIB_02097,0.3807,6.8419,0.88859,0
SIM_VIB_02098,0.21254,4.9189,0.57589,0
SIM_VIB_02099,0.15862,12.1325,0.49943,0
SIM_VIB_02100,1.97279,41.7126,4.30997,1
SIM_VIB_02101,0.78243,25.8829,2.43327,1
SIM_VIB_02102,0.15077,4.7655,0.99842,0
SIM_VIB_02103,1.29142,40.3622,5.46641,1
SIM_VIB_02104,0.14558,6.6747,0.3999,0
SIM_VIB_02105,0.11389,7.7805,0.31516,0
SIM_VIB_02106,0.12378,10.9749,0.81949,0
SIM_VIB_02107,0.77494,33.4086,2.37144,1
SIM_VIB_02108,0.70062,13.7739,1.59463,1
SIM_VIB_02109,0.03,7.6154,0.6886,0
SIM_VIB_02110,0.21127,12.3768,0.78419,0
SIM_VIB_02111,0.6009,16.3355,2.31828,1
SIM_VIB_02112,1.01253,27.3436,2.2142,1
SIM_VIB_02113,0.28534,14.6338,0.8903,0
SIM_VIB_02114,0.32448,10.5004,1.02679,0
SIM_VIB_02115,0.72995,25.0944,1.64272,1
SIM_VIB_02116,0.23207,12.8614,0.68797,0
SIM_VIB_02117,0.20263,4.7953,0.58005,0
SIM_VIB_02118,0.31529,3.7927,1.01814,0
SIM_VIB_02119,0.21172,6.0966,0.51442,0
SIM_VIB_02120,0.63552,19.3152,2.01382,1
SIM_VIB_02121,0.32518,7.8292,1.09128,0
SIM_VIB_02122,1.91767,54.1716,5.6094,1
SIM_VIB_02123,2.13142,35.2725,7.15735,1
SIM_VIB_02124,0.30658,12.6005,1.52349,1
SIM_VIB_02125,0.4295,16.7532,1.2617,1
SIM_VIB_02126,0.16228,9.0701,0.56513,0
SIM_VIB_02127,0.24955,15.8724,0.45802,0
SIM_VIB_02128,0.99811,5.7934,2.84435,1
SIM_VIB_02129,1.02338,53.144,2.94934,1
SIM_VIB_02130,1.95868,55.8663,5.83216,1
SIM_VIB_02131,0.23902,11.6728,0.81204,0
SIM_VIB_02132,0.33819,8.7367,1.04486,0
SIM_VIB_02133,0.20209,12.8352,0.48809,0
SIM_VIB_02134,2.2051,57.3712,5.63916,1
SIM_VIB_02135,0.18946,7.2068,0.50493,0
SIM_VIB_02136,0.22857,7.3774,1.06965,0
SIM_VIB_02137,0.15333,13.254,0.67792,0
SIM_VIB_02138,1.51382,45.5917,4.96731,1
SIM_VIB_02139,0.26452,14.8181,0.88835,0
SIM_VIB_02140,1.89337,22.201,3.64008,1
SIM_VIB_02141,0.55042,37.0442,2.30686,1
SIM_VIB_02142,0.16448,7.6143,0.43872,0
SIM_VIB_02143,1.3353,39.7663,3.10554,1
SIM_VIB_02144,0.19643,7.9667,0.68742,0
SIM_VIB_02145,0.36783,7.9292,0.74331,0
SIM_VIB_02146,0.20228,10.345,0.407,0
SIM_VIB_02147,0.70057,10.1174,2.21854,1
SIM_VIB_02148,0.17714,10.6439,0.4472,0
SIM_VIB_02149,0.3088,5.5295,1.05512,0
SIM_VIB_02150,0.23451,7.2948,0.70649,0
SIM_VIB_02151,0.07515,16.5235,0.64427,0
SIM_VIB_02152,0.82584,22.9109,2.54161,1
SIM_VIB_02153,0.21559,8.3585,0.52512,0
SIM_VIB_02154,1.1355,27.8138,3.28482,1
SIM_VIB_02155,0.16479,4.3816,0.43201,0
SIM_VIB_02156,0.28624,1.0,0.89237,0
SIM_VIB_02157,0.3673,13.0613,0.65886,0
SIM_VIB_02158,0.29369,8.3195,0.56573,0
SIM_VIB_02159,2.15238,45.4268,5.54043,1
SIM_VIB_02160,0.68212,8.2774,2.28991,1
SIM_VIB_02161,1.19502,18.1162,3.65016,1
SIM_VIB_02162,0.54724,26.4069,1.5028,1
SIM_VIB_02163,0.30136,9.9902,0.74943,0
SIM_VIB_02164,0.80533,12.0095,2.41295,1
SIM_VIB_02165,0.61288,24.6548,1.9595,1
SIM_VIB_02166,0.77281,32.8035,3.53609,1
SIM_VIB_02167,0.27459,3.1932,1.01926,0
SIM_VIB_02168,0.18517,7.3586,0.54759,0
SIM_VIB_02169,0.91903,26.9728,2.45611,1
SIM_VIB_02170,0.36258,13.0068,0.62827,0
SIM_VIB_02171,0.12407,6.4091,0.3569,0
SIM_VIB_02172,0.2164,7.0167,0.58416,0
SIM_VIB_02173,0.09424,12.1603,0.2877,0
SIM_VIB_02174,0.68238,46.7287,4.11446,1
SIM_VIB_02175,0.25759,3.6946,0.66012,0
SIM_VIB_02176,1.296,49.2959,4.0433,1
SIM_VIB_02177,0.24215,10.5044,0.59062,0
SIM_VIB_02178,0.64225,21.5946,1.91337,1
SIM_VIB_02179,1.52624,61.4302,4.73506,1
SIM_VIB_02180,1.08763,26.7992,2.73982,1
SIM_VIB_02181,0.09347,8.7782,0.5879,0
SIM_VIB_02182,0.03246,9.1957,0.4796,0
SIM_VIB_02183,0.46127,23.5869,2.50382,1
SIM_VIB_02184,0.13937,5.9991,0.59864,0
SIM_VIB_02185,0.13843,6.1186,0.50869,0
SIM_VIB_02186,0.28751,11.4442,0.57006,0
SIM_VIB_02187,0.78377,27.9869,1.70303,1
SIM_VIB_02188,0.22354,12.1891,0.48577,0
SIM_VIB_02189,0.67148,24.0448,1.83066,1
SIM_VIB_02190,0.25896,10.0711,0.7505,0
SIM_VIB_02191,0.28023,16.5629,0.67313,0
SIM_VIB_02192,0.36471,11.5416,0.93952,0
SIM_VIB_02193,2.01795,44.6056,4.98567,1
SIM_VIB_02194,0.49652,9.3222,1.40688,1
SIM_VIB_02195,0.03,9.0148,0.63152,0
SIM_VIB_02196,0.19531,11.2078,0.60552,0
SIM_VIB_02197,0.33279,13.6803,0.82083,0
SIM_VIB_02198,0.15496,14.9993,0.57671,0
SIM_VIB_02199,0.28976,5.6375,0.75537,0
SIM_VIB_02200,0.34296,4.2499,0.85803,0
SIM_VIB_02201,0.21834,9.8778,0.6583,0
SIM_VIB_02202,0.22043,16.2332,0.74882,0
SIM_VIB_02203,0.34866,38.2904,1.9069,1
SIM_VIB_02204,0.17088,15.8764,0.62851,0
SIM_VIB_02205,1.81101,40.2801,4.90378,1
SIM_VIB_02206,0.21661,8.4951,0.57547,0
SIM_VIB_02207,0.36737,12.8587,0.87468,0
SIM_VIB_02208,1.65383,59.7547,4.43938,1
SIM_VIB_02209,0.24218,6.8452,0.39451,0
SIM_VIB_02210,0.75132,46.3922,2.85189,1
SIM_VIB_02211,0.32087,15.6977,0.95581,0
SIM_VIB_02212,0.20585,3.4235,0.64688,0
SIM_VIB_02213,0.61492,21.3819,1.32411,1
SIM_VIB_02214,0.7494,19.6567,2.18488,1
SIM_VIB_02215,0.21627,5.732,0.77173,0
SIM_VIB_02216,0.21246,8.1353,0.56969,0
SIM_VIB_02217,0.65159,22.8626,1.63202,1
SIM_VIB_02218,0.23875,5.9605,0.73382,0
SIM_VIB_02219,0.19963,10.2045,0.60624,0
SIM_VIB_02220,0.89974,28.438,2.95241,1
SIM_VIB_02221,0.24326,4.9861,0.7459,0
SIM_VIB_02222,0.68324,59.0711,4.86562,1
SIM_VIB_02223,0.30196,7.982,0.93313,0
SIM_VIB_02224,0.24908,5.8573,0.84321,0
SIM_VIB_02225,0.18531,4.2801,0.5795,0
SIM_VIB_02226,0.0942,5.4103,0.5936,0
SIM_VIB_02227,0.21533,13.3453,0.69332,0
SIM_VIB_02228,1.45338,60.3048,4.69186,1
SIM_VIB_02229,1.42339,39.7664,4.04738,1
SIM_VIB_02230,0.65975,15.3766,2.23837,1
SIM_VIB_02231,0.63412,31.154,1.69985,1
SIM_VIB_02232,0.31069,12.4743,0.88482,0
SIM_VIB_02233,0.28719,1.0,0.81419,0
SIM_VIB_02234,0.84851,7.2962,1.89546,1
SIM_VIB_02235,0.70647,30.3417,2.16344,1
SIM_VIB_02236,1.04671,30.1683,3.10416,1
SIM_VIB_02237,0.26963,5.5992,0.90921,0
SIM_VIB_02238,0.66412,37.0419,3.90354,1
SIM_VIB_02239,1.44138,45.1853,4.58422,1
SIM_VIB_02240,1.50532,25.2719,3.50005,1
SIM_VIB_02241,0.26183,9.3842,0.68666,0
SIM_VIB_02242,1.41831,37.3444,4.78197,1
SIM_VIB_02243,0.24211,11.1752,0.4897,0
SIM_VIB_02244,1.05033,54.8643,3.97132,1
SIM_VIB_02245,0.31272,12.1085,0.78378,0
SIM_VIB_02246,0.11226,8.9476,0.48793,0
SIM_VIB_02247,0.15452,13.3483,0.50931,0
SIM_VIB_02248,0.70044,28.0976,2.28003,1
SIM_VIB_02249,0.20609,10.3104,0.59692,0
SIM_VIB_02250,0.37384,5.6381,0.89662,0
SIM_VIB_02251,0.95474,30.6366,2.73564,1
SIM_VIB_02252,0.44494,13.4047,1.08067,1
SIM_VIB_02253,0.30682,18.1062,0.90123,0
SIM_VIB_02254,2.16045,20.3102,5.3577,1
SIM_VIB_02255,0.27361,4.7685,0.86691,0
SIM_VIB_02256,0.36214,8.9381,0.86812,0
SIM_VIB_02257,0.32095,24.6259,1.65624,1
SIM_VIB_02258,0.29964,6.9582,0.93714,0
SIM_VIB_02259,0.19183,17.0884,0.51715,0
SIM_VIB_02260,0.20077,5.4685,0.65905,0
SIM_VIB_02261,1.32192,30.4417,3.56091,1
SIM_VIB_02262,0.17346,9.1865,0.86673,0
SIM_VIB_02263,2.10919,13.0439,4.82432,1
SIM_VIB_02264,0.46577,24.0563,1.19338,1
SIM_VIB_02265,0.07353,11.3798,0.45644,0
SIM_VIB_02266,0.28406,12.6777,0.66426,0
SIM_VIB_02267,0.87266,27.0844,2.44382,1
SIM_VIB_02268,0.41319,21.3881,1.98261,1
SIM_VIB_02269,0.1611,7.196,0.32207,0
SIM_VIB_02270,0.38106,7.6994,0.74574,0
SIM_VIB_02271,1.30141,35.5237,2.4724,1
SIM_VIB_02272,0.72852,23.8047,1.72862,1
SIM_VIB_02273,1.03405,11.8844,2.47407,1
SIM_VIB_02274,0.88714,46.246,3.8858,1
SIM_VIB_02275,0.26787,1.7496,0.86743,0
SIM_VIB_02276,2.0112,42.9527,5.53719,1
SIM_VIB_02277,1.10254,5.229,3.18523,1
SIM_VIB_02278,0.50447,19.1858,1.78706,1
SIM_VIB_02279,0.13144,3.0914,0.31315,0
SIM_VIB_02280,0.11739,14.5193,0.22488,0
SIM_VIB_02281,0.23376,5.9919,0.36031,0
SIM_VIB_02282,0.86581,14.6851,2.02061,1
SIM_VIB_02283,0.20928,11.3993,0.51822,0
SIM_VIB_02284,1.48395,43.1698,3.76636,1
SIM_VIB_02285,0.3409,4.7749,0.68265,0
SIM_VIB_02286,0.62867,23.361,2.04286,1
SIM_VIB_02287,0.61187,32.341,2.02543,1
SIM_VIB_02288,0.28236,5.8717,0.83023,0
SIM_VIB_02289,1.80297,41.7074,4.94002,1
SIM_VIB_02290,0.26646,7.5175,0.60341,0
SIM_VIB_02291,1.70994,14.3951,5.47349,1
SIM_VIB_02292,0.33488,1.0,0.95772,0
SIM_VIB_02293,0.13257,9.675,0.36999,0
SIM_VIB_02294,0.65569,30.5496,1.94413,1
SIM_VIB_02295,0.17902,6.3888,0.35492,0
SIM_VIB_02296,0.21347,6.3154,0.53058,0
SIM_VIB_02297,1.68779,47.0067,5.32952,1
SIM_VIB_02298,0.92733,41.8674,2.28994,1
SIM_VIB_02299,0.20848,1.0,0.60318,0
SIM_VIB_02300,0.2671,3.469,0.81078,0
SIM_VIB_02301,0.26569,8.7525,0.6855,0
SIM_VIB_02302,1.51439,50.0354,4.85829,1
SIM_VIB_02303,0.37223,16.2157,0.88591,0
SIM_VIB_02304,1.80769,39.5577,3.50428,1
SIM_VIB_02305,0.20759,12.2017,0.52494,0
SIM_VIB_02306,1.94858,58.9,4.85377,1
SIM_VIB_02307,0.3709,6.4118,1.09265,0
SIM_VIB_02308,0.19408,7.8021,0.6024,0
SIM_VIB_02309,0.90412,62.697,3.91702,1
SIM_VIB_02310,0.16762,7.2421,0.61335,0
SIM_VIB_02311,0.08508,8.4155,0.35151,0
SIM_VIB_02312,1.06671,39.6272,3.43836,1
SIM_VIB_02313,0.72187,30.2609,1.73285,1
SIM_VIB_02314,0.07261,8.0645,0.41668,0
SIM_VIB_02315,0.87737,19.8634,2.61601,1
SIM_VIB_02316,0.28686,10.5749,0.84004,0
SIM_VIB_02317,0.13842,10.6577,0.86966,0
SIM_VIB_02318,1.05877,30.2045,3.18801,1
SIM_VIB_02319,0.18303,2.427,0.5686,0
SIM_VIB_02320,0.25112,16.054,0.73043,0
SIM_VIB_02321,0.24053,7.8856,0.6555,0
SIM_VIB_02322,0.26453,1.0,0.62485,0
SIM_VIB_02323,1.1055,22.5877,3.04693,1
SIM_VIB_02324,0.08284,13.5784,0.32662,0
SIM_VIB_02325,1.19505,40.7005,3.74373,1
SIM_VIB_02326,0.14145,3.4737,0.487,0
SIM_VIB_02327,0.2641,9.0086,0.56705,0
SIM_VIB_02328,0.55675,29.6214,1.61379,1
SIM_VIB_02329,0.46477,39.3214,1.53727,1
SIM_VIB_02330,0.23863,1.0,0.72907,0
SIM_VIB_02331,0.26709,13.5433,0.51777,0
SIM_VIB_02332,0.48193,6.7021,1.05749,1
SIM_VIB_02333,0.41216,17.813,1.76196,1
SIM_VIB_02334,1.27809,54.178,3.73776,1
SIM_VIB_02335,0.68649,24.1939,1.53534,1
SIM_VIB_02336,0.20367,12.9676,0.61354,0
SIM_VIB_02337,0.32062,15.8294,0.87202,0
SIM_VIB_02338,0.6227,31.5204,1.58068,1
SIM_VIB_02339,0.76866,27.736,1.68699,1
SIM_VIB_02340,0.17048,10.1847,0.70127,0
SIM_VIB_02341,0.16378,15.5714,0.36734,0
SIM_VIB_02342,0.11637,8.7375,0.46665,0
SIM_VIB_02343,0.12176,10.4008,0.3718,0
SIM_VIB_02344,0.33403,12.5468,0.67937,0
SIM_VIB_02345,0.21775,8.5712,0.71181,0
SIM_VIB_02346,0.30981,3.9555,0.83692,0
SIM_VIB_02347,1.00874,17.3786,3.03791,1
SIM_VIB_02348,0.22917,9.3988,0.7614,0
SIM_VIB_02349,0.12624,3.2631,0.62866,0
SIM_VIB_02350,0.23315,6.4907,0.68469,0
SIM_VIB_02351,0.16702,9.472,0.60858,0
SIM_VIB_02352,0.20113,7.5736,0.60071,0
SIM_VIB_02353,0.26447,1.9036,0.56175,0
SIM_VIB_02354,0.11847,8.9703,0.39166,0
SIM_VIB_02355,0.15231,1.777,0.6818,0
SIM_VIB_02356,0.27855,8.6364,0.85893,0
SIM_VIB_02357,0.29755,16.2825,0.67722,0
SIM_VIB_02358,1.50773,35.3165,5.1281,1
SIM_VIB_02359,0.18142,8.1068,0.54672,0
SIM_VIB_02360,0.70018,26.8635,2.07202,1
SIM_VIB_02361,0.0582,6.573,0.19303,0
SIM_VIB_02362,0.80542,19.558,1.66224,1
SIM_VIB_02363,0.06524,11.6159,0.51263,0
SIM_VIB_02364,0.2433,13.5071,0.84159,0
SIM_VIB_02365,0.80772,19.2509,2.57697,1
SIM_VIB_02366,0.26929,12.3845,0.79548,0
SIM_VIB_02367,0.11422,8.8091,0.84566,0
SIM_VIB_02368,0.53918,22.1507,1.68327,1
SIM_VIB_02369,0.77653,13.4736,1.73123,1
SIM_VIB_02370,0.26445,14.089,0.81281,0
SIM_VIB_02371,0.35559,6.3578,1.39527,1
SIM_VIB_02372,0.0908,1.6165,0.35275,0
SIM_VIB_02373,0.17384,4.2542,0.32476,0
SIM_VIB_02374,0.30224,6.1792,0.86037,0
SIM_VIB_02375,0.11053,12.1829,0.31704,0
SIM_VIB_02376,0.30623,7.753,1.11149,0
SIM_VIB_02377,0.97704,15.3669,2.76065,1
SIM_VIB_02378,0.13676,4.1028,0.72822,0
SIM_VIB_02379,0.22318,4.6591,0.75528,0
SIM_VIB_02380,0.11411,5.7941,0.49288,0
SIM_VIB_02381,0.27348,7.0742,0.62657,0
SIM_VIB_02382,0.16296,6.1233,0.49298,0
SIM_VIB_02383,0.18008,13.9098,0.6134,0
SIM_VIB_02384,1.56269,38.8571,4.0221,1
SIM_VIB_02385,0.22688,9.5849,0.69294,0
SIM_VIB_02386,0.53395,9.6336,1.9019,1
SIM_VIB_02387,0.49059,25.6595,2.06686,1
SIM_VIB_02388,1.75145,28.0945,4.11169,1
SIM_VIB_02389,1.6315,45.5023,3.20039,1
SIM_VIB_02390,0.37472,22.8557,1.32071,1
SIM_VIB_02391,1.53125,47.9313,3.77676,1
SIM_VIB_02392,0.25136,10.2812,0.75433,0
SIM_VIB_02393,0.98105,22.2887,2.36337,1
SIM_VIB_02394,0.13203,1.4385,0.36586,0
SIM_VIB_02395,0.11153,10.6887,0.32349,0
SIM_VIB_02396,2.03469,71.7872,6.63531,1
SIM_VIB_02397,0.24186,10.4682,0.80359,0
SIM_VIB_02398,0.58453,24.549,1.66432,1
SIM_VIB_02399,0.72369,20.8201,1.99703,1
SIM_VIB_02400,0.40997,8.8317,1.34123,0
SIM_VIB_02401,0.22683,4.9778,0.69605,0
SIM_VIB_02402,0.24508,7.0479,0.77155,0
SIM_VIB_02403,0.5228,19.5933,1.58536,1
SIM_VIB_02404,0.23794,12.0112,0.79598,0
SIM_VIB_02405,1.6587,37.5028,3.42336,1
SIM_VIB_02406,0.11436,7.6065,0.30112,0
SIM_VIB_02407,0.11766,7.1615,0.4969,0
SIM_VIB_02408,0.03,10.7105,0.54326,0
SIM_VIB_02409,0.24145,4.3589,0.7474,0
SIM_VIB_02410,1.18395,46.7446,3.86559,1
SIM_VIB_02411,0.12317,1.1092,0.50754,0
SIM_VIB_02412,0.23953,10.2456,0.73148,0
SIM_VIB_02413,0.19827,6.7564,0.64302,0
SIM_VIB_02414,0.23035,7.3958,0.74845,0
SIM_VIB_02415,0.20479,3.0657,0.61415,0
SIM_VIB_02416,0.66489,34.3834,4.21658,1
SIM_VIB_02417,0.73386,19.2488,1.81733,1
SIM_VIB_02418,0.21604,5.5185,0.59791,0
SIM_VIB_02419,0.28964,12.3941,0.78042,0
SIM_VIB_02420,0.26366,9.0576,0.58048,0
SIM_VIB_02421,0.22891,13.5257,0.57013,0
SIM_VIB_02422,0.23694,5.4229,0.77165,0
SIM_VIB_02423,0.2851,7.3691,0.82161,0
SIM_VIB_02424,1.38209,36.6438,4.61654,1
SIM_VIB_02425,0.17163,4.7923,0.64739,0
SIM_VIB_02426,0.50771,32.6095,1.53462,1
SIM_VIB_02427,0.2343,17.1215,0.55957,0
SIM_VIB_02428,0.55029,20.0712,1.66592,1
SIM_VIB_02429,0.26476,14.1354,0.72086,0
SIM_VIB_02430,1.11673,42.0976,3.24297,1
SIM_VIB_02431,0.06722,5.5689,0.35369,0
SIM_VIB_02432,1.05759,52.4617,3.74667,1
SIM_VIB_02433,0.10343,12.4129,0.29094,0
SIM_VIB_02434,0.26369,3.4125,0.76155,0
SIM_VIB_02435,0.43886,19.3084,1.63593,1
SIM_VIB_02436,0.19495,3.3096,0.75129,0
SIM_VIB_02437,0.70523,28.5803,1.29521,1
SIM_VIB_02438,0.18356,4.8208,0.44774,0
SIM_VIB_02439,0.35647,6.2579,1.06051,0
SIM_VIB_02440,0.07859,13.8799,0.52117,0
SIM_VIB_02441,0.25724,10.2939,0.64978,0
SIM_VIB_02442,0.97894,64.1588,2.81172,1
SIM_VIB_02443,0.04752,9.9262,0.20639,0
SIM_VIB_02444,0.0935,11.0763,0.20176,0
SIM_VIB_02445,1.82646,52.1205,4.03572,1
SIM_VIB_02446,0.28039,4.6577,0.7659,0
SIM_VIB_02447,0.17729,17.7954,0.7863,0
SIM_VIB_02448,0.26092,8.7266,0.67934,0
SIM_VIB_02449,1.00632,20.2079,2.03078,1
SIM_VIB_02450,0.1412,9.4407,0.22471,0
SIM_VIB_02451,0.77909,16.1541,2.52002,1
SIM_VIB_02452,0.10908,9.4259,0.33937,0
SIM_VIB_02453,0.31195,13.921,0.69114,0
SIM_VIB_02454,0.26935,10.7507,0.66549,0
SIM_VIB_02455,0.26946,13.8017,0.75851,0
SIM_VIB_02456,0.05562,11.6529,0.5194,0
SIM_VIB_02457,0.26673,10.1602,1.03016,0
SIM_VIB_02458,0.15603,5.3748,0.46914,0
SIM_VIB_02459,1.49279,20.3447,4.6844,1
SIM_VIB_02460,0.1338,9.8346,0.45472,0
SIM_VIB_02461,0.26442,7.0674,0.60021,0
SIM_VIB_02462,0.12799,18.2473,0.41385,0
SIM_VIB_02463,0.25067,9.2441,0.61536,0
SIM_VIB_02464,0.28311,15.1052,0.69919,0
SIM_VIB_02465,0.76335,35.77,2.40085,1
SIM_VIB_02466,0.34399,8.4131,1.15079,0
SIM_VIB_02467,1.76276,46.5082,4.58595,1
SIM_VIB_02468,1.79896,50.9203,5.52209,1
SIM_VIB_02469,0.16205,8.6667,0.45504,0
SIM_VIB_02470,0.99374,41.6244,3.00503,1
SIM_VIB_02471,0.25785,12.0128,0.88278,0
SIM_VIB_02472,1.49803,40.1088,3.67547,1
SIM_VIB_02473,0.23055,7.9239,0.60913,0
SIM_VIB_02474,0.25232,4.6468,0.79005,0
SIM_VIB_02475,0.23274,7.4369,0.92061,0
SIM_VIB_02476,1.08845,26.8801,3.50074,1
SIM_VIB_02477,0.68698,18.8505,2.02946,1
SIM_VIB_02478,0.19837,11.4946,0.6865,0
SIM_VIB_02479,0.03,9.7833,0.49709,0
SIM_VIB_02480,0.28979,1.0,0.7812,0
SIM_VIB_02481,0.27995,15.8913,0.51801,0
SIM_VIB_02482,0.29091,10.0893,0.71304,0
SIM_VIB_02483,0.1333,7.1377,0.69425,0
SIM_VIB_02484,0.62337,22.5018,2.03007,1
SIM_VIB_02485,1.85816,42.8116,5.49305,1
SIM_VIB_02486,0.25478,4.4034,0.6833,0
SIM_VIB_02487,1.13036,55.3374,4.48544,1
SIM_VIB_02488,0.13648,1.0853,0.47702,0
SIM_VIB_02489,0.08155,11.0033,0.57808,0
SIM_VIB_02490,0.28737,16.2587,0.71975,0
SIM_VIB_02491,0.81297,34.9955,2.40686,1
SIM_VIB_02492,1.05299,25.4298,2.39969,1
SIM_VIB_02493,1.22264,55.3504,2.38027,1
SIM_VIB_02494,0.62724,17.498,1.54474,1
SIM_VIB_02495,0.18573,8.7445,0.39574,0
SIM_VIB_02496,0.27226,8.22,0.80293,0
SIM_VIB_02497,2.05119,45.8081,4.78163,1
SIM_VIB_02498,0.67322,24.6515,1.76199,1
SIM_VIB_02499,0.17247,8.4117,0.46609,0
SIM_VIB_02500,0.24234,9.8135,0.76235,0
SIM_VIB_02501,0.43124,18.2967,1.35295,1
SIM_VIB_02502,0.19799,8.0686,0.74592,0
SIM_VIB_02503,0.1922,8.6206,0.53374,0
SIM_VIB_02504,0.15741,10.8043,0.35924,0
SIM_VIB_02505,0.75773,28.8438,2.17084,1
SIM_VIB_02506,0.17387,8.0178,0.5085,0
SIM_VIB_02507,0.39713,7.6675,0.81786,0
SIM_VIB_02508,0.15896,4.5073,0.27952,0
SIM_VIB_02509,0.61875,33.9805,1.51174,1
SIM_VIB_02510,0.30483,8.7678,0.78523,0
SIM_VIB_02511,0.25317,13.0752,0.78003,0
SIM_VIB_02512,0.32014,12.1914,0.99791,0
SIM_VIB_02513,0.37778,4.9845,0.9987,0
SIM_VIB_02514,0.54156,5.9668,1.51977,1
SIM_VIB_02515,0.22298,12.5993,0.50123,0
SIM_VIB_02516,0.95484,11.8208,2.80262,1
SIM_VIB_02517,0.68383,23.3418,1.36371,1
SIM_VIB_02518,0.19174,4.6732,0.57411,0
SIM_VIB_02519,1.00591,29.3991,2.24443,1
SIM_VIB_02520,0.85506,29.1854,1.89162,1
SIM_VIB_02521,0.24615,14.5402,0.60295,0
SIM_VIB_02522,0.08567,6.4335,0.37864,0
SIM_VIB_02523,0.80091,21.8059,1.87465,1
SIM_VIB_02524,0.29758,5.1704,0.65892,0
SIM_VIB_02525,0.27472,1.0,0.86774,0
SIM_VIB_02526,0.84994,28.1568,2.80975,1
SIM_VIB_02527,0.59534,17.2484,1.78949,1
SIM_VIB_02528,0.29729,3.8295,0.67723,0
SIM_VIB_02529,0.11353,6.5145,0.24615,0
SIM_VIB_02530,0.19037,7.3217,0.5406,0
SIM_VIB_02531,0.25755,17.3328,0.65642,0
SIM_VIB_02532,0.22911,6.6815,0.72196,0
SIM_VIB_02533,0.81829,15.7704,1.87124,1
SIM_VIB_02534,1.06865,21.3607,3.36167,1
SIM_VIB_02535,0.16705,11.2462,0.39941,0
SIM_VIB_02536,0.22838,2.7447,0.69524,0
SIM_VIB_02537,0.13899,8.8943,0.66544,0
SIM_VIB_02538,0.2018,5.8873,0.80126,0
SIM_VIB_02539,0.71791,23.0277,1.98287,1
SIM_VIB_02540,0.15983,15.8573,0.4524,0
SIM_VIB_02541,0.1664,7.3316,0.55742,0
SIM_VIB_02542,0.685,32.3701,2.31417,1
SIM_VIB_02543,0.66874,28.5277,1.60476,1
SIM_VIB_02544,0.24306,10.519,0.73111,0
SIM_VIB_02545,0.75125,19.2285,2.42139,1
SIM_VIB_02546,0.1546,13.0421,0.43203,0
SIM_VIB_02547,0.24696,11.5293,0.64954,0
SIM_VIB_02548,1.73619,47.3267,5.06913,1
SIM_VIB_02549,0.47698,16.9571,2.0106,1
SIM_VIB_02550,0.08355,7.0896,0.46467,0
SIM_VIB_02551,0.23384,5.0267,0.38002,0
SIM_VIB_02552,1.18265,33.1795,3.37088,1
SIM_VIB_02553,1.7718,42.4147,5.99789,1
SIM_VIB_02554,0.19809,4.989,0.5006,0
SIM_VIB_02555,0.13742,14.3528,0.60118,0
SIM_VIB_02556,0.91514,20.3778,2.10021,1
SIM_VIB_02557,1.489,30.8258,4.38527,1
SIM_VIB_02558,0.14964,6.5815,0.34092,0
SIM_VIB_02559,0.77416,9.0226,1.80089,1
SIM_VIB_02560,0.20637,6.1699,0.42499,0
SIM_VIB_02561,0.22543,8.248,0.67307,0
SIM_VIB_02562,1.83941,15.8062,3.79664,1
SIM_VIB_02563,0.92441,46.3731,3.49193,1
SIM_VIB_02564,0.93568,32.7215,1.79695,1
SIM_VIB_02565,0.84663,23.1595,2.51766,1
SIM_VIB_02566,0.23243,10.6695,0.82925,0
SIM_VIB_02567,0.32295,9.297,0.77387,0
SIM_VIB_02568,2.0708,39.8018,5.11208,1
SIM_VIB_02569,0.25971,1.0,0.70474,0
SIM_VIB_02570,0.19653,13.2162,0.66958,0
SIM_VIB_02571,0.25484,10.7029,0.60712,0
SIM_VIB_02572,0.22357,8.9959,0.63088,0
SIM_VIB_02573,0.72358,26.6426,2.04014,1
SIM_VIB_02574,0.93482,16.543,2.79281,1
SIM_VIB_02575,0.82152,17.6997,2.34215,1
SIM_VIB_02576,0.27806,8.4324,0.56177,0
SIM_VIB_02577,0.93336,28.9979,2.96717,1
SIM_VIB_02578,0.31666,8.7799,0.6895,0
SIM_VIB_02579,0.27502,15.1101,0.73286,0
SIM_VIB_02580,0.26564,4.928,0.81382,0
SIM_VIB_02581,0.80443,22.2967,1.86348,1
SIM_VIB_02582,0.93793,45.6667,3.02175,1
SIM_VIB_02583,0.51408,33.8254,1.45398,1
SIM_VIB_02584,0.94487,27.6285,2.42635,1
SIM_VIB_02585,1.81593,41.75,4.32867,1
SIM_VIB_02586,0.21026,11.144,0.70356,0
SIM_VIB_02587,0.29829,11.9045,0.9688,0
SIM_VIB_02588,0.22559,5.3317,0.46177,0
SIM_VIB_02589,0.80359,20.6322,1.43356,1
SIM_VIB_02590,0.28031,9.7317,0.89584,0
SIM_VIB_02591,1.32473,28.4082,4.02595,1
SIM_VIB_02592,0.34724,7.8988,0.99661,0
SIM_VIB_02593,0.20127,7.6877,0.53984,0
SIM_VIB_02594,0.14845,12.3915,0.32961,0
SIM_VIB_02595,0.15093,6.4842,0.46867,0
SIM_VIB_02596,0.37974,6.3081,0.79247,0
SIM_VIB_02597,0.24624,10.2842,0.51066,0
SIM_VIB_02598,0.16171,6.4109,0.50012,0
SIM_VIB_02599,0.27071,11.2296,0.82532,0
SIM_VIB_02600,0.09182,7.5699,0.55671,0
SIM_VIB_02601,0.76512,25.48,1.93153,1
SIM_VIB_02602,0.27083,10.356,0.93145,0
SIM_VIB_02603,1.75889,47.1609,3.66865,1
SIM_VIB_02604,0.04975,6.3693,0.48699,0
SIM_VIB_02605,0.64797,17.9579,1.40563,1
SIM_VIB_02606,0.81906,25.4602,1.80492,1
SIM_VIB_02607,0.74928,40.0894,1.81325,1
SIM_VIB_02608,0.20367,6.2134,0.63457,0
SIM_VIB_02609,0.33373,4.4351,0.70191,0
SIM_VIB_02610,2.26932,66.52,4.84679,1
SIM_VIB_02611,0.15095,8.8262,0.3637,0
SIM_VIB_02612,0.2233,10.3982,0.50667,0
SIM_VIB_02613,0.22629,12.4719,0.72722,0
SIM_VIB_02614,1.12232,38.976,4.18319,1
SIM_VIB_02615,2.07262,36.7023,6.57066,1
SIM_VIB_02616,0.37396,4.4652,1.30899,0
SIM_VIB_02617,0.78911,18.2712,2.67076,1
SIM_VIB_02618,0.12419,8.2445,0.80799,0
SIM_VIB_02619,0.15073,5.3723,0.72889,0
SIM_VIB_02620,0.18582,4.8112,0.85814,0
SIM_VIB_02621,0.29966,9.2639,0.81978,0
SIM_VIB_02622,0.1604,13.1037,0.5647,0
SIM_VIB_02623,0.18423,7.537,0.40186,0
SIM_VIB_02624,0.56149,23.4159,1.64133,1
SIM_VIB_02625,0.2399,7.4783,0.72605,0
SIM_VIB_02626,1.75259,42.6753,5.94632,1
SIM_VIB_02627,1.44176,38.8212,3.41461,1
SIM_VIB_02628,0.21215,7.9239,0.69792,0
SIM_VIB_02629,1.7742,45.1195,3.63621,1
SIM_VIB_02630,1.39327,61.3338,4.43617,1
SIM_VIB_02631,0.23292,8.2545,0.66832,0
SIM_VIB_02632,0.19959,9.8368,0.66047,0
SIM_VIB_02633,0.786,31.6174,1.63406,1
SIM_VIB_02634,0.78692,11.7715,1.50526,1
SIM_VIB_02635,0.15986,7.9505,0.48361,0
SIM_VIB_02636,0.19603,8.7826,0.61893,0
SIM_VIB_02637,0.22101,7.5594,0.46908,0
SIM_VIB_02638,0.24091,14.4667,0.65215,0
SIM_VIB_02639,1.1682,50.3715,3.71113,1
SIM_VIB_02640,0.21692,6.425,0.58648,0
SIM_VIB_02641,0.39685,13.0681,1.33442,0
SIM_VIB_02642,0.4777,26.1878,2.49565,1
SIM_VIB_02643,0.67338,29.5553,2.00883,1
SIM_VIB_02644,0.2493,8.7142,0.52728,0
SIM_VIB_02645,0.73424,9.6474,1.35994,1
SIM_VIB_02646,0.91165,28.2236,1.64086,1
SIM_VIB_02647,0.24895,8.8746,0.81307,0
SIM_VIB_02648,0.37903,17.9097,1.66592,1
SIM_VIB_02649,0.15321,11.992,0.5934,0
SIM_VIB_02650,0.25538,9.3691,0.66291,0
SIM_VIB_02651,1.92046,50.7126,4.86715,1
SIM_VIB_02652,0.10981,9.582,0.45279,0
SIM_VIB_02653,0.16754,8.1894,0.53765,0
SIM_VIB_02654,0.97536,8.6666,3.36538,1
SIM_VIB_02655,0.23607,6.6274,0.71101,0
SIM_VIB_02656,0.15183,7.323,0.43036,0
SIM_VIB_02657,0.21082,8.2005,0.59349,0
SIM_VIB_02658,0.6945,22.0253,1.99426,1
SIM_VIB_02659,0.21754,14.95,0.64403,0
SIM_VIB_02660,1.02621,42.5591,3.26027,1
SIM_VIB_02661,0.67298,25.017,1.76486,1
SIM_VIB_02662,1.14945,27.5961,4.52995,1
SIM_VIB_02663,0.32601,13.1694,0.63567,0
SIM_VIB_02664,1.18524,38.8422,3.09764,1
SIM_VIB_02665,0.61163,11.3512,1.44255,1
SIM_VIB_02666,0.36217,6.2314,1.0973,0
SIM_VIB_02667,1.84627,60.2517,4.39376,1
SIM_VIB_02668,1.6347,68.6246,4.99153,1
SIM_VIB_02669,0.14882,12.6153,0.50437,0
SIM_VIB_02670,0.67922,24.1506,1.95649,1
SIM_VIB_02671,0.6725,26.922,2.25431,1
SIM_VIB_02672,0.25932,15.316,0.87594,0
SIM_VIB_02673,0.23023,2.4089,0.68431,0
SIM_VIB_02674,0.28784,11.8459,0.93661,0
SIM_VIB_02675,0.25102,7.4869,0.67037,0
SIM_VIB_02676,0.04557,4.1839,0.52235,0
SIM_VIB_02677,0.69464,21.6908,1.9469,1
SIM_VIB_02678,1.24541,68.0367,4.00151,1
SIM_VIB_02679,1.89983,47.0267,5.72514,1
SIM_VIB_02680,0.58946,18.9213,1.97333,1
SIM_VIB_02681,0.20428,5.9026,0.6188,0
SIM_VIB_02682,0.38138,12.9446,1.71885,1
SIM_VIB_02683,1.49595,45.1771,3.53308,1
SIM_VIB_02684,0.16845,19.0828,0.50675,0
SIM_VIB_02685,0.56351,23.4918,1.33684,1
SIM_VIB_02686,0.10851,8.9548,0.25731,0
SIM_VIB_02687,0.20474,13.9554,0.66832,0
SIM_VIB_02688,0.64908,28.1951,1.66421,1
SIM_VIB_02689,0.26343,6.1115,0.89329,0
SIM_VIB_02690,0.33694,12.6043,0.60049,0
SIM_VIB_02691,0.1568,9.759,0.54315,0
SIM_VIB_02692,1.67498,42.9331,4.12044,1
SIM_VIB_02693,0.62746,22.0374,2.02791,1
SIM_VIB_02694,0.2056,4.5424,0.50893,0
SIM_VIB_02695,0.3258,11.8771,0.9124,0
SIM_VIB_02696,0.18851,5.7326,0.71929,0
SIM_VIB_02697,0.14846,8.3757,0.36452,0
SIM_VIB_02698,0.16203,12.2072,0.55171,0
SIM_VIB_02699,1.14112,28.6304,3.49769,1
SIM_VIB_02700,1.32009,26.9647,3.26494,1
SIM_VIB_02701,0.13928,9.2114,0.73401,0
SIM_VIB_02702,0.2286,8.9565,0.5703,0
SIM_VIB_02703,0.23413,8.745,0.53827,0
SIM_VIB_02704,1.4906,44.7978,3.83317,1
SIM_VIB_02705,0.27431,14.4696,0.55836,0
SIM_VIB_02706,0.14802,6.0152,0.70925,0
SIM_VIB_02707,0.22213,1.0,0.73095,0
SIM_VIB_02708,0.56054,26.5803,1.20455,1
SIM_VIB_02709,1.19161,31.4325,4.00359,1
SIM_VIB_02710,1.82613,44.3543,3.66947,1
SIM_VIB_02711,0.3084,8.7961,0.80067,0
SIM_VIB_02712,0.7862,12.8571,1.53563,1
SIM_VIB_02713,0.24814,15.6569,0.77598,0
SIM_VIB_02714,0.13221,11.9013,0.23619,0
SIM_VIB_02715,0.18054,8.0411,0.60019,0
SIM_VIB_02716,1.94964,36.0027,5.90201,1
SIM_VIB_02717,0.34834,4.3817,0.95052,0
SIM_VIB_02718,0.25517,4.5041,0.63306,0
SIM_VIB_02719,0.18053,5.7619,0.30599,0
SIM_VIB_02720,0.25,10.4686,0.63861,0
SIM_VIB_02721,0.17411,7.0912,0.40753,0
SIM_VIB_02722,0.20869,16.0436,0.59981,0
SIM_VIB_02723,0.23684,12.3783,0.66885,0
SIM_VIB_02724,0.72772,35.849,2.44179,1
SIM_VIB_02725,0.12825,9.7072,0.3511,0
SIM_VIB_02726,0.26461,11.4765,0.54662,0
SIM_VIB_02727,0.19327,10.6135,0.50028,0
SIM_VIB_02728,0.1339,11.4221,0.40745,0
SIM_VIB_02729,0.28594,13.7174,0.64331,0
SIM_VIB_02730,0.44814,13.5285,1.92058,1
SIM_VIB_02731,0.69456,29.295,1.64009,1
SIM_VIB_02732,0.29032,11.9111,0.87953,0
SIM_VIB_02733,0.0446,5.6288,0.67472,0
SIM_VIB_02734,0.72631,20.8951,1.75688,1
SIM_VIB_02735,0.56116,30.4579,1.34339,1
SIM_VIB_02736,0.21985,12.166,0.57447,0
SIM_VIB_02737,0.19594,5.6858,0.72255,0
SIM_VIB_02738,0.16965,11.403,0.68607,0
SIM_VIB_02739,0.28683,8.048,0.87216,0
SIM_VIB_02740,0.271,12.021,0.78694,0
SIM_VIB_02741,0.2245,14.7643,0.70416,0
SIM_VIB_02742,0.86938,13.3381,1.9994,1
SIM_VIB_02743,0.35019,15.8729,0.95823,0
SIM_VIB_02744,0.06667,13.4048,0.75931,0
SIM_VIB_02745,0.30956,9.3032,0.76142,0
SIM_VIB_02746,0.79042,27.993,2.0602,1
SIM_VIB_02747,0.82479,20.2672,1.82045,1
SIM_VIB_02748,1.10069,27.6282,2.29459,1
SIM_VIB_02749,0.73939,21.9542,1.63003,1
SIM_VIB_02750,0.60896,23.0405,2.32123,1
SIM_VIB_02751,1.47319,37.513,4.24331,1
SIM_VIB_02752,0.89039,26.5124,1.98046,1
SIM_VIB_02753,0.10992,6.4066,0.64949,0
SIM_VIB_02754,0.17352,5.0702,0.62176,0
SIM_VIB_02755,0.97493,13.9824,2.61915,1
SIM_VIB_02756,0.28097,17.2073,0.94711,0
SIM_VIB_02757,0.12984,7.3621,0.47001,0
SIM_VIB_02758,0.12195,11.1844,0.26419,0
SIM_VIB_02759,0.74895,18.678,2.54642,1
SIM_VIB_02760,0.73335,22.5325,1.72353,1
SIM_VIB_02761,0.25,16.5799,2.14194,1
SIM_VIB_02762,1.83528,61.8207,4.14433,1
SIM_VIB_02763,0.48034,13.9805,1.33729,1
SIM_VIB_02764,0.07789,11.2421,0.27795,0
SIM_VIB_02765,0.30836,11.4463,0.87909,0
SIM_VIB_02766,0.15554,11.8255,0.57558,0
SIM_VIB_02767,0.183,10.7846,0.61429,0
SIM_VIB_02768,0.78867,28.7364,2.08008,1
SIM_VIB_02769,0.74017,28.3393,2.14639,1
SIM_VIB_02770,0.29028,10.3928,0.77022,0
SIM_VIB_02771,0.24438,12.873,0.78069,0
SIM_VIB_02772,0.2468,19.1539,0.80444,0
SIM_VIB_02773,0.1899,9.3203,0.62067,0
SIM_VIB_02774,0.90078,47.0311,2.27384,1
SIM_VIB_02775,0.80498,29.2962,1.78779,1
SIM_VIB_02776,0.16414,15.1864,0.78883,0
SIM_VIB_02777,0.28081,13.0466,0.70095,0
SIM_VIB_02778,0.58746,14.7235,1.39931,1
SIM_VIB_02779,0.28113,1.0,0.76293,0
SIM_VIB_02780,0.2419,6.8599,0.78854,0
SIM_VIB_02781,0.76465,18.4173,2.05961,1
SIM_VIB_02782,0.86639,25.7851,1.84877,1
SIM_VIB_02783,0.18784,13.944,0.56275,0
SIM_VIB_02784,0.24732,7.2722,0.48271,0
SIM_VIB_02785,0.85718,22.5821,1.99327,1
SIM_VIB_02786,0.21682,7.7516,0.47826,0
SIM_VIB_02787,0.31882,13.5282,0.91048,0
SIM_VIB_02788,1.13302,37.4956,2.65648,1
SIM_VIB_02789,1.06784,39.4307,3.55872,1
SIM_VIB_02790,0.89603,35.7234,2.02692,1
SIM_VIB_02791,1.2146,19.0006,3.25323,1
SIM_VIB_02792,1.35578,64.7652,3.42329,1
SIM_VIB_02793,1.16983,52.6965,3.00713,1
SIM_VIB_02794,0.49976,30.6748,1.12043,1
SIM_VIB_02795,0.85096,17.1196,2.34269,1
SIM_VIB_02796,1.00651,16.5759,1.95937,1
SIM_VIB_02797,0.58275,30.5214,1.71153,1
SIM_VIB_02798,1.40955,60.6202,4.05534,1
SIM_VIB_02799,0.21303,6.259,0.58511,0
SIM_VIB_02800,0.10659,6.8147,0.46407,0
SIM_VIB_02801,0.16292,8.841,0.53233,0
SIM_VIB_02802,0.26582,14.9017,0.8347,1
SIM_VIB_02803,0.2974,13.4902,0.93033,0
SIM_VIB_02804,0.11129,8.4962,0.44498,0
SIM_VIB_02805,0.14664,12.0671,0.30493,0
SIM_VIB_02806,0.30904,7.2265,0.95457,0
SIM_VIB_02807,0.28858,15.2822,0.59962,0
SIM_VIB_02808,0.61926,22.014,2.11305,1
SIM_VIB_02809,0.13054,8.8639,1.11802,0
SIM_VIB_02810,0.61916,27.42,2.0656,1
SIM_VIB_02811,1.40351,41.3697,5.38454,1
SIM_VIB_02812,0.21086,8.9286,0.53779,0
SIM_VIB_02813,1.6339,53.4794,3.4271,1
SIM_VIB_02814,1.27727,18.9196,3.7728,1
SIM_VIB_02815,0.61788,21.7125,2.07349,1
SIM_VIB_02816,0.11263,8.9519,0.57194,0
SIM_VIB_02817,0.62768,21.927,1.79802,1
SIM_VIB_02818,0.10063,13.2198,0.67393,0
SIM_VIB_02819,0.2124,12.0628,0.49035,0
SIM_VIB_02820,1.13304,18.1307,2.17958,1
SIM_VIB_02821,0.56557,28.1464,1.78427,1
SIM_VIB_02822,0.1707,10.2187,0.47957,0
SIM_VIB_02823,2.03723,30.3396,5.27972,1
SIM_VIB_02824,0.13044,1.9152,0.80419,0
SIM_VIB_02825,0.84957,16.3241,2.44361,1
SIM_VIB_02826,0.26758,10.519,0.79855,0
SIM_VIB_02827,0.16524,14.9406,0.39675,0
SIM_VIB_02828,0.21734,5.4229,0.67526,0
SIM_VIB_02829,1.53934,46.8015,3.26392,1
SIM_VIB_02830,0.33899,10.7058,0.93419,0
SIM_VIB_02831,0.583,23.0196,1.37182,1
SIM_VIB_02832,1.92109,41.3559,3.50448,1
SIM_VIB_02833,0.149,5.1353,0.36786,0
SIM_VIB_02834,0.10989,2.7731,0.53482,0
SIM_VIB_02835,0.13113,9.4056,0.78277,0
SIM_VIB_02836,0.33692,11.8888,0.71629,0
SIM_VIB_02837,0.23682,11.3419,0.76451,0
SIM_VIB_02838,0.1998,1.0,0.65524,0
SIM_VIB_02839,0.22541,21.7195,0.45888,0
SIM_VIB_02840,0.27964,1.4548,0.67148,0
SIM_VIB_02841,0.32874,6.6405,0.61192,0
SIM_VIB_02842,1.31618,61.1067,4.98316,1
SIM_VIB_02843,0.12721,3.1206,0.45916,0
SIM_VIB_02844,1.95879,53.507,4.3624,1
SIM_VIB_02845,0.22262,2.5909,0.62346,0
SIM_VIB_02846,0.10987,11.8054,0.9249,0
SIM_VIB_02847,0.21051,8.7153,0.41571,0
SIM_VIB_02848,1.23464,27.7137,4.37541,1
SIM_VIB_02849,0.78271,20.5412,2.23249,1
SIM_VIB_02850,0.12477,9.6686,0.71651,0
SIM_VIB_02851,0.14071,9.1458,0.49247,0
SIM_VIB_02852,0.60236,5.5949,1.78331,1
SIM_VIB_02853,1.27329,23.5671,4.22977,1
SIM_VIB_02854,0.32293,13.0292,0.87447,0
SIM_VIB_02855,1.03567,12.9308,2.32874,1
SIM_VIB_02856,0.19908,7.7843,0.62638,0
SIM_VIB_02857,0.317,15.0445,0.83154,0
SIM_VIB_02858,0.09592,6.5972,0.43368,0
SIM_VIB_02859,0.66067,24.4041,2.07173,1
SIM_VIB_02860,0.95154,34.3531,2.09445,1
SIM_VIB_02861,0.15853,3.6828,0.52485,0
SIM_VIB_02862,1.34412,63.2152,3.46215,1
SIM_VIB_02863,0.21306,3.3916,0.77295,0
SIM_VIB_02864,0.34132,4.8028,1.18916,0
SIM_VIB_02865,0.22576,5.6487,0.52341,0
SIM_VIB_02866,0.62524,19.7529,1.90436,1
SIM_VIB_02867,0.19029,10.9642,0.72206,0
SIM_VIB_02868,0.28139,10.888,0.60038,0
SIM_VIB_02869,0.77354,23.7609,1.94528,1
SIM_VIB_02870,0.30837,5.4079,0.99342,0
SIM_VIB_02871,1.14409,15.6987,2.47011,1
SIM_VIB_02872,0.82524,16.1411,2.15471,1
SIM_VIB_02873,0.2893,8.0893,0.98926,0
SIM_VIB_02874,0.72177,22.9636,2.39165,1
SIM_VIB_02875,2.04855,36.4859,4.06243,1
SIM_VIB_02876,0.14277,7.2173,0.5578,0
SIM_VIB_02877,0.93655,33.7674,2.37282,1
SIM_VIB_02878,1.18533,48.9357,3.66541,1
SIM_VIB_02879,0.08464,10.1673,0.30205,0
SIM_VIB_02880,0.08733,15.4176,0.67207,0
SIM_VIB_02881,0.1341,6.8888,0.36047,0
SIM_VIB_02882,1.28207,45.903,2.38286,1
SIM_VIB_02883,0.25632,4.2601,0.64126,0
SIM_VIB_02884,0.34928,9.737,1.00853,0
SIM_VIB_02885,0.45774,23.6387,2.06265,1
SIM_VIB_02886,0.46485,15.4712,1.53037,1
SIM_VIB_02887,1.00476,13.5241,3.25132,1
SIM_VIB_02888,1.30181,49.8015,3.6976,1
SIM_VIB_02889,0.18733,6.1642,0.65009,0
SIM_VIB_02890,1.79644,26.8387,5.162,1
SIM_VIB_02891,0.15386,9.2991,0.72736,0
SIM_VIB_02892,0.2491,11.092,0.84952,0
SIM_VIB_02893,0.85903,26.4155,2.24419,1
SIM_VIB_02894,0.22372,1.0909,0.55891,0
SIM_VIB_02895,0.22368,6.4537,0.59109,0
SIM_VIB_02896,0.65,40.124,1.97957,1
SIM_VIB_02897,0.87281,13.7494,2.74551,1
SIM_VIB_02898,0.18301,4.5977,0.64009,0
SIM_VIB_02899,0.6942,25.3292,1.79997,1
SIM_VIB_02900,0.96918,23.685,2.98406,1
SIM_VIB_02901,0.18356,17.0712,0.51643,0
SIM_VIB_02902,1.70494,43.6658,3.99562,1
SIM_VIB_02903,1.20421,7.0087,3.33616,1
SIM_VIB_02904,0.1815,13.6254,0.79054,0
SIM_VIB_02905,0.2783,7.1895,0.95373,0
SIM_VIB_02906,0.24916,7.1165,0.76269,0
SIM_VIB_02907,1.99286,36.8715,5.0217,1
SIM_VIB_02908,0.34235,9.5845,1.00565,0
SIM_VIB_02909,0.83329,24.9524,2.45479,1
SIM_VIB_02910,0.18898,8.66,0.59822,0
SIM_VIB_02911,0.78247,22.7199,2.62906,1
SIM_VIB_02912,0.80678,34.8335,2.21169,1
SIM_VIB_02913,0.2373,9.5835,0.61573,0
SIM_VIB_02914,0.23437,6.988,0.55305,0
SIM_VIB_02915,1.56012,54.8805,4.00873,1
SIM_VIB_02916,2.22473,39.9786,6.67845,1
SIM_VIB_02917,0.95257,24.1957,2.21368,1
SIM_VIB_02918,0.17655,8.6865,0.52458,0
SIM_VIB_02919,0.23834,8.0171,0.71664,0
SIM_VIB_02920,0.22354,7.8666,0.65242,0
SIM_VIB_02921,1.1563,51.0045,3.65073,1
SIM_VIB_02922,0.69576,10.2359,1.52632,1
SIM_VIB_02923,0.26604,9.199,0.78991,0
SIM_VIB_02924,0.23029,9.9566,0.63367,0
SIM_VIB_02925,1.50927,49.4679,4.51292,1
SIM_VIB_02926,0.22741,7.4694,0.63021,0
SIM_VIB_02927,0.25551,12.0438,0.69609,0
SIM_VIB_02928,0.0958,6.2317,0.19941,0
SIM_VIB_02929,0.1274,10.2327,0.77941,0
SIM_VIB_02930,2.02031,36.6301,4.97238,1
SIM_VIB_02931,0.19096,9.5471,0.74255,0
SIM_VIB_02932,0.13872,5.8588,0.57746,0
SIM_VIB_02933,0.29115,13.1566,0.82932,0
SIM_VIB_02934,0.63649,19.3248,1.48911,1
SIM_VIB_02935,1.02264,21.8636,3.30727,1
SIM_VIB_02936,2.30292,35.9178,4.91911,1
SIM_VIB_02937,0.99417,42.2386,3.75127,1
SIM_VIB_02938,0.17703,12.0326,0.33285,0
SIM_VIB_02939,0.10156,2.8301,0.50219,0
SIM_VIB_02940,1.4555,71.7061,3.72402,1
SIM_VIB_02941,0.26953,9.2967,0.79198,0
SIM_VIB_02942,1.89446,38.7781,5.27295,1
SIM_VIB_02943,0.26443,5.2536,0.65986,0
SIM_VIB_02944,0.54734,30.2754,2.18965,1
SIM_VIB_02945,0.16921,6.2055,0.57982,0
SIM_VIB_02946,0.69466,8.2021,2.04681,1
SIM_VIB_02947,0.27998,9.0357,0.93744,0
SIM_VIB_02948,0.19312,5.1501,0.78766,0
SIM_VIB_02949,0.32911,11.2598,0.95324,0
SIM_VIB_02950,0.55182,26.8007,1.95019,1
SIM_VIB_02951,0.14084,5.9696,0.65581,0
SIM_VIB_02952,0.63876,20.0649,1.53723,1
SIM_VIB_02953,0.1482,2.4774,0.53681,0
SIM_VIB_02954,0.35185,8.4502,0.82323,0
SIM_VIB_02955,0.23418,11.2466,0.67816,0
SIM_VIB_02956,0.79837,17.7674,2.46034,1
SIM_VIB_02957,1.78209,36.334,4.85283,1
SIM_VIB_02958,0.26868,7.8501,0.72532,0
SIM_VIB_02959,2.5734,55.2771,7.37868,1
SIM_VIB_02960,0.2129,12.253,0.48946,0
SIM_VIB_02961,0.23973,8.9146,0.63123,0
SIM_VIB_02962,1.27327,36.4695,3.10526,1
SIM_VIB_02963,0.09264,7.9437,0.12925,0
SIM_VIB_02964,0.25,17.8554,1.36545,1
SIM_VIB_02965,0.2508,7.4163,0.84166,0
SIM_VIB_02966,0.21793,8.6063,0.69936,0
SIM_VIB_02967,0.25813,10.8907,0.67053,0
SIM_VIB_02968,0.25063,9.5466,0.66799,0
SIM_VIB_02969,0.39873,9.536,0.79198,0
SIM_VIB_02970,1.92931,21.3022,5.83368,1
SIM_VIB_02971,0.18411,10.3991,0.38142,0
SIM_VIB_02972,0.91156,35.8506,2.9625,1
SIM_VIB_02973,0.20188,18.1498,0.58349,0
SIM_VIB_02974,1.09562,39.1192,4.3771,1
SIM_VIB_02975,1.50551,48.0574,5.04869,1
SIM_VIB_02976,0.73128,31.8657,1.50168,1
SIM_VIB_02977,0.58376,20.3476,1.89262,1
SIM_VIB_02978,0.32116,5.2571,1.04742,0
SIM_VIB_02979,0.1478,8.8614,0.67259,0
SIM_VIB_02980,0.26196,11.5631,0.57011,0
SIM_VIB_02981,1.2833,45.1958,3.99026,1
SIM_VIB_02982,0.16062,9.7156,0.48806,0
SIM_VIB_02983,1.97069,48.1734,5.28915,1
SIM_VIB_02984,0.79432,25.0305,2.11342,1
SIM_VIB_02985,0.31827,12.633,0.85501,0
SIM_VIB_02986,0.21562,11.2788,0.63127,0
SIM_VIB_02987,0.65248,37.6666,2.05392,1
SIM_VIB_02988,1.08361,44.6134,2.73904,1
SIM_VIB_02989,0.28191,3.7831,0.64953,0
SIM_VIB_02990,0.36143,7.0131,1.00468,0
SIM_VIB_02991,0.29422,8.1332,0.81093,0
SIM_VIB_02992,0.09315,10.4059,0.29011,0
SIM_VIB_02993,0.57454,19.1656,1.71238,1
SIM_VIB_02994,0.19786,6.6283,0.51969,0
SIM_VIB_02995,0.82448,23.6551,3.94274,1
SIM_VIB_02996,0.19837,7.8234,0.61806,0
SIM_VIB_02997,0.35141,2.7663,0.75352,0
SIM_VIB_02998,1.00817,55.71,3.64522,1
SIM_VIB_02999,0.19663,7.9516,0.63031,0
SIM_VIB_03000,0.22048,12.6343,0.68068,0
SIM_VIB_03001,0.26351,10.5919,0.76759,0
SIM_VIB_03002,0.38259,11.4117,0.85771,0
SIM_VIB_03003,0.9172,27.993,2.36397,1
SIM_VIB_03004,0.21985,11.6486,0.59133,0
SIM_VIB_03005,0.19766,11.1287,0.60042,0
SIM_VIB_03006,0.33416,8.485,1.10721,0
SIM_VIB_03007,0.93818,32.7699,2.35789,1
SIM_VIB_03008,0.31992,12.5334,0.9584,0
SIM_VIB_03009,0.47078,8.6918,1.52365,1
SIM_VIB_03010,0.73394,6.3603,1.76206,1
SIM_VIB_03011,1.52438,42.1623,5.10181,1
SIM_VIB_03012,0.25926,1.5888,0.5985,0
SIM_VIB_03013,0.12519,8.1729,0.45271,0
SIM_VIB_03014,0.56173,13.7555,1.69188,1
SIM_VIB_03015,1.23375,46.4449,3.2413,1
SIM_VIB_03016,1.07781,49.7227,2.49858,1
SIM_VIB_03017,0.08098,11.4783,0.45148,0
SIM_VIB_03018,1.80128,23.0904,4.28491,1
SIM_VIB_03019,1.26019,54.2499,3.634,1
SIM_VIB_03020,0.16808,7.2408,0.42112,0
SIM_VIB_03021,0.84603,19.8246,2.72714,1
SIM_VIB_03022,2.17593,42.3712,6.0403,1
SIM_VIB_03023,0.27056,10.8705,0.52754,0
SIM_VIB_03024,1.79136,22.296,4.59067,1
SIM_VIB_03025,0.23054,7.6251,0.45719,0
SIM_VIB_03026,0.24724,6.4698,0.77191,0
SIM_VIB_03027,0.88936,47.4019,3.71158,1
SIM_VIB_03028,0.09754,12.2047,0.27386,0
SIM_VIB_03029,0.09677,5.9166,0.31242,0
SIM_VIB_03030,0.24644,15.1857,0.70438,0
SIM_VIB_03031,1.73238,28.401,4.19871,1
SIM_VIB_03032,0.22512,1.0,0.73989,0
SIM_VIB_03033,0.70738,25.3059,2.06403,1
SIM_VIB_03034,0.30635,8.8195,1.00017,0
SIM_VIB_03035,0.03917,7.8906,0.71655,0
SIM_VIB_03036,0.71858,20.5242,2.31142,1
SIM_VIB_03037,0.76039,23.7697,1.51353,1
SIM_VIB_03038,0.63659,24.5636,1.91497,1
SIM_VIB_03039,0.22726,7.4408,0.5792,0
SIM_VIB_03040,0.36899,13.3099,1.03371,0
SIM_VIB_03041,0.25772,2.137,0.5459,0
SIM_VIB_03042,0.20666,11.5657,0.72065,0
SIM_VIB_03043,0.13623,9.1368,0.60756,0
SIM_VIB_03044,0.21493,9.4138,0.5549,0
SIM_VIB_03045,0.22606,14.7259,0.4832,0
SIM_VIB_03046,0.83077,9.5093,1.96564,1
SIM_VIB_03047,1.79266,55.6635,4.9999,1
SIM_VIB_03048,0.18431,9.9005,0.47997,0
SIM_VIB_03049,0.26824,14.2417,0.91,0
SIM_VIB_03050,0.62729,21.8184,2.05678,1
SIM_VIB_03051,0.13226,8.6241,0.5588,0
SIM_VIB_03052,0.25024,14.6504,0.67742,0
SIM_VIB_03053,0.13754,7.2828,0.5039,0
SIM_VIB_03054,1.58744,59.1904,4.8058,1
SIM_VIB_03055,0.78608,26.5771,2.41888,1
SIM_VIB_03056,0.17428,9.2997,0.42705,0
SIM_VIB_03057,0.23324,8.1991,0.60086,0
SIM_VIB_03058,0.22425,10.2602,0.76528,0
SIM_VIB_03059,0.03,8.2635,0.49184,0
SIM_VIB_03060,0.59482,27.7713,2.13914,1
SIM_VIB_03061,0.15757,10.6095,0.63022,0
SIM_VIB_03062,0.47788,17.1222,1.1642,1
SIM_VIB_03063,0.24181,11.0211,0.86884,0
SIM_VIB_03064,0.86452,28.8331,2.10616,1
SIM_VIB_03065,1.41239,58.2481,3.50954,1
SIM_VIB_03066,0.60075,23.4001,1.65451,1
SIM_VIB_03067,0.25962,3.9949,0.84339,0
SIM_VIB_03068,0.39269,12.4198,0.93492,0
SIM_VIB_03069,1.95299,56.7842,4.7618,1
SIM_VIB_03070,0.22764,6.3314,0.54273,0
SIM_VIB_03071,0.10469,9.1879,0.71097,0
SIM_VIB_03072,0.22949,9.2555,0.74213,0
SIM_VIB_03073,1.08912,54.9251,2.84091,1
SIM_VIB_03074,0.22107,5.5385,0.4555,0
SIM_VIB_03075,0.54551,22.7469,1.6919,1
SIM_VIB_03076,0.33987,6.2797,0.74389,0
SIM_VIB_03077,0.03,7.3868,0.38462,0
SIM_VIB_03078,2.38993,34.3974,5.49569,1
SIM_VIB_03079,0.1061,11.2155,0.32971,0
SIM_VIB_03080,0.23662,11.0591,0.59753,0
SIM_VIB_03081,0.12019,11.8282,0.67416,0
SIM_VIB_03082,0.20286,14.2989,0.43976,0
SIM_VIB_03083,0.96182,40.8191,2.93495,1
SIM_VIB_03084,0.23164,3.1191,0.57708,0
SIM_VIB_03085,0.27205,3.6158,0.66175,0
SIM_VIB_03086,0.184,11.8931,0.4174,0
SIM_VIB_03087,0.16447,5.4963,0.7718,0
SIM_VIB_03088,0.19574,12.8446,0.49142,0
SIM_VIB_03089,0.20929,7.3673,0.51322,0
SIM_VIB_03090,0.1659,9.8387,0.46935,0
SIM_VIB_03091,0.20059,7.7933,0.63071,0
SIM_VIB_03092,0.2881,9.0773,0.90795,0
SIM_VIB_03093,0.27408,1.0,0.62905,0
SIM_VIB_03094,0.71692,23.0004,1.55513,1
SIM_VIB_03095,1.91215,51.8199,5.7224,1
SIM_VIB_03096,0.39918,28.5646,1.81496,1
SIM_VIB_03097,0.67308,32.9111,1.59998,1
SIM_VIB_03098,0.22692,5.7536,0.55746,0
SIM_VIB_03099,0.21212,4.7694,0.56092,0
SIM_VIB_03100,0.20102,8.8314,0.42562,0
SIM_VIB_03101,0.21291,4.1484,0.72146,0
SIM_VIB_03102,0.12044,13.2097,0.33714,0
SIM_VIB_03103,0.17022,6.1958,0.46892,0
SIM_VIB_03104,0.07146,12.0446,0.54195,0
SIM_VIB_03105,0.21546,13.1048,0.73848,0
SIM_VIB_03106,0.29837,10.866,1.0072,0
SIM_VIB_03107,0.15916,7.6501,0.41269,0
SIM_VIB_03108,0.06915,9.4622,0.76761,0
SIM_VIB_03109,0.1896,17.3751,0.85542,0
SIM_VIB_03110,0.1947,14.8723,0.57548,0
SIM_VIB_03111,0.24931,10.2559,0.50036,0
SIM_VIB_03112,0.93461,25.8612,4.31935,1
SIM_VIB_03113,0.87859,22.4698,2.25649,1
SIM_VIB_03114,0.7317,5.0,2.37827,1
SIM_VIB_03115,1.71737,56.3672,3.9398,1
SIM_VIB_03116,0.19396,10.6768,0.62822,0
SIM_VIB_03117,0.1811,11.1707,0.64293,0
SIM_VIB_03118,0.38855,9.356,0.88365,0
SIM_VIB_03119,0.2433,16.2549,0.48853,0
SIM_VIB_03120,0.23361,14.4436,0.68109,0
SIM_VIB_03121,0.14762,8.5136,0.41,0
SIM_VIB_03122,0.32805,16.086,0.92578,0
SIM_VIB_03123,0.23015,3.8824,0.63819,0
SIM_VIB_03124,0.33538,16.9639,0.72614,0
SIM_VIB_03125,0.96473,19.99,2.53097,1
SIM_VIB_03126,0.06832,1.0,0.35503,0
SIM_VIB_03127,0.26363,9.6814,0.56249,0
SIM_VIB_03128,0.34961,11.3136,0.78739,0
SIM_VIB_03129,0.14133,10.5174,0.46414,0
SIM_VIB_03130,0.52048,26.0611,1.02127,1
SIM_VIB_03131,0.30538,8.3389,0.65307,0
SIM_VIB_03132,0.23804,9.8628,0.45421,0
SIM_VIB_03133,0.94601,26.6347,2.80222,1
SIM_VIB_03134,1.19418,25.3334,2.69091,1
SIM_VIB_03135,0.20644,7.2584,0.68643,0
SIM_VIB_03136,0.29112,5.1382,0.84586,0
SIM_VIB_03137,0.21362,10.2502,0.65615,0
SIM_VIB_03138,0.06817,11.8734,0.45484,0
SIM_VIB_03139,1.57675,27.8039,4.90497,1
SIM_VIB_03140,0.29143,8.8807,0.8483,0
SIM_VIB_03141,0.39652,2.1581,0.98613,0
SIM_VIB_03142,0.70166,26.5438,1.82706,1
SIM_VIB_03143,0.21132,3.4024,0.71237,0
SIM_VIB_03144,0.18514,11.4543,0.63971,0
SIM_VIB_03145,1.50035,59.1082,3.61719,1
SIM_VIB_03146,1.82096,36.8905,4.7908,1
SIM_VIB_03147,0.12624,9.9176,0.4237,0
SIM_VIB_03148,0.17805,11.485,0.57771,0
SIM_VIB_03149,0.22068,10.1723,0.79376,0
SIM_VIB_03150,1.81193,60.7814,3.88573,1
SIM_VIB_03151,1.71497,54.597,4.33845,1
SIM_VIB_03152,0.14471,5.9339,0.47841,0
SIM_VIB_03153,0.21603,6.8843,0.64398,0
SIM_VIB_03154,0.29964,5.771,0.98228,0
SIM_VIB_03155,0.49031,30.7211,1.45666,1
SIM_VIB_03156,1.86333,33.6721,5.11056,1
SIM_VIB_03157,0.7463,30.9808,1.86764,1
SIM_VIB_03158,0.72176,24.4119,1.29524,1
SIM_VIB_03159,0.25573,12.3148,0.87286,0
SIM_VIB_03160,0.17766,5.7428,0.57651,0
SIM_VIB_03161,0.13726,9.1367,0.55386,0
SIM_VIB_03162,0.10415,13.2461,0.72649,0
SIM_VIB_03163,1.05184,14.5729,3.4415,1
SIM_VIB_03164,0.25008,8.7946,0.66952,0
SIM_VIB_03165,0.25311,11.8121,0.87835,0
SIM_VIB_03166,0.153,7.5296,0.62305,0
SIM_VIB_03167,0.43572,5.0,1.61328,1
SIM_VIB_03168,0.20481,9.8174,0.64586,0
SIM_VIB_03169,0.29426,6.1017,0.8753,0
SIM_VIB_03170,0.2096,6.0301,0.47586,0
SIM_VIB_03171,0.14022,8.3374,0.3981,0
SIM_VIB_03172,0.72851,26.2797,1.70474,1
SIM_VIB_03173,0.25002,14.9663,0.80814,0
SIM_VIB_03174,0.73627,15.4385,2.21041,1
SIM_VIB_03175,0.20432,11.0915,0.45363,0
SIM_VIB_03176,0.08501,10.8454,0.7569,0
SIM_VIB_03177,0.25838,13.3676,0.86173,0
SIM_VIB_03178,0.41125,13.1858,1.87438,1
SIM_VIB_03179,0.78728,33.8004,1.75102,1
SIM_VIB_03180,0.28231,13.1833,0.81784,0
SIM_VIB_03181,0.32496,8.2006,1.06655,0
SIM_VIB_03182,0.11082,9.4724,0.70692,0
SIM_VIB_03183,2.01317,12.0,4.70805,1
SIM_VIB_03184,0.24066,8.1446,0.59339,0
SIM_VIB_03185,0.34633,5.3743,1.07659,0
SIM_VIB_03186,0.18312,4.6644,0.58183,0
SIM_VIB_03187,0.639,25.3066,1.38844,1
SIM_VIB_03188,0.33169,12.3318,1.1246,0
SIM_VIB_03189,0.27502,7.7773,0.88787,0
SIM_VIB_03190,2.21344,32.0598,4.92773,1
SIM_VIB_03191,0.24096,9.2946,0.52991,0
SIM_VIB_03192,0.25161,10.9247,0.84273,0
SIM_VIB_03193,0.3657,11.3052,0.82367,0
SIM_VIB_03194,0.50946,18.2638,1.03774,1
SIM_VIB_03195,0.41774,1.0,1.27963,0
SIM_VIB_03196,0.29798,8.4595,0.60012,0
SIM_VIB_03197,0.19162,14.2184,0.68632,0
SIM_VIB_03198,0.19679,6.1242,0.66198,0
SIM_VIB_03199,1.57134,41.491,4.24869,1
SIM_VIB_03200,0.98662,21.7666,2.40799,1
SIM_VIB_03201,0.74371,17.6098,2.24377,1
SIM_VIB_03202,0.26887,6.7505,0.78356,0
SIM_VIB_03203,0.93858,22.3181,2.53487,1
SIM_VIB_03204,0.28128,7.6598,0.92038,0
SIM_VIB_03205,0.69025,22.4594,2.1226,1
SIM_VIB_03206,0.11987,3.529,0.21674,0
SIM_VIB_03207,0.29269,3.6231,0.59077,0
SIM_VIB_03208,0.27799,11.6825,0.7203,0
SIM_VIB_03209,0.22091,2.7452,0.56977,0
SIM_VIB_03210,0.23724,8.1181,0.76133,0
SIM_VIB_03211,0.787,27.2667,1.95109,1
SIM_VIB_03212,0.78573,41.4671,3.72969,1
SIM_VIB_03213,0.90295,40.5003,2.90095,1
SIM_VIB_03214,1.66539,48.638,5.02026,1
SIM_VIB_03215,0.27606,11.3014,0.62069,0
SIM_VIB_03216,0.9762,21.2853,1.97864,1
SIM_VIB_03217,0.14016,3.3892,0.48206,0
SIM_VIB_03218,1.79217,56.5489,5.07383,1
SIM_VIB_03219,0.25748,10.0271,0.75606,0
SIM_VIB_03220,0.26392,14.499,0.75003,0
SIM_VIB_03221,1.72104,55.0405,4.70807,1
SIM_VIB_03222,0.98126,43.5117,3.10826,1
SIM_VIB_03223,0.91786,24.0484,1.75815,1
SIM_VIB_03224,0.09343,12.8487,0.36765,0
SIM_VIB_03225,1.5476,38.3429,4.79524,1
SIM_VIB_03226,1.71781,13.7625,4.21591,1
SIM_VIB_03227,0.06735,1.0,0.38605,0
SIM_VIB_03228,0.48974,33.4158,1.61599,1
SIM_VIB_03229,0.55151,16.4649,1.65235,1
SIM_VIB_03230,0.25124,7.3975,0.62738,0
SIM_VIB_03231,0.07948,13.9312,0.37872,0
SIM_VIB_03232,1.48458,50.7901,3.76878,1
SIM_VIB_03233,0.31082,7.669,0.58301,0
SIM_VIB_03234,0.97754,47.6448,4.71979,1
SIM_VIB_03235,1.4629,47.9471,5.14325,1
SIM_VIB_03236,0.29908,7.8189,0.9535,0
SIM_VIB_03237,0.06864,6.2866,0.85086,0
SIM_VIB_03238,0.16,15.6959,0.85223,0
SIM_VIB_03239,0.14345,13.9061,0.64054,0
SIM_VIB_03240,0.56848,19.6193,1.52305,1
SIM_VIB_03241,1.02737,33.9984,4.13272,1
SIM_VIB_03242,0.34134,8.1952,0.99746,0
SIM_VIB_03243,0.26682,3.6053,0.66502,0
SIM_VIB_03244,0.3724,10.3326,0.84322,0
SIM_VIB_03245,0.61722,35.1697,2.05566,1
SIM_VIB_03246,0.12749,9.3169,0.4329,0
SIM_VIB_03247,0.05599,12.9317,0.95975,0
SIM_VIB_03248,0.26024,6.2049,0.86187,0
SIM_VIB_03249,0.34722,12.0839,0.6701,0
SIM_VIB_03250,0.38482,15.4063,1.27172,0
SIM_VIB_03251,0.42395,11.8186,1.17111,0
SIM_VIB_03252,0.46881,29.9433,1.4453,1
SIM_VIB_03253,0.11277,13.4992,0.88374,0
SIM_VIB_03254,0.39028,10.2122,1.11991,0
SIM_VIB_03255,0.79559,34.5942,2.04324,1
SIM_VIB_03256,0.79923,20.1603,1.93731,1
SIM_VIB_03257,1.5534,13.7706,5.00949,1
SIM_VIB_03258,0.30606,9.7443,0.76817,0
SIM_VIB_03259,0.23933,10.9096,0.68846,0
SIM_VIB_03260,0.06331,11.0504,0.4024,0
SIM_VIB_03261,0.14568,12.2824,0.71399,0
SIM_VIB_03262,0.17328,4.4075,0.56583,0
SIM_VIB_03263,1.49637,50.3546,3.34429,1
SIM_VIB_03264,0.13932,16.9777,0.55589,0
SIM_VIB_03265,0.28901,18.4723,1.92954,1
SIM_VIB_03266,1.03538,41.9824,3.41926,1
SIM_VIB_03267,1.61364,52.0535,3.9212,1
SIM_VIB_03268,0.24599,6.7621,0.65083,0
SIM_VIB_03269,1.16741,54.3971,4.36172,1
SIM_VIB_03270,1.41389,36.8954,3.00235,1
SIM_VIB_03271,0.76191,24.8646,2.69218,1
SIM_VIB_03272,0.21512,9.5162,0.67441,0
SIM_VIB_03273,0.13323,8.3555,0.72229,0
SIM_VIB_03274,0.25599,5.0657,0.66016,0
SIM_VIB_03275,2.6206,26.8908,5.52874,1
SIM_VIB_03276,0.10045,9.1245,0.48636,0
SIM_VIB_03277,1.89321,40.6026,4.55263,1
SIM_VIB_03278,0.25031,7.2716,0.70309,0
SIM_VIB_03279,2.04023,17.7293,3.86039,1
SIM_VIB_03280,0.13093,9.9044,0.72729,0
SIM_VIB_03281,0.56478,25.8534,1.77395,1
SIM_VIB_03282,0.82485,26.3803,2.70259,1
SIM_VIB_03283,0.32328,11.8665,0.93501,0
SIM_VIB_03284,0.61978,24.2255,2.15086,1
SIM_VIB_03285,0.24979,10.3196,0.56055,0
SIM_VIB_03286,0.69295,16.8153,1.92624,1
SIM_VIB_03287,0.28967,9.9949,0.72779,0
SIM_VIB_03288,1.29517,57.2009,3.97778,1
SIM_VIB_03289,0.29265,9.9851,0.56438,0
SIM_VIB_03290,0.25239,12.9563,0.5026,0
SIM_VIB_03291,0.46254,37.4192,1.73347,1
SIM_VIB_03292,0.15064,10.2734,0.55533,0
SIM_VIB_03293,0.23627,9.3773,0.77759,0
SIM_VIB_03294,0.17254,13.078,0.55626,0
SIM_VIB_03295,0.15156,8.2751,0.63195,0
SIM_VIB_03296,0.08656,6.498,0.36184,0
SIM_VIB_03297,0.17563,7.0279,0.77935,0
SIM_VIB_03298,0.24652,11.9369,0.93297,0
SIM_VIB_03299,0.23643,11.6961,0.55256,0
SIM_VIB_03300,0.1488,7.6884,0.53368,0
SIM_VIB_03301,0.24134,12.1835,0.61683,0
SIM_VIB_03302,0.03,12.1544,0.40067,0
SIM_VIB_03303,0.23785,10.2455,0.76704,0
SIM_VIB_03304,1.18978,41.7363,3.35103,1
SIM_VIB_03305,0.15564,7.4119,0.68965,0
SIM_VIB_03306,1.02341,52.1911,4.33587,1
SIM_VIB_03307,0.4925,13.9209,2.4028,1
SIM_VIB_03308,1.33601,66.9124,4.85898,1
SIM_VIB_03309,1.79399,49.3957,5.05454,1
SIM_VIB_03310,0.1939,7.3083,0.6108,0
SIM_VIB_03311,0.1738,1.0433,0.61765,0
SIM_VIB_03312,0.08076,8.7763,0.61726,0
SIM_VIB_03313,0.72395,33.0757,2.18653,1
SIM_VIB_03314,0.25572,9.7776,0.62489,0
SIM_VIB_03315,1.69514,24.7562,5.38399,1
SIM_VIB_03316,0.26402,8.7587,0.61306,0
SIM_VIB_03317,2.33611,54.752,6.71072,1
SIM_VIB_03318,0.21507,10.0091,0.52783,0
SIM_VIB_03319,0.42911,21.6693,1.86193,1
SIM_VIB_03320,0.20425,1.0,0.63026,0
SIM_VIB_03321,0.24375,12.5894,0.83661,0
SIM_VIB_03322,1.84847,50.8481,3.3515,1
SIM_VIB_03323,0.28367,7.8865,0.63706,0
SIM_VIB_03324,0.51563,31.0793,2.41743,1
SIM_VIB_03325,0.627,32.3533,1.98924,1
SIM_VIB_03326,1.7255,41.5053,3.9495,1
SIM_VIB_03327,0.23757,6.6429,0.70988,0
SIM_VIB_03328,1.50357,21.0924,4.72904,1
SIM_VIB_03329,0.26958,11.3635,0.5641,0
SIM_VIB_03330,0.19738,8.5897,0.45475,0
SIM_VIB_03331,0.24343,13.7839,0.75921,0
SIM_VIB_03332,0.1882,9.7593,0.63261,0
SIM_VIB_03333,0.19286,5.7015,0.65987,0
SIM_VIB_03334,0.16925,16.0324,0.6334,0
SIM_VIB_03335,1.36224,53.1145,3.9955,1
SIM_VIB_03336,0.32183,14.7053,0.80562,0
SIM_VIB_03337,1.10181,36.1487,2.94083,1
SIM_VIB_03338,0.90294,56.958,2.72279,1
SIM_VIB_03339,0.30659,14.144,0.84208,0
SIM_VIB_03340,0.69935,28.3261,2.14472,1
SIM_VIB_03341,0.64659,27.4961,1.51978,1
SIM_VIB_03342,0.925,27.8877,2.78266,1
SIM_VIB_03343,0.09158,1.0,0.33195,0
SIM_VIB_03344,0.04022,8.0005,0.62798,0
SIM_VIB_03345,0.85304,9.0007,2.53782,1
SIM_VIB_03346,1.66634,42.7579,5.32212,1
SIM_VIB_03347,0.18744,7.7403,0.52874,0
SIM_VIB_03348,0.22953,7.1669,0.70875,0
SIM_VIB_03349,0.3575,7.9173,1.15117,0
SIM_VIB_03350,0.22969,10.3212,0.72008,0
SIM_VIB_03351,0.27263,2.3158,0.91749,0
SIM_VIB_03352,0.1539,22.8162,0.59089,0
SIM_VIB_03353,0.31936,9.032,0.63633,0
SIM_VIB_03354,0.16513,17.9674,0.88709,0
SIM_VIB_03355,1.04281,38.7624,4.40472,1
SIM_VIB_03356,1.68386,42.2611,4.48574,1
SIM_VIB_03357,0.30677,13.5475,0.84863,0
SIM_VIB_03358,1.46545,50.0254,4.83854,1
SIM_VIB_03359,0.24435,10.8462,0.74138,0
SIM_VIB_03360,0.29746,9.0172,0.75308,0
SIM_VIB_03361,0.19301,10.9131,0.72275,0
SIM_VIB_03362,0.52426,22.2218,2.03579,1
SIM_VIB_03363,0.16582,11.259,0.45507,0
SIM_VIB_03364,0.92828,27.2768,2.84931,1
SIM_VIB_03365,0.65,58.7191,3.26177,1
SIM_VIB_03366,0.26809,13.3297,0.9077,0
SIM_VIB_03367,0.1773,7.7409,0.64855,0
SIM_VIB_03368,2.13161,47.0691,6.5762,1
SIM_VIB_03369,1.43287,41.5692,3.46562,1
SIM_VIB_03370,0.17307,5.2417,0.61661,0
SIM_VIB_03371,0.60156,27.572,2.15294,1
SIM_VIB_03372,1.63695,56.0016,3.77682,1
SIM_VIB_03373,0.66663,34.4611,2.1855,1
SIM_VIB_03374,0.56165,22.4146,0.96942,1
SIM_VIB_03375,1.66752,50.5616,4.6652,1
SIM_VIB_03376,0.22721,9.0411,0.45375,0
SIM_VIB_03377,0.73205,8.8124,1.84076,1
SIM_VIB_03378,0.14636,8.774,0.40548,0
SIM_VIB_03379,0.20641,10.3507,0.63689,0
SIM_VIB_03380,0.23693,13.2313,0.61293,0
SIM_VIB_03381,0.2395,15.4565,0.69717,0
SIM_VIB_03382,0.12204,9.1705,0.56672,0
SIM_VIB_03383,0.65426,22.1019,2.12315,1
SIM_VIB_03384,2.39561,14.648,4.32563,1
SIM_VIB_03385,0.28217,2.0643,0.56885,0
SIM_VIB_03386,0.31325,8.8532,0.93233,0
SIM_VIB_03387,0.58448,19.1158,2.04219,1
SIM_VIB_03388,1.35952,35.4516,2.82425,1
SIM_VIB_03389,0.21442,2.2541,0.58361,0
SIM_VIB_03390,0.8278,7.8416,2.4156,1
SIM_VIB_03391,0.1702,3.6392,0.39536,0
SIM_VIB_03392,0.50356,14.7275,1.85677,1
SIM_VIB_03393,0.65998,19.8966,2.01748,1
SIM_VIB_03394,0.4214,12.417,1.25106,0
SIM_VIB_03395,0.08759,6.3359,0.28346,0
SIM_VIB_03396,0.24718,7.4754,0.55304,0
SIM_VIB_03397,0.27859,8.8502,0.70056,0
SIM_VIB_03398,0.91999,25.1274,2.19149,1
SIM_VIB_03399,1.68512,36.3812,5.10894,1
SIM_VIB_03400,0.17355,9.9386,0.65686,0
SIM_VIB_03401,0.19013,6.6032,0.5435,0
SIM_VIB_03402,0.14291,6.362,0.64438,0
SIM_VIB_03403,0.20527,9.9884,0.48048,0
SIM_VIB_03404,0.17543,12.1809,0.41399,0
SIM_VIB_03405,0.69432,18.5942,2.08393,1
SIM_VIB_03406,0.81124,11.9914,2.15721,1
SIM_VIB_03407,0.13029,7.9969,0.34034,0
SIM_VIB_03408,0.31122,8.3738,0.73587,0
SIM_VIB_03409,0.1668,10.7559,0.61148,0
SIM_VIB_03410,0.47339,22.5858,1.24006,1
SIM_VIB_03411,0.17538,4.8244,0.55504,0
SIM_VIB_03412,1.1683,19.8771,3.18641,1
SIM_VIB_03413,0.24656,12.1185,0.71075,0
SIM_VIB_03414,1.0201,16.965,2.06281,1
SIM_VIB_03415,0.97676,48.771,3.19617,1
SIM_VIB_03416,0.25512,3.7183,0.73218,0
SIM_VIB_03417,0.41141,9.9646,1.23075,0
SIM_VIB_03418,0.22107,7.5512,0.51872,0
SIM_VIB_03419,1.16363,21.8984,3.07344,1
SIM_VIB_03420,0.78878,16.2901,2.57047,1
SIM_VIB_03421,0.38165,6.29,1.227,0
SIM_VIB_03422,0.39834,5.2642,1.04197,0
SIM_VIB_03423,0.29889,1.0,0.84581,0
SIM_VIB_03424,0.16049,1.0,0.35813,0
SIM_VIB_03425,0.11429,8.4331,0.30193,0
SIM_VIB_03426,0.30525,13.0322,0.46811,0
SIM_VIB_03427,0.42511,32.9552,1.76193,1
SIM_VIB_03428,0.30794,8.9807,0.81028,0
SIM_VIB_03429,0.72336,5.0,1.79193,1
SIM_VIB_03430,0.65671,20.427,1.46268,1
SIM_VIB_03431,0.68498,33.589,1.7334,1
SIM_VIB_03432,1.89581,24.3768,5.50284,1
SIM_VIB_03433,0.20278,16.9939,0.71435,0
SIM_VIB_03434,0.22504,12.5473,0.53982,0
SIM_VIB_03435,1.61824,33.714,4.64452,1
SIM_VIB_03436,0.83438,26.7764,2.39175,1
SIM_VIB_03437,0.05142,12.5601,0.42112,0
SIM_VIB_03438,0.64537,16.6194,1.98618,1
SIM_VIB_03439,0.31032,12.3955,0.84213,0
SIM_VIB_03440,0.30917,8.2919,0.96449,0
SIM_VIB_03441,0.22815,13.2444,0.48767,0
SIM_VIB_03442,0.06817,14.5442,0.64344,0
SIM_VIB_03443,1.52677,32.0563,3.99763,1
SIM_VIB_03444,0.53515,30.7365,1.52915,1
SIM_VIB_03445,0.35154,15.5943,0.90737,0
SIM_VIB_03446,0.25067,14.361,0.80404,0
SIM_VIB_03447,0.13981,6.9288,0.45323,0
SIM_VIB_03448,0.2068,7.4467,0.67818,0
SIM_VIB_03449,0.90027,5.0,2.02322,1
SIM_VIB_03450,0.18654,15.0804,0.68475,0
SIM_VIB_03451,1.58818,53.7229,3.45942,1
SIM_VIB_03452,0.19727,13.3926,0.58934,0
SIM_VIB_03453,0.26808,9.9543,0.72453,0
SIM_VIB_03454,0.27978,2.9701,0.6728,0
SIM_VIB_03455,0.41561,7.2077,0.92406,0
SIM_VIB_03456,0.11925,6.9171,0.48019,0
SIM_VIB_03457,0.3178,5.4663,0.91211,0
SIM_VIB_03458,0.29716,10.2704,0.6255,0
SIM_VIB_03459,0.18915,14.9133,0.57487,0
SIM_VIB_03460,0.74781,22.1955,2.04347,1
SIM_VIB_03461,0.60797,16.9554,1.90214,1
SIM_VIB_03462,0.07789,5.782,0.26011,0
SIM_VIB_03463,1.46557,71.9785,3.84791,1
SIM_VIB_03464,0.60364,20.0596,1.19769,1
SIM_VIB_03465,0.27296,4.3879,0.66685,0
SIM_VIB_03466,0.26134,5.1714,0.72089,0
SIM_VIB_03467,0.24511,9.9798,0.44739,0
SIM_VIB_03468,0.2564,12.181,0.42822,0
SIM_VIB_03469,0.221,10.7099,0.80163,0
SIM_VIB_03470,0.19833,13.6475,0.58895,0
SIM_VIB_03471,1.11652,32.3677,2.31246,1
SIM_VIB_03472,0.2942,10.2949,0.86201,0
SIM_VIB_03473,0.21713,4.595,0.6563,0
SIM_VIB_03474,0.09283,6.3917,0.36596,0
SIM_VIB_03475,0.22245,6.8926,0.69915,0
SIM_VIB_03476,0.24475,15.8575,0.69478,0
SIM_VIB_03477,0.79476,19.8543,2.00062,1
SIM_VIB_03478,0.2216,9.4307,0.71345,0
SIM_VIB_03479,0.29744,12.3827,0.88196,0
SIM_VIB_03480,0.31965,7.6697,1.0017,0
SIM_VIB_03481,0.16167,14.7244,0.36385,0
SIM_VIB_03482,0.65851,13.1001,2.06487,1
SIM_VIB_03483,0.28501,2.4424,0.83379,0
SIM_VIB_03484,1.75237,33.9018,5.88568,1
SIM_VIB_03485,0.13707,13.0364,0.56604,0
SIM_VIB_03486,1.46592,42.5261,4.05133,1
SIM_VIB_03487,0.24216,8.7606,0.6992,0
SIM_VIB_03488,0.14781,7.1328,0.32696,0
SIM_VIB_03489,1.36274,55.1446,6.12492,1
SIM_VIB_03490,0.24904,15.2143,0.70927,0
SIM_VIB_03491,0.33228,15.7212,1.12953,0
SIM_VIB_03492,1.60437,27.4848,3.74494,1
SIM_VIB_03493,0.71799,16.7453,1.70321,1
SIM_VIB_03494,0.66659,5.0948,1.54107,1
SIM_VIB_03495,1.14298,47.6091,3.65919,1
SIM_VIB_03496,0.33369,8.6577,1.12264,0
SIM_VIB_03497,0.24816,12.3707,0.56486,0
SIM_VIB_03498,0.27126,10.5327,0.95511,0
SIM_VIB_03499,0.99485,80.0,3.75239,1
SIM_VIB_03500,0.11579,3.7025,0.58674,0
SIM_VIB_03501,0.21636,12.8132,0.49359,0
SIM_VIB_03502,1.62107,16.5338,5.09181,1
SIM_VIB_03503,0.48818,21.2203,1.2527,1
SIM_VIB_03504,1.20966,46.242,3.9685,1
SIM_VIB_03505,1.20057,45.3325,3.15511,1
SIM_VIB_03506,1.99365,35.9668,5.75388,1
SIM_VIB_03507,1.18125,49.8352,3.50452,1
SIM_VIB_03508,0.18167,15.7693,0.46633,0
SIM_VIB_03509,0.94264,5.0,3.07293,1
SIM_VIB_03510,0.74033,16.0848,1.81853,1
SIM_VIB_03511,0.24066,8.7613,0.6987,0
SIM_VIB_03512,0.18066,11.0168,0.54186,0
SIM_VIB_03513,0.55593,7.8341,1.51733,1
SIM_VIB_03514,0.44712,34.4971,1.82126,1
SIM_VIB_03515,0.23845,13.3715,0.41853,0
SIM_VIB_03516,0.12164,7.185,0.58033,0
SIM_VIB_03517,0.13379,11.3406,0.48985,0
SIM_VIB_03518,0.5184,19.4738,2.10943,1
SIM_VIB_03519,0.16868,8.2013,0.48872,0
SIM_VIB_03520,0.25442,2.135,0.50909,0
SIM_VIB_03521,0.20869,12.709,0.80036,0
SIM_VIB_03522,0.25881,4.5623,0.64378,0
SIM_VIB_03523,0.26403,9.1951,0.6718,0
SIM_VIB_03524,0.66323,9.6733,1.81821,1
SIM_VIB_03525,0.25356,8.03,0.81628,0
SIM_VIB_03526,0.3638,10.8993,0.81099,0
SIM_VIB_03527,0.14898,11.9306,0.48388,0
SIM_VIB_03528,0.32686,5.0001,1.00171,0
SIM_VIB_03529,1.07376,16.4334,2.68024,1
SIM_VIB_03530,0.15994,7.7272,0.56499,0
SIM_VIB_03531,0.68036,17.6494,1.6341,1
SIM_VIB_03532,0.64993,18.5813,1.64327,1
SIM_VIB_03533,0.16846,9.8127,0.46925,0
SIM_VIB_03534,0.25501,8.4003,0.68832,0
SIM_VIB_03535,0.33666,15.1708,1.03975,1
SIM_VIB_03536,0.2159,16.779,0.39234,0
SIM_VIB_03537,0.5514,29.7341,1.43635,1
SIM_VIB_03538,0.71028,20.5733,1.69536,1
SIM_VIB_03539,0.26385,8.0601,0.79436,0
SIM_VIB_03540,0.18346,9.066,0.45823,0
SIM_VIB_03541,0.20607,7.2663,0.75681,0
SIM_VIB_03542,0.74062,13.0071,2.17851,1
SIM_VIB_03543,0.2554,11.926,0.75808,0
SIM_VIB_03544,0.28755,4.8611,0.62443,0
SIM_VIB_03545,1.61081,38.6788,4.65867,1
SIM_VIB_03546,0.86687,24.4564,1.95021,1
SIM_VIB_03547,0.34814,10.8212,0.95604,0
SIM_VIB_03548,0.05972,7.9846,0.48384,0
SIM_VIB_03549,0.26305,8.7488,0.72777,0
SIM_VIB_03550,0.2209,10.0902,0.42974,0
SIM_VIB_03551,0.68433,22.6785,2.08543,1
SIM_VIB_03552,0.22629,7.2519,0.57926,0
SIM_VIB_03553,0.31127,15.8956,0.94442,0
SIM_VIB_03554,0.92498,21.2238,2.87825,1
SIM_VIB_03555,1.59599,41.1095,3.87715,1
SIM_VIB_03556,0.13981,10.2739,0.325,0
SIM_VIB_03557,1.4642,50.4368,3.39603,1
SIM_VIB_03558,0.17188,7.9055,0.46126,0
SIM_VIB_03559,1.89943,38.0511,4.52284,1
SIM_VIB_03560,0.52226,23.647,1.47174,1
SIM_VIB_03561,0.60093,15.4719,1.67891,1
SIM_VIB_03562,0.2082,5.6845,0.62792,0
SIM_VIB_03563,0.18703,12.6095,0.6827,0
SIM_VIB_03564,0.25947,7.6644,0.53508,0
SIM_VIB_03565,1.32703,33.7622,4.27108,1
SIM_VIB_03566,0.32854,5.0825,0.75965,0
SIM_VIB_03567,1.85633,62.2341,5.18988,1
SIM_VIB_03568,0.68964,66.3197,4.54045,1
SIM_VIB_03569,0.22139,16.0763,0.65584,0
SIM_VIB_03570,0.60786,5.0,1.83511,1
SIM_VIB_03571,0.25516,1.0,0.50486,0
SIM_VIB_03572,0.14172,12.0694,0.67591,0
SIM_VIB_03573,0.29972,13.6034,0.61827,0
SIM_VIB_03574,1.5213,37.336,4.89524,1
SIM_VIB_03575,0.24042,4.4548,0.48958,0
SIM_VIB_03576,0.22484,10.7654,0.47691,0
SIM_VIB_03577,1.2699,45.3191,3.46894,1
SIM_VIB_03578,0.11952,7.3357,0.50556,0
SIM_VIB_03579,1.23371,45.6565,3.83656,1
SIM_VIB_03580,0.33281,9.2639,1.17637,0
SIM_VIB_03581,2.1376,44.1283,6.2101,1
SIM_VIB_03582,0.32943,10.4063,0.83361,0
SIM_VIB_03583,0.24616,2.5421,0.65075,0
SIM_VIB_03584,1.12695,49.0587,2.96237,1
SIM_VIB_03585,0.1716,9.6466,0.48316,0
SIM_VIB_03586,0.20181,6.3554,0.42287,0
SIM_VIB_03587,0.23212,3.1595,0.62572,0
SIM_VIB_03588,0.33852,5.7834,0.75617,0
SIM_VIB_03589,0.83292,7.4554,1.81975,1
SIM_VIB_03590,0.17274,17.5738,0.72723,0
SIM_VIB_03591,1.85319,44.298,4.19442,1
SIM_VIB_03592,0.20874,12.6,0.47282,0
SIM_VIB_03593,1.54642,45.1327,5.16802,1
SIM_VIB_03594,0.23233,14.9732,0.47603,0
SIM_VIB_03595,0.65946,18.5342,1.88265,1
SIM_VIB_03596,0.29415,16.2066,0.95762,0
SIM_VIB_03597,0.28636,10.8788,0.9206,0
SIM_VIB_03598,1.03025,23.5496,3.53351,1
SIM_VIB_03599,0.23891,19.4444,0.62491,0
SIM_VIB_03600,0.23561,16.2451,0.65701,0
SIM_VIB_03601,0.18245,4.1491,0.47574,0
SIM_VIB_03602,0.24717,10.7776,0.57163,0
SIM_VIB_03603,0.1939,13.6352,0.55576,0
SIM_VIB_03604,0.23048,9.4052,0.6813,0
SIM_VIB_03605,0.23622,2.7395,0.69991,0
SIM_VIB_03606,0.54245,14.3309,1.89333,1
SIM_VIB_03607,0.74184,26.9384,1.72433,1
SIM_VIB_03608,1.07494,14.1843,3.08191,1
SIM_VIB_03609,0.34688,10.1408,0.62107,0
SIM_VIB_03610,1.01172,18.4216,2.3344,1
SIM_VIB_03611,0.15466,6.3486,0.56536,0
SIM_VIB_03612,0.94658,24.4564,2.15349,1
SIM_VIB_03613,1.54689,18.7317,4.77165,1
SIM_VIB_03614,0.22112,18.8768,0.45561,0
SIM_VIB_03615,0.09617,9.8916,0.29825,0
SIM_VIB_03616,0.27005,6.2522,0.88182,0
SIM_VIB_03617,0.21528,12.1453,0.57708,0
SIM_VIB_03618,0.16043,14.7844,0.45048,0
SIM_VIB_03619,0.36377,27.4142,2.28564,1
SIM_VIB_03620,1.05872,63.0402,3.29401,1
SIM_VIB_03621,0.89699,28.0829,4.98081,1
SIM_VIB_03622,0.27117,7.2085,0.68103,0
SIM_VIB_03623,0.61962,17.1074,2.06969,1
SIM_VIB_03624,0.03,8.8347,0.28423,0
SIM_VIB_03625,0.13341,2.484,0.46695,0
SIM_VIB_03626,0.06127,13.6329,0.6337,0
SIM_VIB_03627,0.34854,14.9585,2.52575,1
SIM_VIB_03628,0.57485,28.1165,1.78136,1
SIM_VIB_03629,0.47664,24.8092,1.53098,1
SIM_VIB_03630,0.93889,26.3241,3.0877,1
SIM_VIB_03631,0.60738,15.6359,1.88614,1
SIM_VIB_03632,0.46031,17.4133,1.0437,1
SIM_VIB_03633,0.25848,9.467,0.74751,0
SIM_VIB_03634,0.14895,5.4504,0.37672,0
SIM_VIB_03635,0.18226,7.7803,0.6363,0
SIM_VIB_03636,1.72642,53.3188,4.2447,1
SIM_VIB_03637,1.86412,47.377,4.03918,1
SIM_VIB_03638,0.1956,3.2932,0.52631,0
SIM_VIB_03639,0.14531,11.0894,0.46982,0
SIM_VIB_03640,0.18285,11.1473,0.59709,0
SIM_VIB_03641,1.84524,35.6458,5.11273,1
SIM_VIB_03642,1.46362,55.2595,4.19184,1
SIM_VIB_03643,0.26246,6.413,0.60232,0
SIM_VIB_03644,0.57032,25.2787,1.41456,1
SIM_VIB_03645,0.23932,6.8129,0.77531,0
SIM_VIB_03646,0.1503,10.35,0.56803,0
SIM_VIB_03647,0.24859,9.1376,0.56903,0
SIM_VIB_03648,0.14658,9.0213,0.50394,0
SIM_VIB_03649,0.18469,4.866,0.79768,0
SIM_VIB_03650,2.33308,31.0194,5.43045,1
SIM_VIB_03651,0.83635,20.5794,2.45143,1
SIM_VIB_03652,1.43507,58.5487,4.56462,1
SIM_VIB_03653,0.29542,8.9937,0.93306,0
SIM_VIB_03654,0.66283,10.7795,2.25472,1
SIM_VIB_03655,0.21753,10.5959,0.45577,0
SIM_VIB_03656,2.28202,31.2256,6.77976,1
SIM_VIB_03657,1.04951,23.4719,2.61573,1
SIM_VIB_03658,0.18713,5.219,0.54979,0
SIM_VIB_03659,0.21937,3.3096,0.54155,0
SIM_VIB_03660,0.04508,9.5191,0.66835,0
SIM_VIB_03661,0.11803,9.5303,0.58401,0
SIM_VIB_03662,0.13753,6.1106,0.70282,0
SIM_VIB_03663,0.14227,3.6224,0.41024,0
SIM_VIB_03664,0.9686,74.9564,3.66891,1
SIM_VIB_03665,0.07349,11.2014,0.3818,0
SIM_VIB_03666,0.89858,23.279,2.13927,1
SIM_VIB_03667,0.13061,9.7257,0.42628,0
SIM_VIB_03668,0.73685,31.9178,2.34987,1
SIM_VIB_03669,1.72635,59.3741,4.76162,1
SIM_VIB_03670,0.1836,10.6814,0.38483,0
SIM_VIB_03671,0.22117,19.14,0.69119,0
SIM_VIB_03672,1.88041,12.6604,6.24922,1
SIM_VIB_03673,0.65,26.47,3.50855,1
SIM_VIB_03674,0.25842,15.6987,0.87468,0
SIM_VIB_03675,1.4716,47.4241,2.94557,1
SIM_VIB_03676,0.27005,10.8781,0.49332,0
SIM_VIB_03677,0.03,13.7967,0.55274,0
SIM_VIB_03678,0.18233,7.9271,0.65778,0
SIM_VIB_03679,0.2929,10.5314,0.78577,0
SIM_VIB_03680,0.25118,3.0478,0.73515,0
SIM_VIB_03681,0.40606,12.6152,1.01973,0
SIM_VIB_03682,0.26079,9.0494,0.60492,0
SIM_VIB_03683,0.20768,5.3598,0.55628,0
SIM_VIB_03684,0.23165,9.4478,0.69359,0
SIM_VIB_03685,2.15081,26.8351,6.53746,1
SIM_VIB_03686,0.58335,22.1925,2.39073,1
SIM_VIB_03687,0.31502,13.4871,0.645,0
SIM_VIB_03688,0.18587,13.7476,0.60481,0
SIM_VIB_03689,0.26329,4.2118,0.85689,0
SIM_VIB_03690,0.55511,35.5536,2.4656,1
SIM_VIB_03691,0.73778,19.0108,1.47779,1
SIM_VIB_03692,0.16301,16.9079,0.58171,0
SIM_VIB_03693,0.25721,9.1193,0.67832,0
SIM_VIB_03694,0.85038,41.1699,3.47018,1
SIM_VIB_03695,0.72002,34.8433,1.51727,1
SIM_VIB_03696,0.73119,24.0432,1.94243,1
SIM_VIB_03697,1.68832,68.0818,4.70392,1
SIM_VIB_03698,0.25164,3.7839,0.69825,0
SIM_VIB_03699,0.24184,6.3829,0.72386,0
SIM_VIB_03700,0.59238,5.0,1.38828,1
SIM_VIB_03701,0.22726,11.8041,0.50028,0
SIM_VIB_03702,0.23611,11.6793,0.78837,0
SIM_VIB_03703,0.52383,16.3559,1.68821,1
SIM_VIB_03704,0.10967,13.5183,0.4569,0
SIM_VIB_03705,0.1755,8.2833,0.66588,0
SIM_VIB_03706,2.67027,47.4323,8.17565,1
SIM_VIB_03707,0.56517,24.9387,1.33167,1
SIM_VIB_03708,0.3798,7.9597,1.20251,0
SIM_VIB_03709,0.17788,11.383,0.46396,0
SIM_VIB_03710,1.25627,49.1622,4.13139,1
SIM_VIB_03711,0.15301,10.4473,0.48048,0
SIM_VIB_03712,0.32874,12.6449,1.04117,0
SIM_VIB_03713,1.3189,39.849,5.00007,1
SIM_VIB_03714,0.47818,22.1288,1.55437,1
SIM_VIB_03715,0.18042,3.4735,0.52378,0
SIM_VIB_03716,0.12885,14.4327,0.37205,0
SIM_VIB_03717,0.18067,10.7139,0.56791,0
SIM_VIB_03718,0.1946,2.1538,0.49994,0
SIM_VIB_03719,0.19085,6.056,0.62553,0
SIM_VIB_03720,1.70944,41.8373,4.95185,1
SIM_VIB_03721,0.11901,8.245,0.16342,0
SIM_VIB_03722,0.22066,6.0549,0.42882,0
SIM_VIB_03723,0.19394,11.483,0.63181,0
SIM_VIB_03724,0.21723,12.2521,0.48217,0
SIM_VIB_03725,0.9957,49.5914,5.04102,1
SIM_VIB_03726,0.75223,38.6253,4.75433,1
SIM_VIB_03727,0.16363,3.9868,0.64977,0
SIM_VIB_03728,0.14728,8.4241,0.40868,0
SIM_VIB_03729,0.28611,15.498,0.9941,0
SIM_VIB_03730,0.13111,10.7242,0.68191,0
SIM_VIB_03731,0.35413,12.0948,0.64172,0
SIM_VIB_03732,1.10979,33.051,3.32576,1
SIM_VIB_03733,0.2534,9.1263,0.74962,0
SIM_VIB_03734,0.11665,8.6902,0.48091,0
SIM_VIB_03735,0.63526,28.2405,1.46141,1
SIM_VIB_03736,1.90129,29.5315,6.39828,1
SIM_VIB_03737,0.22784,1.0,0.47831,0
SIM_VIB_03738,0.23836,9.5949,0.72109,0
SIM_VIB_03739,0.3061,12.4633,0.68274,0
SIM_VIB_03740,0.29024,5.0966,0.85973,0
SIM_VIB_03741,0.33482,4.6184,1.14511,0
SIM_VIB_03742,0.22451,11.8745,0.73708,0
SIM_VIB_03743,1.64369,57.4663,5.1813,1
SIM_VIB_03744,0.18602,10.6554,0.52579,0
SIM_VIB_03745,0.36576,1.0,1.06976,0
SIM_VIB_03746,0.27594,5.6059,0.75722,0
SIM_VIB_03747,0.08721,9.9721,0.56969,0
SIM_VIB_03748,0.2107,14.9442,0.62478,0
SIM_VIB_03749,0.16768,6.4686,0.52538,0
SIM_VIB_03750,0.28905,22.1754,0.52912,0
SIM_VIB_03751,0.62855,21.444,1.98114,1
SIM_VIB_03752,0.16625,13.2865,0.68764,0
SIM_VIB_03753,0.77142,28.4941,1.48303,1
SIM_VIB_03754,0.65804,7.8273,1.93196,1
SIM_VIB_03755,0.21595,11.2667,0.54896,0
SIM_VIB_03756,0.22495,6.5144,0.45429,0
SIM_VIB_03757,0.43606,21.108,2.18774,1
SIM_VIB_03758,1.57014,61.2985,4.31642,1
SIM_VIB_03759,0.65554,29.9784,1.60987,1
SIM_VIB_03760,0.05937,12.2299,0.45756,0
SIM_VIB_03761,0.70288,15.0473,1.83127,1
SIM_VIB_03762,0.10698,5.3678,0.81425,0
SIM_VIB_03763,0.30725,10.8578,0.59881,0
SIM_VIB_03764,0.2385,5.5186,0.4565,0
SIM_VIB_03765,0.23113,7.7134,0.61509,0
SIM_VIB_03766,1.96295,38.9713,5.20162,1
SIM_VIB_03767,0.60735,7.64,2.00626,1
SIM_VIB_03768,0.24924,4.6891,0.7119,0
SIM_VIB_03769,0.23981,10.1405,0.56623,0
SIM_VIB_03770,1.07508,26.4617,2.87199,1
SIM_VIB_03771,0.21212,8.6576,0.41642,0
SIM_VIB_03772,0.48456,36.8497,1.42119,1
SIM_VIB_03773,1.27584,38.2753,4.09665,1
SIM_VIB_03774,0.83712,21.5237,2.34537,1
SIM_VIB_03775,0.25909,13.1057,0.64197,0
SIM_VIB_03776,0.25881,7.689,0.63923,0
SIM_VIB_03777,1.00425,26.4067,2.99527,1
SIM_VIB_03778,0.24164,11.784,0.78344,0
SIM_VIB_03779,0.71687,19.2187,1.90618,1
SIM_VIB_03780,0.47108,15.3739,1.59828,1
SIM_VIB_03781,0.43521,27.9631,1.51564,1
SIM_VIB_03782,0.22227,14.0461,0.82388,0
SIM_VIB_03783,0.10951,7.9872,0.27903,0
SIM_VIB_03784,0.17664,8.1567,0.865,0
SIM_VIB_03785,0.49935,42.7255,1.36862,1
SIM_VIB_03786,0.29908,9.4932,0.82007,0
SIM_VIB_03787,0.14355,9.6801,0.75893,0
SIM_VIB_03788,0.31354,5.1722,0.62226,0
SIM_VIB_03789,0.23315,15.4991,0.69337,0
SIM_VIB_03790,0.31186,8.4329,0.81545,0
SIM_VIB_03791,1.09121,11.3639,3.09357,1
SIM_VIB_03792,0.7537,23.3091,1.97842,1
SIM_VIB_03793,0.80163,21.7424,2.43071,1
SIM_VIB_03794,0.20699,8.4478,0.58436,0
SIM_VIB_03795,0.67771,7.4489,1.45721,1
SIM_VIB_03796,0.68353,26.6206,1.9535,1
SIM_VIB_03797,0.33054,1.0,0.80923,0
SIM_VIB_03798,0.24445,8.1383,0.8165,0
SIM_VIB_03799,0.06633,13.623,0.91947,0
SIM_VIB_03800,0.49432,6.2401,1.54904,1
SIM_VIB_03801,0.15429,11.3613,0.68976,0
SIM_VIB_03802,0.70194,19.0801,2.12352,1
SIM_VIB_03803,1.28205,29.7106,3.92254,1
SIM_VIB_03804,1.88197,57.2592,4.99417,1
SIM_VIB_03805,0.4887,18.7268,1.11801,1
SIM_VIB_03806,0.76407,17.4451,2.456,1
SIM_VIB_03807,0.97146,5.0,1.82017,1
SIM_VIB_03808,0.30102,4.6298,1.0443,0
SIM_VIB_03809,0.16673,14.3687,0.50211,0
SIM_VIB_03810,0.06209,14.1487,0.33673,0
SIM_VIB_03811,0.0512,7.0543,0.74335,0
SIM_VIB_03812,2.07058,46.0362,6.07472,1
SIM_VIB_03813,0.17119,2.588,0.66532,0
SIM_VIB_03814,0.47528,15.9192,1.50355,1
SIM_VIB_03815,0.31141,6.7631,1.00378,0
SIM_VIB_03816,0.89082,22.9183,2.3079,1
SIM_VIB_03817,1.70233,43.2938,4.13053,1
SIM_VIB_03818,0.27237,12.299,0.68327,0
SIM_VIB_03819,0.26241,6.4016,0.85531,0
SIM_VIB_03820,0.41347,12.4387,1.85281,1
SIM_VIB_03821,1.66102,26.3659,3.79468,1
SIM_VIB_03822,0.03,13.9713,0.4622,0
SIM_VIB_03823,0.1193,11.1924,0.19142,0
SIM_VIB_03824,0.26299,6.6244,0.68696,0
SIM_VIB_03825,1.65829,48.9814,4.56762,1
SIM_VIB_03826,0.8259,34.7939,2.06017,1
SIM_VIB_03827,1.3726,33.9716,3.35308,1
SIM_VIB_03828,1.8443,38.8202,4.16849,1
SIM_VIB_03829,0.10378,3.4857,0.65212,0
SIM_VIB_03830,0.63181,20.6934,1.78947,1
SIM_VIB_03831,0.21158,13.3806,0.50701,0
SIM_VIB_03832,0.08786,4.9867,0.40992,0
SIM_VIB_03833,0.19034,19.2581,0.64976,0
SIM_VIB_03834,0.26345,15.6591,0.43712,0
SIM_VIB_03835,0.21435,3.6734,0.52769,0
SIM_VIB_03836,0.87054,25.6386,1.67412,1
SIM_VIB_03837,1.60673,29.3447,3.23225,1
SIM_VIB_03838,0.27325,12.0186,0.69603,0
SIM_VIB_03839,0.10264,16.4019,0.28475,0
SIM_VIB_03840,0.29813,9.119,0.96142,0
SIM_VIB_03841,0.2029,5.1857,0.61736,0
SIM_VIB_03842,0.44428,17.6064,1.90061,1
SIM_VIB_03843,2.25509,24.7147,6.61085,1
SIM_VIB_03844,0.19873,7.7699,0.66177,0
SIM_VIB_03845,0.10875,10.5043,0.3815,0
SIM_VIB_03846,0.19869,11.8565,0.50568,0
SIM_VIB_03847,0.55323,15.0812,1.55076,1
SIM_VIB_03848,0.19321,6.7681,0.57171,0
SIM_VIB_03849,1.04984,58.2138,5.01624,1
SIM_VIB_03850,0.28984,16.0832,0.52495,0
SIM_VIB_03851,0.31104,5.3507,0.71405,0
SIM_VIB_03852,0.22781,15.5114,0.57565,0
SIM_VIB_03853,0.21181,12.896,0.53488,0
SIM_VIB_03854,0.15977,16.6318,0.68838,0
SIM_VIB_03855,0.20328,12.2271,0.63154,0
SIM_VIB_03856,0.21023,12.9643,0.67266,0
SIM_VIB_03857,0.16952,9.3261,0.49972,0
SIM_VIB_03858,0.42847,28.9347,1.19457,1
SIM_VIB_03859,0.11884,12.6853,0.46972,0
SIM_VIB_03860,0.41269,24.6546,1.87317,1
SIM_VIB_03861,0.0367,9.4607,0.28486,0
SIM_VIB_03862,0.45722,38.0954,1.15842,1
SIM_VIB_03863,0.31062,7.0867,0.98184,0
SIM_VIB_03864,0.26483,13.672,0.71363,0
SIM_VIB_03865,1.78035,48.6162,4.15459,1
SIM_VIB_03866,1.76167,50.4795,4.72937,1
SIM_VIB_03867,0.23785,13.4307,0.60188,0
SIM_VIB_03868,0.84637,15.4058,2.8966,1
SIM_VIB_03869,1.35175,21.3417,3.81107,1
SIM_VIB_03870,0.22756,17.2978,0.61254,0
SIM_VIB_03871,0.20493,8.6684,0.58509,0
SIM_VIB_03872,1.11939,30.5399,3.59529,1
SIM_VIB_03873,0.65933,21.4935,2.33322,1
SIM_VIB_03874,1.40056,56.8033,3.21986,1
SIM_VIB_03875,1.1388,76.5994,3.85477,1
SIM_VIB_03876,1.51317,50.1807,4.8823,1
SIM_VIB_03877,0.22311,3.9336,0.56217,0
SIM_VIB_03878,0.12266,6.7999,0.39026,0
SIM_VIB_03879,2.01793,35.0681,5.34181,1
SIM_VIB_03880,0.22106,8.5422,0.61173,0
SIM_VIB_03881,0.15379,16.9574,0.53967,0
SIM_VIB_03882,0.60729,25.714,1.74205,1
SIM_VIB_03883,1.03212,16.4553,2.36916,1
SIM_VIB_03884,0.73267,20.4935,1.56389,1
SIM_VIB_03885,0.86175,23.068,2.4925,1
SIM_VIB_03886,1.13177,38.9074,4.29358,1
SIM_VIB_03887,0.13532,7.1795,0.41135,0
SIM_VIB_03888,0.33595,9.7213,0.99767,0
SIM_VIB_03889,0.24015,10.5139,0.85047,0
SIM_VIB_03890,2.33285,29.5211,5.30857,1
SIM_VIB_03891,0.89649,20.5897,2.03068,1
SIM_VIB_03892,1.16142,48.1507,4.42106,1
SIM_VIB_03893,0.57361,29.1793,1.7174,1
SIM_VIB_03894,0.26727,1.1199,0.56431,0
SIM_VIB_03895,0.2252,15.8396,0.63958,0
SIM_VIB_03896,1.09796,53.7251,3.38416,1
SIM_VIB_03897,1.15172,22.9443,2.37356,1
SIM_VIB_03898,1.67524,59.5342,3.49248,1
SIM_VIB_03899,0.32625,9.2903,1.00623,0
SIM_VIB_03900,0.11134,7.9971,0.34331,0
SIM_VIB_03901,0.54867,29.1616,1.19234,1
SIM_VIB_03902,1.42041,44.7261,4.74443,1
SIM_VIB_03903,0.33209,4.8266,0.71534,0
SIM_VIB_03904,0.15048,2.0503,0.58288,0
SIM_VIB_03905,0.17821,7.4041,0.40301,0
SIM_VIB_03906,1.54805,41.1557,4.95919,1
SIM_VIB_03907,0.16289,11.3953,0.61643,0
SIM_VIB_03908,0.18758,5.156,0.51486,0
SIM_VIB_03909,0.83044,33.7681,2.11481,1
SIM_VIB_03910,0.15904,6.9246,0.96776,0
SIM_VIB_03911,0.2295,4.4121,0.53828,0
SIM_VIB_03912,0.55395,29.0019,1.63565,1
SIM_VIB_03913,1.69862,30.1565,5.57821,1
SIM_VIB_03914,0.58585,17.4933,1.80472,1
SIM_VIB_03915,1.24723,30.3281,2.88422,1
SIM_VIB_03916,0.18068,2.6631,0.46605,0
SIM_VIB_03917,0.15913,12.892,0.26154,0
SIM_VIB_03918,0.62345,21.6159,1.86445,1
SIM_VIB_03919,0.26425,7.7016,0.88171,0
SIM_VIB_03920,0.64029,13.5057,2.10001,1
SIM_VIB_03921,0.22322,10.4324,0.47246,0
SIM_VIB_03922,0.64646,25.3029,1.67262,1
SIM_VIB_03923,0.6597,21.2818,1.73015,1
SIM_VIB_03924,1.23584,62.1481,3.94952,1
SIM_VIB_03925,0.17764,5.5573,0.53822,0
SIM_VIB_03926,0.28154,4.202,0.68967,0
SIM_VIB_03927,0.19171,11.037,0.68038,0
SIM_VIB_03928,0.29842,8.7866,0.58049,0
SIM_VIB_03929,0.78132,24.3696,1.9456,1
SIM_VIB_03930,0.12527,4.65,0.35692,0
SIM_VIB_03931,0.16399,10.9085,0.3782,0
SIM_VIB_03932,0.28239,8.4301,0.86279,0
SIM_VIB_03933,1.54944,36.8966,3.06653,1
SIM_VIB_03934,1.70355,73.6031,4.94447,1
SIM_VIB_03935,0.17508,3.282,0.34786,0
SIM_VIB_03936,0.97217,23.168,2.78655,1
SIM_VIB_03937,0.60072,39.7759,2.10935,1
SIM_VIB_03938,2.01076,31.8711,3.82233,1
SIM_VIB_03939,0.3396,16.6617,1.13643,0
SIM_VIB_03940,1.4213,30.6639,4.4159,1
SIM_VIB_03941,0.47404,24.5035,0.96824,1
SIM_VIB_03942,0.23594,18.7764,0.76709,0
SIM_VIB_03943,1.09261,50.0152,2.99438,1
SIM_VIB_03944,1.48074,46.2004,3.18129,1
SIM_VIB_03945,0.29317,4.7594,0.65273,0
SIM_VIB_03946,1.13958,23.9678,4.3876,1
SIM_VIB_03947,0.1375,9.8198,0.34294,0
SIM_VIB_03948,0.20558,18.0906,0.96511,0
SIM_VIB_03949,0.1252,1.8531,0.52972,0
SIM_VIB_03950,0.87973,30.1887,2.08693,1
SIM_VIB_03951,0.22292,1.0,0.70729,0
SIM_VIB_03952,0.31069,15.457,0.77087,0
SIM_VIB_03953,0.8826,17.5982,1.85914,1
SIM_VIB_03954,1.49744,29.4164,4.8777,1
SIM_VIB_03955,0.77568,19.0796,1.88757,1
SIM_VIB_03956,0.28617,13.1043,0.70606,0
SIM_VIB_03957,1.65919,47.5835,4.94894,1
SIM_VIB_03958,0.26468,17.3667,0.52838,0
SIM_VIB_03959,0.25882,5.8549,0.61943,0
SIM_VIB_03960,1.98553,48.2426,6.0777,1
SIM_VIB_03961,0.23443,6.0275,0.61855,0
SIM_VIB_03962,0.5508,37.7905,1.97593,1
SIM_VIB_03963,0.26449,9.5927,0.93859,0
SIM_VIB_03964,1.24258,40.8822,3.78416,1
SIM_VIB_03965,0.14644,11.2687,0.34041,0
SIM_VIB_03966,0.06628,5.7757,0.36482,0
SIM_VIB_03967,0.86314,19.9524,2.45026,1
SIM_VIB_03968,0.71225,23.0842,2.11063,1
SIM_VIB_03969,0.13585,10.1668,0.77431,0
SIM_VIB_03970,0.07121,7.0608,0.49227,0
SIM_VIB_03971,0.69579,18.305,1.4262,1
SIM_VIB_03972,0.24722,9.7586,0.46832,0
SIM_VIB_03973,0.21841,8.6832,0.57503,0
SIM_VIB_03974,0.34254,2.0975,0.99595,0
SIM_VIB_03975,0.54296,18.9155,1.50297,1
SIM_VIB_03976,0.33291,5.6745,1.02736,0
SIM_VIB_03977,0.19839,13.5179,0.56414,0
SIM_VIB_03978,0.1399,4.9889,0.68735,0
SIM_VIB_03979,0.52082,20.2137,1.79022,1
SIM_VIB_03980,1.48383,43.9748,3.73737,1
SIM_VIB_03981,0.44031,24.2984,1.05794,1
SIM_VIB_03982,1.0023,54.8159,2.92221,1
SIM_VIB_03983,0.25363,16.4034,0.59905,0
SIM_VIB_03984,0.23046,13.7221,0.49861,0
SIM_VIB_03985,0.57392,27.4527,1.80717,1
SIM_VIB_03986,0.89126,23.4404,3.03092,1
SIM_VIB_03987,0.74103,36.9398,1.43839,1
SIM_VIB_03988,0.10116,10.1273,0.58931,0
SIM_VIB_03989,1.64112,35.6876,3.86477,1
SIM_VIB_03990,0.3023,14.5741,0.87206,0
SIM_VIB_03991,0.84462,18.1099,2.68763,1
SIM_VIB_03992,0.75294,29.2102,2.4494,1
SIM_VIB_03993,0.85372,30.1134,2.30016,1
SIM_VIB_03994,1.8123,59.5946,5.76473,1
SIM_VIB_03995,0.28884,6.2617,0.75704,0
SIM_VIB_03996,0.17786,5.9724,0.6303,0
SIM_VIB_03997,1.67679,63.5739,4.94477,1
SIM_VIB_03998,1.50832,19.5203,4.26872,1
SIM_VIB_03999,0.57245,39.4442,1.60075,1
SIM_VIB_04000,0.20486,9.3687,0.52408,0
SIM_VIB_04001,1.72057,42.5982,4.56753,1
SIM_VIB_04002,0.31041,12.1714,0.68668,0
SIM_VIB_04003,0.20288,3.7334,0.60098,0
SIM_VIB_04004,0.55249,16.7704,1.49307,1
SIM_VIB_04005,0.18876,14.8626,0.5271,0
SIM_VIB_04006,0.07754,15.341,0.70902,0
SIM_VIB_04007,0.34079,9.8226,0.97368,0
SIM_VIB_04008,1.00968,26.2137,2.51685,1
SIM_VIB_04009,0.80822,30.8061,1.48799,1
SIM_VIB_04010,0.60496,15.4078,1.70522,1
SIM_VIB_04011,0.78412,14.7536,2.40422,1
SIM_VIB_04012,0.32948,7.7125,0.71894,0
SIM_VIB_04013,0.12476,13.1261,0.72026,0
SIM_VIB_04014,2.03147,49.9258,4.31437,1
SIM_VIB_04015,0.6496,5.2825,1.29713,1
SIM_VIB_04016,0.34887,13.6499,0.86041,0
SIM_VIB_04017,0.16289,10.5784,0.55734,0
SIM_VIB_04018,0.09525,9.0982,0.78896,0
SIM_VIB_04019,0.82874,20.4088,2.34223,1
SIM_VIB_04020,0.22732,9.3114,0.69091,0
SIM_VIB_04021,0.21045,4.6911,0.51433,0
SIM_VIB_04022,0.94994,27.5305,2.02044,1
SIM_VIB_04023,1.73359,42.3765,4.02223,1
SIM_VIB_04024,0.81244,15.4771,2.57493,1
SIM_VIB_04025,0.1517,5.0945,0.5333,0
SIM_VIB_04026,0.32078,11.2109,0.72057,0
SIM_VIB_04027,0.67309,18.2246,1.7542,1
SIM_VIB_04028,0.72569,29.7207,1.74665,1
SIM_VIB_04029,1.23054,27.5879,3.47559,1
SIM_VIB_04030,1.66073,64.9577,4.44246,1
SIM_VIB_04031,0.18982,8.4552,0.57789,0
SIM_VIB_04032,0.29273,14.5325,0.98535,0
SIM_VIB_04033,0.16643,8.598,0.65887,0
SIM_VIB_04034,0.53635,35.8441,1.76918,1
SIM_VIB_04035,0.3213,1.0,0.96693,0
SIM_VIB_04036,1.61872,68.6523,4.75295,1
SIM_VIB_04037,0.22541,9.2066,0.64737,0
SIM_VIB_04038,1.28141,52.5666,5.49049,1
SIM_VIB_04039,0.3269,24.0332,1.39926,1
SIM_VIB_04040,0.06504,6.697,0.80517,0
SIM_VIB_04041,0.17264,13.6885,0.33707,0
SIM_VIB_04042,0.20166,11.2329,0.99046,0
SIM_VIB_04043,0.13822,21.0951,0.91242,0
SIM_VIB_04044,0.15493,10.6415,0.54703,0
SIM_VIB_04045,0.1411,12.4583,0.6867,0
SIM_VIB_04046,1.91734,22.0879,3.55385,1
SIM_VIB_04047,0.41096,11.0928,0.93372,0
SIM_VIB_04048,0.25108,10.9486,0.63821,0
SIM_VIB_04049,0.3107,10.9945,0.75345,0
SIM_VIB_04050,2.1383,36.957,5.9729,1
SIM_VIB_04051,1.374,39.0899,4.36798,1
SIM_VIB_04052,1.50814,38.5537,4.84608,1
SIM_VIB_04053,0.59591,29.083,1.51528,1
SIM_VIB_04054,0.16748,7.137,0.55402,0
SIM_VIB_04055,0.73077,34.6297,2.37982,1
SIM_VIB_04056,1.28285,44.8365,3.20366,1
SIM_VIB_04057,1.8069,41.0452,5.80273,1
SIM_VIB_04058,1.58585,42.8278,5.19483,1
SIM_VIB_04059,0.11104,6.5087,0.62711,0
SIM_VIB_04060,0.80634,32.7231,1.97817,1
SIM_VIB_04061,0.15958,3.1993,0.37296,0
SIM_VIB_04062,0.83807,23.1583,2.21796,1
SIM_VIB_04063,1.00269,18.4564,1.93852,1
SIM_VIB_04064,0.14057,14.6431,0.34853,0
SIM_VIB_04065,0.22753,10.678,0.68213,0
SIM_VIB_04066,1.4828,38.9758,3.49182,1
SIM_VIB_04067,0.10721,5.4291,0.47719,0
SIM_VIB_04068,0.37684,5.4771,0.93848,0
SIM_VIB_04069,0.2193,5.7389,0.7432,0
SIM_VIB_04070,0.05698,6.169,0.49939,0
SIM_VIB_04071,0.17492,1.9477,0.72933,0
SIM_VIB_04072,0.63487,22.8373,1.98177,1
SIM_VIB_04073,0.20698,9.1562,0.71852,0
SIM_VIB_04074,1.33335,41.12,4.50539,1
SIM_VIB_04075,0.31032,3.837,0.67286,0
SIM_VIB_04076,0.533,21.7141,1.30455,1
SIM_VIB_04077,0.14242,1.7067,0.6404,0
SIM_VIB_04078,0.19258,5.1495,0.58898,0
SIM_VIB_04079,2.22133,37.591,6.86991,1
SIM_VIB_04080,0.20607,11.7402,0.5664,0
SIM_VIB_04081,0.34571,13.9665,0.9316,0
SIM_VIB_04082,0.06211,8.4174,0.49845,0
SIM_VIB_04083,0.45995,15.0112,1.3425,1
SIM_VIB_04084,0.18351,5.1537,0.39272,0
SIM_VIB_04085,0.79532,8.9533,2.62177,1
SIM_VIB_04086,1.9907,25.3291,5.47815,1
SIM_VIB_04087,0.85025,24.7918,1.59747,1
SIM_VIB_04088,0.2504,15.2276,0.58814,0
SIM_VIB_04089,0.30514,6.5985,0.66569,0
SIM_VIB_04090,0.11389,9.9042,0.41824,0
SIM_VIB_04091,0.81721,15.7326,1.6227,1
SIM_VIB_04092,0.33808,8.8396,0.73611,0
SIM_VIB_04093,0.22921,14.9113,0.80912,0
SIM_VIB_04094,0.2877,11.6451,0.81648,0
SIM_VIB_04095,0.13744,14.9446,0.45512,0
SIM_VIB_04096,0.19366,8.3159,0.72452,0
SIM_VIB_04097,1.07113,34.9818,2.4174,1
SIM_VIB_04098,0.13797,10.5315,0.47139,0
SIM_VIB_04099,2.18634,41.1297,5.15879,1
SIM_VIB_04100,0.10944,10.3558,0.27114,0
SIM_VIB_04101,0.93329,21.1242,2.3636,1
SIM_VIB_04102,0.69114,28.3649,1.98232,1
SIM_VIB_04103,0.67333,18.0593,2.40707,1
SIM_VIB_04104,0.28854,9.9384,0.67504,0
SIM_VIB_04105,0.76964,20.9689,2.41089,1
SIM_VIB_04106,0.25315,2.65,0.41866,0
SIM_VIB_04107,0.97249,28.8581,3.40469,1
SIM_VIB_04108,0.20314,8.8853,0.5494,0
SIM_VIB_04109,0.19142,3.1814,0.44807,0
SIM_VIB_04110,0.75449,33.2983,2.51399,1
SIM_VIB_04111,0.63394,17.6598,1.63183,1
SIM_VIB_04112,0.2106,7.7279,0.44835,0
SIM_VIB_04113,0.20521,10.3131,0.57483,0
SIM_VIB_04114,0.22024,8.5373,0.7442,0
SIM_VIB_04115,0.34605,11.8183,0.73957,0
SIM_VIB_04116,0.18103,7.1951,0.57544,0
SIM_VIB_04117,0.06313,1.0,0.3656,0
SIM_VIB_04118,0.70928,41.4424,2.11916,1
SIM_VIB_04119,0.16676,8.6387,0.50262,0
SIM_VIB_04120,0.14678,5.3822,0.53488,0
SIM_VIB_04121,0.0971,14.7003,0.31842,0
SIM_VIB_04122,0.25215,14.6756,0.50053,0
SIM_VIB_04123,0.25886,14.8311,0.85652,0
SIM_VIB_04124,0.28222,5.938,0.59684,0
SIM_VIB_04125,0.23189,3.7761,0.58944,0
SIM_VIB_04126,0.14727,12.9493,0.30045,0
SIM_VIB_04127,0.23991,6.166,0.7241,0
SIM_VIB_04128,0.46476,12.0233,1.25326,0
SIM_VIB_04129,0.80156,21.2561,2.40443,1
SIM_VIB_04130,0.04558,6.8408,0.49644,0
SIM_VIB_04131,0.94197,23.8075,2.43758,1
SIM_VIB_04132,0.3307,9.1509,1.05384,0
SIM_VIB_04133,0.23048,6.0637,0.76018,0
SIM_VIB_04134,0.1934,5.9235,0.60624,0
SIM_VIB_04135,0.17466,11.331,0.43853,0
SIM_VIB_04136,0.13368,8.2299,0.47848,0
SIM_VIB_04137,0.35208,7.0363,1.3757,1
SIM_VIB_04138,0.23265,5.5801,0.78313,0
SIM_VIB_04139,0.16683,9.0221,0.64766,0
SIM_VIB_04140,0.04057,5.5098,0.16931,0
SIM_VIB_04141,0.83033,17.0777,2.71618,1
SIM_VIB_04142,0.3349,12.2365,1.15586,0
SIM_VIB_04143,1.84997,37.8211,5.36495,1
SIM_VIB_04144,0.39414,15.4457,2.38697,1
SIM_VIB_04145,0.84804,56.8019,3.09873,1
SIM_VIB_04146,0.9371,27.5327,2.79351,1
SIM_VIB_04147,0.20045,7.1982,0.46229,0
SIM_VIB_04148,0.23539,13.0431,0.63625,0
SIM_VIB_04149,1.82998,46.6464,5.68108,1
SIM_VIB_04150,0.33502,12.0614,0.67203,0
SIM_VIB_04151,0.32629,4.5631,0.55409,0
SIM_VIB_04152,1.06907,31.7631,3.54148,1
SIM_VIB_04153,1.41509,39.0406,2.94039,1
SIM_VIB_04154,0.19105,5.9254,0.55144,0
SIM_VIB_04155,0.21526,11.9704,0.69499,0
SIM_VIB_04156,0.53987,16.5548,1.41799,1
SIM_VIB_04157,0.45245,19.7507,1.57697,1
SIM_VIB_04158,0.29791,10.3434,0.81302,0
SIM_VIB_04159,0.22016,1.0,0.73408,0
SIM_VIB_04160,0.22315,7.944,0.6079,0
SIM_VIB_04161,0.91404,16.358,2.34685,1
SIM_VIB_04162,0.16142,10.4179,0.84398,0
SIM_VIB_04163,1.73391,43.2038,3.51283,1
SIM_VIB_04164,0.18409,8.0536,0.72931,0
SIM_VIB_04165,0.38369,19.4815,1.62647,1
SIM_VIB_04166,0.76207,31.994,2.03078,1
SIM_VIB_04167,0.13398,12.6817,0.7041,0
SIM_VIB_04168,0.7124,30.1839,1.98556,1
SIM_VIB_04169,0.21544,6.6211,0.43631,0
SIM_VIB_04170,1.02402,5.0,3.25127,1
SIM_VIB_04171,0.24219,7.5021,0.64006,0
SIM_VIB_04172,0.88776,32.1826,2.52969,1
SIM_VIB_04173,0.03022,8.2461,0.78222,0
SIM_VIB_04174,0.09289,10.2916,1.05367,0
SIM_VIB_04175,1.17135,33.4519,4.41574,1
SIM_VIB_04176,1.42956,24.6934,4.28852,1
SIM_VIB_04177,0.98823,45.5244,4.89723,1
SIM_VIB_04178,0.10766,11.0235,0.83779,0
SIM_VIB_04179,0.99231,47.0202,3.18145,1
SIM_VIB_04180,1.65215,25.5945,3.46871,1
SIM_VIB_04181,1.08153,57.375,3.78751,1
SIM_VIB_04182,0.55835,23.0052,1.74031,1
SIM_VIB_04183,0.30651,8.6505,0.80765,0
SIM_VIB_04184,0.14739,9.318,0.75758,0
SIM_VIB_04185,1.0285,28.1981,3.03947,1
SIM_VIB_04186,0.33879,7.2101,1.13285,0
SIM_VIB_04187,0.82068,22.5999,1.87506,1
SIM_VIB_04188,0.19479,6.1688,0.72837,0
SIM_VIB_04189,0.18456,13.7533,0.43952,0
SIM_VIB_04190,0.1364,6.7967,0.21965,0
SIM_VIB_04191,0.16882,10.1284,0.51366,0
SIM_VIB_04192,0.18963,6.4016,0.63534,0
SIM_VIB_04193,1.5145,64.3635,4.30725,1
SIM_VIB_04194,0.17538,5.3861,1.27699,0
SIM_VIB_04195,0.1787,8.9599,0.56838,0
SIM_VIB_04196,1.30317,66.2501,3.47365,1
SIM_VIB_04197,1.73316,21.8401,4.19333,1
SIM_VIB_04198,1.55468,49.236,4.32742,1
SIM_VIB_04199,0.23487,14.0897,0.6304,0
SIM_VIB_04200,0.40253,6.7262,1.04981,0
SIM_VIB_04201,1.14063,27.8695,2.2508,1
SIM_VIB_04202,0.88556,39.8779,2.07209,1
SIM_VIB_04203,1.37277,25.7195,3.27059,1
SIM_VIB_04204,0.34415,10.6144,1.03359,0
SIM_VIB_04205,0.09357,8.0608,0.29067,0
SIM_VIB_04206,0.15176,8.0233,0.62048,0
SIM_VIB_04207,0.25087,10.607,0.76084,0
SIM_VIB_04208,0.21989,4.2024,0.58035,0
SIM_VIB_04209,0.2653,1.4406,0.72967,0
SIM_VIB_04210,0.2805,4.4393,0.54473,0
SIM_VIB_04211,1.00214,31.5771,2.82088,1
SIM_VIB_04212,0.23957,12.5676,0.56954,0
SIM_VIB_04213,0.22947,6.516,0.70894,0
SIM_VIB_04214,1.21298,35.6459,3.81721,1
SIM_VIB_04215,0.08043,14.6265,0.45271,0
SIM_VIB_04216,0.22815,8.9241,0.73203,0
SIM_VIB_04217,0.20376,2.0837,0.4046,0
SIM_VIB_04218,0.29395,11.5686,0.99258,0
SIM_VIB_04219,0.28323,14.9937,0.89229,0
SIM_VIB_04220,0.46143,34.0196,1.33079,1
SIM_VIB_04221,0.15587,4.1512,0.48943,0
SIM_VIB_04222,2.09822,56.6164,6.14987,1
SIM_VIB_04223,0.17011,4.8355,0.565,0
SIM_VIB_04224,0.33609,7.4542,0.72684,0
SIM_VIB_04225,0.59007,15.6014,1.55136,1
SIM_VIB_04226,0.26053,9.485,0.72639,0
SIM_VIB_04227,0.16625,2.7585,0.31809,0
SIM_VIB_04228,0.64629,20.4284,1.49099,1
SIM_VIB_04229,0.24766,6.3362,0.65423,0
SIM_VIB_04230,0.09463,3.9774,0.27971,0
SIM_VIB_04231,0.25925,3.5311,0.818,0
SIM_VIB_04232,0.21702,1.7673,0.93377,0
SIM_VIB_04233,0.32333,11.2896,1.07371,0
SIM_VIB_04234,1.58954,34.2799,4.34868,1
SIM_VIB_04235,0.27017,4.062,0.72858,0
SIM_VIB_04236,0.2269,10.4228,0.62723,0
SIM_VIB_04237,0.31863,5.1517,0.84499,0
SIM_VIB_04238,0.10361,6.9565,0.26256,0
SIM_VIB_04239,0.3456,7.363,1.15623,0
SIM_VIB_04240,0.31549,6.8347,0.86655,0
SIM_VIB_04241,0.75758,15.8793,2.13779,1
SIM_VIB_04242,0.7468,23.6406,1.49154,1
SIM_VIB_04243,0.29721,10.5726,1.00551,0
SIM_VIB_04244,0.17318,6.8773,0.61984,0
SIM_VIB_04245,0.22001,11.2514,0.59401,0
SIM_VIB_04246,0.03,12.6197,0.3995,0
SIM_VIB_04247,0.50931,15.3715,1.77921,1
SIM_VIB_04248,0.1313,2.9265,0.39838,0
SIM_VIB_04249,0.329,12.7438,0.75657,0
SIM_VIB_04250,1.40911,37.7058,4.63818,1
SIM_VIB_04251,0.32668,8.4751,1.46076,1
SIM_VIB_04252,0.27284,2.9404,0.53139,0
SIM_VIB_04253,0.40154,26.7707,1.61372,1
SIM_VIB_04254,0.23589,19.2813,0.66624,0
SIM_VIB_04255,0.24924,5.2957,0.61895,0
SIM_VIB_04256,0.29381,7.3533,0.88865,0
SIM_VIB_04257,0.81354,25.6602,2.43554,1
SIM_VIB_04258,1.15276,32.1395,3.63496,1
SIM_VIB_04259,0.11465,6.8394,0.18922,0
SIM_VIB_04260,1.03091,12.9555,2.53335,1
SIM_VIB_04261,0.14587,9.988,0.68841,0
SIM_VIB_04262,0.47687,20.0499,2.42494,1
SIM_VIB_04263,2.02383,46.5116,6.71589,1
SIM_VIB_04264,0.31018,7.1462,1.00453,0
SIM_VIB_04265,1.88914,40.2195,4.7615,1
SIM_VIB_04266,0.30631,14.9269,0.56045,0
SIM_VIB_04267,0.33841,13.8854,0.93849,0
SIM_VIB_04268,0.14772,5.6519,0.81184,0
SIM_VIB_04269,0.78132,23.4265,2.15828,1
SIM_VIB_04270,0.33836,1.6414,0.75367,0
SIM_VIB_04271,0.26433,6.3266,0.69559,0
SIM_VIB_04272,0.52262,21.7051,1.73305,1
SIM_VIB_04273,1.79618,52.708,4.03665,1
SIM_VIB_04274,0.28928,11.7622,0.70542,0
SIM_VIB_04275,2.16869,26.5281,5.28538,1
SIM_VIB_04276,0.29493,2.9958,0.46646,0
SIM_VIB_04277,0.32779,4.7118,0.75745,0
SIM_VIB_04278,1.52743,33.4629,3.43733,1
SIM_VIB_04279,1.00213,48.5837,3.39826,1
SIM_VIB_04280,0.86125,17.1214,2.88882,1
SIM_VIB_04281,0.34518,5.091,1.10528,0
SIM_VIB_04282,0.94524,15.4173,2.21173,1
SIM_VIB_04283,0.26748,9.3828,0.55903,0
SIM_VIB_04284,0.50366,34.3897,1.79479,1
SIM_VIB_04285,0.0703,10.715,0.4376,0
SIM_VIB_04286,0.91494,23.3784,1.76385,1
SIM_VIB_04287,0.20815,13.7027,0.51258,0
SIM_VIB_04288,0.40397,10.9585,0.98063,0
SIM_VIB_04289,0.24885,5.7028,0.80258,0
SIM_VIB_04290,1.16509,36.2077,3.65225,1
SIM_VIB_04291,1.81259,59.9435,3.99811,1
SIM_VIB_04292,0.9159,16.3688,2.72656,1
SIM_VIB_04293,0.24984,4.204,0.67839,0
SIM_VIB_04294,0.27128,10.9677,0.62212,0
SIM_VIB_04295,0.32964,15.4943,1.00253,0
SIM_VIB_04296,0.55504,15.647,1.07031,1
SIM_VIB_04297,0.63564,22.2938,1.94341,1
SIM_VIB_04298,1.39354,50.7849,4.19188,1
SIM_VIB_04299,0.1885,17.9553,0.4768,0
SIM_VIB_04300,0.10745,10.5446,0.46465,0
SIM_VIB_04301,0.99914,55.6462,5.30512,1
SIM_VIB_04302,0.23738,7.102,0.74098,0
SIM_VIB_04303,0.18006,10.5881,0.64732,0
SIM_VIB_04304,0.9642,13.4324,3.03351,1
SIM_VIB_04305,0.2082,3.7693,0.36039,0
SIM_VIB_04306,0.17432,8.7352,0.52984,0
SIM_VIB_04307,0.86485,19.7232,2.26756,1
SIM_VIB_04308,0.36281,4.8911,1.17367,0
SIM_VIB_04309,0.21574,14.0084,0.36732,0
SIM_VIB_04310,1.11369,57.52,4.35644,1
SIM_VIB_04311,0.16224,13.2611,0.41388,0
SIM_VIB_04312,0.25513,18.6898,0.51049,0
SIM_VIB_04313,0.21859,13.4763,0.65401,0
SIM_VIB_04314,0.11118,5.0299,0.63918,0
SIM_VIB_04315,0.49793,24.6811,1.74806,1
SIM_VIB_04316,0.19324,2.6205,0.39915,0
SIM_VIB_04317,0.22677,4.3548,0.87402,0
SIM_VIB_04318,0.23201,5.3533,0.81055,0
SIM_VIB_04319,0.55993,18.5558,2.15994,1
SIM_VIB_04320,0.76339,22.894,1.8446,1
SIM_VIB_04321,0.13862,9.8678,0.44597,0
SIM_VIB_04322,0.26201,9.7879,0.79661,0
SIM_VIB_04323,0.14855,11.0764,0.68596,0
SIM_VIB_04324,0.8046,22.7423,1.9164,1
SIM_VIB_04325,1.79902,28.6655,5.16967,1
SIM_VIB_04326,0.15312,5.4022,0.52541,0
SIM_VIB_04327,1.64779,45.6157,3.95945,1
SIM_VIB_04328,2.01889,51.7986,5.7589,1
SIM_VIB_04329,0.41942,14.0216,1.3461,0
SIM_VIB_04330,0.1561,7.6555,0.60702,0
SIM_VIB_04331,0.90952,16.5585,2.50992,1
SIM_VIB_04332,0.28326,5.7655,0.57726,0
SIM_VIB_04333,1.44907,52.3552,4.29009,1
SIM_VIB_04334,0.11628,13.6652,0.46606,0
SIM_VIB_04335,0.7101,33.1829,1.96393,1
SIM_VIB_04336,1.68309,32.4159,4.40377,1
SIM_VIB_04337,2.56791,34.9393,5.46922,1
SIM_VIB_04338,2.17623,22.9263,4.52098,1
SIM_VIB_04339,0.12249,9.6364,0.31004,0
SIM_VIB_04340,0.24665,11.3549,0.75227,0
SIM_VIB_04341,0.24932,6.8074,0.57008,0
SIM_VIB_04342,0.09822,10.3867,0.5938,0
SIM_VIB_04343,0.19054,11.3644,0.54195,0
SIM_VIB_04344,0.96087,23.3298,2.73772,1
SIM_VIB_04345,0.15643,7.6057,0.59391,0
SIM_VIB_04346,0.95774,34.6884,2.62539,1
SIM_VIB_04347,0.21095,8.2909,0.5584,0
SIM_VIB_04348,0.7136,26.2266,2.03277,1
SIM_VIB_04349,0.12273,8.7896,0.45715,0
SIM_VIB_04350,0.24371,10.5043,0.61384,0
SIM_VIB_04351,0.30967,4.5034,0.9177,0
SIM_VIB_04352,0.25331,9.7089,0.73448,0
SIM_VIB_04353,0.18818,11.1003,0.55906,0
SIM_VIB_04354,1.71284,41.5096,3.11775,1
SIM_VIB_04355,0.12461,3.3602,0.55336,0
SIM_VIB_04356,0.19516,13.9173,0.7557,0
SIM_VIB_04357,0.22532,7.7345,0.65199,0
SIM_VIB_04358,0.9966,38.7538,3.16561,1
SIM_VIB_04359,0.35766,11.5388,0.85439,0
SIM_VIB_04360,0.59458,19.6447,1.31957,1
SIM_VIB_04361,0.20356,8.0715,0.4844,0
SIM_VIB_04362,0.21048,8.0373,0.63591,0
SIM_VIB_04363,0.87753,17.4618,1.55073,1
SIM_VIB_04364,0.17071,9.5979,0.68102,0
SIM_VIB_04365,0.20688,11.8523,0.5447,0
SIM_VIB_04366,0.25572,14.4007,0.83927,0
SIM_VIB_04367,0.15552,7.8816,0.39145,0
SIM_VIB_04368,0.28214,4.329,0.87786,0
SIM_VIB_04369,0.55053,33.2,1.47617,1
SIM_VIB_04370,0.38008,4.9796,0.82248,0
SIM_VIB_04371,0.6278,16.9136,1.42874,1
SIM_VIB_04372,0.2829,7.1858,0.95432,0
SIM_VIB_04373,0.1368,18.6712,0.57214,0
SIM_VIB_04374,0.50118,26.7349,2.0095,1
SIM_VIB_04375,0.26716,10.4653,0.62481,0
SIM_VIB_04376,1.10273,24.5487,2.88203,1
SIM_VIB_04377,0.23406,3.5129,0.75256,0
SIM_VIB_04378,0.23992,12.2877,0.58346,0
SIM_VIB_04379,0.99635,12.1013,3.29296,1
SIM_VIB_04380,0.07864,4.3142,0.30213,0
SIM_VIB_04381,0.28152,12.3225,0.88118,0
SIM_VIB_04382,0.22235,17.4625,0.66686,0
SIM_VIB_04383,1.71513,45.4024,5.57157,1
SIM_VIB_04384,0.18127,8.018,0.70079,0
SIM_VIB_04385,0.22483,7.1102,0.74653,0
SIM_VIB_04386,0.30028,3.7643,0.68252,0
SIM_VIB_04387,0.83494,23.8572,1.85124,1
SIM_VIB_04388,0.15892,15.999,0.63669,0
SIM_VIB_04389,1.46813,35.0938,5.41268,1
SIM_VIB_04390,0.23296,4.6022,0.49313,0
SIM_VIB_04391,0.14777,13.679,0.40076,0
SIM_VIB_04392,0.27739,11.6524,0.53093,0
SIM_VIB_04393,0.60292,11.8308,2.4298,1
SIM_VIB_04394,0.21918,14.8034,0.69483,0
SIM_VIB_04395,0.38745,4.1524,1.02307,0
SIM_VIB_04396,0.50495,19.0976,1.80123,1
SIM_VIB_04397,0.7044,39.3817,1.38787,1
SIM_VIB_04398,0.49856,29.5156,2.29875,1
SIM_VIB_04399,0.7763,36.3545,1.69317,1
SIM_VIB_04400,0.27616,11.4076,0.52124,0
SIM_VIB_04401,0.13423,18.4233,0.35024,0
SIM_VIB_04402,1.69452,66.2508,5.53268,1
SIM_VIB_04403,0.9703,39.2629,4.61605,1
SIM_VIB_04404,1.32502,62.9946,4.00487,1
SIM_VIB_04405,0.14239,6.4176,0.30009,0
SIM_VIB_04406,0.13543,7.7043,0.39945,0
SIM_VIB_04407,0.07373,4.7552,0.44773,0
SIM_VIB_04408,0.67122,19.6353,1.89023,1
SIM_VIB_04409,0.10254,9.545,0.42828,0
SIM_VIB_04410,0.03,3.1815,0.66933,0
SIM_VIB_04411,0.24041,10.0924,0.58351,0
SIM_VIB_04412,0.3364,13.0403,0.98342,0
SIM_VIB_04413,0.348,8.8783,1.03856,0
SIM_VIB_04414,1.0225,21.8045,3.20499,1
SIM_VIB_04415,0.29616,5.5372,0.94573,0
SIM_VIB_04416,1.14666,37.8388,2.48033,1
SIM_VIB_04417,0.63465,14.575,1.33596,1
SIM_VIB_04418,0.12066,5.2215,0.42109,0
SIM_VIB_04419,0.12221,13.0128,0.41773,0
SIM_VIB_04420,0.35031,6.0657,0.96648,0
SIM_VIB_04421,0.23807,15.4385,0.6051,0
SIM_VIB_04422,0.61733,17.2955,1.49566,1
SIM_VIB_04423,0.83684,16.4014,2.52754,1
SIM_VIB_04424,0.23562,4.9979,0.37325,0
SIM_VIB_04425,0.76798,7.3932,1.98826,1
SIM_VIB_04426,2.28957,40.8145,6.29996,1
SIM_VIB_04427,0.29686,11.022,0.84077,0
SIM_VIB_04428,0.11997,14.1238,0.37175,0
SIM_VIB_04429,0.2609,4.6983,0.96602,0
SIM_VIB_04430,0.74841,35.6637,1.67313,1
SIM_VIB_04431,0.16465,11.2801,0.42164,0
SIM_VIB_04432,0.23365,10.55,0.63662,0
SIM_VIB_04433,0.28958,4.4469,0.93404,0
SIM_VIB_04434,0.078,4.9519,0.33515,0
SIM_VIB_04435,0.35179,3.0044,0.90837,0
SIM_VIB_04436,0.95304,22.5393,1.8297,1
SIM_VIB_04437,1.87609,48.8353,5.22826,1
SIM_VIB_04438,1.01955,30.904,2.70971,1
SIM_VIB_04439,0.81088,26.4194,2.70675,1
SIM_VIB_04440,0.25,14.8123,1.3465,1
SIM_VIB_04441,0.19579,2.1735,0.63672,0
SIM_VIB_04442,0.97054,7.2949,2.33119,1
SIM_VIB_04443,0.2777,16.8585,0.74021,0
SIM_VIB_04444,1.58001,52.7579,4.82799,1
SIM_VIB_04445,0.30474,28.7897,1.24955,1
SIM_VIB_04446,2.58961,33.6892,6.07617,1
SIM_VIB_04447,0.15727,11.4947,0.35213,0
SIM_VIB_04448,0.15788,10.9556,0.49129,0
SIM_VIB_04449,0.31308,13.2021,0.56543,0
SIM_VIB_04450,0.77131,26.6042,1.544,1
SIM_VIB_04451,0.29789,13.3165,0.6372,0
SIM_VIB_04452,0.90402,14.6841,2.64328,1
SIM_VIB_04453,0.16683,9.133,0.47211,0
SIM_VIB_04454,0.3196,15.7751,0.7741,0
SIM_VIB_04455,1.88021,39.8202,4.56144,1
SIM_VIB_04456,0.5841,12.8898,1.20501,1
SIM_VIB_04457,0.24757,6.565,0.61897,0
SIM_VIB_04458,1.14246,49.7755,4.94896,1
SIM_VIB_04459,0.18838,6.0772,0.64616,0
SIM_VIB_04460,0.08367,9.539,0.27888,0
SIM_VIB_04461,0.75101,14.5392,2.2735,1
SIM_VIB_04462,0.34174,7.951,0.76307,0
SIM_VIB_04463,0.18117,6.5576,0.58305,0
SIM_VIB_04464,0.73942,45.3891,1.63232,1
SIM_VIB_04465,0.68331,61.0768,3.70015,1
SIM_VIB_04466,0.20197,11.9982,0.65401,0
SIM_VIB_04467,0.25302,13.9078,0.69952,0
SIM_VIB_04468,0.2487,18.7839,0.74263,0
SIM_VIB_04469,0.21865,12.4187,0.73324,0
SIM_VIB_04470,0.2792,7.5212,0.91173,0
SIM_VIB_04471,0.70771,25.7818,1.78027,1
SIM_VIB_04472,0.13117,5.9774,0.42802,0
SIM_VIB_04473,0.28326,6.1435,0.94336,0
SIM_VIB_04474,0.2358,10.7071,0.45552,0
SIM_VIB_04475,0.89208,32.8784,2.34731,1
SIM_VIB_04476,0.16553,6.4897,0.50609,0
SIM_VIB_04477,0.09047,17.2816,0.64072,0
SIM_VIB_04478,0.24311,6.4359,0.72532,0
SIM_VIB_04479,0.26235,8.3615,0.79286,0
SIM_VIB_04480,0.14362,15.0781,0.35161,0
SIM_VIB_04481,0.21076,9.346,0.66679,0
SIM_VIB_04482,2.19922,37.7789,7.36719,1
SIM_VIB_04483,0.13101,10.2782,0.53701,0
SIM_VIB_04484,0.30179,5.0253,0.75297,0
SIM_VIB_04485,0.22544,12.4727,0.60227,0
SIM_VIB_04486,0.09737,8.1736,0.65043,0
SIM_VIB_04487,0.21456,11.4282,0.44196,0
SIM_VIB_04488,0.21332,3.115,0.62938,0
SIM_VIB_04489,0.59539,30.7241,1.89393,1
SIM_VIB_04490,0.07538,11.5224,0.61709,0
SIM_VIB_04491,0.25078,7.4339,0.55074,0
SIM_VIB_04492,0.2299,10.7553,0.60941,0
SIM_VIB_04493,0.19001,14.1882,0.42498,0
SIM_VIB_04494,1.55592,43.5189,5.22569,1
SIM_VIB_04495,0.19528,13.0081,0.91745,0
SIM_VIB_04496,1.76724,35.3967,3.36857,1
SIM_VIB_04497,0.17722,10.9212,0.51082,0
SIM_VIB_04498,1.53814,42.8326,5.21921,1
SIM_VIB_04499,0.19681,9.6317,0.59579,0
SIM_VIB_04500,0.20105,11.51,0.43428,0
SIM_VIB_04501,0.15574,5.9575,0.58068,0
SIM_VIB_04502,0.2727,6.2677,0.56519,0
SIM_VIB_04503,0.23884,6.0897,0.60078,0
SIM_VIB_04504,0.1991,9.8209,0.57321,0
SIM_VIB_04505,0.1642,11.4269,0.56842,0
SIM_VIB_04506,0.30548,3.6582,0.83148,0
SIM_VIB_04507,0.63947,20.2579,1.65484,1
SIM_VIB_04508,1.64047,69.2423,5.04696,1
SIM_VIB_04509,1.17484,10.8418,3.21418,1
SIM_VIB_04510,0.26367,11.3294,0.57258,0
SIM_VIB_04511,0.13312,12.9079,0.85598,0
SIM_VIB_04512,2.12259,22.7675,4.83273,1
SIM_VIB_04513,1.48132,48.8872,3.88127,1
SIM_VIB_04514,0.15972,10.4448,0.551,0
SIM_VIB_04515,0.22129,5.1467,0.65333,0
SIM_VIB_04516,0.81835,18.8678,2.08888,1
SIM_VIB_04517,0.49844,16.9127,2.46596,1
SIM_VIB_04518,0.76174,21.3151,1.82616,1
SIM_VIB_04519,0.17331,12.0361,0.59054,0
SIM_VIB_04520,0.31432,8.748,0.62102,0
SIM_VIB_04521,0.87465,27.248,2.07357,1
SIM_VIB_04522,0.23895,15.0486,0.72299,0
SIM_VIB_04523,0.32073,13.5381,0.79291,0
SIM_VIB_04524,0.12787,8.586,0.40856,0
SIM_VIB_04525,0.17864,11.8176,0.66301,0
SIM_VIB_04526,0.98189,20.0235,3.15967,1
SIM_VIB_04527,0.24004,7.6049,0.73824,0
SIM_VIB_04528,0.90962,61.2146,4.36122,1
SIM_VIB_04529,1.32895,46.0569,2.85839,1
SIM_VIB_04530,0.38845,33.2636,1.79583,1
SIM_VIB_04531,0.9376,25.8164,2.99802,1
SIM_VIB_04532,0.1072,11.0456,0.81221,0
SIM_VIB_04533,2.12019,36.8478,6.65994,1
SIM_VIB_04534,0.32409,6.6172,1.13107,0
SIM_VIB_04535,0.18465,9.8956,0.71841,0
SIM_VIB_04536,0.16421,6.3948,0.45922,0
SIM_VIB_04537,1.52732,46.3696,4.21336,1
SIM_VIB_04538,0.31724,7.3806,0.91863,0
SIM_VIB_04539,0.60978,14.8537,1.09758,1
SIM_VIB_04540,0.21019,10.0012,0.54637,0
SIM_VIB_04541,0.12197,8.4389,0.82398,0
SIM_VIB_04542,0.03794,4.8655,0.13273,0
SIM_VIB_04543,0.17995,11.9611,0.56624,0
SIM_VIB_04544,0.21088,7.9456,0.73673,0
SIM_VIB_04545,0.17023,6.0052,0.56589,0
SIM_VIB_04546,0.78537,24.0549,2.57348,1
SIM_VIB_04547,0.72786,8.2187,2.21215,1
SIM_VIB_04548,0.14002,13.178,0.6037,0
SIM_VIB_04549,0.27885,14.1523,0.59316,0
SIM_VIB_04550,1.72057,36.6778,3.75942,1
SIM_VIB_04551,0.29769,4.2377,0.63207,0
SIM_VIB_04552,0.18864,8.787,0.73739,0
SIM_VIB_04553,0.3914,9.5088,1.55239,1
SIM_VIB_04554,0.49679,16.748,1.23623,1
SIM_VIB_04555,0.25729,17.2601,0.58111,0
SIM_VIB_04556,1.65581,56.5242,3.78169,1
SIM_VIB_04557,0.24648,15.0064,0.54802,0
SIM_VIB_04558,0.29965,11.4898,1.0106,0
SIM_VIB_04559,0.10231,12.3955,0.12446,0
SIM_VIB_04560,0.23358,11.2375,0.67763,0
SIM_VIB_04561,1.03122,24.6838,3.48612,1
SIM_VIB_04562,0.31808,11.3463,0.95359,0
SIM_VIB_04563,0.32348,9.6658,0.81726,0
SIM_VIB_04564,1.98776,35.5759,4.76825,1
SIM_VIB_04565,0.21587,12.5351,0.55351,0
SIM_VIB_04566,0.32466,1.0164,1.02693,0
SIM_VIB_04567,0.18733,6.0589,0.56612,0
SIM_VIB_04568,0.8772,20.0073,2.66966,1
SIM_VIB_04569,0.67142,31.9258,1.9059,1
SIM_VIB_04570,0.28004,3.4419,0.65014,0
SIM_VIB_04571,0.23691,5.8122,0.74414,0
SIM_VIB_04572,0.29752,9.0269,0.99054,0
SIM_VIB_04573,0.20119,3.551,0.68276,0
SIM_VIB_04574,0.18476,11.576,0.33495,0
SIM_VIB_04575,0.31522,7.3708,0.7664,0
SIM_VIB_04576,0.24567,9.2852,0.75338,0
SIM_VIB_04577,0.03,6.5202,0.38118,0
SIM_VIB_04578,1.91416,62.7501,4.57462,1
SIM_VIB_04579,0.14445,10.5174,0.45953,0
SIM_VIB_04580,0.24261,13.1803,0.66814,0
SIM_VIB_04581,0.19443,11.8764,0.44486,0
SIM_VIB_04582,0.19382,10.7498,0.56511,0
SIM_VIB_04583,0.69031,11.7474,2.29136,1
SIM_VIB_04584,0.0532,8.1826,0.54695,0
SIM_VIB_04585,0.19923,13.3349,0.48015,0
SIM_VIB_04586,0.12793,5.3418,0.29445,0
SIM_VIB_04587,0.74404,24.7046,1.8783,1
SIM_VIB_04588,0.07105,4.9844,0.31843,0
SIM_VIB_04589,0.63763,5.0,1.79282,1
SIM_VIB_04590,0.286,5.4376,0.95362,0
SIM_VIB_04591,0.14673,12.309,0.44228,0
SIM_VIB_04592,0.3305,9.0852,0.82803,0
SIM_VIB_04593,0.13253,9.2364,0.39826,0
SIM_VIB_04594,0.19034,10.4871,0.48512,0
SIM_VIB_04595,0.29035,11.5805,0.76768,0
SIM_VIB_04596,0.22524,6.3537,0.6961,0
SIM_VIB_04597,0.25678,8.1271,0.59669,0
SIM_VIB_04598,0.20942,6.867,0.65119,0
SIM_VIB_04599,0.7394,6.9916,1.65002,1
SIM_VIB_04600,0.26333,20.6691,0.79188,1
SIM_VIB_04601,0.15615,9.6669,0.52175,0
SIM_VIB_04602,1.18699,45.1171,3.02557,1
SIM_VIB_04603,0.65,38.8269,3.23625,1
SIM_VIB_04604,0.14612,8.3003,0.65659,0
SIM_VIB_04605,0.21122,8.0901,0.67528,0
SIM_VIB_04606,0.57363,32.8731,2.25947,1
SIM_VIB_04607,0.21555,8.6006,0.44905,0
SIM_VIB_04608,0.30393,9.041,0.85804,0
SIM_VIB_04609,0.25798,7.1534,0.71658,0
SIM_VIB_04610,0.99787,19.0177,2.91102,1
SIM_VIB_04611,0.18677,7.5333,0.57474,0
SIM_VIB_04612,0.18825,12.752,0.43064,0
SIM_VIB_04613,0.76624,54.8517,3.97959,1
SIM_VIB_04614,0.15113,10.472,0.46065,0
SIM_VIB_04615,0.20052,13.9566,0.55615,0
SIM_VIB_04616,0.28135,10.5737,0.86321,0
SIM_VIB_04617,0.25,23.4718,1.70807,1
SIM_VIB_04618,0.17584,9.0955,0.49925,0
SIM_VIB_04619,0.34136,9.8886,1.94675,1
SIM_VIB_04620,0.88842,41.1673,2.40283,1
SIM_VIB_04621,0.36269,16.7304,1.82048,1
SIM_VIB_04622,0.77435,20.9313,2.33304,1
SIM_VIB_04623,0.89064,18.2548,1.81654,1
SIM_VIB_04624,0.22807,3.6544,0.55056,0
SIM_VIB_04625,0.28366,11.6651,0.99867,0
SIM_VIB_04626,0.22576,10.2284,0.66247,0
SIM_VIB_04627,0.10849,12.9611,0.38605,0
SIM_VIB_04628,0.24532,4.8944,0.68573,0
SIM_VIB_04629,0.39034,9.344,1.01783,0
SIM_VIB_04630,1.55726,56.8517,4.64048,1
SIM_VIB_04631,0.59768,15.8948,1.69952,1
SIM_VIB_04632,0.27276,1.0,0.74575,0
SIM_VIB_04633,0.87019,18.0866,1.73619,1
SIM_VIB_04634,0.17968,5.9919,0.45159,0
SIM_VIB_04635,0.80362,31.4715,2.61773,1
SIM_VIB_04636,0.60566,20.5946,1.68917,1
SIM_VIB_04637,0.22739,9.9451,0.80352,0
SIM_VIB_04638,0.82797,31.2946,2.35305,1
SIM_VIB_04639,0.11495,5.5179,0.53485,0
SIM_VIB_04640,0.20727,1.6359,0.43821,0
SIM_VIB_04641,0.15178,5.8384,0.72054,0
SIM_VIB_04642,0.09041,9.1162,0.51351,0
SIM_VIB_04643,0.31419,14.4104,0.81857,0
SIM_VIB_04644,0.22323,9.6638,0.68446,0
SIM_VIB_04645,0.19895,7.8329,0.90869,0
SIM_VIB_04646,2.142,21.7467,6.82063,1
SIM_VIB_04647,0.82024,16.323,2.01706,1
SIM_VIB_04648,0.28159,15.4436,0.9882,0
SIM_VIB_04649,0.19457,4.775,0.49998,0
SIM_VIB_04650,0.23626,11.8405,0.84462,0
SIM_VIB_04651,0.90643,16.7235,1.90175,1
SIM_VIB_04652,0.15404,9.9494,0.81468,0
SIM_VIB_04653,0.70556,24.9655,2.10828,1
SIM_VIB_04654,0.74452,35.0538,1.81982,1
SIM_VIB_04655,0.24074,10.6627,0.51127,0
SIM_VIB_04656,1.41985,44.4671,3.37102,1
SIM_VIB_04657,0.19829,13.5255,0.67874,0
SIM_VIB_04658,0.07247,13.2365,0.64214,0
SIM_VIB_04659,0.15598,5.5992,0.69828,0
SIM_VIB_04660,0.15547,8.5197,0.46202,0
SIM_VIB_04661,0.92906,25.1678,3.97585,1
SIM_VIB_04662,0.11709,1.0,0.51419,0
SIM_VIB_04663,0.71926,12.8432,2.23984,1
SIM_VIB_04664,0.14882,6.732,0.48536,0
SIM_VIB_04665,0.24477,8.9691,0.60183,0
SIM_VIB_04666,0.03383,8.3392,0.62943,0
SIM_VIB_04667,1.87,51.0825,5.53616,1
SIM_VIB_04668,0.90642,17.6258,2.66792,1
SIM_VIB_04669,0.22247,9.6826,0.75095,0
SIM_VIB_04670,0.03,3.3095,0.90114,0
SIM_VIB_04671,0.16031,7.8381,0.58483,0
SIM_VIB_04672,0.63758,16.0181,2.05332,1
SIM_VIB_04673,0.13675,6.3265,0.62242,0
SIM_VIB_04674,0.58588,28.8297,1.91789,1
SIM_VIB_04675,0.94482,37.8776,3.17435,1
SIM_VIB_04676,0.03519,10.1338,0.29552,0
SIM_VIB_04677,0.78581,5.0,2.23898,1
SIM_VIB_04678,1.58911,24.0052,4.79764,1
SIM_VIB_04679,0.25,19.4397,1.80551,1
SIM_VIB_04680,0.20563,10.0128,0.58004,0
SIM_VIB_04681,0.23325,8.2356,0.61238,0
SIM_VIB_04682,0.28971,14.6924,0.90425,0
SIM_VIB_04683,2.16053,47.5513,4.65558,1
SIM_VIB_04684,2.04074,50.1912,5.15546,1
SIM_VIB_04685,1.01719,21.986,3.43939,1
SIM_VIB_04686,0.78812,24.9376,2.41703,1
SIM_VIB_04687,1.73523,40.5482,3.76631,1
SIM_VIB_04688,0.19754,2.1676,0.60443,0
SIM_VIB_04689,0.15804,6.7408,0.73917,0
SIM_VIB_04690,1.75956,31.43,4.3973,1
SIM_VIB_04691,0.72199,19.4186,2.18283,1
SIM_VIB_04692,0.76515,19.7971,2.08357,1
SIM_VIB_04693,0.31242,9.2724,1.12024,0
SIM_VIB_04694,0.30022,6.072,1.05139,0
SIM_VIB_04695,0.95786,20.6784,2.96913,1
SIM_VIB_04696,0.25422,6.9135,0.75723,0
SIM_VIB_04697,1.48006,21.2778,3.90522,1
SIM_VIB_04698,0.61213,17.2838,2.13885,1
SIM_VIB_04699,0.62829,17.2287,1.67279,1
SIM_VIB_04700,0.17854,5.9778,0.80492,0
SIM_VIB_04701,0.19877,11.8793,0.85917,0
SIM_VIB_04702,1.62525,30.8683,5.38677,1
SIM_VIB_04703,0.27991,4.4148,0.79722,0
SIM_VIB_04704,0.80729,27.928,3.62288,1
SIM_VIB_04705,0.31122,19.8422,0.97582,0
SIM_VIB_04706,0.6219,10.3302,1.81181,1
SIM_VIB_04707,0.26548,10.7397,0.7415,0
SIM_VIB_04708,0.36283,9.2915,1.12632,0
SIM_VIB_04709,0.25569,3.6244,0.59537,0
SIM_VIB_04710,0.65477,22.0761,1.64657,1
SIM_VIB_04711,1.00462,45.4983,4.07776,1
SIM_VIB_04712,0.28807,16.1629,0.76425,0
SIM_VIB_04713,0.54378,7.3061,1.47001,1
SIM_VIB_04714,0.46651,24.6155,1.37857,1
SIM_VIB_04715,0.7416,28.0955,1.54569,1
SIM_VIB_04716,0.29522,4.5737,0.7836,0
SIM_VIB_04717,0.08537,9.0595,0.45903,0
SIM_VIB_04718,0.32216,9.7499,0.71543,0
SIM_VIB_04719,1.2339,35.0634,3.74692,1
SIM_VIB_04720,0.26441,9.6092,0.60685,0
SIM_VIB_04721,0.18604,6.9582,0.69194,0
SIM_VIB_04722,0.1811,12.0311,0.601,0
SIM_VIB_04723,0.33466,12.4425,0.72374,0
SIM_VIB_04724,0.51337,15.0511,1.17148,1
SIM_VIB_04725,0.54006,9.2219,1.46969,1
SIM_VIB_04726,0.16959,16.6945,0.48489,0
SIM_VIB_04727,0.22092,8.2015,0.74915,0
SIM_VIB_04728,0.31703,13.584,0.96863,0
SIM_VIB_04729,1.04415,5.0,3.16136,1
SIM_VIB_04730,0.27652,13.8859,0.57567,0
SIM_VIB_04731,0.70861,29.3206,1.6472,1
SIM_VIB_04732,0.54494,21.221,1.55867,1
SIM_VIB_04733,0.24161,11.1452,0.72815,0
SIM_VIB_04734,1.23345,28.9134,3.85563,1
SIM_VIB_04735,0.15425,8.9132,0.63766,0
SIM_VIB_04736,0.23466,7.6824,0.59877,0
SIM_VIB_04737,0.22494,5.8754,0.74674,0
SIM_VIB_04738,0.17178,9.0295,0.36644,0
SIM_VIB_04739,1.75626,24.1316,4.62356,1
SIM_VIB_04740,0.30528,6.0923,0.8678,0
SIM_VIB_04741,0.76043,22.5237,2.40884,1
SIM_VIB_04742,0.14573,10.8223,0.68571,0
SIM_VIB_04743,0.26081,11.6909,0.61415,0
SIM_VIB_04744,0.9603,29.5817,2.30344,1
SIM_VIB_04745,0.3199,10.5598,1.06626,0
SIM_VIB_04746,1.24024,37.6885,5.01916,1
SIM_VIB_04747,0.87415,20.1038,2.65285,1
SIM_VIB_04748,0.60251,15.9832,1.65554,1
SIM_VIB_04749,1.48791,55.1067,4.03979,1
SIM_VIB_04750,0.15272,6.8621,0.32792,0
SIM_VIB_04751,0.2174,4.0302,0.46612,0
SIM_VIB_04752,1.55014,17.4303,4.45893,1
SIM_VIB_04753,0.30199,14.404,0.95691,0
SIM_VIB_04754,0.03,8.4957,0.61914,0
SIM_VIB_04755,0.22555,11.2884,0.57753,0
SIM_VIB_04756,0.26304,7.6259,0.59704,0
SIM_VIB_04757,0.41019,9.6059,1.74699,1
SIM_VIB_04758,0.67197,58.9467,4.35627,1
SIM_VIB_04759,0.22452,7.6874,0.83135,0
SIM_VIB_04760,0.82632,19.692,2.55162,1
SIM_VIB_04761,0.81111,24.9103,1.68303,1
SIM_VIB_04762,0.28095,14.4153,0.84244,0
SIM_VIB_04763,1.15084,25.5552,2.3757,1
SIM_VIB_04764,1.58415,46.1678,3.30423,1
SIM_VIB_04765,0.27946,2.7766,0.8749,0
SIM_VIB_04766,0.25743,5.4156,0.48199,0
SIM_VIB_04767,0.73064,19.8225,1.99371,1
SIM_VIB_04768,0.22414,10.2696,0.55358,0
SIM_VIB_04769,0.23139,3.5559,0.43412,0
SIM_VIB_04770,1.24099,65.6358,3.29516,1
SIM_VIB_04771,1.83752,23.6222,4.04485,1
SIM_VIB_04772,0.14396,9.0494,0.5597,0
SIM_VIB_04773,0.14104,13.6195,0.29097,0
SIM_VIB_04774,0.21724,2.4168,0.47225,0
SIM_VIB_04775,0.24629,8.3953,0.67185,0
SIM_VIB_04776,0.12202,3.279,0.39767,0
SIM_VIB_04777,0.25262,10.4215,0.86813,0
SIM_VIB_04778,0.05325,9.2824,0.47207,0
SIM_VIB_04779,0.0916,8.2782,0.48634,0
SIM_VIB_04780,0.19991,17.425,0.47705,0
SIM_VIB_04781,0.04822,11.3126,0.68202,0
SIM_VIB_04782,0.67648,22.9087,1.92293,1
SIM_VIB_04783,0.30306,9.5468,0.60835,0
SIM_VIB_04784,0.52262,30.4881,1.74668,1
SIM_VIB_04785,0.23463,4.1939,0.75998,0
SIM_VIB_04786,0.35949,2.1756,0.99167,0
SIM_VIB_04787,0.14151,1.9515,0.24711,0
SIM_VIB_04788,0.79939,38.2429,1.80146,1
SIM_VIB_04789,0.28606,5.2315,0.8822,0
SIM_VIB_04790,0.44898,10.9577,2.1726,1
SIM_VIB_04791,0.33207,13.0513,1.07579,0
SIM_VIB_04792,0.25632,1.0,0.79396,0
SIM_VIB_04793,0.09064,16.3858,0.46865,0
SIM_VIB_04794,0.73451,24.9566,2.13477,1
SIM_VIB_04795,0.13307,10.1025,0.46142,0
SIM_VIB_04796,1.07386,18.1955,4.20691,1
SIM_VIB_04797,1.64779,43.2596,4.43573,1
SIM_VIB_04798,0.20256,4.6043,0.58892,0
SIM_VIB_04799,0.69365,48.7218,3.67587,1
SIM_VIB_04800,0.16973,5.4975,0.31937,0
SIM_VIB_04801,1.25448,45.4317,3.93316,1
SIM_VIB_04802,0.10624,11.9776,0.65696,0
SIM_VIB_04803,0.69236,19.9145,1.8285,1
SIM_VIB_04804,0.47185,25.4108,1.90064,1
SIM_VIB_04805,1.64142,24.6391,5.33221,1
SIM_VIB_04806,0.18987,6.2043,0.80745,0
SIM_VIB_04807,0.1325,11.7136,0.55569,0
SIM_VIB_04808,0.21311,11.1885,0.53205,0
SIM_VIB_04809,0.90294,22.0215,1.99813,1
SIM_VIB_04810,0.03,6.948,0.4795,0
SIM_VIB_04811,0.29899,9.3652,0.84902,0
SIM_VIB_04812,0.37527,11.0893,0.96924,0
SIM_VIB_04813,0.93879,8.2696,2.99226,1
SIM_VIB_04814,0.52349,23.4023,1.39202,1
SIM_VIB_04815,0.43374,7.1846,0.90136,0
SIM_VIB_04816,0.20279,5.8976,0.5368,0
SIM_VIB_04817,0.22096,12.5026,0.73929,0
SIM_VIB_04818,0.51116,12.6296,1.3159,1
SIM_VIB_04819,0.31602,5.1328,0.97645,0
SIM_VIB_04820,0.12703,3.3131,0.62663,0
SIM_VIB_04821,0.77612,32.2252,1.66794,1
SIM_VIB_04822,0.28708,8.7398,0.90823,0
SIM_VIB_04823,0.39495,40.0909,1.6588,1
SIM_VIB_04824,0.66058,33.0431,1.20051,1
SIM_VIB_04825,0.26916,8.4541,0.84759,0
SIM_VIB_04826,1.34089,25.9716,3.82107,1
SIM_VIB_04827,0.28437,11.0019,0.66246,0
SIM_VIB_04828,1.75321,64.8204,3.96875,1
SIM_VIB_04829,0.63363,25.5198,1.1558,1
SIM_VIB_04830,1.29986,44.6638,3.04251,1
SIM_VIB_04831,0.26402,4.7329,0.9052,0
SIM_VIB_04832,0.17951,11.5217,0.4891,0
SIM_VIB_04833,0.21464,3.313,0.55917,0
SIM_VIB_04834,0.28523,9.8753,0.80904,0
SIM_VIB_04835,1.96153,39.0071,5.55137,1
SIM_VIB_04836,0.83554,27.7066,1.52939,1
SIM_VIB_04837,0.12978,11.1153,0.60447,0
SIM_VIB_04838,0.30384,16.0912,0.70769,0
SIM_VIB_04839,0.1148,11.503,0.66116,0
SIM_VIB_04840,1.59594,44.642,4.98698,1
SIM_VIB_04841,0.18237,11.4932,0.56929,0
SIM_VIB_04842,0.69325,19.7045,1.61825,1
SIM_VIB_04843,0.27634,16.0435,0.66213,0
SIM_VIB_04844,0.3057,1.0,0.70371,0
SIM_VIB_04845,0.26507,6.4457,0.69103,0
SIM_VIB_04846,0.66254,17.353,1.74209,1
SIM_VIB_04847,0.19749,7.2488,0.73588,0
SIM_VIB_04848,0.24687,1.0,0.85417,0
SIM_VIB_04849,0.26432,12.7655,0.74342,0
SIM_VIB_04850,0.14448,11.2656,0.34754,0
SIM_VIB_04851,1.542,36.6145,5.04461,1
SIM_VIB_04852,0.18204,8.1377,0.86127,0
SIM_VIB_04853,0.11761,8.4511,0.29379,0
SIM_VIB_04854,1.30313,39.442,4.33306,1
SIM_VIB_04855,0.21666,13.9588,0.71503,0
SIM_VIB_04856,0.18228,9.2246,0.51988,0
SIM_VIB_04857,1.18865,45.267,2.67427,1
SIM_VIB_04858,0.72709,28.4058,1.51658,1
SIM_VIB_04859,1.77174,46.3026,5.90055,1
SIM_VIB_04860,0.24086,8.0235,0.5693,0
SIM_VIB_04861,0.23295,6.8705,0.55276,0
SIM_VIB_04862,0.14679,12.3987,0.5034,0
SIM_VIB_04863,0.17913,4.1479,0.49446,0
SIM_VIB_04864,0.03754,3.0174,0.29203,0
SIM_VIB_04865,0.25614,6.2898,0.74465,0
SIM_VIB_04866,1.26769,54.1006,4.63056,1
SIM_VIB_04867,0.23106,4.852,0.71168,0
SIM_VIB_04868,0.18138,7.1664,0.49514,0
SIM_VIB_04869,0.27633,9.1999,0.85208,0
SIM_VIB_04870,0.22563,8.4647,0.67217,0
SIM_VIB_04871,0.7776,34.4682,2.08372,1
SIM_VIB_04872,0.45618,15.8867,1.58113,1
SIM_VIB_04873,0.31019,9.0868,0.8918,0
SIM_VIB_04874,0.24435,7.7826,0.46241,0
SIM_VIB_04875,0.89761,39.536,1.57677,1
SIM_VIB_04876,0.99682,9.0677,2.04756,1
SIM_VIB_04877,0.18329,8.4784,0.56778,0
SIM_VIB_04878,0.19273,9.3139,0.57597,0
SIM_VIB_04879,0.19953,1.0,0.60036,0
SIM_VIB_04880,1.77876,37.8752,4.47279,1
SIM_VIB_04881,0.26838,13.4713,0.64198,0
SIM_VIB_04882,0.12878,11.2011,0.56566,0
SIM_VIB_04883,0.62745,12.3301,1.71553,1
SIM_VIB_04884,1.44724,12.0,4.14335,1
SIM_VIB_04885,2.02806,33.2874,4.13609,1
SIM_VIB_04886,0.24906,7.6299,0.76978,0
SIM_VIB_04887,0.56844,11.4728,1.78108,1
SIM_VIB_04888,0.25126,9.2631,0.61457,0
SIM_VIB_04889,0.35985,6.9937,1.00816,1
SIM_VIB_04890,0.75117,20.0284,1.89646,1
SIM_VIB_04891,0.77678,11.9939,1.70666,1
SIM_VIB_04892,1.80713,64.2853,3.99926,1
SIM_VIB_04893,1.73021,31.3346,4.76058,1
SIM_VIB_04894,0.72533,21.9958,1.396,1
SIM_VIB_04895,1.63753,39.0831,5.31605,1
SIM_VIB_04896,1.32685,48.1652,3.28845,1
SIM_VIB_04897,0.67762,18.6045,1.29442,1
SIM_VIB_04898,0.15647,6.512,0.50795,0
SIM_VIB_04899,2.24166,38.4006,5.40944,1
SIM_VIB_04900,0.89441,52.4543,3.05729,1
SIM_VIB_04901,0.1769,14.5315,0.64176,0
SIM_VIB_04902,1.02376,58.6357,3.01551,1
SIM_VIB_04903,0.60815,17.4322,1.86526,1
SIM_VIB_04904,0.25582,10.3793,0.57779,0
SIM_VIB_04905,0.3326,6.005,1.05664,0
SIM_VIB_04906,0.29012,15.9257,0.96366,0
SIM_VIB_04907,0.27087,11.2792,0.7072,0
SIM_VIB_04908,0.24418,14.0591,0.41367,0
SIM_VIB_04909,0.75199,17.6283,1.55515,1
SIM_VIB_04910,0.96485,15.7473,2.69267,1
SIM_VIB_04911,0.25801,6.0984,0.51804,0
SIM_VIB_04912,0.69823,67.382,3.15432,1
SIM_VIB_04913,0.13411,9.6549,0.57974,0
SIM_VIB_04914,0.21201,10.3558,0.70788,0
SIM_VIB_04915,0.16606,3.6864,0.66124,0
SIM_VIB_04916,0.22428,9.5622,0.75687,0
SIM_VIB_04917,0.29555,10.9528,0.73445,0
SIM_VIB_04918,0.049,11.3574,0.42595,0
SIM_VIB_04919,0.27063,12.8796,0.6189,0
SIM_VIB_04920,0.24191,2.5245,0.64508,0
SIM_VIB_04921,1.1272,18.5256,3.24065,1
SIM_VIB_04922,0.24425,18.5895,0.58133,0
SIM_VIB_04923,0.19735,4.033,0.8036,0
SIM_VIB_04924,0.24815,7.3067,0.91984,0
SIM_VIB_04925,1.48108,49.5367,4.34829,1
SIM_VIB_04926,0.21698,12.9895,0.38206,0
SIM_VIB_04927,0.16979,17.4803,0.40738,0
SIM_VIB_04928,0.18466,7.3877,0.52856,0
SIM_VIB_04929,1.30043,61.4664,3.80277,1
SIM_VIB_04930,0.33706,9.9138,1.02085,0
SIM_VIB_04931,1.20419,14.3609,2.77434,1
SIM_VIB_04932,0.03,14.6447,0.51963,0
SIM_VIB_04933,0.82413,22.4212,2.22868,1
SIM_VIB_04934,0.20506,9.5918,0.33755,0
SIM_VIB_04935,0.12643,14.7573,0.30715,0
SIM_VIB_04936,0.21059,3.438,0.62344,0
SIM_VIB_04937,0.2037,8.2576,0.5738,0
SIM_VIB_04938,0.24995,7.8191,0.53222,0
SIM_VIB_04939,0.28149,8.0768,0.5278,0
SIM_VIB_04940,1.70049,57.1151,4.18216,1
SIM_VIB_04941,0.38087,6.0881,1.03399,0
SIM_VIB_04942,1.33435,38.813,3.82388,1
SIM_VIB_04943,0.27918,3.621,0.67702,0
SIM_VIB_04944,0.29999,11.068,0.65682,0
SIM_VIB_04945,0.27996,21.8326,0.57478,0
SIM_VIB_04946,0.05494,8.7977,0.85753,0
SIM_VIB_04947,0.16975,8.3406,0.31396,0
SIM_VIB_04948,0.91307,25.0116,2.24212,1
SIM_VIB_04949,0.19257,7.1902,0.54267,0
SIM_VIB_04950,1.55939,41.9802,4.29825,1
SIM_VIB_04951,1.35503,53.5671,2.93092,1
SIM_VIB_04952,0.24271,5.0824,0.58993,0
SIM_VIB_04953,0.64606,38.5421,2.20739,1
SIM_VIB_04954,0.22502,8.9684,0.46739,0
SIM_VIB_04955,0.26629,5.2458,0.63796,0
SIM_VIB_04956,0.2513,5.3073,0.74593,0
SIM_VIB_04957,1.4799,46.8239,3.31693,1
SIM_VIB_04958,0.20083,8.5093,0.62664,0
SIM_VIB_04959,0.08501,14.1312,0.30966,0
SIM_VIB_04960,0.81756,28.277,2.73626,1
SIM_VIB_04961,0.72906,23.2412,2.35129,1
SIM_VIB_04962,0.25373,7.3209,0.63952,0
SIM_VIB_04963,0.20093,9.7052,0.58873,0
SIM_VIB_04964,0.59594,30.5211,1.15414,1
SIM_VIB_04965,2.30924,45.2143,4.95113,1
SIM_VIB_04966,0.26925,7.4028,0.82821,0
SIM_VIB_04967,0.97889,40.6771,2.76373,1
SIM_VIB_04968,0.23947,10.3268,0.76729,0
SIM_VIB_04969,0.21991,10.6539,0.46515,0
SIM_VIB_04970,0.23258,10.9446,0.67823,0
SIM_VIB_04971,0.78469,28.8863,1.7104,1
SIM_VIB_04972,0.3035,14.0984,0.76671,0
SIM_VIB_04973,0.20749,14.0215,0.60059,0
SIM_VIB_04974,0.29541,10.9189,0.91485,0
SIM_VIB_04975,0.44139,4.5137,1.15818,0
SIM_VIB_04976,0.08212,12.9798,0.49486,0
SIM_VIB_04977,0.38614,8.5497,1.27097,0
SIM_VIB_04978,0.25603,1.0,0.56133,0
SIM_VIB_04979,0.24295,11.2166,0.73836,0
SIM_VIB_04980,0.30647,7.7564,0.90651,0
SIM_VIB_04981,0.32829,9.0207,0.65579,0
SIM_VIB_04982,0.22954,8.4485,0.68637,0
SIM_VIB_04983,0.16197,8.0613,0.54721,0
SIM_VIB_04984,0.12864,7.0763,0.39433,0
SIM_VIB_04985,0.27895,1.0,0.57554,0
SIM_VIB_04986,0.25362,8.9427,0.49244,0
SIM_VIB_04987,0.32825,8.8799,1.01649,0
SIM_VIB_04988,1.24764,44.5027,3.44375,1
SIM_VIB_04989,0.20113,12.4583,0.5222,0
SIM_VIB_04990,0.23881,13.7621,0.69056,0
SIM_VIB_04991,0.53508,23.5449,1.29899,1
SIM_VIB_04992,0.27852,10.2987,0.7072,0
SIM_VIB_04993,0.37796,5.0,2.08582,1
SIM_VIB_04994,0.37731,25.6616,1.39389,1
SIM_VIB_04995,0.21268,6.1351,0.7529,0
SIM_VIB_04996,0.6595,38.9474,1.98317,1
SIM_VIB_04997,1.3755,38.3784,4.77982,1
SIM_VIB_04998,0.18391,10.6921,0.59934,0
SIM_VIB_04999,0.20627,6.0498,0.34279,0
SIM_VIB_05000,0.14007,7.2299,0.45185,0
SIM_VIB_05001,0.21402,9.3129,0.69497,0
SIM_VIB_05002,0.36355,9.9603,0.83592,0
SIM_VIB_05003,0.27809,13.5064,0.51799,0
SIM_VIB_05004,0.81235,24.1659,1.78073,1
SIM_VIB_05005,0.44721,5.0,1.3621,1
SIM_VIB_05006,0.17431,8.2474,0.46713,0
SIM_VIB_05007,0.70539,21.8682,1.61244,1
SIM_VIB_05008,0.1012,10.1248,0.49361,0
SIM_VIB_05009,0.30193,8.4397,0.8137,0
SIM_VIB_05010,0.20491,1.0,0.5352,0
SIM_VIB_05011,0.28553,8.3668,0.66245,0
SIM_VIB_05012,0.23991,10.809,0.61707,0
SIM_VIB_05013,0.21518,12.5427,0.49656,0
SIM_VIB_05014,1.51541,38.7409,5.09048,1
SIM_VIB_05015,0.85952,19.8354,2.20153,1
SIM_VIB_05016,0.16535,7.7367,0.36124,0
SIM_VIB_05017,0.23268,11.4434,0.36599,0
SIM_VIB_05018,0.15098,10.8049,0.99862,0
SIM_VIB_05019,0.76692,21.9776,1.63796,1
SIM_VIB_05020,0.26524,13.7873,0.6722,0
SIM_VIB_05021,1.21128,36.8018,4.1003,1
SIM_VIB_05022,0.27794,16.1425,0.54657,0
SIM_VIB_05023,0.43946,15.0179,1.05375,1
SIM_VIB_05024,1.85813,32.1751,5.84832,1
SIM_VIB_05025,0.092,11.3642,0.31081,0
SIM_VIB_05026,0.08187,10.3468,0.59044,0
SIM_VIB_05027,0.24872,10.1464,0.6325,0
SIM_VIB_05028,1.29873,46.6755,4.33167,1
SIM_VIB_05029,0.31659,8.0493,1.11867,0
SIM_VIB_05030,0.34489,9.0753,0.69663,0
SIM_VIB_05031,0.40621,10.1844,1.26704,0
SIM_VIB_05032,0.18241,9.6845,0.51392,0
SIM_VIB_05033,0.34664,11.0899,1.7602,1
SIM_VIB_05034,2.11247,38.7041,6.17481,1
SIM_VIB_05035,2.05521,44.5026,5.5751,1
SIM_VIB_05036,0.67898,32.6762,1.89041,1
SIM_VIB_05037,0.19501,2.3953,0.74641,0
SIM_VIB_05038,0.24816,10.1495,0.91422,0
SIM_VIB_05039,1.03621,14.616,2.54879,1
SIM_VIB_05040,0.12301,4.8153,0.70055,0
SIM_VIB_05041,1.88681,47.8772,5.09345,1
SIM_VIB_05042,0.23475,7.1872,0.67143,0
SIM_VIB_05043,0.22703,10.8446,0.57957,0
SIM_VIB_05044,1.5478,47.4705,5.16809,1
SIM_VIB_05045,1.93874,42.0397,5.77574,1
SIM_VIB_05046,0.26036,7.42,0.56511,0
SIM_VIB_05047,0.25512,7.9423,0.56476,0
SIM_VIB_05048,0.28259,10.2923,0.68033,0
SIM_VIB_05049,0.15918,11.4062,0.32407,0
SIM_VIB_05050,0.83358,16.6382,2.8029,1
SIM_VIB_05051,0.10424,10.5155,0.63055,0
SIM_VIB_05052,0.10116,10.3668,0.50898,0
SIM_VIB_05053,0.256,11.3612,0.64101,0
SIM_VIB_05054,0.20095,4.1413,0.61615,0
SIM_VIB_05055,1.39471,50.8459,3.26172,1
SIM_VIB_05056,0.24357,11.3393,0.48043,0
SIM_VIB_05057,0.66783,26.3836,2.15566,1
SIM_VIB_05058,0.2282,13.3424,0.49838,0
SIM_VIB_05059,0.43703,6.5765,2.42179,1
SIM_VIB_05060,0.26521,10.6093,0.60642,0
SIM_VIB_05061,0.7112,16.4793,2.11716,1
SIM_VIB_05062,0.30203,14.7022,0.65545,0
SIM_VIB_05063,0.14991,13.0256,0.60331,0
SIM_VIB_05064,0.21896,5.174,0.60992,0
SIM_VIB_05065,0.7411,18.5767,2.48962,1
SIM_VIB_05066,0.83754,5.0,2.67193,1
SIM_VIB_05067,1.38096,41.7589,4.70085,1
SIM_VIB_05068,0.58279,24.8269,1.43707,1
SIM_VIB_05069,0.93154,28.726,2.33143,1
SIM_VIB_05070,0.61917,30.059,2.52719,1
SIM_VIB_05071,0.22724,7.6838,0.62273,0
SIM_VIB_05072,0.10027,9.4659,0.32579,0
SIM_VIB_05073,1.95996,32.1565,5.89819,1
SIM_VIB_05074,0.03443,8.5522,0.43859,0
SIM_VIB_05075,0.17732,7.9652,0.59709,0
SIM_VIB_05076,0.47431,10.697,1.50182,0
SIM_VIB_05077,0.82053,37.3149,2.69241,1
SIM_VIB_05078,0.92063,34.2757,3.03449,1
SIM_VIB_05079,0.21134,5.7942,0.70539,0
SIM_VIB_05080,0.11197,14.0843,0.71637,0
SIM_VIB_05081,0.22175,10.7798,0.52894,0
SIM_VIB_05082,0.20864,8.8922,0.69253,0
SIM_VIB_05083,0.29525,14.8327,0.87052,0
SIM_VIB_05084,0.58823,31.3042,2.15201,1
SIM_VIB_05085,0.37498,8.7009,1.21162,0
SIM_VIB_05086,0.11583,12.2244,0.3396,0
SIM_VIB_05087,0.06954,2.0447,0.68095,0
SIM_VIB_05088,0.15418,8.4444,0.42966,0
SIM_VIB_05089,0.937,17.3392,2.71477,1
SIM_VIB_05090,0.31058,6.2214,1.00667,0
SIM_VIB_05091,0.15334,8.3136,0.59531,0
SIM_VIB_05092,0.07938,10.1841,0.68492,0
SIM_VIB_05093,1.53616,35.7468,4.25652,1
SIM_VIB_05094,0.12503,9.7167,0.34597,0
SIM_VIB_05095,0.07252,11.8446,0.53841,0
SIM_VIB_05096,0.37056,11.1827,1.6352,1
SIM_VIB_05097,0.20534,15.4538,0.6028,0
SIM_VIB_05098,0.21519,4.4216,0.6003,0
SIM_VIB_05099,0.21077,13.8589,0.59162,0
SIM_VIB_05100,0.35459,7.0903,0.85008,0
SIM_VIB_05101,0.32865,8.0602,1.00953,0
SIM_VIB_05102,1.72565,31.4347,5.46356,1
SIM_VIB_05103,0.03,3.9621,0.4644,0
SIM_VIB_05104,0.21093,3.2122,0.38072,0
SIM_VIB_05105,1.48796,39.5092,4.48214,1
SIM_VIB_05106,0.16599,10.4276,0.41688,0
SIM_VIB_05107,0.17694,10.0955,0.5139,0
SIM_VIB_05108,0.54848,13.7609,1.80637,1
SIM_VIB_05109,1.41781,32.8383,3.76087,1
SIM_VIB_05110,0.19182,15.3797,0.69652,0
SIM_VIB_05111,0.28159,8.6696,0.62758,0
SIM_VIB_05112,0.24854,3.0234,0.52914,0
SIM_VIB_05113,0.15779,9.5505,0.59049,0
SIM_VIB_05114,0.33137,9.121,0.64646,0
SIM_VIB_05115,1.994,35.3544,5.73535,1
SIM_VIB_05116,0.24622,12.1818,0.5939,0
SIM_VIB_05117,0.87199,11.2271,2.30917,1
SIM_VIB_05118,0.56319,11.627,2.03916,1
SIM_VIB_05119,0.13426,8.9953,0.4026,0
SIM_VIB_05120,0.38839,17.2898,1.66968,1
SIM_VIB_05121,0.2742,10.2872,0.66984,0
SIM_VIB_05122,0.19091,15.4035,0.37187,0
SIM_VIB_05123,1.7657,50.3912,4.65681,1
SIM_VIB_05124,0.24525,8.2887,0.67734,0
SIM_VIB_05125,0.1921,9.0382,0.41165,0
SIM_VIB_05126,0.10626,4.2472,0.44148,0
SIM_VIB_05127,0.32436,7.4866,0.63084,0
SIM_VIB_05128,0.1858,6.7177,0.38104,0
SIM_VIB_05129,0.85907,28.7872,2.4725,1
SIM_VIB_05130,0.24855,14.548,0.72276,0
SIM_VIB_05131,0.09395,11.4586,0.67427,0
SIM_VIB_05132,0.06855,10.621,0.43909,0
SIM_VIB_05133,2.1351,35.9304,6.47048,1
SIM_VIB_05134,1.36135,53.7927,4.90006,1
SIM_VIB_05135,0.11711,6.9675,0.71484,0
SIM_VIB_05136,0.98642,15.7208,1.93745,1
SIM_VIB_05137,0.12706,12.2774,0.73552,0
SIM_VIB_05138,1.5794,43.0287,4.92137,1
SIM_VIB_05139,0.20141,13.7982,0.46412,0
SIM_VIB_05140,1.55059,41.28,3.80288,1
SIM_VIB_05141,0.1994,3.9316,0.6284,0
SIM_VIB_05142,0.32907,7.8444,0.93061,0
SIM_VIB_05143,0.21047,21.965,0.71457,0
SIM_VIB_05144,1.80962,47.5459,3.6239,1
SIM_VIB_05145,1.19705,38.6398,3.22946,1
SIM_VIB_05146,0.98486,17.4519,2.60432,1
SIM_VIB_05147,0.68213,33.7742,2.09072,1
SIM_VIB_05148,0.21,8.0421,0.64857,0
SIM_VIB_05149,0.30586,4.8779,0.73091,0
SIM_VIB_05150,0.23545,9.7811,0.72313,0
SIM_VIB_05151,1.07388,27.5105,1.94146,1
SIM_VIB_05152,0.70188,34.5819,1.95869,1
SIM_VIB_05153,0.1846,8.647,0.76782,0
SIM_VIB_05154,0.71612,11.5037,2.27006,1
SIM_VIB_05155,0.16889,10.3917,0.51454,0
SIM_VIB_05156,0.26636,8.6851,0.77175,0
SIM_VIB_05157,0.28911,2.9107,0.67158,0
SIM_VIB_05158,0.07429,15.8457,0.60161,0
SIM_VIB_05159,0.17202,12.7479,0.50801,0
SIM_VIB_05160,0.73162,19.5052,2.48424,1
SIM_VIB_05161,0.26665,8.3099,0.50423,0
SIM_VIB_05162,1.53452,14.0343,5.48409,1
SIM_VIB_05163,0.43175,27.2274,2.09957,1
SIM_VIB_05164,0.57605,20.1629,1.37292,1
SIM_VIB_05165,0.73998,14.7516,2.0218,1
SIM_VIB_05166,0.1535,6.8227,0.46235,0
SIM_VIB_05167,0.6971,16.6031,1.59707,1
SIM_VIB_05168,0.2758,10.4726,0.92326,0
SIM_VIB_05169,0.15722,13.8222,0.54892,0
SIM_VIB_05170,0.4258,11.3043,1.45188,0
SIM_VIB_05171,0.17475,5.6921,0.65698,0
SIM_VIB_05172,0.18556,8.5027,0.67056,0
SIM_VIB_05173,0.89358,30.1722,2.82217,1
SIM_VIB_05174,0.20774,9.9984,0.59656,0
SIM_VIB_05175,0.2447,7.7442,0.54346,0
SIM_VIB_05176,0.20469,10.4269,0.40335,0
SIM_VIB_05177,0.90293,29.1927,2.12532,1
SIM_VIB_05178,2.04297,49.9358,6.81831,1
SIM_VIB_05179,0.55919,17.5985,1.91267,1
SIM_VIB_05180,1.33217,30.4366,4.72027,1
SIM_VIB_05181,0.27501,6.6593,0.82739,0
SIM_VIB_05182,0.86163,33.2716,1.69007,1
SIM_VIB_05183,0.28372,9.7837,0.88968,0
SIM_VIB_05184,0.24179,4.6692,0.52809,0
SIM_VIB_05185,0.91514,23.2725,3.02573,1
SIM_VIB_05186,0.09075,5.8027,0.39673,0
SIM_VIB_05187,2.08034,39.1182,4.49851,1
SIM_VIB_05188,0.23597,6.1845,0.72717,0
SIM_VIB_05189,0.03,6.6572,0.56275,0
SIM_VIB_05190,0.25841,7.0453,0.65015,0
SIM_VIB_05191,0.11293,10.0136,0.30942,0
SIM_VIB_05192,0.2538,15.752,0.91198,0
SIM_VIB_05193,0.77262,16.8962,2.3596,1
SIM_VIB_05194,0.09715,6.9991,0.76723,0
SIM_VIB_05195,1.35609,50.881,3.60622,1
SIM_VIB_05196,0.31997,10.4098,1.14944,0
SIM_VIB_05197,0.22259,6.9462,0.63558,0
SIM_VIB_05198,0.73251,27.9828,2.1774,1
SIM_VIB_05199,1.10504,16.6807,2.22088,1
SIM_VIB_05200,0.67828,35.8988,1.92221,1
SIM_VIB_05201,0.94661,21.6912,1.9871,1
SIM_VIB_05202,0.73514,19.4595,1.94634,1
SIM_VIB_05203,0.27704,8.1165,0.52625,0
SIM_VIB_05204,0.42471,17.8347,1.44358,1
SIM_VIB_05205,0.26575,7.5678,0.85264,0
SIM_VIB_05206,0.113,9.2952,0.44543,0
SIM_VIB_05207,0.29764,8.1889,0.88979,0
SIM_VIB_05208,0.30764,7.5364,0.70085,0
SIM_VIB_05209,0.28705,15.1778,0.66882,0
SIM_VIB_05210,0.60914,26.3606,1.99829,1
SIM_VIB_05211,0.38969,7.8867,1.12628,0
SIM_VIB_05212,0.25378,13.5895,0.5307,0
SIM_VIB_05213,0.23417,8.6208,0.74114,0
SIM_VIB_05214,0.25,10.1566,1.59028,1
SIM_VIB_05215,0.75843,9.9556,1.92958,1
SIM_VIB_05216,1.61779,46.7392,5.41024,1
SIM_VIB_05217,0.98064,26.4098,2.06355,1
SIM_VIB_05218,0.95163,13.5825,2.69961,1
SIM_VIB_05219,0.83138,16.7164,1.98,1
SIM_VIB_05220,0.13402,5.3548,0.60443,0
SIM_VIB_05221,0.16718,8.5891,0.77463,0
SIM_VIB_05222,0.7488,27.684,2.39048,1
SIM_VIB_05223,0.2374,10.4485,0.79847,0
SIM_VIB_05224,0.18717,11.4356,0.46886,0
SIM_VIB_05225,0.27936,13.2264,0.59228,0
SIM_VIB_05226,1.98679,39.2158,3.58062,1
SIM_VIB_05227,0.21492,10.5525,0.71492,0
SIM_VIB_05228,0.60111,22.4167,1.98128,1
SIM_VIB_05229,0.15527,9.067,0.45085,0
SIM_VIB_05230,1.12347,42.308,2.51578,1
SIM_VIB_05231,0.54548,31.1873,2.0785,1
SIM_VIB_05232,0.15625,17.1485,0.48287,0
SIM_VIB_05233,0.15869,9.0042,0.32695,0
SIM_VIB_05234,0.21934,14.777,0.5404,0
SIM_VIB_05235,0.22058,2.6103,0.51764,0
SIM_VIB_05236,0.72216,19.3359,2.00492,1
SIM_VIB_05237,0.18924,14.1838,0.60407,0
SIM_VIB_05238,0.62798,22.7304,1.6885,1
SIM_VIB_05239,0.21233,9.7951,0.73041,0
SIM_VIB_05240,0.2421,13.7865,0.45508,0
SIM_VIB_05241,0.16767,10.1272,0.27151,0
SIM_VIB_05242,0.44474,12.1957,1.22066,0
SIM_VIB_05243,0.15712,6.7919,0.36654,0
SIM_VIB_05244,0.48402,9.669,1.45661,1
SIM_VIB_05245,0.53697,30.7223,2.29707,1
SIM_VIB_05246,0.35832,2.7812,0.93705,0
SIM_VIB_05247,0.31978,9.5301,0.73895,0
SIM_VIB_05248,0.70369,22.6869,2.57658,1
SIM_VIB_05249,0.11465,16.3765,0.37385,0
SIM_VIB_05250,0.12627,5.7564,0.49274,0
SIM_VIB_05251,0.10371,17.2391,0.20299,0
SIM_VIB_05252,0.31827,9.378,0.75382,0
SIM_VIB_05253,0.25096,16.5815,0.69872,0
SIM_VIB_05254,0.27156,8.8395,0.64982,0
SIM_VIB_05255,1.29889,42.2024,4.13943,1
SIM_VIB_05256,1.2569,62.9369,4.11044,1
SIM_VIB_05257,0.35572,14.5164,1.76054,1
SIM_VIB_05258,0.09492,11.4522,0.3682,0
SIM_VIB_05259,1.19088,33.3981,3.5173,1
SIM_VIB_05260,1.41574,30.6689,4.76955,1
SIM_VIB_05261,0.22818,2.6281,0.78322,0
SIM_VIB_05262,0.56773,27.4079,1.88235,1
SIM_VIB_05263,0.94996,28.5814,2.01772,1
SIM_VIB_05264,0.17317,10.1193,0.63059,0
SIM_VIB_05265,2.33924,42.5877,7.46277,1
SIM_VIB_05266,0.29704,4.8063,0.90224,0
SIM_VIB_05267,0.24256,11.9626,0.70196,0
SIM_VIB_05268,0.2711,12.2284,0.55875,0
SIM_VIB_05269,0.18384,15.7593,0.54408,0
SIM_VIB_05270,0.93102,24.3198,2.00505,1
SIM_VIB_05271,1.28584,23.6569,2.38166,1
SIM_VIB_05272,0.26169,14.7191,0.84369,0
SIM_VIB_05273,0.0919,5.7763,0.69523,0
SIM_VIB_05274,2.05374,22.8711,6.24539,1
SIM_VIB_05275,0.15226,13.4684,0.36262,0
SIM_VIB_05276,0.21864,17.1793,0.75429,0
SIM_VIB_05277,1.43607,34.5593,3.89286,1
SIM_VIB_05278,0.64009,31.32,2.02086,1
SIM_VIB_05279,0.79846,21.0734,1.88315,1
SIM_VIB_05280,0.4765,27.7666,1.96025,1
SIM_VIB_05281,0.75567,17.2648,2.55375,1
SIM_VIB_05282,0.13325,8.1571,0.59455,0
SIM_VIB_05283,0.22294,13.4997,0.6265,0
SIM_VIB_05284,0.32126,16.1405,0.81596,0
SIM_VIB_05285,0.6583,29.3506,2.32965,1
SIM_VIB_05286,0.14963,11.8622,0.67118,0
SIM_VIB_05287,1.44554,38.5334,4.06025,1
SIM_VIB_05288,1.05342,35.0834,3.51877,1
SIM_VIB_05289,0.71875,6.728,1.29709,1
SIM_VIB_05290,0.30474,7.1424,0.78205,0
SIM_VIB_05291,0.1658,9.9967,0.55397,0
SIM_VIB_05292,0.15176,8.8444,0.42469,0
SIM_VIB_05293,0.18963,8.7394,0.78972,0
SIM_VIB_05294,0.33826,10.2928,0.64816,0
SIM_VIB_05295,0.75646,19.9328,1.8063,1
SIM_VIB_05296,0.28219,1.5114,0.74872,0
SIM_VIB_05297,0.60367,8.898,1.16637,1
SIM_VIB_05298,1.61793,31.5661,4.15321,1
SIM_VIB_05299,0.20776,8.6806,0.55528,0
SIM_VIB_05300,0.2625,11.5126,0.78361,0
SIM_VIB_05301,0.20671,13.157,0.74876,0
SIM_VIB_05302,2.03624,31.3484,4.2909,1
SIM_VIB_05303,0.29242,14.22,0.54295,0
SIM_VIB_05304,1.81309,33.0712,5.6479,1
SIM_VIB_05305,0.92767,29.2538,2.7777,1
SIM_VIB_05306,1.03786,8.0757,2.47271,1
SIM_VIB_05307,0.52404,37.5997,1.32911,1
SIM_VIB_05308,0.49929,21.0108,1.48732,1
SIM_VIB_05309,0.13913,8.7698,0.28902,0
SIM_VIB_05310,0.15707,10.2213,0.55274,0
SIM_VIB_05311,0.31281,13.7534,0.69681,0
SIM_VIB_05312,1.95762,48.9705,4.3912,1
SIM_VIB_05313,0.87824,54.8285,2.26253,1
SIM_VIB_05314,0.27521,10.0098,0.69457,0
SIM_VIB_05315,1.36844,56.9401,3.92567,1
SIM_VIB_05316,0.93479,12.8448,2.68926,1
SIM_VIB_05317,0.25857,10.3706,0.92941,0
SIM_VIB_05318,0.05642,6.6396,0.48641,0
SIM_VIB_05319,0.24163,12.933,0.78221,0
SIM_VIB_05320,2.06087,43.6832,5.16904,1
SIM_VIB_05321,0.29845,9.7884,0.91606,0
SIM_VIB_05322,0.30528,4.3156,0.72735,0
SIM_VIB_05323,0.24821,1.7122,0.65488,0
SIM_VIB_05324,1.97615,36.6229,4.19064,1
SIM_VIB_05325,0.24782,8.1216,0.5306,0
SIM_VIB_05326,0.31489,4.6817,1.10133,0
SIM_VIB_05327,0.22152,3.3942,0.726,0
SIM_VIB_05328,0.878,23.1641,2.7438,1
SIM_VIB_05329,0.26821,7.627,0.82191,0
SIM_VIB_05330,0.24472,9.8169,0.75039,0
SIM_VIB_05331,1.59616,58.1473,4.2657,1
SIM_VIB_05332,0.90359,32.4147,4.52933,1
SIM_VIB_05333,0.27002,11.2418,0.83708,0
SIM_VIB_05334,0.28196,3.1364,0.59796,0
SIM_VIB_05335,0.16995,13.6671,0.65518,0
SIM_VIB_05336,0.29738,7.7146,0.87191,0
SIM_VIB_05337,2.44367,63.9504,6.59398,1
SIM_VIB_05338,1.03828,20.4833,2.59625,1
SIM_VIB_05339,0.16076,8.1011,0.54943,0
SIM_VIB_05340,0.30451,15.2856,0.93779,0
SIM_VIB_05341,0.27955,27.7752,1.54144,1
SIM_VIB_05342,2.11445,21.5488,5.62835,1
SIM_VIB_05343,0.97603,17.3428,3.03988,1
SIM_VIB_05344,0.19605,16.0311,0.52447,0
SIM_VIB_05345,1.37662,46.4119,4.21306,1
SIM_VIB_05346,2.12549,53.8569,6.02131,1
SIM_VIB_05347,0.17904,9.9075,0.61779,0
SIM_VIB_05348,0.20222,7.5008,0.86633,0
SIM_VIB_05349,2.24221,53.0496,6.61647,1
SIM_VIB_05350,1.63183,35.5425,4.52038,1
SIM_VIB_05351,0.20142,6.1834,0.63838,0
SIM_VIB_05352,0.05067,6.2173,0.37292,0
SIM_VIB_05353,1.107,47.5233,3.90528,1
SIM_VIB_05354,0.24475,9.0477,0.74941,0
SIM_VIB_05355,0.03,9.6993,0.56313,0
SIM_VIB_05356,0.03,7.5933,0.52532,0
SIM_VIB_05357,0.44496,15.0976,1.4018,1
SIM_VIB_05358,0.24431,8.2471,0.62626,0
SIM_VIB_05359,0.09431,4.2651,0.42761,0
SIM_VIB_05360,0.19709,6.6832,0.66771,0
SIM_VIB_05361,0.07983,3.2449,0.46062,0
SIM_VIB_05362,0.19506,10.2939,0.60585,0
SIM_VIB_05363,0.66506,18.3503,2.43724,1
SIM_VIB_05364,0.23282,10.5029,0.49743,0
SIM_VIB_05365,1.5538,30.5178,5.09638,1
SIM_VIB_05366,0.31837,23.1158,2.03441,1
SIM_VIB_05367,0.79452,49.1237,4.50046,1
SIM_VIB_05368,0.7501,22.1481,1.54711,1
SIM_VIB_05369,0.59034,15.6667,2.1773,1
SIM_VIB_05370,0.5001,21.6019,1.84303,1
SIM_VIB_05371,0.19502,2.4169,0.49688,0
SIM_VIB_05372,0.67706,30.6747,1.69499,1
SIM_VIB_05373,0.61643,36.392,1.92416,1
SIM_VIB_05374,0.21903,9.9838,0.66325,0
SIM_VIB_05375,0.95401,33.7921,2.3175,1
SIM_VIB_05376,0.15069,12.0841,0.8255,0
SIM_VIB_05377,1.81804,53.8764,4.90453,1
SIM_VIB_05378,0.16844,11.4336,0.59248,0
SIM_VIB_05379,0.06377,12.1089,0.74612,0
SIM_VIB_05380,0.27863,6.2277,0.73312,0
SIM_VIB_05381,0.46254,14.8929,1.34991,0
SIM_VIB_05382,0.34471,9.3957,1.00481,0
SIM_VIB_05383,0.22885,6.5646,0.46557,0
SIM_VIB_05384,0.2383,3.3393,0.73997,0
SIM_VIB_05385,0.61511,27.5936,2.07454,1
SIM_VIB_05386,0.09512,11.2351,0.42255,0
SIM_VIB_05387,0.09995,2.8966,0.41483,0
SIM_VIB_05388,0.1004,8.1214,0.61358,0
SIM_VIB_05389,1.75854,37.2706,4.47931,1
SIM_VIB_05390,0.20651,1.5759,0.88897,0
SIM_VIB_05391,0.24691,7.0217,0.64731,0
SIM_VIB_05392,0.91304,31.5892,1.73004,1
SIM_VIB_05393,0.0913,8.3546,0.65267,0
SIM_VIB_05394,0.30779,10.39,0.81777,0
SIM_VIB_05395,0.19913,8.2717,0.57764,0
SIM_VIB_05396,0.04002,8.4108,0.39009,0
SIM_VIB_05397,0.20227,19.2877,0.62372,0
SIM_VIB_05398,0.41122,13.8582,1.22172,0
SIM_VIB_05399,0.3006,1.0,0.96509,0
SIM_VIB_05400,1.63371,36.2736,5.01132,1
SIM_VIB_05401,0.23896,7.0612,0.74282,0
SIM_VIB_05402,0.38494,14.4294,1.22655,0
SIM_VIB_05403,0.29281,8.8793,0.76044,0
SIM_VIB_05404,0.2705,14.7909,0.63756,0
SIM_VIB_05405,0.12701,10.4334,0.69804,0
SIM_VIB_05406,0.68397,23.6496,2.24565,1
SIM_VIB_05407,0.79601,11.6205,2.24905,1
SIM_VIB_05408,0.2639,15.1142,0.78937,0
SIM_VIB_05409,2.02749,57.8679,6.38019,1
SIM_VIB_05410,0.22011,9.6728,0.71709,0
SIM_VIB_05411,1.65884,52.0689,5.48075,1
SIM_VIB_05412,0.17336,8.6306,0.62348,0
SIM_VIB_05413,0.20435,9.6484,0.75098,0
SIM_VIB_05414,1.70529,36.8811,4.59803,1
SIM_VIB_05415,1.13154,44.7555,4.4527,1
SIM_VIB_05416,0.2466,5.6087,0.739,0
SIM_VIB_05417,0.18348,11.2679,0.45777,0
SIM_VIB_05418,0.21939,8.9665,0.59117,0
SIM_VIB_05419,0.36414,13.239,1.12833,0
SIM_VIB_05420,0.08708,18.3829,0.35607,0
SIM_VIB_05421,0.61841,28.4764,2.15039,1
SIM_VIB_05422,0.1879,8.0629,0.46864,0
SIM_VIB_05423,0.84904,38.1151,2.31748,1
SIM_VIB_05424,0.20486,3.526,0.51912,0
SIM_VIB_05425,0.33354,26.9012,1.948,1
SIM_VIB_05426,0.24142,11.5272,0.51172,0
SIM_VIB_05427,0.23488,8.57,0.81491,0
SIM_VIB_05428,0.70853,24.8871,2.29963,1
SIM_VIB_05429,0.26009,11.9109,0.70094,0
SIM_VIB_05430,0.27486,6.8317,0.64323,0
SIM_VIB_05431,0.19913,4.1569,0.65794,0
SIM_VIB_05432,0.30069,6.7603,0.80227,0
SIM_VIB_05433,0.97535,16.6593,2.52986,1
SIM_VIB_05434,0.53317,20.369,1.76328,1
SIM_VIB_05435,0.23106,6.2848,0.57134,0
SIM_VIB_05436,1.15981,46.9999,3.10192,1
SIM_VIB_05437,0.94501,30.3639,2.61612,1
SIM_VIB_05438,0.25016,9.5033,0.79371,0
SIM_VIB_05439,1.64386,55.5902,3.34895,1
SIM_VIB_05440,0.18611,5.6275,0.40624,0
SIM_VIB_05441,0.61832,26.2379,1.77588,1
SIM_VIB_05442,1.9164,51.6294,3.59649,1
SIM_VIB_05443,0.56288,23.183,1.4525,1
SIM_VIB_05444,0.24859,1.2899,0.8713,0
SIM_VIB_05445,0.04244,8.5868,0.41687,0
SIM_VIB_05446,0.67231,11.7053,1.94173,1
SIM_VIB_05447,0.37858,9.509,1.11365,0
SIM_VIB_05448,0.60754,15.5081,1.76223,1
SIM_VIB_05449,0.898,10.0769,2.37612,1
SIM_VIB_05450,1.82748,24.6815,5.62607,1
SIM_VIB_05451,0.25154,11.6147,0.82998,0
SIM_VIB_05452,1.55473,55.0946,4.52778,1
SIM_VIB_05453,1.60751,57.9311,4.50878,1
SIM_VIB_05454,0.20241,8.6318,0.59361,0
SIM_VIB_05455,0.98708,20.0215,3.02904,1
SIM_VIB_05456,0.16001,8.7966,0.44777,0
SIM_VIB_05457,0.22086,14.9421,0.65172,0
SIM_VIB_05458,0.16547,4.956,0.48112,0
SIM_VIB_05459,0.31742,10.2296,1.01905,0
SIM_VIB_05460,0.38511,10.7547,0.88895,0
SIM_VIB_05461,0.24795,7.4524,0.56683,0
SIM_VIB_05462,0.24227,4.4808,0.55533,0
SIM_VIB_05463,0.26314,14.5301,0.51014,0
SIM_VIB_05464,0.12879,11.2736,0.32626,0
SIM_VIB_05465,0.16574,11.7478,0.76547,0
SIM_VIB_05466,0.28685,7.7725,0.59208,0
SIM_VIB_05467,0.16281,12.2133,0.57762,0
SIM_VIB_05468,0.22233,11.9101,0.57704,0
SIM_VIB_05469,0.21689,9.5875,0.52342,0
SIM_VIB_05470,0.42336,19.9739,1.77903,1
SIM_VIB_05471,0.27711,13.8381,0.86493,0
SIM_VIB_05472,0.22577,5.8728,0.57746,0
SIM_VIB_05473,0.32621,12.8702,0.96843,0
SIM_VIB_05474,0.15237,5.3564,0.50812,0
SIM_VIB_05475,0.31056,10.5486,0.97077,0
SIM_VIB_05476,1.37703,73.2718,5.24703,1
SIM_VIB_05477,0.53151,10.6824,2.25757,1
SIM_VIB_05478,0.29831,8.837,0.84402,0
SIM_VIB_05479,1.88377,39.4732,3.80452,1
SIM_VIB_05480,0.12771,7.4811,0.56475,0
SIM_VIB_05481,0.3839,3.1419,0.79571,0
SIM_VIB_05482,0.19505,6.9416,0.57664,0
SIM_VIB_05483,0.65847,19.8343,2.04864,1
SIM_VIB_05484,0.17329,7.8455,0.47042,0
SIM_VIB_05485,0.60823,23.3186,1.70647,1
SIM_VIB_05486,0.28555,12.1063,0.66511,0
SIM_VIB_05487,0.53719,23.6012,1.43276,1
SIM_VIB_05488,0.13424,14.2173,0.66925,0
SIM_VIB_05489,0.54849,10.4851,2.82275,1
SIM_VIB_05490,1.06423,44.7968,3.72819,1
SIM_VIB_05491,2.09989,49.8307,5.47138,1
SIM_VIB_05492,0.20148,8.3172,0.64486,0
SIM_VIB_05493,0.41666,14.0223,1.0642,0
SIM_VIB_05494,1.66188,61.3619,3.80954,1
SIM_VIB_05495,0.63559,35.7424,2.02228,1
SIM_VIB_05496,0.27838,13.0653,0.52019,0
SIM_VIB_05497,0.17385,6.425,0.569,0
SIM_VIB_05498,0.72829,23.2698,2.42916,1
SIM_VIB_05499,1.00963,12.0,3.98679,1
SIM_VIB_05500,0.23984,5.9376,0.66899,0
SIM_VIB_05501,0.18082,8.0125,0.66537,0
SIM_VIB_05502,0.34844,15.4367,0.778,0
SIM_VIB_05503,0.30395,3.5078,0.7076,0
SIM_VIB_05504,0.65721,21.9284,1.59721,1
SIM_VIB_05505,0.12268,9.8346,0.53735,0
SIM_VIB_05506,0.22603,14.6779,0.58564,0
SIM_VIB_05507,0.14757,4.6547,0.60215,0
SIM_VIB_05508,0.64247,18.3678,1.96692,1
SIM_VIB_05509,0.29327,8.8988,0.81888,0
SIM_VIB_05510,0.13832,15.6356,0.54448,0
SIM_VIB_05511,0.103,14.4414,0.50648,0
SIM_VIB_05512,0.15354,2.6542,0.51404,0
SIM_VIB_05513,0.21982,6.2572,0.73754,0
SIM_VIB_05514,0.79998,27.5462,1.56485,1
SIM_VIB_05515,0.21642,16.5494,0.57496,0
SIM_VIB_05516,1.66151,48.4933,5.63636,1
SIM_VIB_05517,0.19263,6.7791,0.62479,0
SIM_VIB_05518,0.63771,13.225,1.64635,1
SIM_VIB_05519,2.02259,58.6968,5.24683,1
SIM_VIB_05520,1.26971,30.9942,3.7801,1
SIM_VIB_05521,0.30676,8.0453,0.99634,0
SIM_VIB_05522,0.49825,23.8152,1.4672,1
SIM_VIB_05523,0.19759,3.203,0.70786,0
SIM_VIB_05524,0.28315,2.4037,0.78644,0
SIM_VIB_05525,0.37608,8.3369,1.20199,0
SIM_VIB_05526,2.04463,45.5922,4.32341,1
SIM_VIB_05527,1.06673,34.2853,2.22672,1
SIM_VIB_05528,0.19474,1.7582,0.55877,0
SIM_VIB_05529,1.62802,41.8884,5.72504,1
SIM_VIB_05530,0.19343,13.5293,0.63702,0
SIM_VIB_05531,1.22256,42.6774,4.68897,1
SIM_VIB_05532,0.15407,1.3527,0.62177,0
SIM_VIB_05533,2.09506,31.8437,4.19264,1
SIM_VIB_05534,1.65902,48.1655,5.19377,1
SIM_VIB_05535,0.28862,19.3973,1.77088,1
SIM_VIB_05536,0.17028,7.6487,0.70383,0
SIM_VIB_05537,0.30156,5.0585,0.88292,0
SIM_VIB_05538,1.26923,57.5546,4.98604,1
SIM_VIB_05539,0.2055,10.6738,0.70908,0
SIM_VIB_05540,0.19755,16.9014,0.58926,0
SIM_VIB_05541,0.60622,31.3216,1.79321,1
SIM_VIB_05542,0.21089,11.6427,0.65872,0
SIM_VIB_05543,0.3132,9.1027,0.96189,0
SIM_VIB_05544,0.03,13.818,0.53041,0
SIM_VIB_05545,0.22876,7.0873,0.72786,0
SIM_VIB_05546,0.44052,14.0557,1.01565,1
SIM_VIB_05547,0.85473,15.5382,2.43998,1
SIM_VIB_05548,1.50956,46.9165,3.30629,1
SIM_VIB_05549,0.28257,10.4393,0.63683,0
SIM_VIB_05550,0.55503,15.7189,1.84813,1
SIM_VIB_05551,0.76513,32.6218,2.04633,1
SIM_VIB_05552,0.67688,7.3113,1.552,1
SIM_VIB_05553,0.1489,10.824,0.32565,0
SIM_VIB_05554,1.54851,46.8479,4.12126,1
SIM_VIB_05555,2.52381,36.8251,5.50302,1
SIM_VIB_05556,0.29808,14.8527,0.87015,0
SIM_VIB_05557,0.22796,6.4289,0.67936,0
SIM_VIB_05558,0.52581,13.5762,2.19575,1
SIM_VIB_05559,0.2079,9.4036,0.61545,0
SIM_VIB_05560,0.31531,5.0614,0.87191,0
SIM_VIB_05561,0.17994,7.3093,0.63693,0
SIM_VIB_05562,0.18771,11.4405,0.6962,0
SIM_VIB_05563,0.23472,12.4656,0.71393,0
SIM_VIB_05564,0.31571,12.1344,0.57467,0
SIM_VIB_05565,0.23861,12.0766,0.66653,0
SIM_VIB_05566,0.30014,1.0,0.83585,0
SIM_VIB_05567,1.55293,26.7388,3.98727,1
SIM_VIB_05568,1.45966,54.4305,4.93125,1
SIM_VIB_05569,0.6481,23.6923,2.27226,1
SIM_VIB_05570,0.25167,8.7874,0.80235,0
SIM_VIB_05571,0.20085,10.1234,0.57695,0
SIM_VIB_05572,0.80277,12.8205,2.49792,1
SIM_VIB_05573,1.44445,45.2563,4.63893,1
SIM_VIB_05574,1.43306,47.9474,3.73912,1
SIM_VIB_05575,1.3798,40.2561,3.79483,1
SIM_VIB_05576,0.1971,11.3983,0.61874,0
SIM_VIB_05577,0.6362,20.0688,2.11205,1
SIM_VIB_05578,0.65061,23.7688,1.7134,1
SIM_VIB_05579,0.44557,33.2149,1.44952,1
SIM_VIB_05580,0.33834,15.1836,0.81407,0
SIM_VIB_05581,0.21901,10.0308,0.60247,0
SIM_VIB_05582,1.14879,10.3117,2.79626,1
SIM_VIB_05583,1.5228,46.9486,3.1843,1
SIM_VIB_05584,1.45428,47.1443,4.36356,1
SIM_VIB_05585,0.06392,9.2805,0.43698,0
SIM_VIB_05586,0.14526,7.1023,0.38186,0
SIM_VIB_05587,0.23941,10.8393,0.64195,0
SIM_VIB_05588,0.13934,6.7476,0.48304,0
SIM_VIB_05589,0.16386,3.8427,0.67078,0
SIM_VIB_05590,1.53175,31.3956,3.55267,1
SIM_VIB_05591,0.97957,14.5345,2.78027,1
SIM_VIB_05592,0.61886,43.0111,1.44263,1
SIM_VIB_05593,0.87076,30.515,2.93616,1
SIM_VIB_05594,0.23013,13.2901,0.70354,0
SIM_VIB_05595,0.30152,4.7973,0.79596,0
SIM_VIB_05596,0.13263,3.8201,0.4475,0
SIM_VIB_05597,0.23519,4.7164,0.77097,0
SIM_VIB_05598,1.10853,27.9568,2.38394,1
SIM_VIB_05599,0.65527,23.9784,1.39215,1
SIM_VIB_05600,0.53928,21.0358,1.56991,1
SIM_VIB_05601,0.22249,10.6245,0.63937,0
SIM_VIB_05602,0.22248,15.0085,0.65823,0
SIM_VIB_05603,0.18579,6.3573,0.49308,0
SIM_VIB_05604,0.74058,17.8774,2.41514,1
SIM_VIB_05605,1.46358,24.5628,4.2244,1
SIM_VIB_05606,0.41659,5.0432,1.1761,0
SIM_VIB_05607,0.21151,15.5686,0.55336,0
SIM_VIB_05608,0.13104,6.13,0.50358,0
SIM_VIB_05609,0.56058,26.3112,2.10118,1
SIM_VIB_05610,0.76346,23.2633,1.4892,1
SIM_VIB_05611,0.14934,9.4842,0.56624,0
SIM_VIB_05612,0.69403,15.1228,1.74971,1
SIM_VIB_05613,0.90366,23.5708,1.69245,1
SIM_VIB_05614,0.39875,10.1094,1.45114,1
SIM_VIB_05615,0.12643,9.0222,0.37911,0
SIM_VIB_05616,0.33231,11.9874,0.97443,0
SIM_VIB_05617,0.22717,11.5781,0.38001,0
SIM_VIB_05618,1.95509,39.5569,4.31616,1
SIM_VIB_05619,0.22088,3.6804,0.7389,0
SIM_VIB_05620,0.31183,9.8066,0.86693,0
SIM_VIB_05621,0.35809,7.2602,0.8357,0
SIM_VIB_05622,1.72617,45.2598,5.8926,1
SIM_VIB_05623,0.9219,19.8524,3.08414,1
SIM_VIB_05624,0.0791,13.3294,0.56193,0
SIM_VIB_05625,0.22092,11.8891,0.55055,0
SIM_VIB_05626,0.6565,14.1604,1.87073,1
SIM_VIB_05627,0.26106,10.2082,0.88453,0
SIM_VIB_05628,0.09025,1.0,0.33973,0
SIM_VIB_05629,0.2157,8.0903,0.70841,0
SIM_VIB_05630,0.27917,6.4862,0.57638,0
SIM_VIB_05631,0.17693,5.2204,0.39565,0
SIM_VIB_05632,0.10748,14.7957,0.39062,0
SIM_VIB_05633,2.29208,47.0708,7.78062,1
SIM_VIB_05634,0.53995,37.4408,1.95919,1
SIM_VIB_05635,0.78071,43.475,1.93035,1
SIM_VIB_05636,0.18301,1.8651,0.6121,0
SIM_VIB_05637,0.17347,10.4097,0.53819,0
SIM_VIB_05638,0.98643,41.5217,3.47501,1
SIM_VIB_05639,0.23504,11.0146,0.74497,0
SIM_VIB_05640,0.27315,11.4494,0.81321,0
SIM_VIB_05641,0.20617,8.618,0.67892,0
SIM_VIB_05642,0.1249,11.5295,0.35857,0
SIM_VIB_05643,0.2667,11.7848,0.63174,0
SIM_VIB_05644,0.22513,8.08,0.54274,0
SIM_VIB_05645,1.90366,41.637,4.70436,1
SIM_VIB_05646,0.24544,8.6952,0.8187,0
SIM_VIB_05647,0.25707,7.5876,0.78965,0
SIM_VIB_05648,0.18078,9.2056,0.43855,0
SIM_VIB_05649,0.35789,7.0925,0.79811,0
SIM_VIB_05650,0.2203,8.809,0.68328,0
SIM_VIB_05651,1.2443,56.9051,3.8387,1
SIM_VIB_05652,0.20391,8.2472,0.81001,0
SIM_VIB_05653,1.59201,55.9122,3.96958,1
SIM_VIB_05654,0.28103,9.0354,0.895,0
SIM_VIB_05655,0.80003,15.1793,2.46868,1
SIM_VIB_05656,0.09729,11.6501,0.23298,0
SIM_VIB_05657,0.22064,9.4961,0.82407,0
SIM_VIB_05658,0.65,53.8819,1.67236,1
SIM_VIB_05659,0.20771,2.5089,0.47524,0
SIM_VIB_05660,0.14468,11.1878,0.35699,0
SIM_VIB_05661,0.88172,22.2314,2.73353,1
SIM_VIB_05662,0.21381,5.852,0.6409,0
SIM_VIB_05663,0.37144,7.8547,1.19934,0
SIM_VIB_05664,0.19645,7.4911,0.46962,0
SIM_VIB_05665,0.17752,4.4434,0.56851,0
SIM_VIB_05666,0.2495,13.7664,0.79899,0
SIM_VIB_05667,0.24668,15.0641,0.55768,0
SIM_VIB_05668,1.51098,30.8566,4.26057,1
SIM_VIB_05669,0.55608,16.1587,1.24975,1
SIM_VIB_05670,0.83316,10.4872,2.53218,1
SIM_VIB_05671,0.24492,5.5326,0.75749,0
SIM_VIB_05672,0.25482,12.247,0.64001,0
SIM_VIB_05673,2.02458,43.4646,6.31952,1
SIM_VIB_05674,1.86646,48.9503,4.22732,1
SIM_VIB_05675,0.25264,3.9721,0.57136,0
SIM_VIB_05676,0.62651,23.4985,1.44478,1
SIM_VIB_05677,0.23826,7.9767,0.83242,0
SIM_VIB_05678,0.19239,8.1791,0.45038,0
SIM_VIB_05679,0.21085,3.5099,0.65866,0
SIM_VIB_05680,0.22409,11.133,0.52277,0
SIM_VIB_05681,0.16789,11.2262,0.4899,0
SIM_VIB_05682,0.17745,18.7099,0.67839,0
SIM_VIB_05683,0.15126,5.6585,0.48815,0
SIM_VIB_05684,0.18629,11.2858,0.53037,0
SIM_VIB_05685,0.44019,15.6937,2.10628,1
SIM_VIB_05686,0.16303,16.1242,0.56553,0
SIM_VIB_05687,1.35252,44.8667,2.74024,1
SIM_VIB_05688,0.18778,1.6572,0.59777,0
SIM_VIB_05689,1.54859,44.9786,4.11589,1
SIM_VIB_05690,0.36978,5.633,1.18718,1
SIM_VIB_05691,1.29634,42.9657,3.66428,1
SIM_VIB_05692,0.12437,11.3225,0.64213,0
SIM_VIB_05693,1.56485,54.0029,4.59257,1
SIM_VIB_05694,1.75457,32.3204,4.57767,1
SIM_VIB_05695,0.20637,14.4927,0.57898,0
SIM_VIB_05696,0.60725,38.9926,1.72899,1
SIM_VIB_05697,1.5032,51.3811,4.73816,1
SIM_VIB_05698,0.22428,1.0,0.62137,0
SIM_VIB_05699,1.98807,53.5587,4.59162,1
SIM_VIB_05700,0.14279,7.2235,0.37281,0
SIM_VIB_05701,0.3972,13.9062,1.44946,1
SIM_VIB_05702,0.18128,10.4388,0.47495,0
SIM_VIB_05703,1.07193,27.717,2.05115,1
SIM_VIB_05704,0.18122,10.5985,0.47845,0
SIM_VIB_05705,0.26578,14.8291,0.87229,0
SIM_VIB_05706,0.73059,27.7766,2.2912,1
SIM_VIB_05707,0.7554,29.4845,2.29518,1
SIM_VIB_05708,0.52984,10.5285,1.81259,1
SIM_VIB_05709,0.21781,2.0387,0.63117,0
SIM_VIB_05710,0.17684,7.12,0.45255,0
SIM_VIB_05711,0.25198,4.7518,0.7476,0
SIM_VIB_05712,1.83302,38.144,3.72303,1
SIM_VIB_05713,0.28717,7.5822,0.94749,0
SIM_VIB_05714,0.26519,15.1436,0.87699,0
SIM_VIB_05715,0.14105,7.6065,0.43022,0
SIM_VIB_05716,0.57532,28.3499,2.25371,1
SIM_VIB_05717,0.75655,46.2132,2.37174,1
SIM_VIB_05718,0.2432,14.4895,0.54782,0
SIM_VIB_05719,1.87253,24.4035,6.10015,1
SIM_VIB_05720,0.20571,10.2995,0.62528,0
SIM_VIB_05721,0.95032,12.7579,1.91589,1
SIM_VIB_05722,0.77229,30.2884,2.56033,1
SIM_VIB_05723,0.59926,28.7558,2.04192,1
SIM_VIB_05724,0.18274,6.0387,0.65973,0
SIM_VIB_05725,0.15425,7.4984,0.4923,0
SIM_VIB_05726,0.67027,21.6794,2.55752,1
SIM_VIB_05727,0.27583,16.1398,0.51719,0
SIM_VIB_05728,0.1254,7.9006,0.55671,0
SIM_VIB_05729,0.17698,5.0208,0.35855,0
SIM_VIB_05730,0.30514,11.0727,0.69303,0
SIM_VIB_05731,0.18057,1.2008,0.47175,0
SIM_VIB_05732,1.10034,22.1951,3.17513,1
SIM_VIB_05733,1.62388,41.085,5.2432,1
SIM_VIB_05734,0.11652,12.2054,0.21119,0
SIM_VIB_05735,0.75858,17.0944,1.63191,1
SIM_VIB_05736,0.52274,27.1874,1.43687,1
SIM_VIB_05737,1.70244,45.415,4.73275,1
SIM_VIB_05738,0.13016,9.1768,1.04008,0
SIM_VIB_05739,0.61095,17.555,1.68485,1
SIM_VIB_05740,0.55554,15.1527,1.78101,1
SIM_VIB_05741,1.45235,35.0698,4.09306,1
SIM_VIB_05742,0.17043,4.2301,0.76067,0
SIM_VIB_05743,0.23857,4.265,0.64708,0
SIM_VIB_05744,1.7723,53.9135,3.46288,1
SIM_VIB_05745,0.22998,13.3484,0.61022,0
SIM_VIB_05746,0.77297,23.306,2.19188,1
SIM_VIB_05747,1.4562,60.2192,4.64106,1
SIM_VIB_05748,0.19565,3.7063,0.49861,0
SIM_VIB_05749,0.62741,12.451,2.50281,1
SIM_VIB_05750,1.12249,26.6823,2.42005,1
SIM_VIB_05751,0.17087,11.2732,0.47149,0
SIM_VIB_05752,0.17312,3.6269,0.73273,0
SIM_VIB_05753,0.15726,11.3424,0.48988,0
SIM_VIB_05754,0.15188,7.2347,0.48608,0
SIM_VIB_05755,0.10021,8.7882,0.44103,0
SIM_VIB_05756,0.17868,13.4099,0.7645,0
SIM_VIB_05757,0.37103,6.2523,0.89879,0
SIM_VIB_05758,0.30015,6.5346,0.78975,0
SIM_VIB_05759,0.17103,2.333,0.63539,0
SIM_VIB_05760,2.13789,45.1272,6.02285,1
SIM_VIB_05761,0.23587,6.7427,0.74143,0
SIM_VIB_05762,0.29677,10.3584,0.71372,0
SIM_VIB_05763,0.19085,9.2917,0.59886,0
SIM_VIB_05764,0.1941,7.5222,0.62768,0
SIM_VIB_05765,0.07183,10.1492,0.5008,0
SIM_VIB_05766,0.35654,8.143,0.8959,0
SIM_VIB_05767,0.19918,4.8231,0.48926,0
SIM_VIB_05768,0.79404,14.1714,1.49007,1
SIM_VIB_05769,0.18926,4.079,0.60951,0
SIM_VIB_05770,0.2058,8.1955,0.74658,0
SIM_VIB_05771,0.08515,13.4885,0.45825,0
SIM_VIB_05772,0.22628,7.2354,0.67118,0
SIM_VIB_05773,0.08247,6.1237,0.40648,0
SIM_VIB_05774,0.18843,4.7783,0.58421,0
SIM_VIB_05775,0.28957,7.7768,0.89092,0
SIM_VIB_05776,0.33759,12.5831,1.16276,0
SIM_VIB_05777,1.35,18.115,3.85772,1
SIM_VIB_05778,0.22669,10.7932,0.41203,0
SIM_VIB_05779,0.85376,18.3194,2.72372,1
SIM_VIB_05780,0.74403,17.5922,2.24725,1
SIM_VIB_05781,0.24736,9.0457,0.70524,0
SIM_VIB_05782,0.22725,8.1174,0.45837,0
SIM_VIB_05783,0.26086,5.0721,0.52532,0
SIM_VIB_05784,0.63293,29.769,2.2271,1
SIM_VIB_05785,1.68568,26.4727,4.97421,1
SIM_VIB_05786,0.10464,15.7503,0.4412,0
SIM_VIB_05787,0.1829,11.7398,0.35589,0
SIM_VIB_05788,0.24078,7.7552,0.63513,0
SIM_VIB_05789,1.85063,44.642,3.59297,1
SIM_VIB_05790,1.2577,53.6884,3.1434,1
SIM_VIB_05791,2.00067,56.72,4.56394,1
SIM_VIB_05792,0.11527,13.7249,0.42102,0
SIM_VIB_05793,0.24229,11.3594,0.71013,0
SIM_VIB_05794,1.15255,50.535,4.07895,1
SIM_VIB_05795,0.89467,7.5345,1.99854,1
SIM_VIB_05796,0.56147,19.3594,2.19463,1
SIM_VIB_05797,0.17828,18.645,0.39843,0
SIM_VIB_05798,0.14679,15.7103,0.44636,0
SIM_VIB_05799,2.07087,43.1389,4.00438,1
SIM_VIB_05800,0.19327,14.0637,0.62543,0
SIM_VIB_05801,0.60036,16.2707,1.97914,1
SIM_VIB_05802,0.07878,5.4697,0.5055,0
SIM_VIB_05803,0.14455,6.7026,0.8891,0
SIM_VIB_05804,0.38436,10.3524,1.13075,0
SIM_VIB_05805,0.18488,3.131,0.85699,0
SIM_VIB_05806,0.76103,26.2356,2.15387,1
SIM_VIB_05807,1.18593,45.1749,3.07324,1
SIM_VIB_05808,0.27377,4.8816,0.85096,0
SIM_VIB_05809,1.43584,39.7121,3.32738,1
SIM_VIB_05810,1.04527,27.1722,2.31631,1
SIM_VIB_05811,0.46708,5.6548,1.48163,0
SIM_VIB_05812,1.47521,47.454,3.56631,1
SIM_VIB_05813,1.38055,31.0067,3.48148,1
SIM_VIB_05814,0.78956,10.6368,1.48203,1
SIM_VIB_05815,0.19369,9.5644,0.75627,0
SIM_VIB_05816,0.17753,10.1554,0.8817,0
SIM_VIB_05817,0.19261,12.4711,0.57829,0
SIM_VIB_05818,0.36385,43.0339,1.23251,1
SIM_VIB_05819,1.32856,31.9702,4.1506,1
SIM_VIB_05820,0.33252,18.4606,1.5078,1
SIM_VIB_05821,0.52385,25.7967,1.58128,1
SIM_VIB_05822,0.73262,11.9291,2.37933,1
SIM_VIB_05823,1.7425,51.6129,4.09389,1
SIM_VIB_05824,2.29935,50.8016,5.9532,1
SIM_VIB_05825,0.2718,1.0,0.85161,0
SIM_VIB_05826,0.05887,6.4867,0.62002,0
SIM_VIB_05827,1.37976,47.3349,3.62889,1
SIM_VIB_05828,0.24924,8.5235,0.71115,0
SIM_VIB_05829,0.41716,16.1598,1.62655,1
SIM_VIB_05830,0.14029,12.1402,0.44786,0
SIM_VIB_05831,1.63743,44.0373,3.86854,1
SIM_VIB_05832,1.89842,60.764,4.2558,1
SIM_VIB_05833,0.21278,5.9173,0.49323,0
SIM_VIB_05834,0.29515,6.0675,0.80596,0
SIM_VIB_05835,1.08763,28.278,3.47751,1
SIM_VIB_05836,0.1405,10.4555,0.52686,0
SIM_VIB_05837,0.26938,9.3256,0.72256,0
SIM_VIB_05838,0.36386,11.1263,0.93913,0
SIM_VIB_05839,1.64934,46.6027,3.53723,1
SIM_VIB_05840,0.999,42.1037,4.17426,1
SIM_VIB_05841,2.07475,58.8095,6.29938,1
SIM_VIB_05842,0.55006,18.7972,1.67172,1
SIM_VIB_05843,1.33773,56.8363,4.73913,1
SIM_VIB_05844,1.29589,46.5924,4.22171,1
SIM_VIB_05845,0.73453,21.7938,1.58511,1
SIM_VIB_05846,0.19074,6.7632,0.50682,0
SIM_VIB_05847,0.31428,16.8675,0.82294,0
SIM_VIB_05848,0.23909,4.313,0.81234,0
SIM_VIB_05849,0.11885,9.9583,0.45449,0
SIM_VIB_05850,0.20759,7.8084,1.03086,0
SIM_VIB_05851,0.19892,4.1635,0.56037,0
SIM_VIB_05852,0.307,2.4815,0.8318,0
SIM_VIB_05853,0.16698,6.3804,0.63497,0
SIM_VIB_05854,1.44307,42.9831,3.53051,1
SIM_VIB_05855,0.25558,5.2203,0.53175,0
SIM_VIB_05856,0.39799,24.3539,1.0602,1
SIM_VIB_05857,0.24076,11.9713,0.45339,0
SIM_VIB_05858,0.16192,7.2396,0.38323,0
SIM_VIB_05859,0.40141,8.7697,0.72446,0
SIM_VIB_05860,0.44278,15.7032,2.11326,1
SIM_VIB_05861,1.70249,40.0703,5.32709,1
SIM_VIB_05862,0.15876,3.6181,0.61642,0
SIM_VIB_05863,0.33837,8.7189,1.01116,0
SIM_VIB_05864,0.22672,6.5321,0.62499,0
SIM_VIB_05865,0.28221,11.8411,0.85749,0
SIM_VIB_05866,2.10437,32.3277,5.15414,1
SIM_VIB_05867,0.15254,5.673,0.27721,0
SIM_VIB_05868,1.09597,9.1212,2.95274,1
SIM_VIB_05869,0.24231,10.1917,0.70012,0
SIM_VIB_05870,1.09143,24.9124,3.04895,1
SIM_VIB_05871,0.16244,5.8875,0.26658,0
SIM_VIB_05872,0.21963,6.207,0.78232,0
SIM_VIB_05873,0.50822,10.7273,2.24322,1
SIM_VIB_05874,0.11764,6.8142,0.46216,0
SIM_VIB_05875,2.12076,49.6908,4.62043,1
SIM_VIB_05876,1.96113,17.1184,5.75247,1
SIM_VIB_05877,0.22201,11.9056,0.53563,0
SIM_VIB_05878,0.2069,9.5051,0.40022,0
SIM_VIB_05879,0.11585,9.6588,0.63132,0
SIM_VIB_05880,0.32299,8.6707,0.62073,0
SIM_VIB_05881,0.65,30.941,3.29699,1
SIM_VIB_05882,0.49428,31.8554,1.59928,1
SIM_VIB_05883,0.18716,8.6145,0.90872,0
SIM_VIB_05884,0.65887,26.7014,2.01093,1
SIM_VIB_05885,0.21434,4.934,0.64177,0
SIM_VIB_05886,1.17531,15.2098,2.35741,1
SIM_VIB_05887,0.24701,7.7236,0.71708,0
SIM_VIB_05888,0.26731,12.7987,0.63452,0
SIM_VIB_05889,0.17628,14.1249,0.95079,0
SIM_VIB_05890,0.22907,9.8847,0.44637,0
SIM_VIB_05891,0.69267,17.2739,2.02564,1
SIM_VIB_05892,0.8198,26.4311,1.99338,1
SIM_VIB_05893,1.63757,25.7581,3.57951,1
SIM_VIB_05894,0.22435,4.8636,0.68112,0
SIM_VIB_05895,2.08527,60.4264,6.33646,1
SIM_VIB_05896,1.24747,48.3452,4.44015,1
SIM_VIB_05897,0.13168,7.989,0.59943,0
SIM_VIB_05898,0.29635,1.5132,0.80264,0
SIM_VIB_05899,0.03,1.0,0.31447,0
SIM_VIB_05900,2.12643,27.8142,4.89363,1
SIM_VIB_05901,1.72499,28.0043,3.87728,1
SIM_VIB_05902,0.07523,8.7328,0.53328,0
SIM_VIB_05903,0.2769,8.3246,0.70285,0
SIM_VIB_05904,0.77605,12.3831,1.90795,1
SIM_VIB_05905,0.24183,7.9426,0.90105,0
SIM_VIB_05906,0.65,44.1154,2.94392,1
SIM_VIB_05907,0.1971,5.9386,0.43882,0
SIM_VIB_05908,0.18338,12.1009,0.51749,0
SIM_VIB_05909,0.66661,13.8238,2.18356,1
SIM_VIB_05910,0.96065,13.3011,1.85982,1
SIM_VIB_05911,0.64238,31.7929,1.88565,1
SIM_VIB_05912,0.32552,10.5282,0.96311,0
SIM_VIB_05913,0.21173,12.0327,0.60919,0
SIM_VIB_05914,0.24496,10.8789,0.68841,0
SIM_VIB_05915,0.22417,1.0,0.69009,0
SIM_VIB_05916,0.22187,7.2228,0.60475,0
SIM_VIB_05917,0.6733,18.8436,2.91069,1
SIM_VIB_05918,0.74769,34.646,2.34268,1
SIM_VIB_05919,0.355,6.7563,1.0253,0
SIM_VIB_05920,0.48459,18.2397,1.62377,1
SIM_VIB_05921,0.24822,12.4748,0.69424,0
SIM_VIB_05922,0.17516,10.9615,0.54724,0
SIM_VIB_05923,0.69661,18.7575,1.60059,1
SIM_VIB_05924,0.16198,12.0375,0.39062,0
SIM_VIB_05925,1.84835,31.2136,5.85678,1
SIM_VIB_05926,0.53332,6.0888,1.53827,1
SIM_VIB_05927,0.1747,5.489,0.56684,0
SIM_VIB_05928,0.76764,27.4842,1.65455,1
SIM_VIB_05929,1.67678,36.9546,5.53565,1
SIM_VIB_05930,0.18862,9.8347,0.5232,0
SIM_VIB_05931,0.10699,6.2461,0.2971,0
SIM_VIB_05932,0.24528,8.8323,0.66967,0
SIM_VIB_05933,0.28166,2.4151,0.88318,0
SIM_VIB_05934,1.05915,5.0,2.81882,1
SIM_VIB_05935,0.09033,9.9159,0.53732,0
SIM_VIB_05936,0.13804,9.6566,0.50377,0
SIM_VIB_05937,0.25348,5.8067,0.84542,0
SIM_VIB_05938,0.26928,8.3142,0.58751,0
SIM_VIB_05939,0.51086,29.0892,1.67278,1
SIM_VIB_05940,0.23622,1.0,0.64754,0
SIM_VIB_05941,0.05206,2.3565,0.33401,0
SIM_VIB_05942,0.18875,12.3914,0.37896,0
SIM_VIB_05943,2.09072,40.616,6.56331,1
SIM_VIB_05944,0.28896,7.0476,0.85382,0
SIM_VIB_05945,0.17176,12.9755,0.26901,0
SIM_VIB_05946,0.22073,8.8041,0.66949,0
SIM_VIB_05947,0.2728,1.5544,0.83204,0
SIM_VIB_05948,0.21246,8.6483,0.48531,0
SIM_VIB_05949,0.35779,9.977,0.71264,0
SIM_VIB_05950,0.25843,8.7306,0.75892,0
SIM_VIB_05951,0.26123,5.7636,0.80218,0
SIM_VIB_05952,0.14336,6.4568,0.5191,0
SIM_VIB_05953,1.80248,38.0692,4.49488,1
SIM_VIB_05954,0.18822,5.9282,0.54175,0
SIM_VIB_05955,0.26922,9.8614,0.67478,0
SIM_VIB_05956,0.63789,39.0666,2.00674,1
SIM_VIB_05957,0.20308,9.8479,0.6486,0
SIM_VIB_05958,0.1955,8.5073,0.50188,0
SIM_VIB_05959,0.04922,10.0537,0.46112,0
SIM_VIB_05960,0.27297,7.6696,0.67758,0
SIM_VIB_05961,0.13394,5.9258,0.47387,0
SIM_VIB_05962,0.74419,32.4306,1.74995,1
SIM_VIB_05963,0.183,3.6228,0.37264,0
SIM_VIB_05964,0.21795,2.5211,0.61862,0
SIM_VIB_05965,0.35207,7.0285,0.95132,0
SIM_VIB_05966,0.25816,2.659,0.56102,0
SIM_VIB_05967,0.13667,10.4504,0.25048,0
SIM_VIB_05968,0.18241,8.0603,0.49375,0
SIM_VIB_05969,0.25983,5.6161,0.46652,0
SIM_VIB_05970,0.3348,4.8626,0.88766,0
SIM_VIB_05971,0.25461,6.5071,0.56443,0
SIM_VIB_05972,0.26953,4.1368,0.65904,0
SIM_VIB_05973,0.18729,9.6523,0.61565,0
SIM_VIB_05974,0.79321,31.1837,2.56323,1
SIM_VIB_05975,0.40638,31.1202,1.50063,1
SIM_VIB_05976,0.25409,10.6141,0.78251,0
SIM_VIB_05977,0.70215,27.2966,1.58129,1
SIM_VIB_05978,0.21915,9.2719,0.6438,0
SIM_VIB_05979,1.20812,46.1429,3.5566,1
SIM_VIB_05980,1.70006,29.7634,4.19875,1
SIM_VIB_05981,0.2282,10.5592,0.50667,0
SIM_VIB_05982,2.08008,13.7061,5.59552,1
SIM_VIB_05983,0.27648,12.689,0.79267,0
SIM_VIB_05984,0.35455,11.9446,0.77027,0
SIM_VIB_05985,0.27122,10.5174,0.80618,0
SIM_VIB_05986,0.18882,6.057,0.35041,0
SIM_VIB_05987,0.29297,9.8758,0.71441,0
SIM_VIB_05988,0.27509,17.2843,0.75453,0
SIM_VIB_05989,0.30848,7.2989,1.03288,0
SIM_VIB_05990,2.21181,32.9712,5.80161,1
SIM_VIB_05991,0.65985,14.1253,2.17135,1
SIM_VIB_05992,2.31752,44.4842,4.49441,1
SIM_VIB_05993,0.19654,5.7036,0.54752,0
SIM_VIB_05994,1.90083,31.3576,3.86003,1
SIM_VIB_05995,0.29499,4.0722,0.91145,0
SIM_VIB_05996,0.92603,26.2745,2.7496,1
SIM_VIB_05997,1.53375,42.8793,3.39343,1
SIM_VIB_05998,1.20424,42.7973,3.60121,1
SIM_VIB_05999,1.95178,50.3353,5.37969,1
SIM_VIB_06000,0.14144,10.5268,0.49036,0
