{"type":"FeatureCollection","features":[{"type":"Feature","properties":{"subsidence_mm":0.01,"tilt_deg":0.00005,"strain_ue":0.04,"x_offset_m":-300,"y_offset_m":-300,"source":"NCB_PFM","nearest_asset_distance_m":481,"consequence_weight":0.12,"idw_subsidence_mm":12.82,"risk_score":0.3,"risk_level":"Low"},"geometry":{"type":"Point","coordinates":[86.427455,23.761705]}},{"type":"Feature","properties":{"subsidence_mm":0.01,"tilt_deg":0.00005,"strain_ue":0.04,"x_offset_m":-300,"y_offset_m":-285,"source":"NCB_PFM","nearest_asset_distance_m":466,"consequence_weight":0.2,"idw_subsidence_mm":12.82,"risk_score":0.306,"risk_level":"Low"},"geometry":{"type":"Point","coordinates":[86.427455,23.76184]}},{"type":"Feature","properties":{"subsidence_mm":0.01,"tilt_deg":0.00005,"strain_ue":0.04,"x_offset_m":-300,"y_offset_m":-270,"source":"NCB_PFM","nearest_asset_distance_m":451,"consequence_weight":0.29,"idw_subsidence_mm":12.82,"risk_score":0.312,"risk_level":"Low"},"geometry":{"type":"Point","coordinates":[86.427455,23.761975]}},{"type":"Feature","properties":{"subsidence_mm":0.01,"tilt_deg":0.00005,"strain_ue":0.04,"x_offset_m":-300,"y_offset_m":-255,"source":"NCB_PFM","nearest_asset_distance_m":436,"consequence_weight":0.38,"idw_subsidence_mm":12.82,"risk_score":0.318,"risk_level":"Low"},"geometry":{"type":"Point","coordinates":[86.427455,23.762109]}},{"type":"Feature","properties":{"subsidence_mm":0.01,"tilt_deg":0.00005,"strain_ue":0.04,"x_offset_m":-300,"y_offset_m":-240,"source":"NCB_PFM","nearest_asset_distance_m":421,"consequence_weight":0.47,"idw_subsidence_mm":12.82,"risk_score":0.325,"risk_level":"Low"},"geometry":{"type":"Point","coordinates":[86.427455,23.762244]}},{"type":"Feature","properties":{"subsidence_mm":0.01,"tilt_deg":0.00005,"strain_ue":0.04,"x_offset_m":-300,"y_offset_m":-225,"source":"NCB_PFM","nearest_asset_distance_m":406,"consequence_weight":0.56,"idw_subsidence_mm":12.82,"risk_score":0.331,"risk_level":"Low"},"geometry":{"type":"Point","coordinates":[86.427455,23.762379]}},{"type":"Feature","properties":{"subsidence_mm":0.01,"tilt_deg":0.00005,"strain_ue":0.04,"x_offset_m":-300,"y_offset_m":-210,"source":"NCB_PFM","nearest_asset_distance_m":392,"consequence_weight":0.65,"idw_subsidence_mm":12.82,"risk_score":0.337,"risk_level":"Low"},"geometry":{"type":"Point","coordinates":[86.427455,23.762514]}},{"type":"Feature","properties":{"subsidence_mm":0.01,"tilt_deg":0.00005,"strain_ue":0.04,"x_offset_m":-300,"y_offset_m":-195,"source":"NCB_PFM","nearest_asset_distance_m":377,"consequence_weight":0.74,"idw_subsidence_mm":12.82,"risk_score":0.344,"risk_level":"Low"},"geometry":{"type":"Point","coordinates":[86.427455,23.762648]}},{"type":"Feature","properties":{"subsidence_mm":0.01,"tilt_deg":0.00005,"strain_ue":0.04,"x_offset_m":-300,"y_offset_m":-180,"source":"NCB_PFM","nearest_asset_distance_m":362,"consequence_weight":0.83,"idw_subsidence_mm":12.82,"risk_score":0.35,"risk_level":"Medium"},"geometry":{"type":"Point","coordinates":[86.427455,23.762783]}},{"type":"Feature","properties":{"subsidence_mm":0.01,"tilt_deg":0.00005,"strain_ue":0.04,"x_offset_m":-300,"y_offset_m":-165,"source":"NCB_PFM","nearest_asset_distance_m":347,"consequence_weight":0.92,"idw_subsidence_mm":12.82,"risk_score":0.356,"risk_level":"Medium"},"geometry":{"type":"Point","coordinates":[86.427455,23.762918]}},{"type":"Feature","properties":{"subsidence_mm":0.01,"tilt_deg":0.00005,"strain_ue":0.04,"x_offset_m":-300,"y_offset_m":-150,"source":"NCB_PFM","nearest_asset_distance_m":332,"consequence_weight":1.01,"idw_subsidence_mm":12.82,"risk_score":0.362,"risk_level":"Medium"},"geometry":{"type":"Point","coordinates":[86.427455,23.763053]}},{"type":"Feature","properties":{"subsidence_mm":0.01,"tilt_deg":0.00005,"strain_ue":0.04,"x_offset_m":-300,"y_offset_m":-135,"source":"NCB_PFM","nearest_asset_distance_m":318,"consequence_weight":1.09,"idw_subsidence_mm":12.82,"risk_score":0.368,"risk_level":"Medium"},"geometry":{"type":"Point","coordinates":[86.427455,23.763187]}},{"type":"Feature","properties":{"subsidence_mm":0.01,"tilt_deg":0.00005,"strain_ue":0.04,"x_offset_m":-300,"y_offset_m":-120,"source":"NCB_PFM","nearest_asset_distance_m":303,"consequence_weight":1.18,"idw_subsidence_mm":12.82,"risk_score":0.374,"risk_level":"Medium"},"geometry":{"type":"Point","coordinates":[86.427455,23.763322]}},{"type":"Feature","properties":{"subsidence_mm":0.01,"tilt_deg":0.00005,"strain_ue":0.04,"x_offset_m":-300,"y_offset_m":-105,"source":"NCB_PFM","nearest_asset_distance_m":288,"consequence_weight":1.27,"idw_subsidence_mm":12.82,"risk_score":0.381,"risk_level":"Medium"},"geometry":{"type":"Point","coordinates":[86.427455,23.763457]}},{"type":"Feature","properties":{"subsidence_mm":0.01,"tilt_deg":0.00005,"strain_ue":0.04,"x_offset_m":-300,"y_offset_m":-90,"source":"NCB_PFM","nearest_asset_distance_m":273,"consequence_weight":1.36,"idw_subsidence_mm":12.82,"risk_score":0.387,"risk_level":"Medium"},"geometry":{"type":"Point","coordinates":[86.427455,23.763592]}},{"type":"Feature","properties":{"subsidence_mm":0.01,"tilt_deg":0.00005,"strain_ue":0.04,"x_offset_m":-300,"y_offset_m":-75,"source":"NCB_PFM","nearest_asset_distance_m":259,"consequence_weight":1.45,"idw_subsidence_mm":12.82,"risk_score":0.393,"risk_level":"Medium"},"geometry":{"type":"Point","coordinates":[86.427455,23.763726]}},{"type":"Feature","properties":{"subsidence_mm":0.01,"tilt_deg":0.00005,"strain_ue":0.04,"x_offset_m":-300,"y_offset_m":-60,"source":"NCB_PFM","nearest_asset_distance_m":244,"consequence_weight":1.53,"idw_subsidence_mm":12.82,"risk_score":0.399,"risk_level":"Medium"},"geometry":{"type":"Point","coordinates":[86.427455,23.763861]}},{"type":"Feature","properties":{"subsidence_mm":0.01,"tilt_deg":0.00005,"strain_ue":0.04,"x_offset_m":-300,"y_offset_m":-45,"source":"NCB_PFM","nearest_asset_distance_m":230,"consequence_weight":1.62,"idw_subsidence_mm":12.82,"risk_score":0.405,"risk_level":"Medium"},"geometry":{"type":"Point","coordinates":[86.427455,23.763996]}},{"type":"Feature","properties":{"subsidence_mm":0.01,"tilt_deg":0.00005,"strain_ue":0.04,"x_offset_m":-300,"y_offset_m":-30,"source":"NCB_PFM","nearest_asset_distance_m":215,"consequence_weight":1.71,"idw_subsidence_mm":8.34,"risk_score":0.263,"risk_level":"Low"},"geometry":{"type":"Point","coordinates":[86.427455,23.764131]}},{"type":"Feature","properties":{"subsidence_mm":0.01,"tilt_deg":0.00005,"strain_ue":0.04,"x_offset_m":-300,"y_offset_m":-15,"source":"NCB_PFM","nearest_asset_distance_m":201,"consequence_weight":1.8,"idw_subsidence_mm":8.34,"risk_score":0.269,"risk_level":"Low"},"geometry":{"type":"Point","coordinates":[86.427455,23.764265]}},{"type":"Feature","properties":{"subsidence_mm":0.01,"tilt_deg":0.00005,"strain_ue":0.04,"x_offset_m":-300,"y_offset_m":0,"source":"NCB_PFM","nearest_asset_distance_m":186,"consequence_weight":1.88,"idw_subsidence_mm":8.34,"risk_score":0.275,"risk_level":"Low"},"geometry":{"type":"Point","coordinates":[86.427455,23.7644]}},{"type":"Feature","properties":{"subsidence_mm":0.01,"tilt_deg":0.00005,"strain_ue":0.04,"x_offset_m":-300,"y_offset_m":15,"source":"NCB_PFM","nearest_asset_distance_m":172,"consequence_weight":1.97,"idw_subsidence_mm":8.34,"risk_score":0.281,"risk_level":"Low"},"geometry":{"type":"Point","coordinates":[86.427455,23.764535]}},{"type":"Feature","properties":{"subsidence_mm":0.01,"tilt_deg":0.00005,"strain_ue":0.04,"x_offset_m":-300,"y_offset_m":30,"source":"NCB_PFM","nearest_asset_distance_m":158,"consequence_weight":2.05,"idw_subsidence_mm":8.34,"risk_score":0.287,"risk_level":"Low"},"geometry":{"type":"Point","coordinates":[86.427455,23.764669]}},{"type":"Feature","properties":{"subsidence_mm":0.01,"tilt_deg":0.00005,"strain_ue":0.04,"x_offset_m":-300,"y_offset_m":45,"source":"NCB_PFM","nearest_asset_distance_m":144,"consequence_weight":2.14,"idw_subsidence_mm":8.34,"risk_score":0.293,"risk_level":"Low"},"geometry":{"type":"Point","coordinates":[86.427455,23.764804]}},{"type":"Feature","properties":{"subsidence_mm":0.01,"tilt_deg":0.00005,"strain_ue":0.04,"x_offset_m":-300,"y_offset_m":60,"source":"NCB_PFM","nearest_asset_distance_m":130,"consequence_weight":2.22,"idw_subsidence_mm":8.34,"risk_score":0.299,"risk_level":"Low"},"geometry":{"type":"Point","coordinates":[86.427455,23.764939]}},{"type":"Feature","properties":{"subsidence_mm":0.01,"tilt_deg":0.00005,"strain_ue":0.04,"x_offset_m":-300,"y_offset_m":75,"source":"NCB_PFM","nearest_asset_distance_m":117,"consequence_weight":2.3,"idw_subsidence_mm":8.34,"risk_score":0.304,"risk_level":"Low"},"geometry":{"type":"Point","coordinates":[86.427455,23.765074]}},{"type":"Feature","properties":{"subsidence_mm":0.01,"tilt_deg":0.00005,"strain_ue":0.04,"x_offset_m":-300,"y_offset_m":90,"source":"NCB_PFM","nearest_asset_distance_m":104,"consequence_weight":2.38,"idw_subsidence_mm":8.34,"risk_score":0.31,"risk_level":"Low"},"geometry":{"type":"Point","coordinates":[86.427455,23.765208]}},{"type":"Feature","properties":{"subsidence_mm":0.01,"tilt_deg":0.00005,"strain_ue":0.04,"x_offset_m":-300,"y_offset_m":105,"source":"NCB_PFM","nearest_asset_distance_m":92,"consequence_weight":2.45,"idw_subsidence_mm":8.34,"risk_score":0.315,"risk_level":"Low"},"geometry":{"type":"Point","coordinates":[86.427455,23.765343]}},{"type":"Feature","properties":{"subsidence_mm":0.01,"tilt_deg":0.00005,"strain_ue":0.04,"x_offset_m":-300,"y_offset_m":120,"source":"NCB_PFM","nearest_asset_distance_m":80,"consequence_weight":2.52,"idw_subsidence_mm":8.34,"risk_score":0.32,"risk_level":"Low"},"geometry":{"type":"Point","coordinates":[86.427455,23.765478]}},{"type":"Feature","properties":{"subsidence_mm":0.01,"tilt_deg":0.00005,"strain_ue":0.04,"x_offset_m":-300,"y_offset_m":135,"source":"NCB_PFM","nearest_asset_distance_m":70,"consequence_weight":2.58,"idw_subsidence_mm":8.34,"risk_score":0.324,"risk_level":"Low"},"geometry":{"type":"Point","coordinates":[86.427455,23.765613]}},{"type":"Feature","properties":{"subsidence_mm":0.01,"tilt_deg":0.00005,"strain_ue":0.04,"x_offset_m":-300,"y_offset_m":150,"source":"NCB_PFM","nearest_asset_distance_m":62,"consequence_weight":2.63,"idw_subsidence_mm":8.34,"risk_score":0.327,"risk_level":"Low"},"geometry":{"type":"Point","coordinates":[86.427455,23.765747]}},{"type":"Feature","properties":{"subsidence_mm":0.01,"tilt_deg":0.00005,"strain_ue":0.04,"x_offset_m":-300,"y_offset_m":165,"source":"NCB_PFM","nearest_asset_distance_m":57,"consequence_weight":2.66,"idw_subsidence_mm":8.34,"risk_score":0.329,"risk_level":"Low"},"geometry":{"type":"Point","coordinates":[86.427455,23.765882]}},{"type":"Feature","properties":{"subsidence_mm":0.01,"tilt_deg":0.00005,"strain_ue":0.04,"x_offset_m":-300,"y_offset_m":180,"source":"NCB_PFM","nearest_asset_distance_m":55,"consequence_weight":2.67,"idw_subsidence_mm":8.34,"risk_score":0.33,"risk_level":"Low"},"geometry":{"type":"Point","coordinates":[86.427455,23.766017]}},{"type":"Feature","properties":{"subsidence_mm":0.01,"tilt_deg":0.00005,"strain_ue":0.04,"x_offset_m":-300,"y_offset_m":195,"source":"NCB_PFM","nearest_asset_distance_m":58,"consequence_weight":2.65,"idw_subsidence_mm":8.34,"risk_score":0.329,"risk_level":"Low"},"geometry":{"type":"Point","coordinates":[86.427455,23.766152]}},{"type":"Feature","properties":{"subsidence_mm":0.01,"tilt_deg":0.00005,"strain_ue":0.04,"x_offset_m":-300,"y_offset_m":210,"source":"NCB_PFM","nearest_asset_distance_m":64,"consequence_weight":2.62,"idw_subsidence_mm":8.34,"risk_score":0.327,"risk_level":"Low"},"geometry":{"type":"Point","coordinates":[86.427455,23.766286]}},{"type":"Feature","properties":{"subsidence_mm":0.01,"tilt_deg":0.00005,"strain_ue":0.04,"x_offset_m":-300,"y_offset_m":225,"source":"NCB_PFM","nearest_asset_distance_m":73,"consequence_weight":2.56,"idw_subsidence_mm":8.34,"risk_score":0.322,"risk_level":"Low"},"geometry":{"type":"Point","coordinates":[86.427455,23.766421]}},{"type":"Feature","properties":{"subsidence_mm":0.01,"tilt_deg":0.00005,"strain_ue":0.04,"x_offset_m":-300,"y_offset_m":240,"source":"NCB_PFM","nearest_asset_distance_m":83,"consequence_weight":2.5,"idw_subsidence_mm":8.34,"risk_score":0.318,"risk_level":"Low"},"geometry":{"type":"Point","coordinates":[86.427455,23.766556]}},{"type":"Feature","properties":{"subsidence_mm":0.01,"tilt_deg":0.00005,"strain_ue":0.04,"x_offset_m":-300,"y_offset_m":255,"source":"NCB_PFM","nearest_asset_distance_m":95,"consequence_weight":2.43,"idw_subsidence_mm":8.34,"risk_score":0.313,"risk_level":"Low"},"geometry":{"type":"Point","coordinates":[86.427455,23.766691]}},{"type":"Feature","properties":{"subsidence_mm":0.01,"tilt_deg":0.00005,"strain_ue":0.04,"x_offset_m":-300,"y_offset_m":270,"source":"NCB_PFM","nearest_asset_distance_m":107,"consequence_weight":2.36,"idw_subsidence_mm":3.8,"risk_score":0.157,"risk_level":"Low"},"geometry":{"type":"Point","coordinates":[86.427455,23.766825]}},{"type":"Feature","properties":{"subsidence_mm":0.01,"tilt_deg":0.00005,"strain_ue":0.04,"x_offset_m":-300,"y_offset_m":285,"source":"NCB_PFM","nearest_asset_distance_m":120,"consequence_weight":2.28,"idw_subsidence_mm":3.8,"risk_score":0.152,"risk_level":"Low"},"geometry":{"type":"Point","coordinates":[86.427455,23.76696]}},{"type":"Feature","properties":{"subsidence_mm":0.01,"tilt_deg":0.00005,"strain_ue":0.04,"x_offset_m":-300,"y_offset_m":300,"source":"NCB_PFM","nearest_asset_distance_m":134,"consequence_weight":2.2,"idw_subsidence_mm":3.8,"risk_score":0.146,"risk_level":"Low"},"geometry":{"type":"Point","coordinates":[86.427455,23.767095]}},{"type":"Feature","properties":{"subsidence_mm":0.03,"tilt_deg":0.00009,"strain_ue":0.08,"x_offset_m":-285,"y_offset_m":-300,"source":"NCB_PFM","nearest_asset_distance_m":479,"consequence_weight":0.12,"idw_subsidence_mm":12.82,"risk_score":0.3,"risk_level":"Low"},"geometry":{"type":"Point","coordinates":[86.427603,23.761705]}},{"type":"Feature","properties":{"subsidence_mm":0.03,"tilt_deg":0.00009,"strain_ue":0.08,"x_offset_m":-285,"y_offset_m":-285,"source":"NCB_PFM","nearest_asset_distance_m":464,"consequence_weight":0.21,"idw_subsidence_mm":12.82,"risk_score":0.306,"risk_level":"Low"},"geometry":{"type":"Point","coordinates":[86.427603,23.76184]}},{"type":"Feature","properties":{"subsidence_mm":0.03,"tilt_deg":0.00009,"strain_ue":0.08,"x_offset_m":-285,"y_offset_m":-270,"source":"NCB_PFM","nearest_asset_distance_m":449,"consequence_weight":0.3,"idw_subsidence_mm":12.82,"risk_score":0.313,"risk_level":"Low"},"geometry":{"type":"Point","coordinates":[86.427603,23.761975]}},{"type":"Feature","properties":{"subsidence_mm":0.03,"tilt_deg":0.00009,"strain_ue":0.08,"x_offset_m":-285,"y_offset_m":-255,"source":"NCB_PFM","nearest_asset_distance_m":435,"consequence_weight":0.39,"idw_subsidence_mm":12.82,"risk_score":0.319,"risk_level":"Low"},"geometry":{"type":"Point","coordinates":[86.427603,23.762109]}},{"type":"Feature","properties":{"subsidence_mm":0.03,"tilt_deg":0.00009,"strain_ue":0.08,"x_offset_m":-285,"y_offset_m":-240,"source":"NCB_PFM","nearest_asset_distance_m":420,"consequence_weight":0.48,"idw_subsidence_mm":12.82,"risk_score":0.325,"risk_level":"Low"},"geometry":{"type":"Point","coordinates":[86.427603,23.762244]}},{"type":"Feature","properties":{"subsidence_mm":0.03,"tilt_deg":0.00009,"strain_ue":0.08,"x_offset_m":-285,"y_offset_m":-225,"source":"NCB_PFM","nearest_asset_distance_m":405,"consequence_weight":0.57,"idw_subsidence_mm":12.82,"risk_score":0.332,"risk_level":"Low"},"geometry":{"type":"Point","coordinates":[86.427603,23.762379]}},{"type":"Feature","properties":{"subsidence_mm":0.03,"tilt_deg":0.00009,"strain_ue":0.08,"x_offset_m":-285,"y_offset_m":-210,"source":"NCB_PFM","nearest_asset_distance_m":390,"consequence_weight":0.66,"idw_subsidence_mm":12.82,"risk_score":0.338,"risk_level":"Low"},"geometry":{"type":"Point","coordinates":[86.427603,23.762514]}},{"type":"Feature","properties":{"subsidence_mm":0.03,"tilt_deg":0.00009,"strain_ue":0.08,"x_offset_m":-285,"y_offset_m":-195,"source":"NCB_PFM","nearest_asset_distance_m":375,"consequence_weight":0.75,"idw_subsidence_mm":12.82,"risk_score":0.344,"risk_level":"Low"},"geometry":{"type":"Point","coordinates":[86.427603,23.762648]}},{"type":"Feature","properties":{"subsidence_mm":0.03,"tilt_deg":0.00009,"strain_ue":0.08,"x_offset_m":-285,"y_offset_m":-180,"source":"NCB_PFM","nearest_asset_distance_m":360,"consequence_weight":0.84,"idw_subsidence_mm":12.82,"risk_score":0.351,"risk_level":"Medium"},"geometry":{"type":"Point","coordinates":[86.427603,23.762783]}},{"type":"Feature","properties":{"subsidence_mm":0.03,"tilt_deg":0.00009,"strain_ue":0.08,"x_offset_m":-285,"y_offset_m":-165,"source":"NCB_PFM","nearest_asset_distance_m":345,"consequence_weight":0.93,"idw_subsidence_mm":12.82,"risk_score":0.357,"risk_level":"Medium"},"geometry":{"type":"Point","coordinates":[86.427603,23.762918]}},{"type":"Feature","properties":{"subsidence_mm":0.03,"tilt_deg":0.00009,"strain_ue":0.08,"x_offset_m":-285,"y_offset_m":-150,"source":"NCB_PFM","nearest_asset_distance_m":330,"consequence_weight":1.02,"idw_subsidence_mm":12.82,"risk_score":0.363,"risk_level":"Medium"},"geometry":{"type":"Point","coordinates":[86.427603,23.763053]}},{"type":"Feature","properties":{"subsidence_mm":0.03,"tilt_deg":0.00009,"strain_ue":0.08,"x_offset_m":-285,"y_offset_m":-135,"source":"NCB_PFM","nearest_asset_distance_m":315,"consequence_weight":1.11,"idw_subsidence_mm":12.82,"risk_score":0.37,"risk_level":"Medium"},"geometry":{"type":"Point","coordinates":[86.427603,23.763187]}},{"type":"Feature","properties":{"subsidence_mm":0.03,"tilt_deg":0.00009,"strain_ue":0.08,"x_offset_m":-285,"y_offset_m":-120,"source":"NCB_PFM","nearest_asset_distance_m":301,"consequence_weight":1.2,"idw_subsidence_mm":12.82,"risk_score":0.376,"risk_level":"Medium"},"geometry":{"type":"Point","coordinates":[86.427603,23.763322]}},{"type":"Feature","properties":{"subsidence_mm":0.03,"tilt_deg":0.00009,"strain_ue":0.08,"x_offset_m":-285,"y_offset_m":-105,"source":"NCB_PFM","nearest_asset_distance_m":286,"consequence_weight":1.29,"idw_subsidence_mm":12.82,"risk_score":0.382,"risk_level":"Medium"},"geometry":{"type":"Point","coordinates":[86.427603,23.763457]}},{"type":"Feature","properties":{"subsidence_mm":0.03,"tilt_deg":0.00009,"strain_ue":0.08,"x_offset_m":-285,"y_offset_m":-90,"source":"NCB_PFM","nearest_asset_distance_m":271,"consequence_weight":1.38,"idw_subsidence_mm":12.82,"risk_score":0.388,"risk_level":"Medium"},"geometry":{"type":"Point","coordinates":[86.427603,23.763592]}},{"type":"Feature","properties":{"subsidence_mm":0.03,"tilt_deg":0.00009,"strain_ue":0.08,"x_offset_m":-285,"y_offset_m":-75,"source":"NCB_PFM","nearest_asset_distance_m":256,"consequence_weight":1.46,"idw_subsidence_mm":12.82,"risk_score":0.394,"risk_level":"Medium"},"geometry":{"type":"Point","coordinates":[86.427603,23.763726]}},{"type":"Feature","properties":{"subsidence_mm":0.03,"tilt_deg":0.00009,"strain_ue":0.08,"x_offset_m":-285,"y_offset_m":-60,"source":"NCB_PFM","nearest_asset_distance_m":241,"consequence_weight":1.55,"idw_subsidence_mm":12.82,"risk_score":0.4,"risk_level":"Medium"},"geometry":{"type":"Point","coordinates":[86.427603,23.763861]}},{"type":"Feature","properties":{"subsidence_mm":0.03,"tilt_deg":0.00009,"strain_ue":0.08,"x_offset_m":-285,"y_offset_m":-45,"source":"NCB_PFM","nearest_asset_distance_m":226,"consequence_weight":1.64,"idw_subsidence_mm":12.82,"risk_score":0.407,"risk_level":"Medium"},"geometry":{"type":"Point","coordinates":[86.427603,23.763996]}},{"type":"Feature","properties":{"subsidence_mm":0.03,"tilt_deg":0.00009,"strain_ue":0.08,"x_offset_m":-285,"y_offset_m":-30,"source":"NCB_PFM","nearest_asset_distance_m":212,"consequence_weight":1.73,"idw_subsidence_mm":8.34,"risk_score":0.264,"risk_level":"Low"},"geometry":{"type":"Point","coordinates":[86.427603,23.764131]}},{"type":"Feature","properties":{"subsidence_mm":0.03,"tilt_deg":0.00009,"strain_ue":0.08,"x_offset_m":-285,"y_offset_m":-15,"source":"NCB_PFM","nearest_asset_distance_m":197,"consequence_weight":1.82,"idw_subsidence_mm":8.34,"risk_score":0.271,"risk_level":"Low"},"geometry":{"type":"Point","coordinates":[86.427603,23.764265]}},{"type":"Feature","properties":{"subsidence_mm":0.03,"tilt_deg":0.00009,"strain_ue":0.08,"x_offset_m":-285,"y_offset_m":0,"source":"NCB_PFM","nearest_asset_distance_m":182,"consequence_weight":1.91,"idw_subsidence_mm":8.34,"risk_score":0.277,"risk_level":"Low"},"geometry":{"type":"Point","coordinates":[86.427603,23.7644]}},{"type":"Feature","properties":{"subsidence_mm":0.03,"tilt_deg":0.00009,"strain_ue":0.08,"x_offset_m":-285,"y_offset_m":15,"source":"NCB_PFM","nearest_asset_distance_m":168,"consequence_weight":1.99,"idw_subsidence_mm":8.34,"risk_score":0.282,"risk_level":"Low"},"geometry":{"type":"Point","coordinates":[86.427603,23.764535]}},{"type":"Feature","properties":{"subsidence_mm":0.03,"tilt_deg":0.00009,"strain_ue":0.08,"x_offset_m":-285,"y_offset_m":30,"source":"NCB_PFM","nearest_asset_distance_m":153,"consequence_weight":2.08,"idw_subsidence_mm":8.34,"risk_score":0.289,"risk_level":"Low"},"geometry":{"type":"Point","coordinates":[86.427603,23.764669]}},{"type":"Feature","properties":{"subsidence_mm":0.03,"tilt_deg":0.00009,"strain_ue":0.08,"x_offset_m":-285,"y_offset_m":45,"source":"NCB_PFM","nearest_asset_distance_m":139,"consequence_weight":2.17,"idw_subsidence_mm":8.34,"risk_score":0.295,"risk_level":"Low"},"geometry":{"type":"Point","coordinates":[86.427603,23.764804]}},{"type":"Feature","properties":{"subsidence_mm":0.03,"tilt_deg":0.00009,"strain_ue":0.08,"x_offset_m":-285,"y_offset_m":60,"source":"NCB_PFM","nearest_asset_distance_m":125,"consequence_weight":2.25,"idw_subsidence_mm":8.34,"risk_score":0.301,"risk_level":"Low"},"geometry":{"type":"Point","coordinates":[86.427603,23.764939]}},{"type":"Feature","properties":{"subsidence_mm":0.03,"tilt_deg":0.00009,"strain_ue":0.08,"x_offset_m":-285,"y_offset_m":75,"source":"NCB_PFM","nearest_asset_distance_m":111,"consequence_weight":2.34,"idw_subsidence_mm":8.34,"risk_score":0.307,"risk_level":"Low"},"geometry":{"type":"Point","coordinates":[86.427603,23.765074]}},{"type":"Feature","properties":{"subsidence_mm":0.03,"tilt_deg":0.00009,"strain_ue":0.08,"x_offset_m":-285,"y_offset_m":90,"source":"NCB_PFM","nearest_asset_distance_m":97,"consequence_weight":2.42,"idw_subsidence_mm":8.34,"risk_score":0.313,"risk_level":"Low"},"geometry":{"type":"Point","coordinates":[86.427603,23.765208]}},{"type":"Feature","properties":{"subsidence_mm":0.03,"tilt_deg":0.00009,"strain_ue":0.08,"x_offset_m":-285,"y_offset_m":105,"source":"NCB_PFM","nearest_asset_distance_m":83,"consequence_weight":2.5,"idw_subsidence_mm":8.34,"risk_score":0.318,"risk_level":"Low"},"geometry":{"type":"Point","coordinates":[86.427603,23.765343]}},{"type":"Feature","properties":{"subsidence_mm":0.03,"tilt_deg":0.00009,"strain_ue":0.08,"x_offset_m":-285,"y_offset_m":120,"source":"NCB_PFM","nearest_asset_distance_m":71,"consequence_weight":2.58,"idw_subsidence_mm":8.34,"risk_score":0.324,"risk_level":"Low"},"geometry":{"type":"Point","coordinates":[86.427603,23.765478]}},{"type":"Feature","properties":{"subsidence_mm":0.03,"tilt_deg":0.00009,"strain_ue":0.08,"x_offset_m":-285,"y_offset_m":135,"source":"NCB_PFM","nearest_asset_distance_m":59,"consequence_weight":2.65,"idw_subsidence_mm":8.34,"risk_score":0.329,"risk_level":"Low"},"geometry":{"type":"Point","coordinates":[86.427603,23.765613]}},{"type":"Feature","properties":{"subsidence_mm":0.03,"tilt_deg":0.00009,"strain_ue":0.08,"x_offset_m":-285,"y_offset_m":150,"source":"NCB_PFM","nearest_asset_distance_m":49,"consequence_weight":2.7,"idw_subsidence_mm":8.34,"risk_score":0.332,"risk_level":"Low"},"geometry":{"type":"Point","coordinates":[86.427603,23.765747]}},{"type":"Feature","properties":{"subsidence_mm":0.03,"tilt_deg":0.00009,"strain_ue":0.08,"x_offset_m":-285,"y_offset_m":165,"source":"NCB_PFM","nearest_asset_distance_m":42,"consequence_weight":2.75,"idw_subsidence_mm":8.34,"risk_score":0.336,"risk_level":"Low"},"geometry":{"type":"Point","coordinates":[86.427603,23.765882]}},{"type":"Feature","properties":{"subsidence_mm":0.03,"tilt_deg":0.00009,"strain_ue":0.08,"x_offset_m":-285,"y_offset_m":180,"source":"NCB_PFM","nearest_asset_distance_m":40,"consequence_weight":2.76,"idw_subsidence_mm":8.34,"risk_score":0.337,"risk_level":"Low"},"geometry":{"type":"Point","coordinates":[86.427603,23.766017]}},{"type":"Feature","properties":{"subsidence_mm":0.03,"tilt_deg":0.00009,"strain_ue":0.08,"x_offset_m":-285,"y_offset_m":195,"source":"NCB_PFM","nearest_asset_distance_m":44,"consequence_weight":2.74,"idw_subsidence_mm":8.34,"risk_score":0.335,"risk_level":"Low"},"geometry":{"type":"Point","coordinates":[86.427603,23.766152]}},{"type":"Feature","properties":{"subsidence_mm":0.03,"tilt_deg":0.00009,"strain_ue":0.08,"x_offset_m":-285,"y_offset_m":210,"source":"NCB_PFM","nearest_asset_distance_m":51,"consequence_weight":2.69,"idw_subsidence_mm":8.34,"risk_score":0.332,"risk_level":"Low"},"geometry":{"type":"Point","coordinates":[86.427603,23.766286]}},{"type":"Feature","properties":{"subsidence_mm":0.03,"tilt_deg":0.00009,"strain_ue":0.08,"x_offset_m":-285,"y_offset_m":225,"source":"NCB_PFM","nearest_asset_distance_m":62,"consequence_weight":2.63,"idw_subsidence_mm":8.34,"risk_score":0.327,"risk_level":"Low"},"geometry":{"type":"Point","coordinates":[86.427603,23.766421]}},{"type":"Feature","properties":{"subsidence_mm":0.03,"tilt_deg":0.00009,"strain_ue":0.08,"x_offset_m":-285,"y_offset_m":240,"source":"NCB_PFM","nearest_asset_distance_m":74,"consequence_weight":2.56,"idw_subsidence_mm":8.34,"risk_score":0.322,"risk_level":"Low"},"geometry":{"type":"Point","coordinates":[86.427603,23.766556]}},{"type":"Feature","properties":{"subsidence_mm":0.03,"tilt_deg":0.00009,"strain_ue":0.08,"x_offset_m":-285,"y_offset_m":255,"source":"NCB_PFM","nearest_asset_distance_m":87,"consequence_weight":2.48,"idw_subsidence_mm":8.34,"risk_score":0.317,"risk_level":"Low"},"geometry":{"type":"Point","coordinates":[86.427603,23.766691]}},{"type":"Feature","properties":{"subsidence_mm":0.03,"tilt_deg":0.00009,"strain_ue":0.08,"x_offset_m":-285,"y_offset_m":270,"source":"NCB_PFM","nearest_asset_distance_m":100,"consequence_weight":2.4,"idw_subsidence_mm":3.8,"risk_score":0.16,"risk_level":"Low"},"geometry":{"type":"Point","coordinates":[86.427603,23.766825]}},{"type":"Feature","properties":{"subsidence_mm":0.03,"tilt_deg":0.00009,"strain_ue":0.08,"x_offset_m":-285,"y_offset_m":285,"source":"NCB_PFM","nearest_asset_distance_m":114,"consequence_weight":2.32,"idw_subsidence_mm":3.8,"risk_score":0.154,"risk_level":"Low"},"geometry":{"type":"Point","coordinates":[86.427603,23.76696]}},{"type":"Feature","properties":{"subsidence_mm":0.03,"tilt_deg":0.00009,"strain_ue":0.08,"x_offset_m":-285,"y_offset_m":300,"source":"NCB_PFM","nearest_asset_distance_m":128,"consequence_weight":2.23,"idw_subsidence_mm":3.8,"risk_score":0.148,"risk_level":"Low"},"geometry":{"type":"Point","coordinates":[86.427603,23.767095]}},{"type":"Feature","properties":{"subsidence_mm":0.06,"tilt_deg":0.00019,"strain_ue":0.2,"x_offset_m":-270,"y_offset_m":-300,"source":"NCB_PFM","nearest_asset_distance_m":478,"consequence_weight":0.13,"idw_subsidence_mm":12.82,"risk_score":0.301,"risk_level":"Low"},"geometry":{"type":"Point","coordinates":[86.42775,23.761705]}},{"type":"Feature","properties":{"subsidence_mm":0.06,"tilt_deg":0.00019,"strain_ue":0.2,"x_offset_m":-270,"y_offset_m":-285,"source":"NCB_PFM","nearest_asset_distance_m":463,"consequence_weight":0.22,"idw_subsidence_mm":12.82,"risk_score":0.307,"risk_level":"Low"},"geometry":{"type":"Point","coordinates":[86.42775,23.76184]}},{"type":"Feature","properties":{"subsidence_mm":0.06,"tilt_deg":0.00019,"strain_ue":0.2,"x_offset_m":-270,"y_offset_m":-270,"source":"NCB_PFM","nearest_asset_distance_m":448,"consequence_weight":0.31,"idw_subsidence_mm":12.82,"risk_score":0.314,"risk_level":"Low"},"geometry":{"type":"Point","coordinates":[86.42775,23.761975]}},{"type":"Feature","properties":{"subsidence_mm":0.06,"tilt_deg":0.00019,"strain_ue":0.2,"x_offset_m":-270,"y_offset_m":-255,"source":"NCB_PFM","nearest_asset_distance_m":433,"consequence_weight":0.4,"idw_subsidence_mm":12.82,"risk_score":0.32,"risk_level":"Low"},"geometry":{"type":"Point","coordinates":[86.42775,23.762109]}},{"type":"Feature","properties":{"subsidence_mm":0.06,"tilt_deg":0.00019,"strain_ue":0.2,"x_offset_m":-270,"y_offset_m":-240,"source":"NCB_PFM","nearest_asset_distance_m":418,"consequence_weight":0.49,"idw_subsidence_mm":12.82,"risk_score":0.326,"risk_level":"Low"},"geometry":{"type":"Point","coordinates":[86.42775,23.762244]}},{"type":"Feature","properties":{"subsidence_mm":0.06,"tilt_deg":0.00019,"strain_ue":0.2,"x_offset_m":-270,"y_offset_m":-225,"source":"NCB_PFM","nearest_asset_distance_m":403,"consequence_weight":0.58,"idw_subsidence_mm":12.82,"risk_score":0.332,"risk_level":"Low"},"geometry":{"type":"Point","coordinates":[86.42775,23.762379]}},{"type":"Feature","properties":{"subsidence_mm":0.06,"tilt_deg":0.00019,"strain_ue":0.2,"x_offset_m":-270,"y_offset_m":-210,"source":"NCB_PFM","nearest_asset_distance_m":388,"consequence_weight":0.67,"idw_subsidence_mm":12.82,"risk_score":0.339,"risk_level":"Low"},"geometry":{"type":"Point","coordinates":[86.42775,23.762514]}},{"type":"Feature","properties":{"subsidence_mm":0.06,"tilt_deg":0.00019,"strain_ue":0.2,"x_offset_m":-270,"y_offset_m":-195,"source":"NCB_PFM","nearest_asset_distance_m":374,"consequence_weight":0.76,"idw_subsidence_mm":12.82,"risk_score":0.345,"risk_level":"Low"},"geometry":{"type":"Point","coordinates":[86.42775,23.762648]}},{"type":"Feature","properties":{"subsidence_mm":0.06,"tilt_deg":0.00019,"strain_ue":0.2,"x_offset_m":-270,"y_offset_m":-180,"source":"NCB_PFM","nearest_asset_distance_m":359,"consequence_weight":0.85,"idw_subsidence_mm":12.82,"risk_score":0.351,"risk_level":"Medium"},"geometry":{"type":"Point","coordinates":[86.42775,23.762783]}},{"type":"Feature","properties":{"subsidence_mm":0.06,"tilt_deg":0.00019,"strain_ue":0.2,"x_offset_m":-270,"y_offset_m":-165,"source":"NCB_PFM","nearest_asset_distance_m":344,"consequence_weight":0.94,"idw_subsidence_mm":12.82,"risk_score":0.358,"risk_level":"Medium"},"geometry":{"type":"Point","coordinates":[86.42775,23.762918]}},{"type":"Feature","properties":{"subsidence_mm":0.06,"tilt_deg":0.00019,"strain_ue":0.2,"x_offset_m":-270,"y_offset_m":-150,"source":"NCB_PFM","nearest_asset_distance_m":329,"consequence_weight":1.03,"idw_subsidence_mm":12.82,"risk_score":0.364,"risk_level":"Medium"},"geometry":{"type":"Point","coordinates":[86.42775,23.763053]}},{"type":"Feature","properties":{"subsidence_mm":0.06,"tilt_deg":0.00019,"strain_ue":0.2,"x_offset_m":-270,"y_offset_m":-135,"source":"NCB_PFM","nearest_asset_distance_m":314,"consequence_weight":1.12,"idw_subsidence_mm":12.82,"risk_score":0.37,"risk_level":"Medium"},"geometry":{"type":"Point","coordinates":[86.42775,23.763187]}},{"type":"Feature","properties":{"subsidence_mm":0.06,"tilt_deg":0.00019,"strain_ue":0.2,"x_offset_m":-270,"y_offset_m":-120,"source":"NCB_PFM","nearest_asset_distance_m":299,"consequence_weight":1.21,"idw_subsidence_mm":12.82,"risk_score":0.377,"risk_level":"Medium"},"geometry":{"type":"Point","coordinates":[86.42775,23.763322]}},{"type":"Feature","properties":{"subsidence_mm":0.06,"tilt_deg":0.00019,"strain_ue":0.2,"x_offset_m":-270,"y_offset_m":-105,"source":"NCB_PFM","nearest_asset_distance_m":284,"consequence_weight":1.3,"idw_subsidence_mm":12.82,"risk_score":0.383,"risk_level":"Medium"},"geometry":{"type":"Point","coordinates":[86.42775,23.763457]}},{"type":"Feature","properties":{"subsidence_mm":0.06,"tilt_deg":0.00019,"strain_ue":0.2,"x_offset_m":-270,"y_offset_m":-90,"source":"NCB_PFM","nearest_asset_distance_m":269,"consequence_weight":1.39,"idw_subsidence_mm":12.82,"risk_score":0.389,"risk_level":"Medium"},"geometry":{"type":"Point","coordinates":[86.42775,23.763592]}},{"type":"Feature","properties":{"subsidence_mm":0.06,"tilt_deg":0.00019,"strain_ue":0.2,"x_offset_m":-270,"y_offset_m":-75,"source":"NCB_PFM","nearest_asset_distance_m":254,"consequence_weight":1.48,"idw_subsidence_mm":12.82,"risk_score":0.396,"risk_level":"Medium"},"geometry":{"type":"Point","coordinates":[86.42775,23.763726]}},{"type":"Feature","properties":{"subsidence_mm":0.06,"tilt_deg":0.00019,"strain_ue":0.2,"x_offset_m":-270,"y_offset_m":-60,"source":"NCB_PFM","nearest_asset_distance_m":239,"consequence_weight":1.56,"idw_subsidence_mm":12.82,"risk_score":0.401,"risk_level":"Medium"},"geometry":{"type":"Point","coordinates":[86.42775,23.763861]}},{"type":"Feature","properties":{"subsidence_mm":0.06,"tilt_deg":0.00019,"strain_ue":0.2,"x_offset_m":-270,"y_offset_m":-45,"source":"NCB_PFM","nearest_asset_distance_m":224,"consequence_weight":1.65,"idw_subsidence_mm":12.82,"risk_score":0.408,"risk_level":"Medium"},"geometry":{"type":"Point","coordinates":[86.42775,23.763996]}},{"type":"Feature","properties":{"subsidence_mm":0.06,"tilt_deg":0.00019,"strain_ue":0.2,"x_offset_m":-270,"y_offset_m":-30,"source":"NCB_PFM","nearest_asset_distance_m":209,"consequence_weight":1.74,"idw_subsidence_mm":8.34,"risk_score":0.265,"risk_level":"Low"},"geometry":{"type":"Point","coordinates":[86.42775,23.764131]}},{"type":"Feature","properties":{"subsidence_mm":0.06,"tilt_deg":0.00019,"strain_ue":0.2,"x_offset_m":-270,"y_offset_m":-15,"source":"NCB_PFM","nearest_asset_distance_m":195,"consequence_weight":1.83,"idw_subsidence_mm":8.34,"risk_score":0.271,"risk_level":"Low"},"geometry":{"type":"Point","coordinates":[86.42775,23.764265]}},{"type":"Feature","properties":{"subsidence_mm":0.06,"tilt_deg":0.00019,"strain_ue":0.2,"x_offset_m":-270,"y_offset_m":0,"source":"NCB_PFM","nearest_asset_distance_m":180,"consequence_weight":1.92,"idw_subsidence_mm":8.34,"risk_score":0.278,"risk_level":"Low"},"geometry":{"type":"Point","coordinates":[86.42775,23.7644]}},{"type":"Feature","properties":{"subsidence_mm":0.06,"tilt_deg":0.00019,"strain_ue":0.2,"x_offset_m":-270,"y_offset_m":15,"source":"NCB_PFM","nearest_asset_distance_m":165,"consequence_weight":2.01,"idw_subsidence_mm":8.34,"risk_score":0.284,"risk_level":"Low"},"geometry":{"type":"Point","coordinates":[86.42775,23.764535]}},{"type":"Feature","properties":{"subsidence_mm":0.06,"tilt_deg":0.00019,"strain_ue":0.2,"x_offset_m":-270,"y_offset_m":30,"source":"NCB_PFM","nearest_asset_distance_m":150,"consequence_weight":2.1,"idw_subsidence_mm":8.34,"risk_score":0.29,"risk_level":"Low"},"geometry":{"type":"Point","coordinates":[86.42775,23.764669]}},{"type":"Feature","properties":{"subsidence_mm":0.06,"tilt_deg":0.00019,"strain_ue":0.2,"x_offset_m":-270,"y_offset_m":45,"source":"NCB_PFM","nearest_asset_distance_m":135,"consequence_weight":2.19,"idw_subsidence_mm":8.34,"risk_score":0.297,"risk_level":"Low"},"geometry":{"type":"Point","coordinates":[86.42775,23.764804]}},{"type":"Feature","properties":{"subsidence_mm":0.06,"tilt_deg":0.00019,"strain_ue":0.2,"x_offset_m":-270,"y_offset_m":60,"source":"NCB_PFM","nearest_asset_distance_m":121,"consequence_weight":2.28,"idw_subsidence_mm":8.34,"risk_score":0.303,"risk_level":"Low"},"geometry":{"type":"Point","coordinates":[86.42775,23.764939]}},{"type":"Feature","properties":{"subsidence_mm":0.06,"tilt_deg":0.00019,"strain_ue":0.2,"x_offset_m":-270,"y_offset_m":75,"source":"NCB_PFM","nearest_asset_distance_m":106,"consequence_weight":2.36,"idw_subsidence_mm":8.34,"risk_score":0.309,"risk_level":"Low"},"geometry":{"type":"Point","coordinates":[86.42775,23.765074]}},{"type":"Feature","properties":{"subsidence_mm":0.06,"tilt_deg":0.00019,"strain_ue":0.2,"x_offset_m":-270,"y_offset_m":90,"source":"NCB_PFM","nearest_asset_distance_m":92,"consequence_weight":2.45,"idw_subsidence_mm":8.34,"risk_score":0.315,"risk_level":"Low"},"geometry":{"type":"Point","coordinates":[86.42775,23.765208]}},{"type":"Feature","properties":{"subsidence_mm":0.06,"tilt_deg":0.00019,"strain_ue":0.2,"x_offset_m":-270,"y_offset_m":105,"source":"NCB_PFM","nearest_asset_distance_m":77,"consequence_weight":2.54,"idw_subsidence_mm":8.34,"risk_score":0.321,"risk_level":"Low"},"geometry":{"type":"Point","coordinates":[86.42775,23.765343]}},{"type":"Feature","properties":{"subsidence_mm":0.06,"tilt_deg":0.00019,"strain_ue":0.2,"x_offset_m":-270,"y_offset_m":120,"source":"NCB_PFM","nearest_asset_distance_m":63,"consequence_weight":2.62,"idw_subsidence_mm":8.34,"risk_score":0.327,"risk_level":"Low"},"geometry":{"type":"Point","coordinates":[86.42775,23.765478]}},{"type":"Feature","properties":{"subsidence_mm":0.06,"tilt_deg":0.00019,"strain_ue":0.2,"x_offset_m":-270,"y_offset_m":135,"source":"NCB_PFM","nearest_asset_distance_m":50,"consequence_weight":2.7,"idw_subsidence_mm":8.34,"risk_score":0.332,"risk_level":"Low"},"geometry":{"type":"Point","coordinates":[86.42775,23.765613]}},{"type":"Feature","properties":{"subsidence_mm":0.06,"tilt_deg":0.00019,"strain_ue":0.2,"x_offset_m":-270,"y_offset_m":150,"source":"NCB_PFM","nearest_asset_distance_m":38,"consequence_weight":2.77,"idw_subsidence_mm":8.34,"risk_score":0.337,"risk_level":"Low"},"geometry":{"type":"Point","coordinates":[86.42775,23.765747]}},{"type":"Feature","properties":{"subsidence_mm":0.06,"tilt_deg":0.00019,"strain_ue":0.2,"x_offset_m":-270,"y_offset_m":165,"source":"NCB_PFM","nearest_asset_distance_m":29,"consequence_weight":2.83,"idw_subsidence_mm":8.34,"risk_score":0.342,"risk_level":"Low"},"geometry":{"type":"Point","coordinates":[86.42775,23.765882]}},{"type":"Feature","properties":{"subsidence_mm":0.06,"tilt_deg":0.00019,"strain_ue":0.2,"x_offset_m":-270,"y_offset_m":180,"source":"NCB_PFM","nearest_asset_distance_m":26,"consequence_weight":2.85,"idw_subsidence_mm":8.34,"risk_score":0.343,"risk_level":"Low"},"geometry":{"type":"Point","coordinates":[86.42775,23.766017]}},{"type":"Feature","properties":{"subsidence_mm":0.06,"tilt_deg":0.00019,"strain_ue":0.2,"x_offset_m":-270,"y_offset_m":195,"source":"NCB_PFM","nearest_asset_distance_m":31,"consequence_weight":2.82,"idw_subsidence_mm":8.34,"risk_score":0.341,"risk_level":"Low"},"geometry":{"type":"Point","coordinates":[86.42775,23.766152]}},{"type":"Feature","properties":{"subsidence_mm":0.06,"tilt_deg":0.00019,"strain_ue":0.2,"x_offset_m":-270,"y_offset_m":210,"source":"NCB_PFM","nearest_asset_distance_m":41,"consequence_weight":2.76,"idw_subsidence_mm":8.34,"risk_score":0.337,"risk_level":"Low"},"geometry":{"type":"Point","coordinates":[86.42775,23.766286]}},{"type":"Feature","properties":{"subsidence_mm":0.06,"tilt_deg":0.00019,"strain_ue":0.2,"x_offset_m":-270,"y_offset_m":225,"source":"NCB_PFM","nearest_asset_distance_m":53,"consequence_weight":2.68,"idw_subsidence_mm":8.34,"risk_score":0.331,"risk_level":"Low"},"geometry":{"type":"Point","coordinates":[86.42775,23.766421]}},{"type":"Feature","properties":{"subsidence_mm":0.06,"tilt_deg":0.00019,"strain_ue":0.2,"x_offset_m":-270,"y_offset_m":240,"source":"NCB_PFM","nearest_asset_distance_m":67,"consequence_weight":2.6,"idw_subsidence_mm":8.34,"risk_score":0.325,"risk_level":"Low"},"geometry":{"type":"Point","coordinates":[86.42775,23.766556]}},{"type":"Feature","properties":{"subsidence_mm":0.06,"tilt_deg":0.00019,"strain_ue":0.2,"x_offset_m":-270,"y_offset_m":255,"source":"NCB_PFM","nearest_asset_distance_m":81,"consequence_weight":2.51,"idw_subsidence_mm":8.34,"risk_score":0.319,"risk_level":"Low"},"geometry":{"type":"Point","coordinates":[86.42775,23.766691]}},{"type":"Feature","properties":{"subsidence_mm":0.06,"tilt_deg":0.00019,"strain_ue":0.2,"x_offset_m":-270,"y_offset_m":270,"source":"NCB_PFM","nearest_asset_distance_m":95,"consequence_weight":2.43,"idw_subsidence_mm":3.8,"risk_score":0.162,"risk_level":"Low"},"geometry":{"type":"Point","coordinates":[86.42775,23.766825]}},{"type":"Feature","properties":{"subsidence_mm":0.06,"tilt_deg":0.00019,"strain_ue":0.2,"x_offset_m":-270,"y_offset_m":285,"source":"NCB_PFM","nearest_asset_distance_m":110,"consequence_weight":2.34,"idw_subsidence_mm":3.8,"risk_score":0.156,"risk_level":"Low"},"geometry":{"type":"Point","coordinates":[86.42775,23.76696]}},{"type":"Feature","properties":{"subsidence_mm":0.06,"tilt_deg":0.00019,"strain_ue":0.2,"x_offset_m":-270,"y_offset_m":300,"source":"NCB_PFM","nearest_asset_distance_m":124,"consequence_weight":2.25,"idw_subsidence_mm":3.8,"risk_score":0.15,"risk_level":"Low"},"geometry":{"type":"Point","coordinates":[86.42775,23.767095]}},{"type":"Feature","properties":{"subsidence_mm":0.13,"tilt_deg":0.00043,"strain_ue":0.44,"x_offset_m":-255,"y_offset_m":-300,"source":"NCB_PFM","nearest_asset_distance_m":478,"consequence_weight":0.13,"idw_subsidence_mm":12.82,"risk_score":0.301,"risk_level":"Low"},"geometry":{"type":"Point","coordinates":[86.427897,23.761705]}},{"type":"Feature","properties":{"subsidence_mm":0.13,"tilt_deg":0.00043,"strain_ue":0.44,"x_offset_m":-255,"y_offset_m":-285,"source":"NCB_PFM","nearest_asset_distance_m":463,"consequence_weight":0.22,"idw_subsidence_mm":12.82,"risk_score":0.307,"risk_level":"Low"},"geometry":{"type":"Point","coordinates":[86.427897,23.76184]}},{"type":"Feature","properties":{"subsidence_mm":0.13,"tilt_deg":0.00043,"strain_ue":0.44,"x_offset_m":-255,"y_offset_m":-270,"source":"NCB_PFM","nearest_asset_distance_m":448,"consequence_weight":0.31,"idw_subsidence_mm":12.82,"risk_score":0.314,"risk_level":"Low"},"geometry":{"type":"Point","coordinates":[86.427897,23.761975]}},{"type":"Feature","properties":{"subsidence_mm":0.13,"tilt_deg":0.00043,"strain_ue":0.44,"x_offset_m":-255,"y_offset_m":-255,"source":"NCB_PFM","nearest_asset_distance_m":433,"consequence_weight":0.4,"idw_subsidence_mm":12.82,"risk_score":0.32,"risk_level":"Low"},"geometry":{"type":"Point","coordinates":[86.427897,23.762109]}},{"type":"Feature","properties":{"subsidence_mm":0.13,"tilt_deg":0.00043,"strain_ue":0.44,"x_offset_m":-255,"y_offset_m":-240,"source":"NCB_PFM","nearest_asset_distance_m":418,"consequence_weight":0.49,"idw_subsidence_mm":12.82,"risk_score":0.326,"risk_level":"Low"},"geometry":{"type":"Point","coordinates":[86.427897,23.762244]}},{"type":"Feature","properties":{"subsidence_mm":0.13,"tilt_deg":0.00043,"strain_ue":0.44,"x_offset_m":-255,"y_offset_m":-225,"source":"NCB_PFM","nearest_asset_distance_m":403,"consequence_weight":0.58,"idw_subsidence_mm":12.82,"risk_score":0.333,"risk_level":"Low"},"geometry":{"type":"Point","coordinates":[86.427897,23.762379]}},{"type":"Feature","properties":{"subsidence_mm":0.13,"tilt_deg":0.00043,"strain_ue":0.44,"x_offset_m":-255,"y_offset_m":-210,"source":"NCB_PFM","nearest_asset_distance_m":388,"consequence_weight":0.67,"idw_subsidence_mm":12.82,"risk_score":0.339,"risk_level":"Low"},"geometry":{"type":"Point","coordinates":[86.427897,23.762514]}},{"type":"Feature","properties":{"subsidence_mm":0.13,"tilt_deg":0.00043,"strain_ue":0.44,"x_offset_m":-255,"y_offset_m":-195,"source":"NCB_PFM","nearest_asset_distance_m":373,"consequence_weight":0.76,"idw_subsidence_mm":12.82,"risk_score":0.345,"risk_level":"Low"},"geometry":{"type":"Point","coordinates":[86.427897,23.762648]}},{"type":"Feature","properties":{"subsidence_mm":0.13,"tilt_deg":0.00043,"strain_ue":0.44,"x_offset_m":-255,"y_offset_m":-180,"source":"NCB_PFM","nearest_asset_distance_m":358,"consequence_weight":0.85,"idw_subsidence_mm":12.82,"risk_score":0.352,"risk_level":"Medium"},"geometry":{"type":"Point","coordinates":[86.427897,23.762783]}},{"type":"Feature","properties":{"subsidence_mm":0.13,"tilt_deg":0.00043,"strain_ue":0.44,"x_offset_m":-255,"y_offset_m":-165,"source":"NCB_PFM","nearest_asset_distance_m":343,"consequence_weight":0.94,"idw_subsidence_mm":12.82,"risk_score":0.358,"risk_level":"Medium"},"geometry":{"type":"Point","coordinates":[86.427897,23.762918]}},{"type":"Feature","properties":{"subsidence_mm":0.13,"tilt_deg":0.00043,"strain_ue":0.44,"x_offset_m":-255,"y_offset_m":-150,"source":"NCB_PFM","nearest_asset_distance_m":328,"consequence_weight":1.03,"idw_subsidence_mm":12.82,"risk_score":0.364,"risk_level":"Medium"},"geometry":{"type":"Point","coordinates":[86.427897,23.763053]}},{"type":"Feature","properties":{"subsidence_mm":0.13,"tilt_deg":0.00043,"strain_ue":0.44,"x_offset_m":-255,"y_offset_m":-135,"source":"NCB_PFM","nearest_asset_distance_m":313,"consequence_weight":1.12,"idw_subsidence_mm":12.82,"risk_score":0.371,"risk_level":"Medium"},"geometry":{"type":"Point","coordinates":[86.427897,23.763187]}},{"type":"Feature","properties":{"subsidence_mm":0.13,"tilt_deg":0.00043,"strain_ue":0.44,"x_offset_m":-255,"y_offset_m":-120,"source":"NCB_PFM","nearest_asset_distance_m":298,"consequence_weight":1.21,"idw_subsidence_mm":12.82,"risk_score":0.377,"risk_level":"Medium"},"geometry":{"type":"Point","coordinates":[86.427897,23.763322]}},{"type":"Feature","properties":{"subsidence_mm":0.13,"tilt_deg":0.00043,"strain_ue":0.44,"x_offset_m":-255,"y_offset_m":-105,"source":"NCB_PFM","nearest_asset_distance_m":283,"consequence_weight":1.3,"idw_subsidence_mm":12.82,"risk_score":0.383,"risk_level":"Medium"},"geometry":{"type":"Point","coordinates":[86.427897,23.763457]}},{"type":"Feature","properties":{"subsidence_mm":0.13,"tilt_deg":0.00043,"strain_ue":0.44,"x_offset_m":-255,"y_offset_m":-90,"source":"NCB_PFM","nearest_asset_distance_m":268,"consequence_weight":1.39,"idw_subsidence_mm":12.82,"risk_score":0.39,"risk_level":"Medium"},"geometry":{"type":"Point","coordinates":[86.427897,23.763592]}},{"type":"Feature","properties":{"subsidence_mm":0.13,"tilt_deg":0.00043,"strain_ue":0.44,"x_offset_m":-255,"y_offset_m":-75,"source":"NCB_PFM","nearest_asset_distance_m":253,"consequence_weight":1.48,"idw_subsidence_mm":12.82,"risk_score":0.396,"risk_level":"Medium"},"geometry":{"type":"Point","coordinates":[86.427897,23.763726]}},{"type":"Feature","properties":{"subsidence_mm":0.13,"tilt_deg":0.00043,"strain_ue":0.44,"x_offset_m":-255,"y_offset_m":-60,"source":"NCB_PFM","nearest_asset_distance_m":238,"consequence_weight":1.57,"idw_subsidence_mm":12.82,"risk_score":0.402,"risk_level":"Medium"},"geometry":{"type":"Point","coordinates":[86.427897,23.763861]}},{"type":"Feature","properties":{"subsidence_mm":0.13,"tilt_deg":0.00043,"strain_ue":0.44,"x_offset_m":-255,"y_offset_m":-45,"source":"NCB_PFM","nearest_asset_distance_m":223,"consequence_weight":1.66,"idw_subsidence_mm":12.82,"risk_score":0.409,"risk_level":"Medium"},"geometry":{"type":"Point","coordinates":[86.427897,23.763996]}},{"type":"Feature","properties":{"subsidence_mm":0.13,"tilt_deg":0.00043,"strain_ue":0.44,"x_offset_m":-255,"y_offset_m":-30,"source":"NCB_PFM","nearest_asset_distance_m":208,"consequence_weight":1.75,"idw_subsidence_mm":8.34,"risk_score":0.266,"risk_level":"Low"},"geometry":{"type":"Point","coordinates":[86.427897,23.764131]}},{"type":"Feature","properties":{"subsidence_mm":0.13,"tilt_deg":0.00043,"strain_ue":0.44,"x_offset_m":-255,"y_offset_m":-15,"source":"NCB_PFM","nearest_asset_distance_m":193,"consequence_weight":1.84,"idw_subsidence_mm":8.34,"risk_score":0.272,"risk_level":"Low"},"geometry":{"type":"Point","coordinates":[86.427897,23.764265]}},{"type":"Feature","properties":{"subsidence_mm":0.13,"tilt_deg":0.00043,"strain_ue":0.44,"x_offset_m":-255,"y_offset_m":0,"source":"NCB_PFM","nearest_asset_distance_m":178,"consequence_weight":1.93,"idw_subsidence_mm":8.34,"risk_score":0.279,"risk_level":"Low"},"geometry":{"type":"Point","coordinates":[86.427897,23.7644]}},{"type":"Feature","properties":{"subsidence_mm":0.13,"tilt_deg":0.00043,"strain_ue":0.44,"x_offset_m":-255,"y_offset_m":15,"source":"NCB_PFM","nearest_asset_distance_m":163,"consequence_weight":2.02,"idw_subsidence_mm":8.34,"risk_score":0.285,"risk_level":"Low"},"geometry":{"type":"Point","coordinates":[86.427897,23.764535]}},{"type":"Feature","properties":{"subsidence_mm":0.13,"tilt_deg":0.00043,"strain_ue":0.44,"x_offset_m":-255,"y_offset_m":30,"source":"NCB_PFM","nearest_asset_distance_m":148,"consequence_weight":2.11,"idw_subsidence_mm":8.34,"risk_score":0.291,"risk_level":"Low"},"geometry":{"type":"Point","coordinates":[86.427897,23.764669]}},{"type":"Feature","properties":{"subsidence_mm":0.13,"tilt_deg":0.00043,"strain_ue":0.44,"x_offset_m":-255,"y_offset_m":45,"source":"NCB_PFM","nearest_asset_distance_m":133,"consequence_weight":2.2,"idw_subsidence_mm":8.34,"risk_score":0.298,"risk_level":"Low"},"geometry":{"type":"Point","coordinates":[86.427897,23.764804]}},{"type":"Feature","properties":{"subsidence_mm":0.13,"tilt_deg":0.00043,"strain_ue":0.44,"x_offset_m":-255,"y_offset_m":60,"source":"NCB_PFM","nearest_asset_distance_m":118,"consequence_weight":2.29,"idw_subsidence_mm":8.34,"risk_score":0.304,"risk_level":"Low"},"geometry":{"type":"Point","coordinates":[86.427897,23.764939]}},{"type":"Feature","properties":{"subsidence_mm":0.13,"tilt_deg":0.00043,"strain_ue":0.44,"x_offset_m":-255,"y_offset_m":75,"source":"NCB_PFM","nearest_asset_distance_m":103,"consequence_weight":2.38,"idw_subsidence_mm":8.34,"risk_score":0.31,"risk_level":"Low"},"geometry":{"type":"Point","coordinates":[86.427897,23.765074]}},{"type":"Feature","properties":{"subsidence_mm":0.13,"tilt_deg":0.00043,"strain_ue":0.44,"x_offset_m":-255,"y_offset_m":90,"source":"NCB_PFM","nearest_asset_distance_m":89,"consequence_weight":2.47,"idw_subsidence_mm":8.34,"risk_score":0.317,"risk_level":"Low"},"geometry":{"type":"Point","coordinates":[86.427897,23.765208]}},{"type":"Feature","properties":{"subsidence_mm":0.13,"tilt_deg":0.00043,"strain_ue":0.44,"x_offset_m":-255,"y_offset_m":105,"source":"NCB_PFM","nearest_asset_distance_m":74,"consequence_weight":2.56,"idw_subsidence_mm":8.34,"risk_score":0.323,"risk_level":"Low"},"geometry":{"type":"Point","coordinates":[86.427897,23.765343]}},{"type":"Feature","properties":{"subsidence_mm":0.13,"tilt_deg":0.00043,"strain_ue":0.44,"x_offset_m":-255,"y_offset_m":120,"source":"NCB_PFM","nearest_asset_distance_m":59,"consequence_weight":2.65,"idw_subsidence_mm":8.34,"risk_score":0.329,"risk_level":"Low"},"geometry":{"type":"Point","coordinates":[86.427897,23.765478]}},{"type":"Feature","properties":{"subsidence_mm":0.13,"tilt_deg":0.00043,"strain_ue":0.44,"x_offset_m":-255,"y_offset_m":135,"source":"NCB_PFM","nearest_asset_distance_m":44,"consequence_weight":2.73,"idw_subsidence_mm":8.34,"risk_score":0.335,"risk_level":"Low"},"geometry":{"type":"Point","coordinates":[86.427897,23.765613]}},{"type":"Feature","properties":{"subsidence_mm":0.13,"tilt_deg":0.00043,"strain_ue":0.44,"x_offset_m":-255,"y_offset_m":150,"source":"NCB_PFM","nearest_asset_distance_m":30,"consequence_weight":2.82,"idw_subsidence_mm":8.34,"risk_score":0.341,"risk_level":"Low"},"geometry":{"type":"Point","coordinates":[86.427897,23.765747]}},{"type":"Feature","properties":{"subsidence_mm":0.13,"tilt_deg":0.00043,"strain_ue":0.44,"x_offset_m":-255,"y_offset_m":165,"source":"NCB_PFM","nearest_asset_distance_m":17,"consequence_weight":2.9,"idw_subsidence_mm":8.34,"risk_score":0.347,"risk_level":"Low"},"geometry":{"type":"Point","coordinates":[86.427897,23.765882]}},{"type":"Feature","properties":{"subsidence_mm":0.13,"tilt_deg":0.00043,"strain_ue":0.44,"x_offset_m":-255,"y_offset_m":180,"source":"NCB_PFM","nearest_asset_distance_m":11,"consequence_weight":2.94,"idw_subsidence_mm":8.34,"risk_score":0.35,"risk_level":"Medium"},"geometry":{"type":"Point","coordinates":[86.427897,23.766017]}},{"type":"Feature","properties":{"subsidence_mm":0.13,"tilt_deg":0.00043,"strain_ue":0.44,"x_offset_m":-255,"y_offset_m":195,"source":"NCB_PFM","nearest_asset_distance_m":20,"consequence_weight":2.88,"idw_subsidence_mm":8.34,"risk_score":0.345,"risk_level":"Low"},"geometry":{"type":"Point","coordinates":[86.427897,23.766152]}},{"type":"Feature","properties":{"subsidence_mm":0.13,"tilt_deg":0.00043,"strain_ue":0.44,"x_offset_m":-255,"y_offset_m":210,"source":"NCB_PFM","nearest_asset_distance_m":33,"consequence_weight":2.8,"idw_subsidence_mm":8.34,"risk_score":0.34,"risk_level":"Low"},"geometry":{"type":"Point","coordinates":[86.427897,23.766286]}},{"type":"Feature","properties":{"subsidence_mm":0.13,"tilt_deg":0.00043,"strain_ue":0.44,"x_offset_m":-255,"y_offset_m":225,"source":"NCB_PFM","nearest_asset_distance_m":48,"consequence_weight":2.71,"idw_subsidence_mm":8.34,"risk_score":0.333,"risk_level":"Low"},"geometry":{"type":"Point","coordinates":[86.427897,23.766421]}},{"type":"Feature","properties":{"subsidence_mm":0.13,"tilt_deg":0.00043,"strain_ue":0.44,"x_offset_m":-255,"y_offset_m":240,"source":"NCB_PFM","nearest_asset_distance_m":63,"consequence_weight":2.62,"idw_subsidence_mm":8.34,"risk_score":0.327,"risk_level":"Low"},"geometry":{"type":"Point","coordinates":[86.427897,23.766556]}},{"type":"Feature","properties":{"subsidence_mm":0.13,"tilt_deg":0.00043,"strain_ue":0.44,"x_offset_m":-255,"y_offset_m":255,"source":"NCB_PFM","nearest_asset_distance_m":78,"consequence_weight":2.53,"idw_subsidence_mm":8.34,"risk_score":0.321,"risk_level":"Low"},"geometry":{"type":"Point","coordinates":[86.427897,23.766691]}},{"type":"Feature","properties":{"subsidence_mm":0.13,"tilt_deg":0.00043,"strain_ue":0.44,"x_offset_m":-255,"y_offset_m":270,"source":"NCB_PFM","nearest_asset_distance_m":92,"consequence_weight":2.45,"idw_subsidence_mm":3.8,"risk_score":0.164,"risk_level":"Low"},"geometry":{"type":"Point","coordinates":[86.427897,23.766825]}},{"type":"Feature","properties":{"subsidence_mm":0.13,"tilt_deg":0.00043,"strain_ue":0.44,"x_offset_m":-255,"y_offset_m":285,"source":"NCB_PFM","nearest_asset_distance_m":107,"consequence_weight":2.36,"idw_subsidence_mm":3.8,"risk_score":0.158,"risk_level":"Low"},"geometry":{"type":"Point","coordinates":[86.427897,23.76696]}},{"type":"Feature","properties":{"subsidence_mm":0.13,"tilt_deg":0.00043,"strain_ue":0.44,"x_offset_m":-255,"y_offset_m":300,"source":"NCB_PFM","nearest_asset_distance_m":122,"consequence_weight":2.27,"idw_subsidence_mm":3.8,"risk_score":0.151,"risk_level":"Low"},"geometry":{"type":"Point","coordinates":[86.427897,23.767095]}},{"type":"Feature","properties":{"subsidence_mm":0.28,"tilt_deg":0.00096,"strain_ue":0.99,"x_offset_m":-240,"y_offset_m":-300,"source":"NCB_PFM","nearest_asset_distance_m":474,"consequence_weight":0.16,"idw_subsidence_mm":12.82,"risk_score":0.304,"risk_level":"Low"},"geometry":{"type":"Point","coordinates":[86.428044,23.761705]}},{"type":"Feature","properties":{"subsidence_mm":0.28,"tilt_deg":0.00096,"strain_ue":0.99,"x_offset_m":-240,"y_offset_m":-285,"source":"NCB_PFM","nearest_asset_distance_m":463,"consequence_weight":0.22,"idw_subsidence_mm":12.82,"risk_score":0.308,"risk_level":"Low"},"geometry":{"type":"Point","coordinates":[86.428044,23.76184]}},{"type":"Feature","properties":{"subsidence_mm":0.28,"tilt_deg":0.00096,"strain_ue":0.99,"x_offset_m":-240,"y_offset_m":-270,"source":"NCB_PFM","nearest_asset_distance_m":448,"consequence_weight":0.31,"idw_subsidence_mm":12.82,"risk_score":0.314,"risk_level":"Low"},"geometry":{"type":"Point","coordinates":[86.428044,23.761975]}},{"type":"Feature","properties":{"subsidence_mm":0.28,"tilt_deg":0.00096,"strain_ue":0.99,"x_offset_m":-240,"y_offset_m":-255,"source":"NCB_PFM","nearest_asset_distance_m":433,"consequence_weight":0.4,"idw_subsidence_mm":12.82,"risk_score":0.321,"risk_level":"Low"},"geometry":{"type":"Point","coordinates":[86.428044,23.762109]}},{"type":"Feature","properties":{"subsidence_mm":0.28,"tilt_deg":0.00096,"strain_ue":0.99,"x_offset_m":-240,"y_offset_m":-240,"source":"NCB_PFM","nearest_asset_distance_m":418,"consequence_weight":0.49,"idw_subsidence_mm":12.82,"risk_score":0.327,"risk_level":"Low"},"geometry":{"type":"Point","coordinates":[86.428044,23.762244]}},{"type":"Feature","properties":{"subsidence_mm":0.28,"tilt_deg":0.00096,"strain_ue":0.99,"x_offset_m":-240,"y_offset_m":-225,"source":"NCB_PFM","nearest_asset_distance_m":403,"consequence_weight":0.58,"idw_subsidence_mm":12.82,"risk_score":0.333,"risk_level":"Low"},"geometry":{"type":"Point","coordinates":[86.428044,23.762379]}},{"type":"Feature","properties":{"subsidence_mm":0.28,"tilt_deg":0.00096,"strain_ue":0.99,"x_offset_m":-240,"y_offset_m":-210,"source":"NCB_PFM","nearest_asset_distance_m":388,"consequence_weight":0.67,"idw_subsidence_mm":12.82,"risk_score":0.34,"risk_level":"Low"},"geometry":{"type":"Point","coordinates":[86.428044,23.762514]}},{"type":"Feature","properties":{"subsidence_mm":0.28,"tilt_deg":0.00096,"strain_ue":0.99,"x_offset_m":-240,"y_offset_m":-195,"source":"NCB_PFM","nearest_asset_distance_m":373,"consequence_weight":0.76,"idw_subsidence_mm":12.82,"risk_score":0.346,"risk_level":"Low"},"geometry":{"type":"Point","coordinates":[86.428044,23.762648]}},{"type":"Feature","properties":{"subsidence_mm":0.28,"tilt_deg":0.00096,"strain_ue":0.99,"x_offset_m":-240,"y_offset_m":-180,"source":"NCB_PFM","nearest_asset_distance_m":358,"consequence_weight":0.85,"idw_subsidence_mm":12.82,"risk_score":0.352,"risk_level":"Medium"},"geometry":{"type":"Point","coordinates":[86.428044,23.762783]}},{"type":"Feature","properties":{"subsidence_mm":0.28,"tilt_deg":0.00096,"strain_ue":0.99,"x_offset_m":-240,"y_offset_m":-165,"source":"NCB_PFM","nearest_asset_distance_m":343,"consequence_weight":0.94,"idw_subsidence_mm":12.82,"risk_score":0.359,"risk_level":"Medium"},"geometry":{"type":"Point","coordinates":[86.428044,23.762918]}},{"type":"Feature","properties":{"subsidence_mm":0.28,"tilt_deg":0.00096,"strain_ue":0.99,"x_offset_m":-240,"y_offset_m":-150,"source":"NCB_PFM","nearest_asset_distance_m":328,"consequence_weight":1.03,"idw_subsidence_mm":12.82,"risk_score":0.365,"risk_level":"Medium"},"geometry":{"type":"Point","coordinates":[86.428044,23.763053]}},{"type":"Feature","properties":{"subsidence_mm":0.28,"tilt_deg":0.00096,"strain_ue":0.99,"x_offset_m":-240,"y_offset_m":-135,"source":"NCB_PFM","nearest_asset_distance_m":313,"consequence_weight":1.12,"idw_subsidence_mm":12.82,"risk_score":0.371,"risk_level":"Medium"},"geometry":{"type":"Point","coordinates":[86.428044,23.763187]}},{"type":"Feature","properties":{"subsidence_mm":0.28,"tilt_deg":0.00096,"strain_ue":0.99,"x_offset_m":-240,"y_offset_m":-120,"source":"NCB_PFM","nearest_asset_distance_m":298,"consequence_weight":1.21,"idw_subsidence_mm":12.82,"risk_score":0.378,"risk_level":"Medium"},"geometry":{"type":"Point","coordinates":[86.428044,23.763322]}},{"type":"Feature","properties":{"subsidence_mm":0.28,"tilt_deg":0.00096,"strain_ue":0.99,"x_offset_m":-240,"y_offset_m":-105,"source":"NCB_PFM","nearest_asset_distance_m":283,"consequence_weight":1.3,"idw_subsidence_mm":12.82,"risk_score":0.384,"risk_level":"Medium"},"geometry":{"type":"Point","coordinates":[86.428044,23.763457]}},{"type":"Feature","properties":{"subsidence_mm":0.28,"tilt_deg":0.00096,"strain_ue":0.99,"x_offset_m":-240,"y_offset_m":-90,"source":"NCB_PFM","nearest_asset_distance_m":268,"consequence_weight":1.39,"idw_subsidence_mm":12.82,"risk_score":0.39,"risk_level":"Medium"},"geometry":{"type":"Point","coordinates":[86.428044,23.763592]}},{"type":"Feature","properties":{"subsidence_mm":0.28,"tilt_deg":0.00096,"strain_ue":0.99,"x_offset_m":-240,"y_offset_m":-75,"source":"NCB_PFM","nearest_asset_distance_m":253,"consequence_weight":1.48,"idw_subsidence_mm":12.82,"risk_score":0.397,"risk_level":"Medium"},"geometry":{"type":"Point","coordinates":[86.428044,23.763726]}},{"type":"Feature","properties":{"subsidence_mm":0.28,"tilt_deg":0.00096,"strain_ue":0.99,"x_offset_m":-240,"y_offset_m":-60,"source":"NCB_PFM","nearest_asset_distance_m":238,"consequence_weight":1.57,"idw_subsidence_mm":12.82,"risk_score":0.403,"risk_level":"Medium"},"geometry":{"type":"Point","coordinates":[86.428044,23.763861]}},{"type":"Feature","properties":{"subsidence_mm":0.28,"tilt_deg":0.00096,"strain_ue":0.99,"x_offset_m":-240,"y_offset_m":-45,"source":"NCB_PFM","nearest_asset_distance_m":223,"consequence_weight":1.66,"idw_subsidence_mm":12.82,"risk_score":0.409,"risk_level":"Medium"},"geometry":{"type":"Point","coordinates":[86.428044,23.763996]}},{"type":"Feature","properties":{"subsidence_mm":0.28,"tilt_deg":0.00096,"strain_ue":0.99,"x_offset_m":-240,"y_offset_m":-30,"source":"NCB_PFM","nearest_asset_distance_m":208,"consequence_weight":1.75,"idw_subsidence_mm":8.34,"risk_score":0.267,"risk_level":"Low"},"geometry":{"type":"Point","coordinates":[86.428044,23.764131]}},{"type":"Feature","properties":{"subsidence_mm":0.28,"tilt_deg":0.00096,"strain_ue":0.99,"x_offset_m":-240,"y_offset_m":-15,"source":"NCB_PFM","nearest_asset_distance_m":193,"consequence_weight":1.84,"idw_subsidence_mm":8.34,"risk_score":0.273,"risk_level":"Low"},"geometry":{"type":"Point","coordinates":[86.428044,23.764265]}},{"type":"Feature","properties":{"subsidence_mm":0.28,"tilt_deg":0.00096,"strain_ue":0.99,"x_offset_m":-240,"y_offset_m":0,"source":"NCB_PFM","nearest_asset_distance_m":178,"consequence_weight":1.93,"idw_subsidence_mm":8.34,"risk_score":0.279,"risk_level":"Low"},"geometry":{"type":"Point","coordinates":[86.428044,23.7644]}},{"type":"Feature","properties":{"subsidence_mm":0.28,"tilt_deg":0.00096,"strain_ue":0.99,"x_offset_m":-240,"y_offset_m":15,"source":"NCB_PFM","nearest_asset_distance_m":163,"consequence_weight":2.02,"idw_subsidence_mm":8.34,"risk_score":0.286,"risk_level":"Low"},"geometry":{"type":"Point","coordinates":[86.428044,23.764535]}},{"type":"Feature","properties":{"subsidence_mm":0.28,"tilt_deg":0.00096,"strain_ue":0.99,"x_offset_m":-240,"y_offset_m":30,"source":"NCB_PFM","nearest_asset_distance_m":148,"consequence_weight":2.11,"idw_subsidence_mm":8.34,"risk_score":0.292,"risk_level":"Low"},"geometry":{"type":"Point","coordinates":[86.428044,23.764669]}},{"type":"Feature","properties":{"subsidence_mm":0.28,"tilt_deg":0.00096,"strain_ue":0.99,"x_offset_m":-240,"y_offset_m":45,"source":"NCB_PFM","nearest_asset_distance_m":133,"consequence_weight":2.2,"idw_subsidence_mm":8.34,"risk_score":0.298,"risk_level":"Low"},"geometry":{"type":"Point","coordinates":[86.428044,23.764804]}},{"type":"Feature","properties":{"subsidence_mm":0.28,"tilt_deg":0.00096,"strain_ue":0.99,"x_offset_m":-240,"y_offset_m":60,"source":"NCB_PFM","nearest_asset_distance_m":118,"consequence_weight":2.29,"idw_subsidence_mm":8.34,"risk_score":0.305,"risk_level":"Low"},"geometry":{"type":"Point","coordinates":[86.428044,23.764939]}},{"type":"Feature","properties":{"subsidence_mm":0.28,"tilt_deg":0.00096,"strain_ue":0.99,"x_offset_m":-240,"y_offset_m":75,"source":"NCB_PFM","nearest_asset_distance_m":103,"consequence_weight":2.38,"idw_subsidence_mm":8.34,"risk_score":0.311,"risk_level":"Low"},"geometry":{"type":"Point","coordinates":[86.428044,23.765074]}},{"type":"Feature","properties":{"subsidence_mm":0.28,"tilt_deg":0.00096,"strain_ue":0.99,"x_offset_m":-240,"y_offset_m":90,"source":"NCB_PFM","nearest_asset_distance_m":88,"consequence_weight":2.47,"idw_subsidence_mm":8.34,"risk_score":0.317,"risk_level":"Low"},"geometry":{"type":"Point","coordinates":[86.428044,23.765208]}},{"type":"Feature","properties":{"subsidence_mm":0.28,"tilt_deg":0.00096,"strain_ue":0.99,"x_offset_m":-240,"y_offset_m":105,"source":"NCB_PFM","nearest_asset_distance_m":73,"consequence_weight":2.56,"idw_subsidence_mm":8.34,"risk_score":0.324,"risk_level":"Low"},"geometry":{"type":"Point","coordinates":[86.428044,23.765343]}},{"type":"Feature","properties":{"subsidence_mm":0.28,"tilt_deg":0.00096,"strain_ue":0.99,"x_offset_m":-240,"y_offset_m":120,"source":"NCB_PFM","nearest_asset_distance_m":58,"consequence_weight":2.65,"idw_subsidence_mm":8.34,"risk_score":0.33,"risk_level":"Low"},"geometry":{"type":"Point","coordinates":[86.428044,23.765478]}},{"type":"Feature","properties":{"subsidence_mm":0.28,"tilt_deg":0.00096,"strain_ue":0.99,"x_offset_m":-240,"y_offset_m":135,"source":"NCB_PFM","nearest_asset_distance_m":43,"consequence_weight":2.74,"idw_subsidence_mm":8.34,"risk_score":0.336,"risk_level":"Low"},"geometry":{"type":"Point","coordinates":[86.428044,23.765613]}},{"type":"Feature","properties":{"subsidence_mm":0.28,"tilt_deg":0.00096,"strain_ue":0.99,"x_offset_m":-240,"y_offset_m":150,"source":"NCB_PFM","nearest_asset_distance_m":28,"consequence_weight":2.83,"idw_subsidence_mm":8.34,"risk_score":0.342,"risk_level":"Low"},"geometry":{"type":"Point","coordinates":[86.428044,23.765747]}},{"type":"Feature","properties":{"subsidence_mm":0.28,"tilt_deg":0.00096,"strain_ue":0.99,"x_offset_m":-240,"y_offset_m":165,"source":"NCB_PFM","nearest_asset_distance_m":14,"consequence_weight":2.92,"idw_subsidence_mm":8.34,"risk_score":0.349,"risk_level":"Low"},"geometry":{"type":"Point","coordinates":[86.428044,23.765882]}},{"type":"Feature","properties":{"subsidence_mm":0.28,"tilt_deg":0.00096,"strain_ue":0.99,"x_offset_m":-240,"y_offset_m":180,"source":"NCB_PFM","nearest_asset_distance_m":5,"consequence_weight":2.97,"idw_subsidence_mm":8.34,"risk_score":0.352,"risk_level":"Medium"},"geometry":{"type":"Point","coordinates":[86.428044,23.766017]}},{"type":"Feature","properties":{"subsidence_mm":0.28,"tilt_deg":0.00096,"strain_ue":0.99,"x_offset_m":-240,"y_offset_m":195,"source":"NCB_PFM","nearest_asset_distance_m":17,"consequence_weight":2.9,"idw_subsidence_mm":8.34,"risk_score":0.347,"risk_level":"Low"},"geometry":{"type":"Point","coordinates":[86.428044,23.766152]}},{"type":"Feature","properties":{"subsidence_mm":0.28,"tilt_deg":0.00096,"strain_ue":0.99,"x_offset_m":-240,"y_offset_m":210,"source":"NCB_PFM","nearest_asset_distance_m":32,"consequence_weight":2.81,"idw_subsidence_mm":8.34,"risk_score":0.341,"risk_level":"Low"},"geometry":{"type":"Point","coordinates":[86.428044,23.766286]}},{"type":"Feature","properties":{"subsidence_mm":0.28,"tilt_deg":0.00096,"strain_ue":0.99,"x_offset_m":-240,"y_offset_m":225,"source":"NCB_PFM","nearest_asset_distance_m":47,"consequence_weight":2.72,"idw_subsidence_mm":8.34,"risk_score":0.335,"risk_level":"Low"},"geometry":{"type":"Point","coordinates":[86.428044,23.766421]}},{"type":"Feature","properties":{"subsidence_mm":0.28,"tilt_deg":0.00096,"strain_ue":0.99,"x_offset_m":-240,"y_offset_m":240,"source":"NCB_PFM","nearest_asset_distance_m":62,"consequence_weight":2.63,"idw_subsidence_mm":8.34,"risk_score":0.328,"risk_level":"Low"},"geometry":{"type":"Point","coordinates":[86.428044,23.766556]}},{"type":"Feature","properties":{"subsidence_mm":0.28,"tilt_deg":0.00096,"strain_ue":0.99,"x_offset_m":-240,"y_offset_m":255,"source":"NCB_PFM","nearest_asset_distance_m":77,"consequence_weight":2.54,"idw_subsidence_mm":8.34,"risk_score":0.322,"risk_level":"Low"},"geometry":{"type":"Point","coordinates":[86.428044,23.766691]}},{"type":"Feature","properties":{"subsidence_mm":0.28,"tilt_deg":0.00096,"strain_ue":0.99,"x_offset_m":-240,"y_offset_m":270,"source":"NCB_PFM","nearest_asset_distance_m":92,"consequence_weight":2.45,"idw_subsidence_mm":3.8,"risk_score":0.165,"risk_level":"Low"},"geometry":{"type":"Point","coordinates":[86.428044,23.766825]}},{"type":"Feature","properties":{"subsidence_mm":0.28,"tilt_deg":0.00096,"strain_ue":0.99,"x_offset_m":-240,"y_offset_m":285,"source":"NCB_PFM","nearest_asset_distance_m":107,"consequence_weight":2.36,"idw_subsidence_mm":3.8,"risk_score":0.158,"risk_level":"Low"},"geometry":{"type":"Point","coordinates":[86.428044,23.76696]}},{"type":"Feature","properties":{"subsidence_mm":0.28,"tilt_deg":0.00096,"strain_ue":0.99,"x_offset_m":-240,"y_offset_m":300,"source":"NCB_PFM","nearest_asset_distance_m":122,"consequence_weight":2.27,"idw_subsidence_mm":3.8,"risk_score":0.152,"risk_level":"Low"},"geometry":{"type":"Point","coordinates":[86.428044,23.767095]}},{"type":"Feature","properties":{"subsidence_mm":0.63,"tilt_deg":0.00213,"strain_ue":2.2,"x_offset_m":-225,"y_offset_m":-300,"source":"NCB_PFM","nearest_asset_distance_m":465,"consequence_weight":0.21,"idw_subsidence_mm":12.82,"risk_score":0.309,"risk_level":"Low"},"geometry":{"type":"Point","coordinates":[86.428192,23.761705]}},{"type":"Feature","properties":{"subsidence_mm":0.63,"tilt_deg":0.00213,"strain_ue":2.2,"x_offset_m":-225,"y_offset_m":-285,"source":"NCB_PFM","nearest_asset_distance_m":453,"consequence_weight":0.28,"idw_subsidence_mm":12.82,"risk_score":0.314,"risk_level":"Low"},"geometry":{"type":"Point","coordinates":[86.428192,23.76184]}},{"type":"Feature","properties":{"subsidence_mm":0.63,"tilt_deg":0.00213,"strain_ue":2.2,"x_offset_m":-225,"y_offset_m":-270,"source":"NCB_PFM","nearest_asset_distance_m":441,"consequence_weight":0.35,"idw_subsidence_mm":12.82,"risk_score":0.319,"risk_level":"Low"},"geometry":{"type":"Point","coordinates":[86.428192,23.761975]}},{"type":"Feature","properties":{"subsidence_mm":0.63,"tilt_deg":0.00213,"strain_ue":2.2,"x_offset_m":-225,"y_offset_m":-255,"source":"NCB_PFM","nearest_asset_distance_m":430,"consequence_weight":0.42,"idw_subsidence_mm":12.82,"risk_score":0.324,"risk_level":"Low"},"geometry":{"type":"Point","coordinates":[86.428192,23.762109]}},{"type":"Feature","properties":{"subsidence_mm":0.63,"tilt_deg":0.00213,"strain_ue":2.2,"x_offset_m":-225,"y_offset_m":-240,"source":"NCB_PFM","nearest_asset_distance_m":418,"consequence_weight":0.49,"idw_subsidence_mm":12.82,"risk_score":0.328,"risk_level":"Low"},"geometry":{"type":"Point","coordinates":[86.428192,23.762244]}},{"type":"Feature","properties":{"subsidence_mm":0.63,"tilt_deg":0.00213,"strain_ue":2.2,"x_offset_m":-225,"y_offset_m":-225,"source":"NCB_PFM","nearest_asset_distance_m":403,"consequence_weight":0.58,"idw_subsidence_mm":12.82,"risk_score":0.335,"risk_level":"Low"},"geometry":{"type":"Point","coordinates":[86.428192,23.762379]}},{"type":"Feature","properties":{"subsidence_mm":0.63,"tilt_deg":0.00213,"strain_ue":2.2,"x_offset_m":-225,"y_offset_m":-210,"source":"NCB_PFM","nearest_asset_distance_m":388,"consequence_weight":0.67,"idw_subsidence_mm":12.82,"risk_score":0.341,"risk_level":"Low"},"geometry":{"type":"Point","coordinates":[86.428192,23.762514]}},{"type":"Feature","properties":{"subsidence_mm":0.63,"tilt_deg":0.00213,"strain_ue":2.2,"x_offset_m":-225,"y_offset_m":-195,"source":"NCB_PFM","nearest_asset_distance_m":373,"consequence_weight":0.76,"idw_subsidence_mm":12.82,"risk_score":0.347,"risk_level":"Low"},"geometry":{"type":"Point","coordinates":[86.428192,23.762648]}},{"type":"Feature","properties":{"subsidence_mm":0.63,"tilt_deg":0.00213,"strain_ue":2.2,"x_offset_m":-225,"y_offset_m":-180,"source":"NCB_PFM","nearest_asset_distance_m":358,"consequence_weight":0.85,"idw_subsidence_mm":12.82,"risk_score":0.354,"risk_level":"Medium"},"geometry":{"type":"Point","coordinates":[86.428192,23.762783]}},{"type":"Feature","properties":{"subsidence_mm":0.63,"tilt_deg":0.00213,"strain_ue":2.2,"x_offset_m":-225,"y_offset_m":-165,"source":"NCB_PFM","nearest_asset_distance_m":343,"consequence_weight":0.94,"idw_subsidence_mm":12.82,"risk_score":0.36,"risk_level":"Medium"},"geometry":{"type":"Point","coordinates":[86.428192,23.762918]}},{"type":"Feature","properties":{"subsidence_mm":0.63,"tilt_deg":0.00213,"strain_ue":2.2,"x_offset_m":-225,"y_offset_m":-150,"source":"NCB_PFM","nearest_asset_distance_m":328,"consequence_weight":1.03,"idw_subsidence_mm":12.82,"risk_score":0.366,"risk_level":"Medium"},"geometry":{"type":"Point","coordinates":[86.428192,23.763053]}},{"type":"Feature","properties":{"subsidence_mm":0.63,"tilt_deg":0.00213,"strain_ue":2.2,"x_offset_m":-225,"y_offset_m":-135,"source":"NCB_PFM","nearest_asset_distance_m":313,"consequence_weight":1.12,"idw_subsidence_mm":12.82,"risk_score":0.373,"risk_level":"Medium"},"geometry":{"type":"Point","coordinates":[86.428192,23.763187]}},{"type":"Feature","properties":{"subsidence_mm":0.63,"tilt_deg":0.00213,"strain_ue":2.2,"x_offset_m":-225,"y_offset_m":-120,"source":"NCB_PFM","nearest_asset_distance_m":298,"consequence_weight":1.21,"idw_subsidence_mm":12.82,"risk_score":0.379,"risk_level":"Medium"},"geometry":{"type":"Point","coordinates":[86.428192,23.763322]}},{"type":"Feature","properties":{"subsidence_mm":0.63,"tilt_deg":0.00213,"strain_ue":2.2,"x_offset_m":-225,"y_offset_m":-105,"source":"NCB_PFM","nearest_asset_distance_m":283,"consequence_weight":1.3,"idw_subsidence_mm":12.82,"risk_score":0.385,"risk_level":"Medium"},"geometry":{"type":"Point","coordinates":[86.428192,23.763457]}},{"type":"Feature","properties":{"subsidence_mm":0.63,"tilt_deg":0.00213,"strain_ue":2.2,"x_offset_m":-225,"y_offset_m":-90,"source":"NCB_PFM","nearest_asset_distance_m":268,"consequence_weight":1.39,"idw_subsidence_mm":12.82,"risk_score":0.392,"risk_level":"Medium"},"geometry":{"type":"Point","coordinates":[86.428192,23.763592]}},{"type":"Feature","properties":{"subsidence_mm":0.63,"tilt_deg":0.00213,"strain_ue":2.2,"x_offset_m":-225,"y_offset_m":-75,"source":"NCB_PFM","nearest_asset_distance_m":254,"consequence_weight":1.48,"idw_subsidence_mm":12.82,"risk_score":0.398,"risk_level":"Medium"},"geometry":{"type":"Point","coordinates":[86.428192,23.763726]}},{"type":"Feature","properties":{"subsidence_mm":0.63,"tilt_deg":0.00213,"strain_ue":2.2,"x_offset_m":-225,"y_offset_m":-60,"source":"NCB_PFM","nearest_asset_distance_m":239,"consequence_weight":1.57,"idw_subsidence_mm":12.82,"risk_score":0.404,"risk_level":"Medium"},"geometry":{"type":"Point","coordinates":[86.428192,23.763861]}},{"type":"Feature","properties":{"subsidence_mm":0.63,"tilt_deg":0.00213,"strain_ue":2.2,"x_offset_m":-225,"y_offset_m":-45,"source":"NCB_PFM","nearest_asset_distance_m":224,"consequence_weight":1.66,"idw_subsidence_mm":12.82,"risk_score":0.411,"risk_level":"Medium"},"geometry":{"type":"Point","coordinates":[86.428192,23.763996]}},{"type":"Feature","properties":{"subsidence_mm":0.63,"tilt_deg":0.00213,"strain_ue":2.2,"x_offset_m":-225,"y_offset_m":-30,"source":"NCB_PFM","nearest_asset_distance_m":209,"consequence_weight":1.75,"idw_subsidence_mm":8.34,"risk_score":0.268,"risk_level":"Low"},"geometry":{"type":"Point","coordinates":[86.428192,23.764131]}},{"type":"Feature","properties":{"subsidence_mm":0.63,"tilt_deg":0.00213,"strain_ue":2.2,"x_offset_m":-225,"y_offset_m":-15,"source":"NCB_PFM","nearest_asset_distance_m":194,"consequence_weight":1.84,"idw_subsidence_mm":8.34,"risk_score":0.274,"risk_level":"Low"},"geometry":{"type":"Point","coordinates":[86.428192,23.764265]}},{"type":"Feature","properties":{"subsidence_mm":0.63,"tilt_deg":0.00213,"strain_ue":2.2,"x_offset_m":-225,"y_offset_m":0,"source":"NCB_PFM","nearest_asset_distance_m":179,"consequence_weight":1.93,"idw_subsidence_mm":8.34,"risk_score":0.281,"risk_level":"Low"},"geometry":{"type":"Point","coordinates":[86.428192,23.7644]}},{"type":"Feature","properties":{"subsidence_mm":0.63,"tilt_deg":0.00213,"strain_ue":2.2,"x_offset_m":-225,"y_offset_m":15,"source":"NCB_PFM","nearest_asset_distance_m":164,"consequence_weight":2.02,"idw_subsidence_mm":8.34,"risk_score":0.287,"risk_level":"Low"},"geometry":{"type":"Point","coordinates":[86.428192,23.764535]}},{"type":"Feature","properties":{"subsidence_mm":0.63,"tilt_deg":0.00213,"strain_ue":2.2,"x_offset_m":-225,"y_offset_m":30,"source":"NCB_PFM","nearest_asset_distance_m":149,"consequence_weight":2.1,"idw_subsidence_mm":8.34,"risk_score":0.293,"risk_level":"Low"},"geometry":{"type":"Point","coordinates":[86.428192,23.764669]}},{"type":"Feature","properties":{"subsidence_mm":0.63,"tilt_deg":0.00213,"strain_ue":2.2,"x_offset_m":-225,"y_offset_m":45,"source":"NCB_PFM","nearest_asset_distance_m":134,"consequence_weight":2.19,"idw_subsidence_mm":8.34,"risk_score":0.299,"risk_level":"Low"},"geometry":{"type":"Point","coordinates":[86.428192,23.764804]}},{"type":"Feature","properties":{"subsidence_mm":0.63,"tilt_deg":0.00213,"strain_ue":2.2,"x_offset_m":-225,"y_offset_m":60,"source":"NCB_PFM","nearest_asset_distance_m":120,"consequence_weight":2.28,"idw_subsidence_mm":8.34,"risk_score":0.305,"risk_level":"Low"},"geometry":{"type":"Point","coordinates":[86.428192,23.764939]}},{"type":"Feature","properties":{"subsidence_mm":0.63,"tilt_deg":0.00213,"strain_ue":2.2,"x_offset_m":-225,"y_offset_m":75,"source":"NCB_PFM","nearest_asset_distance_m":105,"consequence_weight":2.37,"idw_subsidence_mm":8.34,"risk_score":0.312,"risk_level":"Low"},"geometry":{"type":"Point","coordinates":[86.428192,23.765074]}},{"type":"Feature","properties":{"subsidence_mm":0.63,"tilt_deg":0.00213,"strain_ue":2.2,"x_offset_m":-225,"y_offset_m":90,"source":"NCB_PFM","nearest_asset_distance_m":90,"consequence_weight":2.46,"idw_subsidence_mm":8.34,"risk_score":0.318,"risk_level":"Low"},"geometry":{"type":"Point","coordinates":[86.428192,23.765208]}},{"type":"Feature","properties":{"subsidence_mm":0.63,"tilt_deg":0.00213,"strain_ue":2.2,"x_offset_m":-225,"y_offset_m":105,"source":"NCB_PFM","nearest_asset_distance_m":76,"consequence_weight":2.55,"idw_subsidence_mm":8.34,"risk_score":0.324,"risk_level":"Low"},"geometry":{"type":"Point","coordinates":[86.428192,23.765343]}},{"type":"Feature","properties":{"subsidence_mm":0.63,"tilt_deg":0.00213,"strain_ue":2.2,"x_offset_m":-225,"y_offset_m":120,"source":"NCB_PFM","nearest_asset_distance_m":61,"consequence_weight":2.63,"idw_subsidence_mm":8.34,"risk_score":0.33,"risk_level":"Low"},"geometry":{"type":"Point","coordinates":[86.428192,23.765478]}},{"type":"Feature","properties":{"subsidence_mm":0.63,"tilt_deg":0.00213,"strain_ue":2.2,"x_offset_m":-225,"y_offset_m":135,"source":"NCB_PFM","nearest_asset_distance_m":47,"consequence_weight":2.72,"idw_subsidence_mm":8.34,"risk_score":0.336,"risk_level":"Low"},"geometry":{"type":"Point","coordinates":[86.428192,23.765613]}},{"type":"Feature","properties":{"subsidence_mm":0.63,"tilt_deg":0.00213,"strain_ue":2.2,"x_offset_m":-225,"y_offset_m":150,"source":"NCB_PFM","nearest_asset_distance_m":34,"consequence_weight":2.79,"idw_subsidence_mm":8.34,"risk_score":0.341,"risk_level":"Low"},"geometry":{"type":"Point","coordinates":[86.428192,23.765747]}},{"type":"Feature","properties":{"subsidence_mm":0.63,"tilt_deg":0.00213,"strain_ue":2.2,"x_offset_m":-225,"y_offset_m":165,"source":"NCB_PFM","nearest_asset_distance_m":24,"consequence_weight":2.86,"idw_subsidence_mm":8.34,"risk_score":0.346,"risk_level":"Low"},"geometry":{"type":"Point","coordinates":[86.428192,23.765882]}},{"type":"Feature","properties":{"subsidence_mm":0.63,"tilt_deg":0.00213,"strain_ue":2.2,"x_offset_m":-225,"y_offset_m":180,"source":"NCB_PFM","nearest_asset_distance_m":20,"consequence_weight":2.88,"idw_subsidence_mm":8.34,"risk_score":0.347,"risk_level":"Low"},"geometry":{"type":"Point","coordinates":[86.428192,23.766017]}},{"type":"Feature","properties":{"subsidence_mm":0.63,"tilt_deg":0.00213,"strain_ue":2.2,"x_offset_m":-225,"y_offset_m":195,"source":"NCB_PFM","nearest_asset_distance_m":26,"consequence_weight":2.84,"idw_subsidence_mm":8.34,"risk_score":0.345,"risk_level":"Low"},"geometry":{"type":"Point","coordinates":[86.428192,23.766152]}},{"type":"Feature","properties":{"subsidence_mm":0.63,"tilt_deg":0.00213,"strain_ue":2.2,"x_offset_m":-225,"y_offset_m":210,"source":"NCB_PFM","nearest_asset_distance_m":37,"consequence_weight":2.78,"idw_subsidence_mm":8.34,"risk_score":0.34,"risk_level":"Low"},"geometry":{"type":"Point","coordinates":[86.428192,23.766286]}},{"type":"Feature","properties":{"subsidence_mm":0.63,"tilt_deg":0.00213,"strain_ue":2.2,"x_offset_m":-225,"y_offset_m":225,"source":"NCB_PFM","nearest_asset_distance_m":51,"consequence_weight":2.7,"idw_subsidence_mm":8.34,"risk_score":0.335,"risk_level":"Low"},"geometry":{"type":"Point","coordinates":[86.428192,23.766421]}},{"type":"Feature","properties":{"subsidence_mm":0.63,"tilt_deg":0.00213,"strain_ue":2.2,"x_offset_m":-225,"y_offset_m":240,"source":"NCB_PFM","nearest_asset_distance_m":65,"consequence_weight":2.61,"idw_subsidence_mm":8.34,"risk_score":0.328,"risk_level":"Low"},"geometry":{"type":"Point","coordinates":[86.428192,23.766556]}},{"type":"Feature","properties":{"subsidence_mm":0.63,"tilt_deg":0.00213,"strain_ue":2.2,"x_offset_m":-225,"y_offset_m":255,"source":"NCB_PFM","nearest_asset_distance_m":79,"consequence_weight":2.52,"idw_subsidence_mm":8.34,"risk_score":0.322,"risk_level":"Low"},"geometry":{"type":"Point","coordinates":[86.428192,23.766691]}},{"type":"Feature","properties":{"subsidence_mm":0.63,"tilt_deg":0.00213,"strain_ue":2.2,"x_offset_m":-225,"y_offset_m":270,"source":"NCB_PFM","nearest_asset_distance_m":94,"consequence_weight":2.44,"idw_subsidence_mm":3.8,"risk_score":0.165,"risk_level":"Low"},"geometry":{"type":"Point","coordinates":[86.428192,23.766825]}},{"type":"Feature","properties":{"subsidence_mm":0.63,"tilt_deg":0.00213,"strain_ue":2.2,"x_offset_m":-225,"y_offset_m":285,"source":"NCB_PFM","nearest_asset_distance_m":109,"consequence_weight":2.35,"idw_subsidence_mm":3.8,"risk_score":0.159,"risk_level":"Low"},"geometry":{"type":"Point","coordinates":[86.428192,23.76696]}},{"type":"Feature","properties":{"subsidence_mm":0.63,"tilt_deg":0.00213,"strain_ue":2.2,"x_offset_m":-225,"y_offset_m":300,"source":"NCB_PFM","nearest_asset_distance_m":123,"consequence_weight":2.26,"idw_subsidence_mm":3.8,"risk_score":0.153,"risk_level":"Low"},"geometry":{"type":"Point","coordinates":[86.428192,23.767095]}},{"type":"Feature","properties":{"subsidence_mm":1.4,"tilt_deg":0.00474,"strain_ue":4.88,"x_offset_m":-210,"y_offset_m":-300,"source":"NCB_PFM","nearest_asset_distance_m":456,"consequence_weight":0.27,"idw_subsidence_mm":12.82,"risk_score":0.316,"risk_level":"Low"},"geometry":{"type":"Point","coordinates":[86.428339,23.761705]}},{"type":"Feature","properties":{"subsidence_mm":1.4,"tilt_deg":0.00474,"strain_ue":4.88,"x_offset_m":-210,"y_offset_m":-285,"source":"NCB_PFM","nearest_asset_distance_m":444,"consequence_weight":0.34,"idw_subsidence_mm":12.82,"risk_score":0.321,"risk_level":"Low"},"geometry":{"type":"Point","coordinates":[86.428339,23.76184]}},{"type":"Feature","properties":{"subsidence_mm":1.4,"tilt_deg":0.00474,"strain_ue":4.88,"x_offset_m":-210,"y_offset_m":-270,"source":"NCB_PFM","nearest_asset_distance_m":432,"consequence_weight":0.41,"idw_subsidence_mm":12.82,"risk_score":0.326,"risk_level":"Low"},"geometry":{"type":"Point","coordinates":[86.428339,23.761975]}},{"type":"Feature","properties":{"subsidence_mm":1.4,"tilt_deg":0.00474,"strain_ue":4.88,"x_offset_m":-210,"y_offset_m":-255,"source":"NCB_PFM","nearest_asset_distance_m":420,"consequence_weight":0.48,"idw_subsidence_mm":12.82,"risk_score":0.331,"risk_level":"Low"},"geometry":{"type":"Point","coordinates":[86.428339,23.762109]}},{"type":"Feature","properties":{"subsidence_mm":1.4,"tilt_deg":0.00474,"strain_ue":4.88,"x_offset_m":-210,"y_offset_m":-240,"source":"NCB_PFM","nearest_asset_distance_m":409,"consequence_weight":0.55,"idw_subsidence_mm":12.82,"risk_score":0.336,"risk_level":"Low"},"geometry":{"type":"Point","coordinates":[86.428339,23.762244]}},{"type":"Feature","properties":{"subsidence_mm":1.4,"tilt_deg":0.00474,"strain_ue":4.88,"x_offset_m":-210,"y_offset_m":-225,"source":"NCB_PFM","nearest_asset_distance_m":398,"consequence_weight":0.61,"idw_subsidence_mm":12.82,"risk_score":0.34,"risk_level":"Low"},"geometry":{"type":"Point","coordinates":[86.428339,23.762379]}},{"type":"Feature","properties":{"subsidence_mm":1.4,"tilt_deg":0.00474,"strain_ue":4.88,"x_offset_m":-210,"y_offset_m":-210,"source":"NCB_PFM","nearest_asset_distance_m":387,"consequence_weight":0.68,"idw_subsidence_mm":12.82,"risk_score":0.345,"risk_level":"Low"},"geometry":{"type":"Point","coordinates":[86.428339,23.762514]}},{"type":"Feature","properties":{"subsidence_mm":1.4,"tilt_deg":0.00474,"strain_ue":4.88,"x_offset_m":-210,"y_offset_m":-195,"source":"NCB_PFM","nearest_asset_distance_m":374,"consequence_weight":0.75,"idw_subsidence_mm":12.82,"risk_score":0.35,"risk_level":"Medium"},"geometry":{"type":"Point","coordinates":[86.428339,23.762648]}},{"type":"Feature","properties":{"subsidence_mm":1.4,"tilt_deg":0.00474,"strain_ue":4.88,"x_offset_m":-210,"y_offset_m":-180,"source":"NCB_PFM","nearest_asset_distance_m":359,"consequence_weight":0.84,"idw_subsidence_mm":12.82,"risk_score":0.356,"risk_level":"Medium"},"geometry":{"type":"Point","coordinates":[86.428339,23.762783]}},{"type":"Feature","properties":{"subsidence_mm":1.4,"tilt_deg":0.00474,"strain_ue":4.88,"x_offset_m":-210,"y_offset_m":-165,"source":"NCB_PFM","nearest_asset_distance_m":344,"consequence_weight":0.93,"idw_subsidence_mm":12.82,"risk_score":0.362,"risk_level":"Medium"},"geometry":{"type":"Point","coordinates":[86.428339,23.762918]}},{"type":"Feature","properties":{"subsidence_mm":1.4,"tilt_deg":0.00474,"strain_ue":4.88,"x_offset_m":-210,"y_offset_m":-150,"source":"NCB_PFM","nearest_asset_distance_m":330,"consequence_weight":1.02,"idw_subsidence_mm":12.82,"risk_score":0.369,"risk_level":"Medium"},"geometry":{"type":"Point","coordinates":[86.428339,23.763053]}},{"type":"Feature","properties":{"subsidence_mm":1.4,"tilt_deg":0.00474,"strain_ue":4.88,"x_offset_m":-210,"y_offset_m":-135,"source":"NCB_PFM","nearest_asset_distance_m":315,"consequence_weight":1.11,"idw_subsidence_mm":12.82,"risk_score":0.375,"risk_level":"Medium"},"geometry":{"type":"Point","coordinates":[86.428339,23.763187]}},{"type":"Feature","properties":{"subsidence_mm":1.4,"tilt_deg":0.00474,"strain_ue":4.88,"x_offset_m":-210,"y_offset_m":-120,"source":"NCB_PFM","nearest_asset_distance_m":300,"consequence_weight":1.2,"idw_subsidence_mm":12.82,"risk_score":0.381,"risk_level":"Medium"},"geometry":{"type":"Point","coordinates":[86.428339,23.763322]}},{"type":"Feature","properties":{"subsidence_mm":1.4,"tilt_deg":0.00474,"strain_ue":4.88,"x_offset_m":-210,"y_offset_m":-105,"source":"NCB_PFM","nearest_asset_distance_m":285,"consequence_weight":1.29,"idw_subsidence_mm":12.82,"risk_score":0.388,"risk_level":"Medium"},"geometry":{"type":"Point","coordinates":[86.428339,23.763457]}},{"type":"Feature","properties":{"subsidence_mm":1.4,"tilt_deg":0.00474,"strain_ue":4.88,"x_offset_m":-210,"y_offset_m":-90,"source":"NCB_PFM","nearest_asset_distance_m":270,"consequence_weight":1.38,"idw_subsidence_mm":12.82,"risk_score":0.394,"risk_level":"Medium"},"geometry":{"type":"Point","coordinates":[86.428339,23.763592]}},{"type":"Feature","properties":{"subsidence_mm":1.4,"tilt_deg":0.00474,"strain_ue":4.88,"x_offset_m":-210,"y_offset_m":-75,"source":"NCB_PFM","nearest_asset_distance_m":255,"consequence_weight":1.47,"idw_subsidence_mm":12.82,"risk_score":0.4,"risk_level":"Medium"},"geometry":{"type":"Point","coordinates":[86.428339,23.763726]}},{"type":"Feature","properties":{"subsidence_mm":1.4,"tilt_deg":0.00474,"strain_ue":4.88,"x_offset_m":-210,"y_offset_m":-60,"source":"NCB_PFM","nearest_asset_distance_m":240,"consequence_weight":1.56,"idw_subsidence_mm":12.82,"risk_score":0.407,"risk_level":"Medium"},"geometry":{"type":"Point","coordinates":[86.428339,23.763861]}},{"type":"Feature","properties":{"subsidence_mm":1.4,"tilt_deg":0.00474,"strain_ue":4.88,"x_offset_m":-210,"y_offset_m":-45,"source":"NCB_PFM","nearest_asset_distance_m":225,"consequence_weight":1.65,"idw_subsidence_mm":12.82,"risk_score":0.413,"risk_level":"Medium"},"geometry":{"type":"Point","coordinates":[86.428339,23.763996]}},{"type":"Feature","properties":{"subsidence_mm":1.4,"tilt_deg":0.00474,"strain_ue":4.88,"x_offset_m":-210,"y_offset_m":-30,"source":"NCB_PFM","nearest_asset_distance_m":211,"consequence_weight":1.74,"idw_subsidence_mm":8.34,"risk_score":0.27,"risk_level":"Low"},"geometry":{"type":"Point","coordinates":[86.428339,23.764131]}},{"type":"Feature","properties":{"subsidence_mm":1.4,"tilt_deg":0.00474,"strain_ue":4.88,"x_offset_m":-210,"y_offset_m":-15,"source":"NCB_PFM","nearest_asset_distance_m":196,"consequence_weight":1.82,"idw_subsidence_mm":8.34,"risk_score":0.276,"risk_level":"Low"},"geometry":{"type":"Point","coordinates":[86.428339,23.764265]}},{"type":"Feature","properties":{"subsidence_mm":1.4,"tilt_deg":0.00474,"strain_ue":4.88,"x_offset_m":-210,"y_offset_m":0,"source":"NCB_PFM","nearest_asset_distance_m":181,"consequence_weight":1.91,"idw_subsidence_mm":8.34,"risk_score":0.282,"risk_level":"Low"},"geometry":{"type":"Point","coordinates":[86.428339,23.7644]}},{"type":"Feature","properties":{"subsidence_mm":1.4,"tilt_deg":0.00474,"strain_ue":4.88,"x_offset_m":-210,"y_offset_m":15,"source":"NCB_PFM","nearest_asset_distance_m":167,"consequence_weight":2,"idw_subsidence_mm":8.34,"risk_score":0.289,"risk_level":"Low"},"geometry":{"type":"Point","coordinates":[86.428339,23.764535]}},{"type":"Feature","properties":{"subsidence_mm":1.4,"tilt_deg":0.00474,"strain_ue":4.88,"x_offset_m":-210,"y_offset_m":30,"source":"NCB_PFM","nearest_asset_distance_m":152,"consequence_weight":2.09,"idw_subsidence_mm":8.34,"risk_score":0.295,"risk_level":"Low"},"geometry":{"type":"Point","coordinates":[86.428339,23.764669]}},{"type":"Feature","properties":{"subsidence_mm":1.4,"tilt_deg":0.00474,"strain_ue":4.88,"x_offset_m":-210,"y_offset_m":45,"source":"NCB_PFM","nearest_asset_distance_m":137,"consequence_weight":2.18,"idw_subsidence_mm":8.34,"risk_score":0.301,"risk_level":"Low"},"geometry":{"type":"Point","coordinates":[86.428339,23.764804]}},{"type":"Feature","properties":{"subsidence_mm":1.4,"tilt_deg":0.00474,"strain_ue":4.88,"x_offset_m":-210,"y_offset_m":60,"source":"NCB_PFM","nearest_asset_distance_m":123,"consequence_weight":2.26,"idw_subsidence_mm":8.34,"risk_score":0.307,"risk_level":"Low"},"geometry":{"type":"Point","coordinates":[86.428339,23.764939]}},{"type":"Feature","properties":{"subsidence_mm":1.4,"tilt_deg":0.00474,"strain_ue":4.88,"x_offset_m":-210,"y_offset_m":75,"source":"NCB_PFM","nearest_asset_distance_m":109,"consequence_weight":2.35,"idw_subsidence_mm":8.34,"risk_score":0.313,"risk_level":"Low"},"geometry":{"type":"Point","coordinates":[86.428339,23.765074]}},{"type":"Feature","properties":{"subsidence_mm":1.4,"tilt_deg":0.00474,"strain_ue":4.88,"x_offset_m":-210,"y_offset_m":90,"source":"NCB_PFM","nearest_asset_distance_m":95,"consequence_weight":2.43,"idw_subsidence_mm":8.34,"risk_score":0.319,"risk_level":"Low"},"geometry":{"type":"Point","coordinates":[86.428339,23.765208]}},{"type":"Feature","properties":{"subsidence_mm":1.4,"tilt_deg":0.00474,"strain_ue":4.88,"x_offset_m":-210,"y_offset_m":105,"source":"NCB_PFM","nearest_asset_distance_m":81,"consequence_weight":2.52,"idw_subsidence_mm":8.34,"risk_score":0.325,"risk_level":"Low"},"geometry":{"type":"Point","coordinates":[86.428339,23.765343]}},{"type":"Feature","properties":{"subsidence_mm":1.4,"tilt_deg":0.00474,"strain_ue":4.88,"x_offset_m":-210,"y_offset_m":120,"source":"NCB_PFM","nearest_asset_distance_m":68,"consequence_weight":2.59,"idw_subsidence_mm":8.34,"risk_score":0.33,"risk_level":"Low"},"geometry":{"type":"Point","coordinates":[86.428339,23.765478]}},{"type":"Feature","properties":{"subsidence_mm":1.4,"tilt_deg":0.00474,"strain_ue":4.88,"x_offset_m":-210,"y_offset_m":135,"source":"NCB_PFM","nearest_asset_distance_m":55,"consequence_weight":2.67,"idw_subsidence_mm":8.34,"risk_score":0.336,"risk_level":"Low"},"geometry":{"type":"Point","coordinates":[86.428339,23.765613]}},{"type":"Feature","properties":{"subsidence_mm":1.4,"tilt_deg":0.00474,"strain_ue":4.88,"x_offset_m":-210,"y_offset_m":150,"source":"NCB_PFM","nearest_asset_distance_m":45,"consequence_weight":2.73,"idw_subsidence_mm":8.34,"risk_score":0.34,"risk_level":"Low"},"geometry":{"type":"Point","coordinates":[86.428339,23.765747]}},{"type":"Feature","properties":{"subsidence_mm":1.4,"tilt_deg":0.00474,"strain_ue":4.88,"x_offset_m":-210,"y_offset_m":165,"source":"NCB_PFM","nearest_asset_distance_m":37,"consequence_weight":2.78,"idw_subsidence_mm":8.34,"risk_score":0.343,"risk_level":"Low"},"geometry":{"type":"Point","coordinates":[86.428339,23.765882]}},{"type":"Feature","properties":{"subsidence_mm":1.4,"tilt_deg":0.00474,"strain_ue":4.88,"x_offset_m":-210,"y_offset_m":180,"source":"NCB_PFM","nearest_asset_distance_m":35,"consequence_weight":2.79,"idw_subsidence_mm":8.34,"risk_score":0.344,"risk_level":"Low"},"geometry":{"type":"Point","coordinates":[86.428339,23.766017]}},{"type":"Feature","properties":{"subsidence_mm":1.4,"tilt_deg":0.00474,"strain_ue":4.88,"x_offset_m":-210,"y_offset_m":195,"source":"NCB_PFM","nearest_asset_distance_m":38,"consequence_weight":2.77,"idw_subsidence_mm":8.34,"risk_score":0.343,"risk_level":"Low"},"geometry":{"type":"Point","coordinates":[86.428339,23.766152]}},{"type":"Feature","properties":{"subsidence_mm":1.4,"tilt_deg":0.00474,"strain_ue":4.88,"x_offset_m":-210,"y_offset_m":210,"source":"NCB_PFM","nearest_asset_distance_m":47,"consequence_weight":2.72,"idw_subsidence_mm":8.34,"risk_score":0.339,"risk_level":"Low"},"geometry":{"type":"Point","coordinates":[86.428339,23.766286]}},{"type":"Feature","properties":{"subsidence_mm":1.4,"tilt_deg":0.00474,"strain_ue":4.88,"x_offset_m":-210,"y_offset_m":225,"source":"NCB_PFM","nearest_asset_distance_m":58,"consequence_weight":2.65,"idw_subsidence_mm":8.34,"risk_score":0.334,"risk_level":"Low"},"geometry":{"type":"Point","coordinates":[86.428339,23.766421]}},{"type":"Feature","properties":{"subsidence_mm":1.4,"tilt_deg":0.00474,"strain_ue":4.88,"x_offset_m":-210,"y_offset_m":240,"source":"NCB_PFM","nearest_asset_distance_m":71,"consequence_weight":2.58,"idw_subsidence_mm":8.34,"risk_score":0.329,"risk_level":"Low"},"geometry":{"type":"Point","coordinates":[86.428339,23.766556]}},{"type":"Feature","properties":{"subsidence_mm":1.4,"tilt_deg":0.00474,"strain_ue":4.88,"x_offset_m":-210,"y_offset_m":255,"source":"NCB_PFM","nearest_asset_distance_m":84,"consequence_weight":2.49,"idw_subsidence_mm":8.34,"risk_score":0.323,"risk_level":"Low"},"geometry":{"type":"Point","coordinates":[86.428339,23.766691]}},{"type":"Feature","properties":{"subsidence_mm":1.4,"tilt_deg":0.00474,"strain_ue":4.88,"x_offset_m":-210,"y_offset_m":270,"source":"NCB_PFM","nearest_asset_distance_m":98,"consequence_weight":2.41,"idw_subsidence_mm":3.8,"risk_score":0.166,"risk_level":"Low"},"geometry":{"type":"Point","coordinates":[86.428339,23.766825]}},{"type":"Feature","properties":{"subsidence_mm":1.4,"tilt_deg":0.00474,"strain_ue":4.88,"x_offset_m":-210,"y_offset_m":285,"source":"NCB_PFM","nearest_asset_distance_m":112,"consequence_weight":2.33,"idw_subsidence_mm":3.8,"risk_score":0.161,"risk_level":"Low"},"geometry":{"type":"Point","coordinates":[86.428339,23.76696]}},{"type":"Feature","properties":{"subsidence_mm":1.4,"tilt_deg":0.00474,"strain_ue":4.88,"x_offset_m":-210,"y_offset_m":300,"source":"NCB_PFM","nearest_asset_distance_m":127,"consequence_weight":2.24,"idw_subsidence_mm":3.8,"risk_score":0.154,"risk_level":"Low"},"geometry":{"type":"Point","coordinates":[86.428339,23.767095]}},{"type":"Feature","properties":{"subsidence_mm":3.11,"tilt_deg":0.01052,"strain_ue":10.79,"x_offset_m":-195,"y_offset_m":-300,"source":"NCB_PFM","nearest_asset_distance_m":447,"consequence_weight":0.32,"idw_subsidence_mm":12.82,"risk_score":0.326,"risk_level":"Low"},"geometry":{"type":"Point","coordinates":[86.428486,23.761705]}},{"type":"Feature","properties":{"subsidence_mm":3.11,"tilt_deg":0.01052,"strain_ue":10.79,"x_offset_m":-195,"y_offset_m":-285,"source":"NCB_PFM","nearest_asset_distance_m":435,"consequence_weight":0.39,"idw_subsidence_mm":12.82,"risk_score":0.331,"risk_level":"Low"},"geometry":{"type":"Point","coordinates":[86.428486,23.76184]}},{"type":"Feature","properties":{"subsidence_mm":3.11,"tilt_deg":0.01052,"strain_ue":10.79,"x_offset_m":-195,"y_offset_m":-270,"source":"NCB_PFM","nearest_asset_distance_m":423,"consequence_weight":0.46,"idw_subsidence_mm":12.82,"risk_score":0.336,"risk_level":"Low"},"geometry":{"type":"Point","coordinates":[86.428486,23.761975]}},{"type":"Feature","properties":{"subsidence_mm":3.11,"tilt_deg":0.01052,"strain_ue":10.79,"x_offset_m":-195,"y_offset_m":-255,"source":"NCB_PFM","nearest_asset_distance_m":411,"consequence_weight":0.53,"idw_subsidence_mm":12.82,"risk_score":0.341,"risk_level":"Low"},"geometry":{"type":"Point","coordinates":[86.428486,23.762109]}},{"type":"Feature","properties":{"subsidence_mm":3.11,"tilt_deg":0.01052,"strain_ue":10.79,"x_offset_m":-195,"y_offset_m":-240,"source":"NCB_PFM","nearest_asset_distance_m":399,"consequence_weight":0.6,"idw_subsidence_mm":12.82,"risk_score":0.346,"risk_level":"Low"},"geometry":{"type":"Point","coordinates":[86.428486,23.762244]}},{"type":"Feature","properties":{"subsidence_mm":3.11,"tilt_deg":0.01052,"strain_ue":10.79,"x_offset_m":-195,"y_offset_m":-225,"source":"NCB_PFM","nearest_asset_distance_m":388,"consequence_weight":0.67,"idw_subsidence_mm":12.82,"risk_score":0.351,"risk_level":"Medium"},"geometry":{"type":"Point","coordinates":[86.428486,23.762379]}},{"type":"Feature","properties":{"subsidence_mm":3.11,"tilt_deg":0.01052,"strain_ue":10.79,"x_offset_m":-195,"y_offset_m":-210,"source":"NCB_PFM","nearest_asset_distance_m":377,"consequence_weight":0.74,"idw_subsidence_mm":12.82,"risk_score":0.356,"risk_level":"Medium"},"geometry":{"type":"Point","coordinates":[86.428486,23.762514]}},{"type":"Feature","properties":{"subsidence_mm":3.11,"tilt_deg":0.01052,"strain_ue":10.79,"x_offset_m":-195,"y_offset_m":-195,"source":"NCB_PFM","nearest_asset_distance_m":366,"consequence_weight":0.8,"idw_subsidence_mm":12.82,"risk_score":0.36,"risk_level":"Medium"},"geometry":{"type":"Point","coordinates":[86.428486,23.762648]}},{"type":"Feature","properties":{"subsidence_mm":3.11,"tilt_deg":0.01052,"strain_ue":10.79,"x_offset_m":-195,"y_offset_m":-180,"source":"NCB_PFM","nearest_asset_distance_m":355,"consequence_weight":0.87,"idw_subsidence_mm":12.82,"risk_score":0.365,"risk_level":"Medium"},"geometry":{"type":"Point","coordinates":[86.428486,23.762783]}},{"type":"Feature","properties":{"subsidence_mm":3.11,"tilt_deg":0.01052,"strain_ue":10.79,"x_offset_m":-195,"y_offset_m":-165,"source":"NCB_PFM","nearest_asset_distance_m":345,"consequence_weight":0.93,"idw_subsidence_mm":12.82,"risk_score":0.369,"risk_level":"Medium"},"geometry":{"type":"Point","coordinates":[86.428486,23.762918]}},{"type":"Feature","properties":{"subsidence_mm":3.11,"tilt_deg":0.01052,"strain_ue":10.79,"x_offset_m":-195,"y_offset_m":-150,"source":"NCB_PFM","nearest_asset_distance_m":331,"consequence_weight":1.01,"idw_subsidence_mm":12.82,"risk_score":0.375,"risk_level":"Medium"},"geometry":{"type":"Point","coordinates":[86.428486,23.763053]}},{"type":"Feature","properties":{"subsidence_mm":3.11,"tilt_deg":0.01052,"strain_ue":10.79,"x_offset_m":-195,"y_offset_m":-135,"source":"NCB_PFM","nearest_asset_distance_m":317,"consequence_weight":1.1,"idw_subsidence_mm":12.82,"risk_score":0.381,"risk_level":"Medium"},"geometry":{"type":"Point","coordinates":[86.428486,23.763187]}},{"type":"Feature","properties":{"subsidence_mm":3.11,"tilt_deg":0.01052,"strain_ue":10.79,"x_offset_m":-195,"y_offset_m":-120,"source":"NCB_PFM","nearest_asset_distance_m":302,"consequence_weight":1.19,"idw_subsidence_mm":12.82,"risk_score":0.387,"risk_level":"Medium"},"geometry":{"type":"Point","coordinates":[86.428486,23.763322]}},{"type":"Feature","properties":{"subsidence_mm":3.11,"tilt_deg":0.01052,"strain_ue":10.79,"x_offset_m":-195,"y_offset_m":-105,"source":"NCB_PFM","nearest_asset_distance_m":287,"consequence_weight":1.28,"idw_subsidence_mm":12.82,"risk_score":0.394,"risk_level":"Medium"},"geometry":{"type":"Point","coordinates":[86.428486,23.763457]}},{"type":"Feature","properties":{"subsidence_mm":3.11,"tilt_deg":0.01052,"strain_ue":10.79,"x_offset_m":-195,"y_offset_m":-90,"source":"NCB_PFM","nearest_asset_distance_m":272,"consequence_weight":1.37,"idw_subsidence_mm":12.82,"risk_score":0.4,"risk_level":"Medium"},"geometry":{"type":"Point","coordinates":[86.428486,23.763592]}},{"type":"Feature","properties":{"subsidence_mm":3.11,"tilt_deg":0.01052,"strain_ue":10.79,"x_offset_m":-195,"y_offset_m":-75,"source":"NCB_PFM","nearest_asset_distance_m":258,"consequence_weight":1.45,"idw_subsidence_mm":12.82,"risk_score":0.406,"risk_level":"Medium"},"geometry":{"type":"Point","coordinates":[86.428486,23.763726]}},{"type":"Feature","properties":{"subsidence_mm":3.11,"tilt_deg":0.01052,"strain_ue":10.79,"x_offset_m":-195,"y_offset_m":-60,"source":"NCB_PFM","nearest_asset_distance_m":243,"consequence_weight":1.54,"idw_subsidence_mm":12.82,"risk_score":0.412,"risk_level":"Medium"},"geometry":{"type":"Point","coordinates":[86.428486,23.763861]}},{"type":"Feature","properties":{"subsidence_mm":3.11,"tilt_deg":0.01052,"strain_ue":10.79,"x_offset_m":-195,"y_offset_m":-45,"source":"NCB_PFM","nearest_asset_distance_m":228,"consequence_weight":1.63,"idw_subsidence_mm":12.82,"risk_score":0.418,"risk_level":"Medium"},"geometry":{"type":"Point","coordinates":[86.428486,23.763996]}},{"type":"Feature","properties":{"subsidence_mm":3.11,"tilt_deg":0.01052,"strain_ue":10.79,"x_offset_m":-195,"y_offset_m":-30,"source":"NCB_PFM","nearest_asset_distance_m":214,"consequence_weight":1.72,"idw_subsidence_mm":8.34,"risk_score":0.276,"risk_level":"Low"},"geometry":{"type":"Point","coordinates":[86.428486,23.764131]}},{"type":"Feature","properties":{"subsidence_mm":3.11,"tilt_deg":0.01052,"strain_ue":10.79,"x_offset_m":-195,"y_offset_m":-15,"source":"NCB_PFM","nearest_asset_distance_m":199,"consequence_weight":1.81,"idw_subsidence_mm":8.34,"risk_score":0.282,"risk_level":"Low"},"geometry":{"type":"Point","coordinates":[86.428486,23.764265]}},{"type":"Feature","properties":{"subsidence_mm":3.11,"tilt_deg":0.01052,"strain_ue":10.79,"x_offset_m":-195,"y_offset_m":0,"source":"NCB_PFM","nearest_asset_distance_m":185,"consequence_weight":1.89,"idw_subsidence_mm":8.34,"risk_score":0.288,"risk_level":"Low"},"geometry":{"type":"Point","coordinates":[86.428486,23.7644]}},{"type":"Feature","properties":{"subsidence_mm":3.11,"tilt_deg":0.01052,"strain_ue":10.79,"x_offset_m":-195,"y_offset_m":15,"source":"NCB_PFM","nearest_asset_distance_m":170,"consequence_weight":1.98,"idw_subsidence_mm":8.34,"risk_score":0.294,"risk_level":"Low"},"geometry":{"type":"Point","coordinates":[86.428486,23.764535]}},{"type":"Feature","properties":{"subsidence_mm":3.11,"tilt_deg":0.01052,"strain_ue":10.79,"x_offset_m":-195,"y_offset_m":30,"source":"NCB_PFM","nearest_asset_distance_m":156,"consequence_weight":2.06,"idw_subsidence_mm":8.34,"risk_score":0.3,"risk_level":"Low"},"geometry":{"type":"Point","coordinates":[86.428486,23.764669]}},{"type":"Feature","properties":{"subsidence_mm":3.11,"tilt_deg":0.01052,"strain_ue":10.79,"x_offset_m":-195,"y_offset_m":45,"source":"NCB_PFM","nearest_asset_distance_m":142,"consequence_weight":2.15,"idw_subsidence_mm":8.34,"risk_score":0.306,"risk_level":"Low"},"geometry":{"type":"Point","coordinates":[86.428486,23.764804]}},{"type":"Feature","properties":{"subsidence_mm":3.11,"tilt_deg":0.01052,"strain_ue":10.79,"x_offset_m":-195,"y_offset_m":60,"source":"NCB_PFM","nearest_asset_distance_m":128,"consequence_weight":2.23,"idw_subsidence_mm":8.34,"risk_score":0.312,"risk_level":"Low"},"geometry":{"type":"Point","coordinates":[86.428486,23.764939]}},{"type":"Feature","properties":{"subsidence_mm":3.11,"tilt_deg":0.01052,"strain_ue":10.79,"x_offset_m":-195,"y_offset_m":75,"source":"NCB_PFM","nearest_asset_distance_m":114,"consequence_weight":2.31,"idw_subsidence_mm":8.34,"risk_score":0.317,"risk_level":"Low"},"geometry":{"type":"Point","coordinates":[86.428486,23.765074]}},{"type":"Feature","properties":{"subsidence_mm":3.11,"tilt_deg":0.01052,"strain_ue":10.79,"x_offset_m":-195,"y_offset_m":90,"source":"NCB_PFM","nearest_asset_distance_m":101,"consequence_weight":2.39,"idw_subsidence_mm":8.34,"risk_score":0.323,"risk_level":"Low"},"geometry":{"type":"Point","coordinates":[86.428486,23.765208]}},{"type":"Feature","properties":{"subsidence_mm":3.11,"tilt_deg":0.01052,"strain_ue":10.79,"x_offset_m":-195,"y_offset_m":105,"source":"NCB_PFM","nearest_asset_distance_m":88,"consequence_weight":2.47,"idw_subsidence_mm":8.34,"risk_score":0.329,"risk_level":"Low"},"geometry":{"type":"Point","coordinates":[86.428486,23.765343]}},{"type":"Feature","properties":{"subsidence_mm":3.11,"tilt_deg":0.01052,"strain_ue":10.79,"x_offset_m":-195,"y_offset_m":120,"source":"NCB_PFM","nearest_asset_distance_m":76,"consequence_weight":2.54,"idw_subsidence_mm":8.34,"risk_score":0.333,"risk_level":"Low"},"geometry":{"type":"Point","coordinates":[86.428486,23.765478]}},{"type":"Feature","properties":{"subsidence_mm":3.11,"tilt_deg":0.01052,"strain_ue":10.79,"x_offset_m":-195,"y_offset_m":135,"source":"NCB_PFM","nearest_asset_distance_m":66,"consequence_weight":2.61,"idw_subsidence_mm":8.34,"risk_score":0.338,"risk_level":"Low"},"geometry":{"type":"Point","coordinates":[86.428486,23.765613]}},{"type":"Feature","properties":{"subsidence_mm":3.11,"tilt_deg":0.01052,"strain_ue":10.79,"x_offset_m":-195,"y_offset_m":150,"source":"NCB_PFM","nearest_asset_distance_m":57,"consequence_weight":2.66,"idw_subsidence_mm":8.34,"risk_score":0.342,"risk_level":"Low"},"geometry":{"type":"Point","coordinates":[86.428486,23.765747]}},{"type":"Feature","properties":{"subsidence_mm":3.11,"tilt_deg":0.01052,"strain_ue":10.79,"x_offset_m":-195,"y_offset_m":165,"source":"NCB_PFM","nearest_asset_distance_m":51,"consequence_weight":2.69,"idw_subsidence_mm":8.34,"risk_score":0.344,"risk_level":"Low"},"geometry":{"type":"Point","coordinates":[86.428486,23.765882]}},{"type":"Feature","properties":{"subsidence_mm":3.11,"tilt_deg":0.01052,"strain_ue":10.79,"x_offset_m":-195,"y_offset_m":180,"source":"NCB_PFM","nearest_asset_distance_m":49,"consequence_weight":2.7,"idw_subsidence_mm":8.34,"risk_score":0.345,"risk_level":"Low"},"geometry":{"type":"Point","coordinates":[86.428486,23.766017]}},{"type":"Feature","properties":{"subsidence_mm":3.11,"tilt_deg":0.01052,"strain_ue":10.79,"x_offset_m":-195,"y_offset_m":195,"source":"NCB_PFM","nearest_asset_distance_m":52,"consequence_weight":2.69,"idw_subsidence_mm":8.34,"risk_score":0.344,"risk_level":"Low"},"geometry":{"type":"Point","coordinates":[86.428486,23.766152]}},{"type":"Feature","properties":{"subsidence_mm":3.11,"tilt_deg":0.01052,"strain_ue":10.79,"x_offset_m":-195,"y_offset_m":210,"source":"NCB_PFM","nearest_asset_distance_m":59,"consequence_weight":2.65,"idw_subsidence_mm":8.34,"risk_score":0.341,"risk_level":"Low"},"geometry":{"type":"Point","coordinates":[86.428486,23.766286]}},{"type":"Feature","properties":{"subsidence_mm":3.11,"tilt_deg":0.01052,"strain_ue":10.79,"x_offset_m":-195,"y_offset_m":225,"source":"NCB_PFM","nearest_asset_distance_m":68,"consequence_weight":2.59,"idw_subsidence_mm":8.34,"risk_score":0.337,"risk_level":"Low"},"geometry":{"type":"Point","coordinates":[86.428486,23.766421]}},{"type":"Feature","properties":{"subsidence_mm":3.11,"tilt_deg":0.01052,"strain_ue":10.79,"x_offset_m":-195,"y_offset_m":240,"source":"NCB_PFM","nearest_asset_distance_m":79,"consequence_weight":2.52,"idw_subsidence_mm":8.34,"risk_score":0.332,"risk_level":"Low"},"geometry":{"type":"Point","coordinates":[86.428486,23.766556]}},{"type":"Feature","properties":{"subsidence_mm":3.11,"tilt_deg":0.01052,"strain_ue":10.79,"x_offset_m":-195,"y_offset_m":255,"source":"NCB_PFM","nearest_asset_distance_m":91,"consequence_weight":2.45,"idw_subsidence_mm":8.34,"risk_score":0.327,"risk_level":"Low"},"geometry":{"type":"Point","coordinates":[86.428486,23.766691]}},{"type":"Feature","properties":{"subsidence_mm":3.11,"tilt_deg":0.01052,"strain_ue":10.79,"x_offset_m":-195,"y_offset_m":270,"source":"NCB_PFM","nearest_asset_distance_m":104,"consequence_weight":2.37,"idw_subsidence_mm":3.8,"risk_score":0.17,"risk_level":"Low"},"geometry":{"type":"Point","coordinates":[86.428486,23.766825]}},{"type":"Feature","properties":{"subsidence_mm":3.11,"tilt_deg":0.01052,"strain_ue":10.79,"x_offset_m":-195,"y_offset_m":285,"source":"NCB_PFM","nearest_asset_distance_m":118,"consequence_weight":2.29,"idw_subsidence_mm":3.8,"risk_score":0.165,"risk_level":"Low"},"geometry":{"type":"Point","coordinates":[86.428486,23.76696]}},{"type":"Feature","properties":{"subsidence_mm":3.11,"tilt_deg":0.01052,"strain_ue":10.79,"x_offset_m":-195,"y_offset_m":300,"source":"NCB_PFM","nearest_asset_distance_m":131,"consequence_weight":2.21,"idw_subsidence_mm":3.8,"risk_score":0.159,"risk_level":"Low"},"geometry":{"type":"Point","coordinates":[86.428486,23.767095]}},{"type":"Feature","properties":{"subsidence_mm":6.91,"tilt_deg":0.02328,"strain_ue":23.67,"x_offset_m":-180,"y_offset_m":-300,"source":"NCB_PFM","nearest_asset_distance_m":438,"consequence_weight":0.37,"idw_subsidence_mm":12.82,"risk_score":0.345,"risk_level":"Low"},"geometry":{"type":"Point","coordinates":[86.428633,23.761705]}},{"type":"Feature","properties":{"subsidence_mm":6.91,"tilt_deg":0.02328,"strain_ue":23.67,"x_offset_m":-180,"y_offset_m":-285,"source":"NCB_PFM","nearest_asset_distance_m":426,"consequence_weight":0.44,"idw_subsidence_mm":12.82,"risk_score":0.35,"risk_level":"Medium"},"geometry":{"type":"Point","coordinates":[86.428633,23.76184]}},{"type":"Feature","properties":{"subsidence_mm":6.91,"tilt_deg":0.02328,"strain_ue":23.67,"x_offset_m":-180,"y_offset_m":-270,"source":"NCB_PFM","nearest_asset_distance_m":414,"consequence_weight":0.52,"idw_subsidence_mm":12.82,"risk_score":0.355,"risk_level":"Medium"},"geometry":{"type":"Point","coordinates":[86.428633,23.761975]}},{"type":"Feature","properties":{"subsidence_mm":6.91,"tilt_deg":0.02328,"strain_ue":23.67,"x_offset_m":-180,"y_offset_m":-255,"source":"NCB_PFM","nearest_asset_distance_m":402,"consequence_weight":0.59,"idw_subsidence_mm":12.82,"risk_score":0.36,"risk_level":"Medium"},"geometry":{"type":"Point","coordinates":[86.428633,23.762109]}},{"type":"Feature","properties":{"subsidence_mm":6.91,"tilt_deg":0.02328,"strain_ue":23.67,"x_offset_m":-180,"y_offset_m":-240,"source":"NCB_PFM","nearest_asset_distance_m":390,"consequence_weight":0.66,"idw_subsidence_mm":12.82,"risk_score":0.365,"risk_level":"Medium"},"geometry":{"type":"Point","coordinates":[86.428633,23.762244]}},{"type":"Feature","properties":{"subsidence_mm":6.91,"tilt_deg":0.02328,"strain_ue":23.67,"x_offset_m":-180,"y_offset_m":-225,"source":"NCB_PFM","nearest_asset_distance_m":378,"consequence_weight":0.73,"idw_subsidence_mm":12.82,"risk_score":0.37,"risk_level":"Medium"},"geometry":{"type":"Point","coordinates":[86.428633,23.762379]}},{"type":"Feature","properties":{"subsidence_mm":6.91,"tilt_deg":0.02328,"strain_ue":23.67,"x_offset_m":-180,"y_offset_m":-210,"source":"NCB_PFM","nearest_asset_distance_m":367,"consequence_weight":0.8,"idw_subsidence_mm":12.82,"risk_score":0.375,"risk_level":"Medium"},"geometry":{"type":"Point","coordinates":[86.428633,23.762514]}},{"type":"Feature","properties":{"subsidence_mm":6.91,"tilt_deg":0.02328,"strain_ue":23.67,"x_offset_m":-180,"y_offset_m":-195,"source":"NCB_PFM","nearest_asset_distance_m":356,"consequence_weight":0.87,"idw_subsidence_mm":12.82,"risk_score":0.38,"risk_level":"Medium"},"geometry":{"type":"Point","coordinates":[86.428633,23.762648]}},{"type":"Feature","properties":{"subsidence_mm":6.91,"tilt_deg":0.02328,"strain_ue":23.67,"x_offset_m":-180,"y_offset_m":-180,"source":"NCB_PFM","nearest_asset_distance_m":345,"consequence_weight":0.93,"idw_subsidence_mm":12.82,"risk_score":0.384,"risk_level":"Medium"},"geometry":{"type":"Point","coordinates":[86.428633,23.762783]}},{"type":"Feature","properties":{"subsidence_mm":6.91,"tilt_deg":0.02328,"strain_ue":23.67,"x_offset_m":-180,"y_offset_m":-165,"source":"NCB_PFM","nearest_asset_distance_m":334,"consequence_weight":1,"idw_subsidence_mm":12.82,"risk_score":0.389,"risk_level":"Medium"},"geometry":{"type":"Point","coordinates":[86.428633,23.762918]}},{"type":"Feature","properties":{"subsidence_mm":6.91,"tilt_deg":0.02328,"strain_ue":23.67,"x_offset_m":-180,"y_offset_m":-150,"source":"NCB_PFM","nearest_asset_distance_m":324,"consequence_weight":1.06,"idw_subsidence_mm":12.82,"risk_score":0.393,"risk_level":"Medium"},"geometry":{"type":"Point","coordinates":[86.428633,23.763053]}},{"type":"Feature","properties":{"subsidence_mm":6.91,"tilt_deg":0.02328,"strain_ue":23.67,"x_offset_m":-180,"y_offset_m":-135,"source":"NCB_PFM","nearest_asset_distance_m":314,"consequence_weight":1.12,"idw_subsidence_mm":12.82,"risk_score":0.397,"risk_level":"Medium"},"geometry":{"type":"Point","coordinates":[86.428633,23.763187]}},{"type":"Feature","properties":{"subsidence_mm":6.91,"tilt_deg":0.02328,"strain_ue":23.67,"x_offset_m":-180,"y_offset_m":-120,"source":"NCB_PFM","nearest_asset_distance_m":305,"consequence_weight":1.17,"idw_subsidence_mm":12.82,"risk_score":0.401,"risk_level":"Medium"},"geometry":{"type":"Point","coordinates":[86.428633,23.763322]}},{"type":"Feature","properties":{"subsidence_mm":6.91,"tilt_deg":0.02328,"strain_ue":23.67,"x_offset_m":-180,"y_offset_m":-105,"source":"NCB_PFM","nearest_asset_distance_m":290,"consequence_weight":1.26,"idw_subsidence_mm":12.82,"risk_score":0.407,"risk_level":"Medium"},"geometry":{"type":"Point","coordinates":[86.428633,23.763457]}},{"type":"Feature","properties":{"subsidence_mm":6.91,"tilt_deg":0.02328,"strain_ue":23.67,"x_offset_m":-180,"y_offset_m":-90,"source":"NCB_PFM","nearest_asset_distance_m":275,"consequence_weight":1.35,"idw_subsidence_mm":12.82,"risk_score":0.414,"risk_level":"Medium"},"geometry":{"type":"Point","coordinates":[86.428633,23.763592]}},{"type":"Feature","properties":{"subsidence_mm":6.91,"tilt_deg":0.02328,"strain_ue":23.67,"x_offset_m":-180,"y_offset_m":-75,"source":"NCB_PFM","nearest_asset_distance_m":261,"consequence_weight":1.43,"idw_subsidence_mm":12.82,"risk_score":0.419,"risk_level":"Medium"},"geometry":{"type":"Point","coordinates":[86.428633,23.763726]}},{"type":"Feature","properties":{"subsidence_mm":6.91,"tilt_deg":0.02328,"strain_ue":23.67,"x_offset_m":-180,"y_offset_m":-60,"source":"NCB_PFM","nearest_asset_distance_m":246,"consequence_weight":1.52,"idw_subsidence_mm":12.82,"risk_score":0.425,"risk_level":"Medium"},"geometry":{"type":"Point","coordinates":[86.428633,23.763861]}},{"type":"Feature","properties":{"subsidence_mm":6.91,"tilt_deg":0.02328,"strain_ue":23.67,"x_offset_m":-180,"y_offset_m":-45,"source":"NCB_PFM","nearest_asset_distance_m":232,"consequence_weight":1.61,"idw_subsidence_mm":12.82,"risk_score":0.432,"risk_level":"Medium"},"geometry":{"type":"Point","coordinates":[86.428633,23.763996]}},{"type":"Feature","properties":{"subsidence_mm":6.91,"tilt_deg":0.02328,"strain_ue":23.67,"x_offset_m":-180,"y_offset_m":-30,"source":"NCB_PFM","nearest_asset_distance_m":218,"consequence_weight":1.69,"idw_subsidence_mm":8.34,"risk_score":0.289,"risk_level":"Low"},"geometry":{"type":"Point","coordinates":[86.428633,23.764131]}},{"type":"Feature","properties":{"subsidence_mm":6.91,"tilt_deg":0.02328,"strain_ue":23.67,"x_offset_m":-180,"y_offset_m":-15,"source":"NCB_PFM","nearest_asset_distance_m":203,"consequence_weight":1.78,"idw_subsidence_mm":8.34,"risk_score":0.295,"risk_level":"Low"},"geometry":{"type":"Point","coordinates":[86.428633,23.764265]}},{"type":"Feature","properties":{"subsidence_mm":6.91,"tilt_deg":0.02328,"strain_ue":23.67,"x_offset_m":-180,"y_offset_m":0,"source":"NCB_PFM","nearest_asset_distance_m":189,"consequence_weight":1.86,"idw_subsidence_mm":8.34,"risk_score":0.301,"risk_level":"Low"},"geometry":{"type":"Point","coordinates":[86.428633,23.7644]}},{"type":"Feature","properties":{"subsidence_mm":6.91,"tilt_deg":0.02328,"strain_ue":23.67,"x_offset_m":-180,"y_offset_m":15,"source":"NCB_PFM","nearest_asset_distance_m":175,"consequence_weight":1.95,"idw_subsidence_mm":8.34,"risk_score":0.307,"risk_level":"Low"},"geometry":{"type":"Point","coordinates":[86.428633,23.764535]}},{"type":"Feature","properties":{"subsidence_mm":6.91,"tilt_deg":0.02328,"strain_ue":23.67,"x_offset_m":-180,"y_offset_m":30,"source":"NCB_PFM","nearest_asset_distance_m":161,"consequence_weight":2.03,"idw_subsidence_mm":8.34,"risk_score":0.312,"risk_level":"Low"},"geometry":{"type":"Point","coordinates":[86.428633,23.764669]}},{"type":"Feature","properties":{"subsidence_mm":6.91,"tilt_deg":0.02328,"strain_ue":23.67,"x_offset_m":-180,"y_offset_m":45,"source":"NCB_PFM","nearest_asset_distance_m":148,"consequence_weight":2.11,"idw_subsidence_mm":8.34,"risk_score":0.318,"risk_level":"Low"},"geometry":{"type":"Point","coordinates":[86.428633,23.764804]}},{"type":"Feature","properties":{"subsidence_mm":6.91,"tilt_deg":0.02328,"strain_ue":23.67,"x_offset_m":-180,"y_offset_m":60,"source":"NCB_PFM","nearest_asset_distance_m":134,"consequence_weight":2.19,"idw_subsidence_mm":8.34,"risk_score":0.324,"risk_level":"Low"},"geometry":{"type":"Point","coordinates":[86.428633,23.764939]}},{"type":"Feature","properties":{"subsidence_mm":6.91,"tilt_deg":0.02328,"strain_ue":23.67,"x_offset_m":-180,"y_offset_m":75,"source":"NCB_PFM","nearest_asset_distance_m":121,"consequence_weight":2.27,"idw_subsidence_mm":8.34,"risk_score":0.329,"risk_level":"Low"},"geometry":{"type":"Point","coordinates":[86.428633,23.765074]}},{"type":"Feature","properties":{"subsidence_mm":6.91,"tilt_deg":0.02328,"strain_ue":23.67,"x_offset_m":-180,"y_offset_m":90,"source":"NCB_PFM","nearest_asset_distance_m":109,"consequence_weight":2.35,"idw_subsidence_mm":8.34,"risk_score":0.335,"risk_level":"Low"},"geometry":{"type":"Point","coordinates":[86.428633,23.765208]}},{"type":"Feature","properties":{"subsidence_mm":6.91,"tilt_deg":0.02328,"strain_ue":23.67,"x_offset_m":-180,"y_offset_m":105,"source":"NCB_PFM","nearest_asset_distance_m":97,"consequence_weight":2.42,"idw_subsidence_mm":8.34,"risk_score":0.34,"risk_level":"Low"},"geometry":{"type":"Point","coordinates":[86.428633,23.765343]}},{"type":"Feature","properties":{"subsidence_mm":6.91,"tilt_deg":0.02328,"strain_ue":23.67,"x_offset_m":-180,"y_offset_m":120,"source":"NCB_PFM","nearest_asset_distance_m":87,"consequence_weight":2.48,"idw_subsidence_mm":8.34,"risk_score":0.344,"risk_level":"Low"},"geometry":{"type":"Point","coordinates":[86.428633,23.765478]}},{"type":"Feature","properties":{"subsidence_mm":6.91,"tilt_deg":0.02328,"strain_ue":23.67,"x_offset_m":-180,"y_offset_m":135,"source":"NCB_PFM","nearest_asset_distance_m":77,"consequence_weight":2.54,"idw_subsidence_mm":8.34,"risk_score":0.348,"risk_level":"Low"},"geometry":{"type":"Point","coordinates":[86.428633,23.765613]}},{"type":"Feature","properties":{"subsidence_mm":6.91,"tilt_deg":0.02328,"strain_ue":23.67,"x_offset_m":-180,"y_offset_m":150,"source":"NCB_PFM","nearest_asset_distance_m":70,"consequence_weight":2.58,"idw_subsidence_mm":8.34,"risk_score":0.351,"risk_level":"Medium"},"geometry":{"type":"Point","coordinates":[86.428633,23.765747]}},{"type":"Feature","properties":{"subsidence_mm":6.91,"tilt_deg":0.02328,"strain_ue":23.67,"x_offset_m":-180,"y_offset_m":165,"source":"NCB_PFM","nearest_asset_distance_m":66,"consequence_weight":2.61,"idw_subsidence_mm":8.34,"risk_score":0.353,"risk_level":"Medium"},"geometry":{"type":"Point","coordinates":[86.428633,23.765882]}},{"type":"Feature","properties":{"subsidence_mm":6.91,"tilt_deg":0.02328,"strain_ue":23.67,"x_offset_m":-180,"y_offset_m":180,"source":"NCB_PFM","nearest_asset_distance_m":64,"consequence_weight":2.61,"idw_subsidence_mm":8.34,"risk_score":0.353,"risk_level":"Medium"},"geometry":{"type":"Point","coordinates":[86.428633,23.766017]}},{"type":"Feature","properties":{"subsidence_mm":6.91,"tilt_deg":0.02328,"strain_ue":23.67,"x_offset_m":-180,"y_offset_m":195,"source":"NCB_PFM","nearest_asset_distance_m":67,"consequence_weight":2.6,"idw_subsidence_mm":8.34,"risk_score":0.352,"risk_level":"Medium"},"geometry":{"type":"Point","coordinates":[86.428633,23.766152]}},{"type":"Feature","properties":{"subsidence_mm":6.91,"tilt_deg":0.02328,"strain_ue":23.67,"x_offset_m":-180,"y_offset_m":210,"source":"NCB_PFM","nearest_asset_distance_m":72,"consequence_weight":2.57,"idw_subsidence_mm":8.34,"risk_score":0.35,"risk_level":"Medium"},"geometry":{"type":"Point","coordinates":[86.428633,23.766286]}},{"type":"Feature","properties":{"subsidence_mm":6.91,"tilt_deg":0.02328,"strain_ue":23.67,"x_offset_m":-180,"y_offset_m":225,"source":"NCB_PFM","nearest_asset_distance_m":80,"consequence_weight":2.52,"idw_subsidence_mm":8.34,"risk_score":0.347,"risk_level":"Low"},"geometry":{"type":"Point","coordinates":[86.428633,23.766421]}},{"type":"Feature","properties":{"subsidence_mm":6.91,"tilt_deg":0.02328,"strain_ue":23.67,"x_offset_m":-180,"y_offset_m":240,"source":"NCB_PFM","nearest_asset_distance_m":89,"consequence_weight":2.46,"idw_subsidence_mm":8.34,"risk_score":0.343,"risk_level":"Low"},"geometry":{"type":"Point","coordinates":[86.428633,23.766556]}},{"type":"Feature","properties":{"subsidence_mm":6.91,"tilt_deg":0.02328,"strain_ue":23.67,"x_offset_m":-180,"y_offset_m":255,"source":"NCB_PFM","nearest_asset_distance_m":100,"consequence_weight":2.4,"idw_subsidence_mm":8.34,"risk_score":0.338,"risk_level":"Low"},"geometry":{"type":"Point","coordinates":[86.428633,23.766691]}},{"type":"Feature","properties":{"subsidence_mm":6.91,"tilt_deg":0.02328,"strain_ue":23.67,"x_offset_m":-180,"y_offset_m":270,"source":"NCB_PFM","nearest_asset_distance_m":112,"consequence_weight":2.33,"idw_subsidence_mm":3.8,"risk_score":0.182,"risk_level":"Low"},"geometry":{"type":"Point","coordinates":[86.428633,23.766825]}},{"type":"Feature","properties":{"subsidence_mm":6.91,"tilt_deg":0.02328,"strain_ue":23.67,"x_offset_m":-180,"y_offset_m":285,"source":"NCB_PFM","nearest_asset_distance_m":125,"consequence_weight":2.25,"idw_subsidence_mm":3.8,"risk_score":0.177,"risk_level":"Low"},"geometry":{"type":"Point","coordinates":[86.428633,23.76696]}},{"type":"Feature","properties":{"subsidence_mm":6.91,"tilt_deg":0.02328,"strain_ue":23.67,"x_offset_m":-180,"y_offset_m":300,"source":"NCB_PFM","nearest_asset_distance_m":138,"consequence_weight":2.17,"idw_subsidence_mm":3.8,"risk_score":0.171,"risk_level":"Low"},"geometry":{"type":"Point","coordinates":[86.428633,23.767095]}},{"type":"Feature","properties":{"subsidence_mm":15.3,"tilt_deg":0.0512,"strain_ue":51.02,"x_offset_m":-165,"y_offset_m":-300,"source":"NCB_PFM","nearest_asset_distance_m":430,"consequence_weight":0.42,"idw_subsidence_mm":12.82,"risk_score":0.38,"risk_level":"Medium"},"geometry":{"type":"Point","coordinates":[86.42878,23.761705]}},{"type":"Feature","properties":{"subsidence_mm":15.3,"tilt_deg":0.0512,"strain_ue":51.02,"x_offset_m":-165,"y_offset_m":-285,"source":"NCB_PFM","nearest_asset_distance_m":418,"consequence_weight":0.49,"idw_subsidence_mm":12.82,"risk_score":0.385,"risk_level":"Medium"},"geometry":{"type":"Point","coordinates":[86.42878,23.76184]}},{"type":"Feature","properties":{"subsidence_mm":15.3,"tilt_deg":0.0512,"strain_ue":51.02,"x_offset_m":-165,"y_offset_m":-270,"source":"NCB_PFM","nearest_asset_distance_m":405,"consequence_weight":0.57,"idw_subsidence_mm":12.82,"risk_score":0.39,"risk_level":"Medium"},"geometry":{"type":"Point","coordinates":[86.42878,23.761975]}},{"type":"Feature","properties":{"subsidence_mm":15.3,"tilt_deg":0.0512,"strain_ue":51.02,"x_offset_m":-165,"y_offset_m":-255,"source":"NCB_PFM","nearest_asset_distance_m":393,"consequence_weight":0.64,"idw_subsidence_mm":12.82,"risk_score":0.395,"risk_level":"Medium"},"geometry":{"type":"Point","coordinates":[86.42878,23.762109]}},{"type":"Feature","properties":{"subsidence_mm":15.3,"tilt_deg":0.0512,"strain_ue":51.02,"x_offset_m":-165,"y_offset_m":-240,"source":"NCB_PFM","nearest_asset_distance_m":381,"consequence_weight":0.72,"idw_subsidence_mm":12.82,"risk_score":0.401,"risk_level":"Medium"},"geometry":{"type":"Point","coordinates":[86.42878,23.762244]}},{"type":"Feature","properties":{"subsidence_mm":15.3,"tilt_deg":0.0512,"strain_ue":51.02,"x_offset_m":-165,"y_offset_m":-225,"source":"NCB_PFM","nearest_asset_distance_m":369,"consequence_weight":0.79,"idw_subsidence_mm":12.82,"risk_score":0.406,"risk_level":"Medium"},"geometry":{"type":"Point","coordinates":[86.42878,23.762379]}},{"type":"Feature","properties":{"subsidence_mm":15.3,"tilt_deg":0.0512,"strain_ue":51.02,"x_offset_m":-165,"y_offset_m":-210,"source":"NCB_PFM","nearest_asset_distance_m":357,"consequence_weight":0.86,"idw_subsidence_mm":12.82,"risk_score":0.411,"risk_level":"Medium"},"geometry":{"type":"Point","coordinates":[86.42878,23.762514]}},{"type":"Feature","properties":{"subsidence_mm":15.3,"tilt_deg":0.0512,"strain_ue":51.02,"x_offset_m":-165,"y_offset_m":-195,"source":"NCB_PFM","nearest_asset_distance_m":346,"consequence_weight":0.93,"idw_subsidence_mm":12.82,"risk_score":0.416,"risk_level":"Medium"},"geometry":{"type":"Point","coordinates":[86.42878,23.762648]}},{"type":"Feature","properties":{"subsidence_mm":15.3,"tilt_deg":0.0512,"strain_ue":51.02,"x_offset_m":-165,"y_offset_m":-180,"source":"NCB_PFM","nearest_asset_distance_m":334,"consequence_weight":0.99,"idw_subsidence_mm":12.82,"risk_score":0.42,"risk_level":"Medium"},"geometry":{"type":"Point","coordinates":[86.42878,23.762783]}},{"type":"Feature","properties":{"subsidence_mm":15.3,"tilt_deg":0.0512,"strain_ue":51.02,"x_offset_m":-165,"y_offset_m":-165,"source":"NCB_PFM","nearest_asset_distance_m":323,"consequence_weight":1.06,"idw_subsidence_mm":12.82,"risk_score":0.425,"risk_level":"Medium"},"geometry":{"type":"Point","coordinates":[86.42878,23.762918]}},{"type":"Feature","properties":{"subsidence_mm":15.3,"tilt_deg":0.0512,"strain_ue":51.02,"x_offset_m":-165,"y_offset_m":-150,"source":"NCB_PFM","nearest_asset_distance_m":313,"consequence_weight":1.12,"idw_subsidence_mm":12.82,"risk_score":0.429,"risk_level":"Medium"},"geometry":{"type":"Point","coordinates":[86.42878,23.763053]}},{"type":"Feature","properties":{"subsidence_mm":15.3,"tilt_deg":0.0512,"strain_ue":51.02,"x_offset_m":-165,"y_offset_m":-135,"source":"NCB_PFM","nearest_asset_distance_m":303,"consequence_weight":1.18,"idw_subsidence_mm":12.82,"risk_score":0.433,"risk_level":"Medium"},"geometry":{"type":"Point","coordinates":[86.42878,23.763187]}},{"type":"Feature","properties":{"subsidence_mm":15.3,"tilt_deg":0.0512,"strain_ue":51.02,"x_offset_m":-165,"y_offset_m":-120,"source":"NCB_PFM","nearest_asset_distance_m":293,"consequence_weight":1.24,"idw_subsidence_mm":12.82,"risk_score":0.437,"risk_level":"Medium"},"geometry":{"type":"Point","coordinates":[86.42878,23.763322]}},{"type":"Feature","properties":{"subsidence_mm":15.3,"tilt_deg":0.0512,"strain_ue":51.02,"x_offset_m":-165,"y_offset_m":-105,"source":"NCB_PFM","nearest_asset_distance_m":284,"consequence_weight":1.3,"idw_subsidence_mm":12.82,"risk_score":0.442,"risk_level":"Medium"},"geometry":{"type":"Point","coordinates":[86.42878,23.763457]}},{"type":"Feature","properties":{"subsidence_mm":15.3,"tilt_deg":0.0512,"strain_ue":51.02,"x_offset_m":-165,"y_offset_m":-90,"source":"NCB_PFM","nearest_asset_distance_m":275,"consequence_weight":1.35,"idw_subsidence_mm":12.82,"risk_score":0.445,"risk_level":"Medium"},"geometry":{"type":"Point","coordinates":[86.42878,23.763592]}},{"type":"Feature","properties":{"subsidence_mm":15.3,"tilt_deg":0.0512,"strain_ue":51.02,"x_offset_m":-165,"y_offset_m":-75,"source":"NCB_PFM","nearest_asset_distance_m":265,"consequence_weight":1.41,"idw_subsidence_mm":12.82,"risk_score":0.449,"risk_level":"Medium"},"geometry":{"type":"Point","coordinates":[86.42878,23.763726]}},{"type":"Feature","properties":{"subsidence_mm":15.3,"tilt_deg":0.0512,"strain_ue":51.02,"x_offset_m":-165,"y_offset_m":-60,"source":"NCB_PFM","nearest_asset_distance_m":251,"consequence_weight":1.5,"idw_subsidence_mm":12.82,"risk_score":0.456,"risk_level":"Medium"},"geometry":{"type":"Point","coordinates":[86.42878,23.763861]}},{"type":"Feature","properties":{"subsidence_mm":15.3,"tilt_deg":0.0512,"strain_ue":51.02,"x_offset_m":-165,"y_offset_m":-45,"source":"NCB_PFM","nearest_asset_distance_m":237,"consequence_weight":1.58,"idw_subsidence_mm":12.82,"risk_score":0.461,"risk_level":"Medium"},"geometry":{"type":"Point","coordinates":[86.42878,23.763996]}},{"type":"Feature","properties":{"subsidence_mm":15.3,"tilt_deg":0.0512,"strain_ue":51.02,"x_offset_m":-165,"y_offset_m":-30,"source":"NCB_PFM","nearest_asset_distance_m":222,"consequence_weight":1.67,"idw_subsidence_mm":8.34,"risk_score":0.319,"risk_level":"Low"},"geometry":{"type":"Point","coordinates":[86.42878,23.764131]}},{"type":"Feature","properties":{"subsidence_mm":15.3,"tilt_deg":0.0512,"strain_ue":51.02,"x_offset_m":-165,"y_offset_m":-15,"source":"NCB_PFM","nearest_asset_distance_m":209,"consequence_weight":1.75,"idw_subsidence_mm":8.34,"risk_score":0.324,"risk_level":"Low"},"geometry":{"type":"Point","coordinates":[86.42878,23.764265]}},{"type":"Feature","properties":{"subsidence_mm":15.3,"tilt_deg":0.0512,"strain_ue":51.02,"x_offset_m":-165,"y_offset_m":0,"source":"NCB_PFM","nearest_asset_distance_m":195,"consequence_weight":1.83,"idw_subsidence_mm":8.34,"risk_score":0.33,"risk_level":"Low"},"geometry":{"type":"Point","coordinates":[86.42878,23.7644]}},{"type":"Feature","properties":{"subsidence_mm":15.3,"tilt_deg":0.0512,"strain_ue":51.02,"x_offset_m":-165,"y_offset_m":15,"source":"NCB_PFM","nearest_asset_distance_m":181,"consequence_weight":1.91,"idw_subsidence_mm":8.34,"risk_score":0.336,"risk_level":"Low"},"geometry":{"type":"Point","coordinates":[86.42878,23.764535]}},{"type":"Feature","properties":{"subsidence_mm":15.3,"tilt_deg":0.0512,"strain_ue":51.02,"x_offset_m":-165,"y_offset_m":30,"source":"NCB_PFM","nearest_asset_distance_m":168,"consequence_weight":1.99,"idw_subsidence_mm":8.34,"risk_score":0.341,"risk_level":"Low"},"geometry":{"type":"Point","coordinates":[86.42878,23.764669]}},{"type":"Feature","properties":{"subsidence_mm":15.3,"tilt_deg":0.0512,"strain_ue":51.02,"x_offset_m":-165,"y_offset_m":45,"source":"NCB_PFM","nearest_asset_distance_m":155,"consequence_weight":2.07,"idw_subsidence_mm":8.34,"risk_score":0.347,"risk_level":"Low"},"geometry":{"type":"Point","coordinates":[86.42878,23.764804]}},{"type":"Feature","properties":{"subsidence_mm":15.3,"tilt_deg":0.0512,"strain_ue":51.02,"x_offset_m":-165,"y_offset_m":60,"source":"NCB_PFM","nearest_asset_distance_m":142,"consequence_weight":2.15,"idw_subsidence_mm":8.34,"risk_score":0.352,"risk_level":"Medium"},"geometry":{"type":"Point","coordinates":[86.42878,23.764939]}},{"type":"Feature","properties":{"subsidence_mm":15.3,"tilt_deg":0.0512,"strain_ue":51.02,"x_offset_m":-165,"y_offset_m":75,"source":"NCB_PFM","nearest_asset_distance_m":130,"consequence_weight":2.22,"idw_subsidence_mm":8.34,"risk_score":0.357,"risk_level":"Medium"},"geometry":{"type":"Point","coordinates":[86.42878,23.765074]}},{"type":"Feature","properties":{"subsidence_mm":15.3,"tilt_deg":0.0512,"strain_ue":51.02,"x_offset_m":-165,"y_offset_m":90,"source":"NCB_PFM","nearest_asset_distance_m":119,"consequence_weight":2.29,"idw_subsidence_mm":8.34,"risk_score":0.362,"risk_level":"Medium"},"geometry":{"type":"Point","coordinates":[86.42878,23.765208]}},{"type":"Feature","properties":{"subsidence_mm":15.3,"tilt_deg":0.0512,"strain_ue":51.02,"x_offset_m":-165,"y_offset_m":105,"source":"NCB_PFM","nearest_asset_distance_m":108,"consequence_weight":2.35,"idw_subsidence_mm":8.34,"risk_score":0.366,"risk_level":"Medium"},"geometry":{"type":"Point","coordinates":[86.42878,23.765343]}},{"type":"Feature","properties":{"subsidence_mm":15.3,"tilt_deg":0.0512,"strain_ue":51.02,"x_offset_m":-165,"y_offset_m":120,"source":"NCB_PFM","nearest_asset_distance_m":98,"consequence_weight":2.41,"idw_subsidence_mm":8.34,"risk_score":0.371,"risk_level":"Medium"},"geometry":{"type":"Point","coordinates":[86.42878,23.765478]}},{"type":"Feature","properties":{"subsidence_mm":15.3,"tilt_deg":0.0512,"strain_ue":51.02,"x_offset_m":-165,"y_offset_m":135,"source":"NCB_PFM","nearest_asset_distance_m":90,"consequence_weight":2.46,"idw_subsidence_mm":8.34,"risk_score":0.374,"risk_level":"Medium"},"geometry":{"type":"Point","coordinates":[86.42878,23.765613]}},{"type":"Feature","properties":{"subsidence_mm":15.3,"tilt_deg":0.0512,"strain_ue":51.02,"x_offset_m":-165,"y_offset_m":150,"source":"NCB_PFM","nearest_asset_distance_m":84,"consequence_weight":2.49,"idw_subsidence_mm":8.34,"risk_score":0.376,"risk_level":"Medium"},"geometry":{"type":"Point","coordinates":[86.42878,23.765747]}},{"type":"Feature","properties":{"subsidence_mm":15.3,"tilt_deg":0.0512,"strain_ue":51.02,"x_offset_m":-165,"y_offset_m":165,"source":"NCB_PFM","nearest_asset_distance_m":80,"consequence_weight":2.52,"idw_subsidence_mm":8.34,"risk_score":0.378,"risk_level":"Medium"},"geometry":{"type":"Point","coordinates":[86.42878,23.765882]}},{"type":"Feature","properties":{"subsidence_mm":15.3,"tilt_deg":0.0512,"strain_ue":51.02,"x_offset_m":-165,"y_offset_m":180,"source":"NCB_PFM","nearest_asset_distance_m":79,"consequence_weight":2.52,"idw_subsidence_mm":8.34,"risk_score":0.378,"risk_level":"Medium"},"geometry":{"type":"Point","coordinates":[86.42878,23.766017]}},{"type":"Feature","properties":{"subsidence_mm":15.3,"tilt_deg":0.0512,"strain_ue":51.02,"x_offset_m":-165,"y_offset_m":195,"source":"NCB_PFM","nearest_asset_distance_m":81,"consequence_weight":2.51,"idw_subsidence_mm":8.34,"risk_score":0.378,"risk_level":"Medium"},"geometry":{"type":"Point","coordinates":[86.42878,23.766152]}},{"type":"Feature","properties":{"subsidence_mm":15.3,"tilt_deg":0.0512,"strain_ue":51.02,"x_offset_m":-165,"y_offset_m":210,"source":"NCB_PFM","nearest_asset_distance_m":86,"consequence_weight":2.49,"idw_subsidence_mm":8.34,"risk_score":0.376,"risk_level":"Medium"},"geometry":{"type":"Point","coordinates":[86.42878,23.766286]}},{"type":"Feature","properties":{"subsidence_mm":15.3,"tilt_deg":0.0512,"strain_ue":51.02,"x_offset_m":-165,"y_offset_m":225,"source":"NCB_PFM","nearest_asset_distance_m":92,"consequence_weight":2.45,"idw_subsidence_mm":8.34,"risk_score":0.373,"risk_level":"Medium"},"geometry":{"type":"Point","coordinates":[86.42878,23.766421]}},{"type":"Feature","properties":{"subsidence_mm":15.3,"tilt_deg":0.0512,"strain_ue":51.02,"x_offset_m":-165,"y_offset_m":240,"source":"NCB_PFM","nearest_asset_distance_m":101,"consequence_weight":2.4,"idw_subsidence_mm":8.34,"risk_score":0.37,"risk_level":"Medium"},"geometry":{"type":"Point","coordinates":[86.42878,23.766556]}},{"type":"Feature","properties":{"subsidence_mm":15.3,"tilt_deg":0.0512,"strain_ue":51.02,"x_offset_m":-165,"y_offset_m":255,"source":"NCB_PFM","nearest_asset_distance_m":110,"consequence_weight":2.34,"idw_subsidence_mm":8.34,"risk_score":0.366,"risk_level":"Medium"},"geometry":{"type":"Point","coordinates":[86.42878,23.766691]}},{"type":"Feature","properties":{"subsidence_mm":15.3,"tilt_deg":0.0512,"strain_ue":51.02,"x_offset_m":-165,"y_offset_m":270,"source":"NCB_PFM","nearest_asset_distance_m":121,"consequence_weight":2.27,"idw_subsidence_mm":3.8,"risk_score":0.21,"risk_level":"Low"},"geometry":{"type":"Point","coordinates":[86.42878,23.766825]}},{"type":"Feature","properties":{"subsidence_mm":15.3,"tilt_deg":0.0512,"strain_ue":51.02,"x_offset_m":-165,"y_offset_m":285,"source":"NCB_PFM","nearest_asset_distance_m":133,"consequence_weight":2.2,"idw_subsidence_mm":3.8,"risk_score":0.205,"risk_level":"Low"},"geometry":{"type":"Point","coordinates":[86.42878,23.76696]}},{"type":"Feature","properties":{"subsidence_mm":15.3,"tilt_deg":0.0512,"strain_ue":51.02,"x_offset_m":-165,"y_offset_m":300,"source":"NCB_PFM","nearest_asset_distance_m":145,"consequence_weight":2.13,"idw_subsidence_mm":3.8,"risk_score":0.2,"risk_level":"Low"},"geometry":{"type":"Point","coordinates":[86.42878,23.767095]}},{"type":"Feature","properties":{"subsidence_mm":33.71,"tilt_deg":0.11098,"strain_ue":105.97,"x_offset_m":-150,"y_offset_m":-300,"source":"NCB_PFM","nearest_asset_distance_m":423,"consequence_weight":0.46,"idw_subsidence_mm":8.39,"risk_score":0.299,"risk_level":"Low"},"geometry":{"type":"Point","coordinates":[86.428928,23.761705]}},{"type":"Feature","properties":{"subsidence_mm":33.71,"tilt_deg":0.11098,"strain_ue":105.97,"x_offset_m":-150,"y_offset_m":-285,"source":"NCB_PFM","nearest_asset_distance_m":410,"consequence_weight":0.54,"idw_subsidence_mm":8.39,"risk_score":0.304,"risk_level":"Low"},"geometry":{"type":"Point","coordinates":[86.428928,23.76184]}},{"type":"Feature","properties":{"subsidence_mm":33.71,"tilt_deg":0.11098,"strain_ue":105.97,"x_offset_m":-150,"y_offset_m":-270,"source":"NCB_PFM","nearest_asset_distance_m":397,"consequence_weight":0.62,"idw_subsidence_mm":8.39,"risk_score":0.31,"risk_level":"Low"},"geometry":{"type":"Point","coordinates":[86.428928,23.761975]}},{"type":"Feature","properties":{"subsidence_mm":33.71,"tilt_deg":0.11098,"strain_ue":105.97,"x_offset_m":-150,"y_offset_m":-255,"source":"NCB_PFM","nearest_asset_distance_m":384,"consequence_weight":0.69,"idw_subsidence_mm":8.39,"risk_score":0.315,"risk_level":"Low"},"geometry":{"type":"Point","coordinates":[86.428928,23.762109]}},{"type":"Feature","properties":{"subsidence_mm":33.71,"tilt_deg":0.11098,"strain_ue":105.97,"x_offset_m":-150,"y_offset_m":-240,"source":"NCB_PFM","nearest_asset_distance_m":372,"consequence_weight":0.77,"idw_subsidence_mm":8.39,"risk_score":0.321,"risk_level":"Low"},"geometry":{"type":"Point","coordinates":[86.428928,23.762244]}},{"type":"Feature","properties":{"subsidence_mm":33.71,"tilt_deg":0.11098,"strain_ue":105.97,"x_offset_m":-150,"y_offset_m":-225,"source":"NCB_PFM","nearest_asset_distance_m":360,"consequence_weight":0.84,"idw_subsidence_mm":8.39,"risk_score":0.325,"risk_level":"Low"},"geometry":{"type":"Point","coordinates":[86.428928,23.762379]}},{"type":"Feature","properties":{"subsidence_mm":33.71,"tilt_deg":0.11098,"strain_ue":105.97,"x_offset_m":-150,"y_offset_m":-210,"source":"NCB_PFM","nearest_asset_distance_m":348,"consequence_weight":0.91,"idw_subsidence_mm":8.39,"risk_score":0.33,"risk_level":"Low"},"geometry":{"type":"Point","coordinates":[86.428928,23.762514]}},{"type":"Feature","properties":{"subsidence_mm":33.71,"tilt_deg":0.11098,"strain_ue":105.97,"x_offset_m":-150,"y_offset_m":-195,"source":"NCB_PFM","nearest_asset_distance_m":336,"consequence_weight":0.98,"idw_subsidence_mm":8.39,"risk_score":0.335,"risk_level":"Low"},"geometry":{"type":"Point","coordinates":[86.428928,23.762648]}},{"type":"Feature","properties":{"subsidence_mm":33.71,"tilt_deg":0.11098,"strain_ue":105.97,"x_offset_m":-150,"y_offset_m":-180,"source":"NCB_PFM","nearest_asset_distance_m":324,"consequence_weight":1.05,"idw_subsidence_mm":8.39,"risk_score":0.34,"risk_level":"Low"},"geometry":{"type":"Point","coordinates":[86.428928,23.762783]}},{"type":"Feature","properties":{"subsidence_mm":33.71,"tilt_deg":0.11098,"strain_ue":105.97,"x_offset_m":-150,"y_offset_m":-165,"source":"NCB_PFM","nearest_asset_distance_m":313,"consequence_weight":1.12,"idw_subsidence_mm":8.39,"risk_score":0.345,"risk_level":"Low"},"geometry":{"type":"Point","coordinates":[86.428928,23.762918]}},{"type":"Feature","properties":{"subsidence_mm":33.71,"tilt_deg":0.11098,"strain_ue":105.97,"x_offset_m":-150,"y_offset_m":-150,"source":"NCB_PFM","nearest_asset_distance_m":302,"consequence_weight":1.19,"idw_subsidence_mm":8.39,"risk_score":0.35,"risk_level":"Medium"},"geometry":{"type":"Point","coordinates":[86.428928,23.763053]}},{"type":"Feature","properties":{"subsidence_mm":33.71,"tilt_deg":0.11098,"strain_ue":105.97,"x_offset_m":-150,"y_offset_m":-135,"source":"NCB_PFM","nearest_asset_distance_m":292,"consequence_weight":1.25,"idw_subsidence_mm":8.39,"risk_score":0.354,"risk_level":"Medium"},"geometry":{"type":"Point","coordinates":[86.428928,23.763187]}},{"type":"Feature","properties":{"subsidence_mm":33.71,"tilt_deg":0.11098,"strain_ue":105.97,"x_offset_m":-150,"y_offset_m":-120,"source":"NCB_PFM","nearest_asset_distance_m":282,"consequence_weight":1.31,"idw_subsidence_mm":8.39,"risk_score":0.358,"risk_level":"Medium"},"geometry":{"type":"Point","coordinates":[86.428928,23.763322]}},{"type":"Feature","properties":{"subsidence_mm":33.71,"tilt_deg":0.11098,"strain_ue":105.97,"x_offset_m":-150,"y_offset_m":-105,"source":"NCB_PFM","nearest_asset_distance_m":272,"consequence_weight":1.37,"idw_subsidence_mm":8.39,"risk_score":0.363,"risk_level":"Medium"},"geometry":{"type":"Point","coordinates":[86.428928,23.763457]}},{"type":"Feature","properties":{"subsidence_mm":33.71,"tilt_deg":0.11098,"strain_ue":105.97,"x_offset_m":-150,"y_offset_m":-90,"source":"NCB_PFM","nearest_asset_distance_m":263,"consequence_weight":1.42,"idw_subsidence_mm":8.39,"risk_score":0.366,"risk_level":"Medium"},"geometry":{"type":"Point","coordinates":[86.428928,23.763592]}},{"type":"Feature","properties":{"subsidence_mm":33.71,"tilt_deg":0.11098,"strain_ue":105.97,"x_offset_m":-150,"y_offset_m":-75,"source":"NCB_PFM","nearest_asset_distance_m":254,"consequence_weight":1.48,"idw_subsidence_mm":8.39,"risk_score":0.37,"risk_level":"Medium"},"geometry":{"type":"Point","coordinates":[86.428928,23.763726]}},{"type":"Feature","properties":{"subsidence_mm":33.71,"tilt_deg":0.11098,"strain_ue":105.97,"x_offset_m":-150,"y_offset_m":-60,"source":"NCB_PFM","nearest_asset_distance_m":246,"consequence_weight":1.52,"idw_subsidence_mm":8.39,"risk_score":0.373,"risk_level":"Medium"},"geometry":{"type":"Point","coordinates":[86.428928,23.763861]}},{"type":"Feature","properties":{"subsidence_mm":33.71,"tilt_deg":0.11098,"strain_ue":105.97,"x_offset_m":-150,"y_offset_m":-45,"source":"NCB_PFM","nearest_asset_distance_m":239,"consequence_weight":1.57,"idw_subsidence_mm":8.39,"risk_score":0.377,"risk_level":"Medium"},"geometry":{"type":"Point","coordinates":[86.428928,23.763996]}},{"type":"Feature","properties":{"subsidence_mm":33.71,"tilt_deg":0.11098,"strain_ue":105.97,"x_offset_m":-150,"y_offset_m":-30,"source":"NCB_PFM","nearest_asset_distance_m":228,"consequence_weight":1.63,"idw_subsidence_mm":10.06,"risk_score":0.436,"risk_level":"Medium"},"geometry":{"type":"Point","coordinates":[86.428928,23.764131]}},{"type":"Feature","properties":{"subsidence_mm":33.71,"tilt_deg":0.11098,"strain_ue":105.97,"x_offset_m":-150,"y_offset_m":-15,"source":"NCB_PFM","nearest_asset_distance_m":215,"consequence_weight":1.71,"idw_subsidence_mm":10.06,"risk_score":0.442,"risk_level":"Medium"},"geometry":{"type":"Point","coordinates":[86.428928,23.764265]}},{"type":"Feature","properties":{"subsidence_mm":33.71,"tilt_deg":0.11098,"strain_ue":105.97,"x_offset_m":-150,"y_offset_m":0,"source":"NCB_PFM","nearest_asset_distance_m":201,"consequence_weight":1.79,"idw_subsidence_mm":10.06,"risk_score":0.448,"risk_level":"Medium"},"geometry":{"type":"Point","coordinates":[86.428928,23.7644]}},{"type":"Feature","properties":{"subsidence_mm":33.71,"tilt_deg":0.11098,"strain_ue":105.97,"x_offset_m":-150,"y_offset_m":15,"source":"NCB_PFM","nearest_asset_distance_m":188,"consequence_weight":1.87,"idw_subsidence_mm":10.06,"risk_score":0.453,"risk_level":"Medium"},"geometry":{"type":"Point","coordinates":[86.428928,23.764535]}},{"type":"Feature","properties":{"subsidence_mm":33.71,"tilt_deg":0.11098,"strain_ue":105.97,"x_offset_m":-150,"y_offset_m":30,"source":"NCB_PFM","nearest_asset_distance_m":176,"consequence_weight":1.95,"idw_subsidence_mm":10.06,"risk_score":0.459,"risk_level":"Medium"},"geometry":{"type":"Point","coordinates":[86.428928,23.764669]}},{"type":"Feature","properties":{"subsidence_mm":33.71,"tilt_deg":0.11098,"strain_ue":105.97,"x_offset_m":-150,"y_offset_m":45,"source":"NCB_PFM","nearest_asset_distance_m":163,"consequence_weight":2.02,"idw_subsidence_mm":10.06,"risk_score":0.464,"risk_level":"Medium"},"geometry":{"type":"Point","coordinates":[86.428928,23.764804]}},{"type":"Feature","properties":{"subsidence_mm":33.71,"tilt_deg":0.11098,"strain_ue":105.97,"x_offset_m":-150,"y_offset_m":60,"source":"NCB_PFM","nearest_asset_distance_m":151,"consequence_weight":2.09,"idw_subsidence_mm":10.06,"risk_score":0.469,"risk_level":"Medium"},"geometry":{"type":"Point","coordinates":[86.428928,23.764939]}},{"type":"Feature","properties":{"subsidence_mm":33.71,"tilt_deg":0.11098,"strain_ue":105.97,"x_offset_m":-150,"y_offset_m":75,"source":"NCB_PFM","nearest_asset_distance_m":140,"consequence_weight":2.16,"idw_subsidence_mm":10.06,"risk_score":0.474,"risk_level":"Medium"},"geometry":{"type":"Point","coordinates":[86.428928,23.765074]}},{"type":"Feature","properties":{"subsidence_mm":33.71,"tilt_deg":0.11098,"strain_ue":105.97,"x_offset_m":-150,"y_offset_m":90,"source":"NCB_PFM","nearest_asset_distance_m":129,"consequence_weight":2.23,"idw_subsidence_mm":10.06,"risk_score":0.478,"risk_level":"Medium"},"geometry":{"type":"Point","coordinates":[86.428928,23.765208]}},{"type":"Feature","properties":{"subsidence_mm":33.71,"tilt_deg":0.11098,"strain_ue":105.97,"x_offset_m":-150,"y_offset_m":105,"source":"NCB_PFM","nearest_asset_distance_m":119,"consequence_weight":2.28,"idw_subsidence_mm":10.06,"risk_score":0.482,"risk_level":"Medium"},"geometry":{"type":"Point","coordinates":[86.428928,23.765343]}},{"type":"Feature","properties":{"subsidence_mm":33.71,"tilt_deg":0.11098,"strain_ue":105.97,"x_offset_m":-150,"y_offset_m":120,"source":"NCB_PFM","nearest_asset_distance_m":111,"consequence_weight":2.33,"idw_subsidence_mm":10.06,"risk_score":0.486,"risk_level":"Medium"},"geometry":{"type":"Point","coordinates":[86.428928,23.765478]}},{"type":"Feature","properties":{"subsidence_mm":33.71,"tilt_deg":0.11098,"strain_ue":105.97,"x_offset_m":-150,"y_offset_m":135,"source":"NCB_PFM","nearest_asset_distance_m":104,"consequence_weight":2.38,"idw_subsidence_mm":10.06,"risk_score":0.489,"risk_level":"Medium"},"geometry":{"type":"Point","coordinates":[86.428928,23.765613]}},{"type":"Feature","properties":{"subsidence_mm":33.71,"tilt_deg":0.11098,"strain_ue":105.97,"x_offset_m":-150,"y_offset_m":150,"source":"NCB_PFM","nearest_asset_distance_m":99,"consequence_weight":2.41,"idw_subsidence_mm":10.06,"risk_score":0.491,"risk_level":"Medium"},"geometry":{"type":"Point","coordinates":[86.428928,23.765747]}},{"type":"Feature","properties":{"subsidence_mm":33.71,"tilt_deg":0.11098,"strain_ue":105.97,"x_offset_m":-150,"y_offset_m":165,"source":"NCB_PFM","nearest_asset_distance_m":95,"consequence_weight":2.43,"idw_subsidence_mm":10.06,"risk_score":0.493,"risk_level":"Medium"},"geometry":{"type":"Point","coordinates":[86.428928,23.765882]}},{"type":"Feature","properties":{"subsidence_mm":33.71,"tilt_deg":0.11098,"strain_ue":105.97,"x_offset_m":-150,"y_offset_m":180,"source":"NCB_PFM","nearest_asset_distance_m":94,"consequence_weight":2.43,"idw_subsidence_mm":10.06,"risk_score":0.493,"risk_level":"Medium"},"geometry":{"type":"Point","coordinates":[86.428928,23.766017]}},{"type":"Feature","properties":{"subsidence_mm":33.71,"tilt_deg":0.11098,"strain_ue":105.97,"x_offset_m":-150,"y_offset_m":195,"source":"NCB_PFM","nearest_asset_distance_m":96,"consequence_weight":2.42,"idw_subsidence_mm":10.06,"risk_score":0.492,"risk_level":"Medium"},"geometry":{"type":"Point","coordinates":[86.428928,23.766152]}},{"type":"Feature","properties":{"subsidence_mm":33.71,"tilt_deg":0.11098,"strain_ue":105.97,"x_offset_m":-150,"y_offset_m":210,"source":"NCB_PFM","nearest_asset_distance_m":100,"consequence_weight":2.4,"idw_subsidence_mm":10.06,"risk_score":0.49,"risk_level":"Medium"},"geometry":{"type":"Point","coordinates":[86.428928,23.766286]}},{"type":"Feature","properties":{"subsidence_mm":33.71,"tilt_deg":0.11098,"strain_ue":105.97,"x_offset_m":-150,"y_offset_m":225,"source":"NCB_PFM","nearest_asset_distance_m":105,"consequence_weight":2.37,"idw_subsidence_mm":10.06,"risk_score":0.488,"risk_level":"Medium"},"geometry":{"type":"Point","coordinates":[86.428928,23.766421]}},{"type":"Feature","properties":{"subsidence_mm":33.71,"tilt_deg":0.11098,"strain_ue":105.97,"x_offset_m":-150,"y_offset_m":240,"source":"NCB_PFM","nearest_asset_distance_m":113,"consequence_weight":2.32,"idw_subsidence_mm":10.06,"risk_score":0.485,"risk_level":"Medium"},"geometry":{"type":"Point","coordinates":[86.428928,23.766556]}},{"type":"Feature","properties":{"subsidence_mm":33.71,"tilt_deg":0.11098,"strain_ue":105.97,"x_offset_m":-150,"y_offset_m":255,"source":"NCB_PFM","nearest_asset_distance_m":122,"consequence_weight":2.27,"idw_subsidence_mm":10.06,"risk_score":0.481,"risk_level":"Medium"},"geometry":{"type":"Point","coordinates":[86.428928,23.766691]}},{"type":"Feature","properties":{"subsidence_mm":33.71,"tilt_deg":0.11098,"strain_ue":105.97,"x_offset_m":-150,"y_offset_m":270,"source":"NCB_PFM","nearest_asset_distance_m":132,"consequence_weight":2.21,"idw_subsidence_mm":5.03,"risk_score":0.31,"risk_level":"Low"},"geometry":{"type":"Point","coordinates":[86.428928,23.766825]}},{"type":"Feature","properties":{"subsidence_mm":33.71,"tilt_deg":0.11098,"strain_ue":105.97,"x_offset_m":-150,"y_offset_m":285,"source":"NCB_PFM","nearest_asset_distance_m":143,"consequence_weight":2.14,"idw_subsidence_mm":5.03,"risk_score":0.305,"risk_level":"Low"},"geometry":{"type":"Point","coordinates":[86.428928,23.76696]}},{"type":"Feature","properties":{"subsidence_mm":33.71,"tilt_deg":0.11098,"strain_ue":105.97,"x_offset_m":-150,"y_offset_m":300,"source":"NCB_PFM","nearest_asset_distance_m":154,"consequence_weight":2.08,"idw_subsidence_mm":5.03,"risk_score":0.3,"risk_level":"Low"},"geometry":{"type":"Point","coordinates":[86.428928,23.767095]}},{"type":"Feature","properties":{"subsidence_mm":73.41,"tilt_deg":0.23334,"strain_ue":203.69,"x_offset_m":-135,"y_offset_m":-300,"source":"NCB_PFM","nearest_asset_distance_m":415,"consequence_weight":0.51,"idw_subsidence_mm":8.39,"risk_score":0.415,"risk_level":"Medium"},"geometry":{"type":"Point","coordinates":[86.429075,23.761705]}},{"type":"Feature","properties":{"subsidence_mm":73.41,"tilt_deg":0.23334,"strain_ue":203.69,"x_offset_m":-135,"y_offset_m":-285,"source":"NCB_PFM","nearest_asset_distance_m":402,"consequence_weight":0.59,"idw_subsidence_mm":8.39,"risk_score":0.42,"risk_level":"Medium"},"geometry":{"type":"Point","coordinates":[86.429075,23.76184]}},{"type":"Feature","properties":{"subsidence_mm":73.41,"tilt_deg":0.23334,"strain_ue":203.69,"x_offset_m":-135,"y_offset_m":-270,"source":"NCB_PFM","nearest_asset_distance_m":389,"consequence_weight":0.66,"idw_subsidence_mm":8.39,"risk_score":0.425,"risk_level":"Medium"},"geometry":{"type":"Point","coordinates":[86.429075,23.761975]}},{"type":"Feature","properties":{"subsidence_mm":73.41,"tilt_deg":0.23334,"strain_ue":203.69,"x_offset_m":-135,"y_offset_m":-255,"source":"NCB_PFM","nearest_asset_distance_m":376,"consequence_weight":0.74,"idw_subsidence_mm":8.39,"risk_score":0.431,"risk_level":"Medium"},"geometry":{"type":"Point","coordinates":[86.429075,23.762109]}},{"type":"Feature","properties":{"subsidence_mm":73.41,"tilt_deg":0.23334,"strain_ue":203.69,"x_offset_m":-135,"y_offset_m":-240,"source":"NCB_PFM","nearest_asset_distance_m":364,"consequence_weight":0.82,"idw_subsidence_mm":8.39,"risk_score":0.437,"risk_level":"Medium"},"geometry":{"type":"Point","coordinates":[86.429075,23.762244]}},{"type":"Feature","properties":{"subsidence_mm":73.41,"tilt_deg":0.23334,"strain_ue":203.69,"x_offset_m":-135,"y_offset_m":-225,"source":"NCB_PFM","nearest_asset_distance_m":351,"consequence_weight":0.89,"idw_subsidence_mm":8.39,"risk_score":0.441,"risk_level":"Medium"},"geometry":{"type":"Point","coordinates":[86.429075,23.762379]}},{"type":"Feature","properties":{"subsidence_mm":73.41,"tilt_deg":0.23334,"strain_ue":203.69,"x_offset_m":-135,"y_offset_m":-210,"source":"NCB_PFM","nearest_asset_distance_m":339,"consequence_weight":0.97,"idw_subsidence_mm":8.39,"risk_score":0.447,"risk_level":"Medium"},"geometry":{"type":"Point","coordinates":[86.429075,23.762514]}},{"type":"Feature","properties":{"subsidence_mm":73.41,"tilt_deg":0.23334,"strain_ue":203.69,"x_offset_m":-135,"y_offset_m":-195,"source":"NCB_PFM","nearest_asset_distance_m":327,"consequence_weight":1.04,"idw_subsidence_mm":8.39,"risk_score":0.452,"risk_level":"Medium"},"geometry":{"type":"Point","coordinates":[86.429075,23.762648]}},{"type":"Feature","properties":{"subsidence_mm":73.41,"tilt_deg":0.23334,"strain_ue":203.69,"x_offset_m":-135,"y_offset_m":-180,"source":"NCB_PFM","nearest_asset_distance_m":315,"consequence_weight":1.11,"idw_subsidence_mm":8.39,"risk_score":0.457,"risk_level":"Medium"},"geometry":{"type":"Point","coordinates":[86.429075,23.762783]}},{"type":"Feature","properties":{"subsidence_mm":73.41,"tilt_deg":0.23334,"strain_ue":203.69,"x_offset_m":-135,"y_offset_m":-165,"source":"NCB_PFM","nearest_asset_distance_m":303,"consequence_weight":1.18,"idw_subsidence_mm":8.39,"risk_score":0.462,"risk_level":"Medium"},"geometry":{"type":"Point","coordinates":[86.429075,23.762918]}},{"type":"Feature","properties":{"subsidence_mm":73.41,"tilt_deg":0.23334,"strain_ue":203.69,"x_offset_m":-135,"y_offset_m":-150,"source":"NCB_PFM","nearest_asset_distance_m":292,"consequence_weight":1.25,"idw_subsidence_mm":8.39,"risk_score":0.467,"risk_level":"Medium"},"geometry":{"type":"Point","coordinates":[86.429075,23.763053]}},{"type":"Feature","properties":{"subsidence_mm":73.41,"tilt_deg":0.23334,"strain_ue":203.69,"x_offset_m":-135,"y_offset_m":-135,"source":"NCB_PFM","nearest_asset_distance_m":281,"consequence_weight":1.31,"idw_subsidence_mm":8.39,"risk_score":0.471,"risk_level":"Medium"},"geometry":{"type":"Point","coordinates":[86.429075,23.763187]}},{"type":"Feature","properties":{"subsidence_mm":73.41,"tilt_deg":0.23334,"strain_ue":203.69,"x_offset_m":-135,"y_offset_m":-120,"source":"NCB_PFM","nearest_asset_distance_m":271,"consequence_weight":1.38,"idw_subsidence_mm":8.39,"risk_score":0.476,"risk_level":"Medium"},"geometry":{"type":"Point","coordinates":[86.429075,23.763322]}},{"type":"Feature","properties":{"subsidence_mm":73.41,"tilt_deg":0.23334,"strain_ue":203.69,"x_offset_m":-135,"y_offset_m":-105,"source":"NCB_PFM","nearest_asset_distance_m":260,"consequence_weight":1.44,"idw_subsidence_mm":8.39,"risk_score":0.48,"risk_level":"Medium"},"geometry":{"type":"Point","coordinates":[86.429075,23.763457]}},{"type":"Feature","properties":{"subsidence_mm":73.41,"tilt_deg":0.23334,"strain_ue":203.69,"x_offset_m":-135,"y_offset_m":-90,"source":"NCB_PFM","nearest_asset_distance_m":251,"consequence_weight":1.5,"idw_subsidence_mm":8.39,"risk_score":0.484,"risk_level":"Medium"},"geometry":{"type":"Point","coordinates":[86.429075,23.763592]}},{"type":"Feature","properties":{"subsidence_mm":73.41,"tilt_deg":0.23334,"strain_ue":203.69,"x_offset_m":-135,"y_offset_m":-75,"source":"NCB_PFM","nearest_asset_distance_m":242,"consequence_weight":1.55,"idw_subsidence_mm":8.39,"risk_score":0.488,"risk_level":"Medium"},"geometry":{"type":"Point","coordinates":[86.429075,23.763726]}},{"type":"Feature","properties":{"subsidence_mm":73.41,"tilt_deg":0.23334,"strain_ue":203.69,"x_offset_m":-135,"y_offset_m":-60,"source":"NCB_PFM","nearest_asset_distance_m":233,"consequence_weight":1.6,"idw_subsidence_mm":8.39,"risk_score":0.491,"risk_level":"Medium"},"geometry":{"type":"Point","coordinates":[86.429075,23.763861]}},{"type":"Feature","properties":{"subsidence_mm":73.41,"tilt_deg":0.23334,"strain_ue":203.69,"x_offset_m":-135,"y_offset_m":-45,"source":"NCB_PFM","nearest_asset_distance_m":225,"consequence_weight":1.65,"idw_subsidence_mm":8.39,"risk_score":0.495,"risk_level":"Medium"},"geometry":{"type":"Point","coordinates":[86.429075,23.763996]}},{"type":"Feature","properties":{"subsidence_mm":73.41,"tilt_deg":0.23334,"strain_ue":203.69,"x_offset_m":-135,"y_offset_m":-30,"source":"NCB_PFM","nearest_asset_distance_m":218,"consequence_weight":1.69,"idw_subsidence_mm":10.06,"risk_score":0.553,"risk_level":"Medium"},"geometry":{"type":"Point","coordinates":[86.429075,23.764131]}},{"type":"Feature","properties":{"subsidence_mm":73.41,"tilt_deg":0.23334,"strain_ue":203.69,"x_offset_m":-135,"y_offset_m":-15,"source":"NCB_PFM","nearest_asset_distance_m":212,"consequence_weight":1.73,"idw_subsidence_mm":10.06,"risk_score":0.556,"risk_level":"Medium"},"geometry":{"type":"Point","coordinates":[86.429075,23.764265]}},{"type":"Feature","properties":{"subsidence_mm":73.41,"tilt_deg":0.23334,"strain_ue":203.69,"x_offset_m":-135,"y_offset_m":0,"source":"NCB_PFM","nearest_asset_distance_m":207,"consequence_weight":1.76,"idw_subsidence_mm":10.06,"risk_score":0.558,"risk_level":"Medium"},"geometry":{"type":"Point","coordinates":[86.429075,23.7644]}},{"type":"Feature","properties":{"subsidence_mm":73.41,"tilt_deg":0.23334,"strain_ue":203.69,"x_offset_m":-135,"y_offset_m":15,"source":"NCB_PFM","nearest_asset_distance_m":196,"consequence_weight":1.82,"idw_subsidence_mm":10.06,"risk_score":0.562,"risk_level":"Medium"},"geometry":{"type":"Point","coordinates":[86.429075,23.764535]}},{"type":"Feature","properties":{"subsidence_mm":73.41,"tilt_deg":0.23334,"strain_ue":203.69,"x_offset_m":-135,"y_offset_m":30,"source":"NCB_PFM","nearest_asset_distance_m":184,"consequence_weight":1.9,"idw_subsidence_mm":10.06,"risk_score":0.568,"risk_level":"Medium"},"geometry":{"type":"Point","coordinates":[86.429075,23.764669]}},{"type":"Feature","properties":{"subsidence_mm":73.41,"tilt_deg":0.23334,"strain_ue":203.69,"x_offset_m":-135,"y_offset_m":45,"source":"NCB_PFM","nearest_asset_distance_m":172,"consequence_weight":1.97,"idw_subsidence_mm":10.06,"risk_score":0.573,"risk_level":"Medium"},"geometry":{"type":"Point","coordinates":[86.429075,23.764804]}},{"type":"Feature","properties":{"subsidence_mm":73.41,"tilt_deg":0.23334,"strain_ue":203.69,"x_offset_m":-135,"y_offset_m":60,"source":"NCB_PFM","nearest_asset_distance_m":161,"consequence_weight":2.03,"idw_subsidence_mm":10.06,"risk_score":0.577,"risk_level":"Medium"},"geometry":{"type":"Point","coordinates":[86.429075,23.764939]}},{"type":"Feature","properties":{"subsidence_mm":73.41,"tilt_deg":0.23334,"strain_ue":203.69,"x_offset_m":-135,"y_offset_m":75,"source":"NCB_PFM","nearest_asset_distance_m":150,"consequence_weight":2.1,"idw_subsidence_mm":10.06,"risk_score":0.582,"risk_level":"Medium"},"geometry":{"type":"Point","coordinates":[86.429075,23.765074]}},{"type":"Feature","properties":{"subsidence_mm":73.41,"tilt_deg":0.23334,"strain_ue":203.69,"x_offset_m":-135,"y_offset_m":90,"source":"NCB_PFM","nearest_asset_distance_m":140,"consequence_weight":2.16,"idw_subsidence_mm":10.06,"risk_score":0.586,"risk_level":"Medium"},"geometry":{"type":"Point","coordinates":[86.429075,23.765208]}},{"type":"Feature","properties":{"subsidence_mm":73.41,"tilt_deg":0.23334,"strain_ue":203.69,"x_offset_m":-135,"y_offset_m":105,"source":"NCB_PFM","nearest_asset_distance_m":132,"consequence_weight":2.21,"idw_subsidence_mm":10.06,"risk_score":0.59,"risk_level":"Medium"},"geometry":{"type":"Point","coordinates":[86.429075,23.765343]}},{"type":"Feature","properties":{"subsidence_mm":73.41,"tilt_deg":0.23334,"strain_ue":203.69,"x_offset_m":-135,"y_offset_m":120,"source":"NCB_PFM","nearest_asset_distance_m":124,"consequence_weight":2.26,"idw_subsidence_mm":10.06,"risk_score":0.593,"risk_level":"Medium"},"geometry":{"type":"Point","coordinates":[86.429075,23.765478]}},{"type":"Feature","properties":{"subsidence_mm":73.41,"tilt_deg":0.23334,"strain_ue":203.69,"x_offset_m":-135,"y_offset_m":135,"source":"NCB_PFM","nearest_asset_distance_m":118,"consequence_weight":2.29,"idw_subsidence_mm":10.06,"risk_score":0.595,"risk_level":"Medium"},"geometry":{"type":"Point","coordinates":[86.429075,23.765613]}},{"type":"Feature","properties":{"subsidence_mm":73.41,"tilt_deg":0.23334,"strain_ue":203.69,"x_offset_m":-135,"y_offset_m":150,"source":"NCB_PFM","nearest_asset_distance_m":113,"consequence_weight":2.32,"idw_subsidence_mm":10.06,"risk_score":0.597,"risk_level":"Medium"},"geometry":{"type":"Point","coordinates":[86.429075,23.765747]}},{"type":"Feature","properties":{"subsidence_mm":73.41,"tilt_deg":0.23334,"strain_ue":203.69,"x_offset_m":-135,"y_offset_m":165,"source":"NCB_PFM","nearest_asset_distance_m":110,"consequence_weight":2.34,"idw_subsidence_mm":10.06,"risk_score":0.599,"risk_level":"Medium"},"geometry":{"type":"Point","coordinates":[86.429075,23.765882]}},{"type":"Feature","properties":{"subsidence_mm":73.41,"tilt_deg":0.23334,"strain_ue":203.69,"x_offset_m":-135,"y_offset_m":180,"source":"NCB_PFM","nearest_asset_distance_m":109,"consequence_weight":2.34,"idw_subsidence_mm":10.06,"risk_score":0.599,"risk_level":"Medium"},"geometry":{"type":"Point","coordinates":[86.429075,23.766017]}},{"type":"Feature","properties":{"subsidence_mm":73.41,"tilt_deg":0.23334,"strain_ue":203.69,"x_offset_m":-135,"y_offset_m":195,"source":"NCB_PFM","nearest_asset_distance_m":111,"consequence_weight":2.34,"idw_subsidence_mm":10.06,"risk_score":0.599,"risk_level":"Medium"},"geometry":{"type":"Point","coordinates":[86.429075,23.766152]}},{"type":"Feature","properties":{"subsidence_mm":73.41,"tilt_deg":0.23334,"strain_ue":203.69,"x_offset_m":-135,"y_offset_m":210,"source":"NCB_PFM","nearest_asset_distance_m":114,"consequence_weight":2.32,"idw_subsidence_mm":10.06,"risk_score":0.597,"risk_level":"Medium"},"geometry":{"type":"Point","coordinates":[86.429075,23.766286]}},{"type":"Feature","properties":{"subsidence_mm":73.41,"tilt_deg":0.23334,"strain_ue":203.69,"x_offset_m":-135,"y_offset_m":225,"source":"NCB_PFM","nearest_asset_distance_m":119,"consequence_weight":2.29,"idw_subsidence_mm":10.06,"risk_score":0.595,"risk_level":"Medium"},"geometry":{"type":"Point","coordinates":[86.429075,23.766421]}},{"type":"Feature","properties":{"subsidence_mm":73.41,"tilt_deg":0.23334,"strain_ue":203.69,"x_offset_m":-135,"y_offset_m":240,"source":"NCB_PFM","nearest_asset_distance_m":126,"consequence_weight":2.25,"idw_subsidence_mm":10.06,"risk_score":0.592,"risk_level":"Medium"},"geometry":{"type":"Point","coordinates":[86.429075,23.766556]}},{"type":"Feature","properties":{"subsidence_mm":73.41,"tilt_deg":0.23334,"strain_ue":203.69,"x_offset_m":-135,"y_offset_m":255,"source":"NCB_PFM","nearest_asset_distance_m":134,"consequence_weight":2.2,"idw_subsidence_mm":10.06,"risk_score":0.589,"risk_level":"Medium"},"geometry":{"type":"Point","coordinates":[86.429075,23.766691]}},{"type":"Feature","properties":{"subsidence_mm":73.41,"tilt_deg":0.23334,"strain_ue":203.69,"x_offset_m":-135,"y_offset_m":270,"source":"NCB_PFM","nearest_asset_distance_m":143,"consequence_weight":2.14,"idw_subsidence_mm":5.03,"risk_score":0.417,"risk_level":"Medium"},"geometry":{"type":"Point","coordinates":[86.429075,23.766825]}},{"type":"Feature","properties":{"subsidence_mm":73.41,"tilt_deg":0.23334,"strain_ue":203.69,"x_offset_m":-135,"y_offset_m":285,"source":"NCB_PFM","nearest_asset_distance_m":153,"consequence_weight":2.08,"idw_subsidence_mm":5.03,"risk_score":0.413,"risk_level":"Medium"},"geometry":{"type":"Point","coordinates":[86.429075,23.76696]}},{"type":"Feature","properties":{"subsidence_mm":73.41,"tilt_deg":0.23334,"strain_ue":203.69,"x_offset_m":-135,"y_offset_m":300,"source":"NCB_PFM","nearest_asset_distance_m":164,"consequence_weight":2.02,"idw_subsidence_mm":5.03,"risk_score":0.409,"risk_level":"Medium"},"geometry":{"type":"Point","coordinates":[86.429075,23.767095]}},{"type":"Feature","properties":{"subsidence_mm":155.89,"tilt_deg":0.46109,"strain_ue":336.6,"x_offset_m":-120,"y_offset_m":-300,"source":"NCB_PFM","nearest_asset_distance_m":409,"consequence_weight":0.55,"idw_subsidence_mm":8.39,"risk_score":0.571,"risk_level":"Medium"},"geometry":{"type":"Point","coordinates":[86.429222,23.761705]}},{"type":"Feature","properties":{"subsidence_mm":155.89,"tilt_deg":0.46109,"strain_ue":336.6,"x_offset_m":-120,"y_offset_m":-285,"source":"NCB_PFM","nearest_asset_distance_m":395,"consequence_weight":0.63,"idw_subsidence_mm":8.39,"risk_score":0.576,"risk_level":"Medium"},"geometry":{"type":"Point","coordinates":[86.429222,23.76184]}},{"type":"Feature","properties":{"subsidence_mm":155.89,"tilt_deg":0.46109,"strain_ue":336.6,"x_offset_m":-120,"y_offset_m":-270,"source":"NCB_PFM","nearest_asset_distance_m":382,"consequence_weight":0.71,"idw_subsidence_mm":8.39,"risk_score":0.582,"risk_level":"Medium"},"geometry":{"type":"Point","coordinates":[86.429222,23.761975]}},{"type":"Feature","properties":{"subsidence_mm":155.89,"tilt_deg":0.46109,"strain_ue":336.6,"x_offset_m":-120,"y_offset_m":-255,"source":"NCB_PFM","nearest_asset_distance_m":369,"consequence_weight":0.79,"idw_subsidence_mm":8.39,"risk_score":0.588,"risk_level":"Medium"},"geometry":{"type":"Point","coordinates":[86.429222,23.762109]}},{"type":"Feature","properties":{"subsidence_mm":155.89,"tilt_deg":0.46109,"strain_ue":336.6,"x_offset_m":-120,"y_offset_m":-240,"source":"NCB_PFM","nearest_asset_distance_m":356,"consequence_weight":0.86,"idw_subsidence_mm":8.39,"risk_score":0.592,"risk_level":"Medium"},"geometry":{"type":"Point","coordinates":[86.429222,23.762244]}},{"type":"Feature","properties":{"subsidence_mm":155.89,"tilt_deg":0.46109,"strain_ue":336.6,"x_offset_m":-120,"y_offset_m":-225,"source":"NCB_PFM","nearest_asset_distance_m":343,"consequence_weight":0.94,"idw_subsidence_mm":8.39,"risk_score":0.598,"risk_level":"Medium"},"geometry":{"type":"Point","coordinates":[86.429222,23.762379]}},{"type":"Feature","properties":{"subsidence_mm":155.89,"tilt_deg":0.46109,"strain_ue":336.6,"x_offset_m":-120,"y_offset_m":-210,"source":"NCB_PFM","nearest_asset_distance_m":330,"consequence_weight":1.02,"idw_subsidence_mm":8.39,"risk_score":0.604,"risk_level":"High"},"geometry":{"type":"Point","coordinates":[86.429222,23.762514]}},{"type":"Feature","properties":{"subsidence_mm":155.89,"tilt_deg":0.46109,"strain_ue":336.6,"x_offset_m":-120,"y_offset_m":-195,"source":"NCB_PFM","nearest_asset_distance_m":318,"consequence_weight":1.09,"idw_subsidence_mm":8.39,"risk_score":0.609,"risk_level":"High"},"geometry":{"type":"Point","coordinates":[86.429222,23.762648]}},{"type":"Feature","properties":{"subsidence_mm":155.89,"tilt_deg":0.46109,"strain_ue":336.6,"x_offset_m":-120,"y_offset_m":-180,"source":"NCB_PFM","nearest_asset_distance_m":306,"consequence_weight":1.17,"idw_subsidence_mm":8.39,"risk_score":0.614,"risk_level":"High"},"geometry":{"type":"Point","coordinates":[86.429222,23.762783]}},{"type":"Feature","properties":{"subsidence_mm":155.89,"tilt_deg":0.46109,"strain_ue":336.6,"x_offset_m":-120,"y_offset_m":-165,"source":"NCB_PFM","nearest_asset_distance_m":294,"consequence_weight":1.24,"idw_subsidence_mm":8.39,"risk_score":0.619,"risk_level":"High"},"geometry":{"type":"Point","coordinates":[86.429222,23.762918]}},{"type":"Feature","properties":{"subsidence_mm":155.89,"tilt_deg":0.46109,"strain_ue":336.6,"x_offset_m":-120,"y_offset_m":-150,"source":"NCB_PFM","nearest_asset_distance_m":282,"consequence_weight":1.31,"idw_subsidence_mm":8.39,"risk_score":0.624,"risk_level":"High"},"geometry":{"type":"Point","coordinates":[86.429222,23.763053]}},{"type":"Feature","properties":{"subsidence_mm":155.89,"tilt_deg":0.46109,"strain_ue":336.6,"x_offset_m":-120,"y_offset_m":-135,"source":"NCB_PFM","nearest_asset_distance_m":271,"consequence_weight":1.37,"idw_subsidence_mm":8.39,"risk_score":0.628,"risk_level":"High"},"geometry":{"type":"Point","coordinates":[86.429222,23.763187]}},{"type":"Feature","properties":{"subsidence_mm":155.89,"tilt_deg":0.46109,"strain_ue":336.6,"x_offset_m":-120,"y_offset_m":-120,"source":"NCB_PFM","nearest_asset_distance_m":260,"consequence_weight":1.44,"idw_subsidence_mm":8.39,"risk_score":0.633,"risk_level":"High"},"geometry":{"type":"Point","coordinates":[86.429222,23.763322]}},{"type":"Feature","properties":{"subsidence_mm":155.89,"tilt_deg":0.46109,"strain_ue":336.6,"x_offset_m":-120,"y_offset_m":-105,"source":"NCB_PFM","nearest_asset_distance_m":249,"consequence_weight":1.5,"idw_subsidence_mm":8.39,"risk_score":0.637,"risk_level":"High"},"geometry":{"type":"Point","coordinates":[86.429222,23.763457]}},{"type":"Feature","properties":{"subsidence_mm":155.89,"tilt_deg":0.46109,"strain_ue":336.6,"x_offset_m":-120,"y_offset_m":-90,"source":"NCB_PFM","nearest_asset_distance_m":239,"consequence_weight":1.56,"idw_subsidence_mm":8.39,"risk_score":0.642,"risk_level":"High"},"geometry":{"type":"Point","coordinates":[86.429222,23.763592]}},{"type":"Feature","properties":{"subsidence_mm":155.89,"tilt_deg":0.46109,"strain_ue":336.6,"x_offset_m":-120,"y_offset_m":-75,"source":"NCB_PFM","nearest_asset_distance_m":230,"consequence_weight":1.62,"idw_subsidence_mm":8.39,"risk_score":0.646,"risk_level":"High"},"geometry":{"type":"Point","coordinates":[86.429222,23.763726]}},{"type":"Feature","properties":{"subsidence_mm":155.89,"tilt_deg":0.46109,"strain_ue":336.6,"x_offset_m":-120,"y_offset_m":-60,"source":"NCB_PFM","nearest_asset_distance_m":221,"consequence_weight":1.67,"idw_subsidence_mm":8.39,"risk_score":0.649,"risk_level":"High"},"geometry":{"type":"Point","coordinates":[86.429222,23.763861]}},{"type":"Feature","properties":{"subsidence_mm":155.89,"tilt_deg":0.46109,"strain_ue":336.6,"x_offset_m":-120,"y_offset_m":-45,"source":"NCB_PFM","nearest_asset_distance_m":213,"consequence_weight":1.72,"idw_subsidence_mm":8.39,"risk_score":0.653,"risk_level":"High"},"geometry":{"type":"Point","coordinates":[86.429222,23.763996]}},{"type":"Feature","properties":{"subsidence_mm":155.89,"tilt_deg":0.46109,"strain_ue":336.6,"x_offset_m":-120,"y_offset_m":-30,"source":"NCB_PFM","nearest_asset_distance_m":205,"consequence_weight":1.77,"idw_subsidence_mm":10.06,"risk_score":0.712,"risk_level":"High"},"geometry":{"type":"Point","coordinates":[86.429222,23.764131]}},{"type":"Feature","properties":{"subsidence_mm":155.89,"tilt_deg":0.46109,"strain_ue":336.6,"x_offset_m":-120,"y_offset_m":-15,"source":"NCB_PFM","nearest_asset_distance_m":199,"consequence_weight":1.81,"idw_subsidence_mm":10.06,"risk_score":0.715,"risk_level":"High"},"geometry":{"type":"Point","coordinates":[86.429222,23.764265]}},{"type":"Feature","properties":{"subsidence_mm":155.89,"tilt_deg":0.46109,"strain_ue":336.6,"x_offset_m":-120,"y_offset_m":0,"source":"NCB_PFM","nearest_asset_distance_m":193,"consequence_weight":1.84,"idw_subsidence_mm":10.06,"risk_score":0.717,"risk_level":"High"},"geometry":{"type":"Point","coordinates":[86.429222,23.7644]}},{"type":"Feature","properties":{"subsidence_mm":155.89,"tilt_deg":0.46109,"strain_ue":336.6,"x_offset_m":-120,"y_offset_m":15,"source":"NCB_PFM","nearest_asset_distance_m":188,"consequence_weight":1.87,"idw_subsidence_mm":10.06,"risk_score":0.719,"risk_level":"High"},"geometry":{"type":"Point","coordinates":[86.429222,23.764535]}},{"type":"Feature","properties":{"subsidence_mm":155.89,"tilt_deg":0.46109,"strain_ue":336.6,"x_offset_m":-120,"y_offset_m":30,"source":"NCB_PFM","nearest_asset_distance_m":185,"consequence_weight":1.89,"idw_subsidence_mm":10.06,"risk_score":0.72,"risk_level":"High"},"geometry":{"type":"Point","coordinates":[86.429222,23.764669]}},{"type":"Feature","properties":{"subsidence_mm":155.89,"tilt_deg":0.46109,"strain_ue":336.6,"x_offset_m":-120,"y_offset_m":45,"source":"NCB_PFM","nearest_asset_distance_m":182,"consequence_weight":1.91,"idw_subsidence_mm":10.06,"risk_score":0.722,"risk_level":"High"},"geometry":{"type":"Point","coordinates":[86.429222,23.764804]}},{"type":"Feature","properties":{"subsidence_mm":155.89,"tilt_deg":0.46109,"strain_ue":336.6,"x_offset_m":-120,"y_offset_m":60,"source":"NCB_PFM","nearest_asset_distance_m":171,"consequence_weight":1.97,"idw_subsidence_mm":10.06,"risk_score":0.726,"risk_level":"High"},"geometry":{"type":"Point","coordinates":[86.429222,23.764939]}},{"type":"Feature","properties":{"subsidence_mm":155.89,"tilt_deg":0.46109,"strain_ue":336.6,"x_offset_m":-120,"y_offset_m":75,"source":"NCB_PFM","nearest_asset_distance_m":161,"consequence_weight":2.03,"idw_subsidence_mm":10.06,"risk_score":0.73,"risk_level":"High"},"geometry":{"type":"Point","coordinates":[86.429222,23.765074]}},{"type":"Feature","properties":{"subsidence_mm":155.89,"tilt_deg":0.46109,"strain_ue":336.6,"x_offset_m":-120,"y_offset_m":90,"source":"NCB_PFM","nearest_asset_distance_m":152,"consequence_weight":2.09,"idw_subsidence_mm":10.06,"risk_score":0.734,"risk_level":"High"},"geometry":{"type":"Point","coordinates":[86.429222,23.765208]}},{"type":"Feature","properties":{"subsidence_mm":155.89,"tilt_deg":0.46109,"strain_ue":336.6,"x_offset_m":-120,"y_offset_m":105,"source":"NCB_PFM","nearest_asset_distance_m":144,"consequence_weight":2.13,"idw_subsidence_mm":10.06,"risk_score":0.737,"risk_level":"High"},"geometry":{"type":"Point","coordinates":[86.429222,23.765343]}},{"type":"Feature","properties":{"subsidence_mm":155.89,"tilt_deg":0.46109,"strain_ue":336.6,"x_offset_m":-120,"y_offset_m":120,"source":"NCB_PFM","nearest_asset_distance_m":137,"consequence_weight":2.18,"idw_subsidence_mm":10.06,"risk_score":0.741,"risk_level":"High"},"geometry":{"type":"Point","coordinates":[86.429222,23.765478]}},{"type":"Feature","properties":{"subsidence_mm":155.89,"tilt_deg":0.46109,"strain_ue":336.6,"x_offset_m":-120,"y_offset_m":135,"source":"NCB_PFM","nearest_asset_distance_m":132,"consequence_weight":2.21,"idw_subsidence_mm":10.06,"risk_score":0.743,"risk_level":"High"},"geometry":{"type":"Point","coordinates":[86.429222,23.765613]}},{"type":"Feature","properties":{"subsidence_mm":155.89,"tilt_deg":0.46109,"strain_ue":336.6,"x_offset_m":-120,"y_offset_m":150,"source":"NCB_PFM","nearest_asset_distance_m":128,"consequence_weight":2.23,"idw_subsidence_mm":10.06,"risk_score":0.744,"risk_level":"High"},"geometry":{"type":"Point","coordinates":[86.429222,23.765747]}},{"type":"Feature","properties":{"subsidence_mm":155.89,"tilt_deg":0.46109,"strain_ue":336.6,"x_offset_m":-120,"y_offset_m":165,"source":"NCB_PFM","nearest_asset_distance_m":125,"consequence_weight":2.25,"idw_subsidence_mm":10.06,"risk_score":0.746,"risk_level":"High"},"geometry":{"type":"Point","coordinates":[86.429222,23.765882]}},{"type":"Feature","properties":{"subsidence_mm":155.89,"tilt_deg":0.46109,"strain_ue":336.6,"x_offset_m":-120,"y_offset_m":180,"source":"NCB_PFM","nearest_asset_distance_m":124,"consequence_weight":2.25,"idw_subsidence_mm":10.06,"risk_score":0.746,"risk_level":"High"},"geometry":{"type":"Point","coordinates":[86.429222,23.766017]}},{"type":"Feature","properties":{"subsidence_mm":155.89,"tilt_deg":0.46109,"strain_ue":336.6,"x_offset_m":-120,"y_offset_m":195,"source":"NCB_PFM","nearest_asset_distance_m":126,"consequence_weight":2.25,"idw_subsidence_mm":10.06,"risk_score":0.746,"risk_level":"High"},"geometry":{"type":"Point","coordinates":[86.429222,23.766152]}},{"type":"Feature","properties":{"subsidence_mm":155.89,"tilt_deg":0.46109,"strain_ue":336.6,"x_offset_m":-120,"y_offset_m":210,"source":"NCB_PFM","nearest_asset_distance_m":128,"consequence_weight":2.23,"idw_subsidence_mm":10.06,"risk_score":0.744,"risk_level":"High"},"geometry":{"type":"Point","coordinates":[86.429222,23.766286]}},{"type":"Feature","properties":{"subsidence_mm":155.89,"tilt_deg":0.46109,"strain_ue":336.6,"x_offset_m":-120,"y_offset_m":225,"source":"NCB_PFM","nearest_asset_distance_m":133,"consequence_weight":2.2,"idw_subsidence_mm":10.06,"risk_score":0.742,"risk_level":"High"},"geometry":{"type":"Point","coordinates":[86.429222,23.766421]}},{"type":"Feature","properties":{"subsidence_mm":155.89,"tilt_deg":0.46109,"strain_ue":336.6,"x_offset_m":-120,"y_offset_m":240,"source":"NCB_PFM","nearest_asset_distance_m":139,"consequence_weight":2.17,"idw_subsidence_mm":10.06,"risk_score":0.74,"risk_level":"High"},"geometry":{"type":"Point","coordinates":[86.429222,23.766556]}},{"type":"Feature","properties":{"subsidence_mm":155.89,"tilt_deg":0.46109,"strain_ue":336.6,"x_offset_m":-120,"y_offset_m":255,"source":"NCB_PFM","nearest_asset_distance_m":146,"consequence_weight":2.12,"idw_subsidence_mm":10.06,"risk_score":0.736,"risk_level":"High"},"geometry":{"type":"Point","coordinates":[86.429222,23.766691]}},{"type":"Feature","properties":{"subsidence_mm":155.89,"tilt_deg":0.46109,"strain_ue":336.6,"x_offset_m":-120,"y_offset_m":270,"source":"NCB_PFM","nearest_asset_distance_m":155,"consequence_weight":2.07,"idw_subsidence_mm":5.03,"risk_score":0.565,"risk_level":"Medium"},"geometry":{"type":"Point","coordinates":[86.429222,23.766825]}},{"type":"Feature","properties":{"subsidence_mm":155.89,"tilt_deg":0.46109,"strain_ue":336.6,"x_offset_m":-120,"y_offset_m":285,"source":"NCB_PFM","nearest_asset_distance_m":164,"consequence_weight":2.02,"idw_subsidence_mm":5.03,"risk_score":0.562,"risk_level":"Medium"},"geometry":{"type":"Point","coordinates":[86.429222,23.76696]}},{"type":"Feature","properties":{"subsidence_mm":155.89,"tilt_deg":0.46109,"strain_ue":336.6,"x_offset_m":-120,"y_offset_m":300,"source":"NCB_PFM","nearest_asset_distance_m":174,"consequence_weight":1.96,"idw_subsidence_mm":5.03,"risk_score":0.558,"risk_level":"Medium"},"geometry":{"type":"Point","coordinates":[86.429222,23.767095]}},{"type":"Feature","properties":{"subsidence_mm":314.84,"tilt_deg":0.81193,"strain_ue":422.89,"x_offset_m":-105,"y_offset_m":-300,"source":"NCB_PFM","nearest_asset_distance_m":397,"consequence_weight":0.41,"idw_subsidence_mm":8.39,"risk_score":0.66,"risk_level":"High"},"geometry":{"type":"Point","coordinates":[86.429369,23.761705]}},{"type":"Feature","properties":{"subsidence_mm":314.84,"tilt_deg":0.81193,"strain_ue":422.89,"x_offset_m":-105,"y_offset_m":-285,"source":"NCB_PFM","nearest_asset_distance_m":389,"consequence_weight":0.67,"idw_subsidence_mm":8.39,"risk_score":0.679,"risk_level":"High"},"geometry":{"type":"Point","coordinates":[86.429369,23.76184]}},{"type":"Feature","properties":{"subsidence_mm":314.84,"tilt_deg":0.81193,"strain_ue":422.89,"x_offset_m":-105,"y_offset_m":-270,"source":"NCB_PFM","nearest_asset_distance_m":375,"consequence_weight":0.75,"idw_subsidence_mm":8.39,"risk_score":0.684,"risk_level":"High"},"geometry":{"type":"Point","coordinates":[86.429369,23.761975]}},{"type":"Feature","properties":{"subsidence_mm":314.84,"tilt_deg":0.81193,"strain_ue":422.89,"x_offset_m":-105,"y_offset_m":-255,"source":"NCB_PFM","nearest_asset_distance_m":362,"consequence_weight":0.83,"idw_subsidence_mm":8.39,"risk_score":0.69,"risk_level":"High"},"geometry":{"type":"Point","coordinates":[86.429369,23.762109]}},{"type":"Feature","properties":{"subsidence_mm":314.84,"tilt_deg":0.81193,"strain_ue":422.89,"x_offset_m":-105,"y_offset_m":-240,"source":"NCB_PFM","nearest_asset_distance_m":349,"consequence_weight":0.91,"idw_subsidence_mm":8.39,"risk_score":0.695,"risk_level":"High"},"geometry":{"type":"Point","coordinates":[86.429369,23.762244]}},{"type":"Feature","properties":{"subsidence_mm":314.84,"tilt_deg":0.81193,"strain_ue":422.89,"x_offset_m":-105,"y_offset_m":-225,"source":"NCB_PFM","nearest_asset_distance_m":335,"consequence_weight":0.99,"idw_subsidence_mm":8.39,"risk_score":0.701,"risk_level":"High"},"geometry":{"type":"Point","coordinates":[86.429369,23.762379]}},{"type":"Feature","properties":{"subsidence_mm":314.84,"tilt_deg":0.81193,"strain_ue":422.89,"x_offset_m":-105,"y_offset_m":-210,"source":"NCB_PFM","nearest_asset_distance_m":322,"consequence_weight":1.07,"idw_subsidence_mm":8.39,"risk_score":0.707,"risk_level":"High"},"geometry":{"type":"Point","coordinates":[86.429369,23.762514]}},{"type":"Feature","properties":{"subsidence_mm":314.84,"tilt_deg":0.81193,"strain_ue":422.89,"x_offset_m":-105,"y_offset_m":-195,"source":"NCB_PFM","nearest_asset_distance_m":310,"consequence_weight":1.14,"idw_subsidence_mm":8.39,"risk_score":0.712,"risk_level":"High"},"geometry":{"type":"Point","coordinates":[86.429369,23.762648]}},{"type":"Feature","properties":{"subsidence_mm":314.84,"tilt_deg":0.81193,"strain_ue":422.89,"x_offset_m":-105,"y_offset_m":-180,"source":"NCB_PFM","nearest_asset_distance_m":297,"consequence_weight":1.22,"idw_subsidence_mm":8.39,"risk_score":0.717,"risk_level":"High"},"geometry":{"type":"Point","coordinates":[86.429369,23.762783]}},{"type":"Feature","properties":{"subsidence_mm":314.84,"tilt_deg":0.81193,"strain_ue":422.89,"x_offset_m":-105,"y_offset_m":-165,"source":"NCB_PFM","nearest_asset_distance_m":285,"consequence_weight":1.29,"idw_subsidence_mm":8.39,"risk_score":0.722,"risk_level":"High"},"geometry":{"type":"Point","coordinates":[86.429369,23.762918]}},{"type":"Feature","properties":{"subsidence_mm":314.84,"tilt_deg":0.81193,"strain_ue":422.89,"x_offset_m":-105,"y_offset_m":-150,"source":"NCB_PFM","nearest_asset_distance_m":273,"consequence_weight":1.36,"idw_subsidence_mm":8.39,"risk_score":0.727,"risk_level":"High"},"geometry":{"type":"Point","coordinates":[86.429369,23.763053]}},{"type":"Feature","properties":{"subsidence_mm":314.84,"tilt_deg":0.81193,"strain_ue":422.89,"x_offset_m":-105,"y_offset_m":-135,"source":"NCB_PFM","nearest_asset_distance_m":261,"consequence_weight":1.43,"idw_subsidence_mm":8.39,"risk_score":0.732,"risk_level":"High"},"geometry":{"type":"Point","coordinates":[86.429369,23.763187]}},{"type":"Feature","properties":{"subsidence_mm":314.84,"tilt_deg":0.81193,"strain_ue":422.89,"x_offset_m":-105,"y_offset_m":-120,"source":"NCB_PFM","nearest_asset_distance_m":250,"consequence_weight":1.5,"idw_subsidence_mm":8.39,"risk_score":0.737,"risk_level":"High"},"geometry":{"type":"Point","coordinates":[86.429369,23.763322]}},{"type":"Feature","properties":{"subsidence_mm":314.84,"tilt_deg":0.81193,"strain_ue":422.89,"x_offset_m":-105,"y_offset_m":-105,"source":"NCB_PFM","nearest_asset_distance_m":239,"consequence_weight":1.57,"idw_subsidence_mm":8.39,"risk_score":0.742,"risk_level":"High"},"geometry":{"type":"Point","coordinates":[86.429369,23.763457]}},{"type":"Feature","properties":{"subsidence_mm":314.84,"tilt_deg":0.81193,"strain_ue":422.89,"x_offset_m":-105,"y_offset_m":-90,"source":"NCB_PFM","nearest_asset_distance_m":228,"consequence_weight":1.63,"idw_subsidence_mm":8.39,"risk_score":0.746,"risk_level":"High"},"geometry":{"type":"Point","coordinates":[86.429369,23.763592]}},{"type":"Feature","properties":{"subsidence_mm":314.84,"tilt_deg":0.81193,"strain_ue":422.89,"x_offset_m":-105,"y_offset_m":-75,"source":"NCB_PFM","nearest_asset_distance_m":218,"consequence_weight":1.69,"idw_subsidence_mm":8.39,"risk_score":0.75,"risk_level":"High"},"geometry":{"type":"Point","coordinates":[86.429369,23.763726]}},{"type":"Feature","properties":{"subsidence_mm":314.84,"tilt_deg":0.81193,"strain_ue":422.89,"x_offset_m":-105,"y_offset_m":-60,"source":"NCB_PFM","nearest_asset_distance_m":209,"consequence_weight":1.75,"idw_subsidence_mm":8.39,"risk_score":0.754,"risk_level":"High"},"geometry":{"type":"Point","coordinates":[86.429369,23.763861]}},{"type":"Feature","properties":{"subsidence_mm":314.84,"tilt_deg":0.81193,"strain_ue":422.89,"x_offset_m":-105,"y_offset_m":-45,"source":"NCB_PFM","nearest_asset_distance_m":200,"consequence_weight":1.8,"idw_subsidence_mm":8.39,"risk_score":0.758,"risk_level":"High"},"geometry":{"type":"Point","coordinates":[86.429369,23.763996]}},{"type":"Feature","properties":{"subsidence_mm":314.84,"tilt_deg":0.81193,"strain_ue":422.89,"x_offset_m":-105,"y_offset_m":-30,"source":"NCB_PFM","nearest_asset_distance_m":192,"consequence_weight":1.85,"idw_subsidence_mm":10.06,"risk_score":0.817,"risk_level":"High"},"geometry":{"type":"Point","coordinates":[86.429369,23.764131]}},{"type":"Feature","properties":{"subsidence_mm":314.84,"tilt_deg":0.81193,"strain_ue":422.89,"x_offset_m":-105,"y_offset_m":-15,"source":"NCB_PFM","nearest_asset_distance_m":185,"consequence_weight":1.89,"idw_subsidence_mm":10.06,"risk_score":0.82,"risk_level":"High"},"geometry":{"type":"Point","coordinates":[86.429369,23.764265]}},{"type":"Feature","properties":{"subsidence_mm":314.84,"tilt_deg":0.81193,"strain_ue":422.89,"x_offset_m":-105,"y_offset_m":0,"source":"NCB_PFM","nearest_asset_distance_m":179,"consequence_weight":1.93,"idw_subsidence_mm":10.06,"risk_score":0.822,"risk_level":"High"},"geometry":{"type":"Point","coordinates":[86.429369,23.7644]}},{"type":"Feature","properties":{"subsidence_mm":314.84,"tilt_deg":0.81193,"strain_ue":422.89,"x_offset_m":-105,"y_offset_m":15,"source":"NCB_PFM","nearest_asset_distance_m":174,"consequence_weight":1.96,"idw_subsidence_mm":10.06,"risk_score":0.825,"risk_level":"High"},"geometry":{"type":"Point","coordinates":[86.429369,23.764535]}},{"type":"Feature","properties":{"subsidence_mm":314.84,"tilt_deg":0.81193,"strain_ue":422.89,"x_offset_m":-105,"y_offset_m":30,"source":"NCB_PFM","nearest_asset_distance_m":170,"consequence_weight":1.98,"idw_subsidence_mm":10.06,"risk_score":0.826,"risk_level":"High"},"geometry":{"type":"Point","coordinates":[86.429369,23.764669]}},{"type":"Feature","properties":{"subsidence_mm":314.84,"tilt_deg":0.81193,"strain_ue":422.89,"x_offset_m":-105,"y_offset_m":45,"source":"NCB_PFM","nearest_asset_distance_m":167,"consequence_weight":2,"idw_subsidence_mm":10.06,"risk_score":0.827,"risk_level":"High"},"geometry":{"type":"Point","coordinates":[86.429369,23.764804]}},{"type":"Feature","properties":{"subsidence_mm":314.84,"tilt_deg":0.81193,"strain_ue":422.89,"x_offset_m":-105,"y_offset_m":60,"source":"NCB_PFM","nearest_asset_distance_m":166,"consequence_weight":2,"idw_subsidence_mm":10.06,"risk_score":0.827,"risk_level":"High"},"geometry":{"type":"Point","coordinates":[86.429369,23.764939]}},{"type":"Feature","properties":{"subsidence_mm":314.84,"tilt_deg":0.81193,"strain_ue":422.89,"x_offset_m":-105,"y_offset_m":75,"source":"NCB_PFM","nearest_asset_distance_m":166,"consequence_weight":2,"idw_subsidence_mm":10.06,"risk_score":0.827,"risk_level":"High"},"geometry":{"type":"Point","coordinates":[86.429369,23.765074]}},{"type":"Feature","properties":{"subsidence_mm":314.84,"tilt_deg":0.81193,"strain_ue":422.89,"x_offset_m":-105,"y_offset_m":90,"source":"NCB_PFM","nearest_asset_distance_m":165,"consequence_weight":2.01,"idw_subsidence_mm":10.06,"risk_score":0.828,"risk_level":"High"},"geometry":{"type":"Point","coordinates":[86.429369,23.765208]}},{"type":"Feature","properties":{"subsidence_mm":314.84,"tilt_deg":0.81193,"strain_ue":422.89,"x_offset_m":-105,"y_offset_m":105,"source":"NCB_PFM","nearest_asset_distance_m":157,"consequence_weight":2.06,"idw_subsidence_mm":10.06,"risk_score":0.832,"risk_level":"High"},"geometry":{"type":"Point","coordinates":[86.429369,23.765343]}},{"type":"Feature","properties":{"subsidence_mm":314.84,"tilt_deg":0.81193,"strain_ue":422.89,"x_offset_m":-105,"y_offset_m":120,"source":"NCB_PFM","nearest_asset_distance_m":151,"consequence_weight":2.09,"idw_subsidence_mm":10.06,"risk_score":0.834,"risk_level":"High"},"geometry":{"type":"Point","coordinates":[86.429369,23.765478]}},{"type":"Feature","properties":{"subsidence_mm":314.84,"tilt_deg":0.81193,"strain_ue":422.89,"x_offset_m":-105,"y_offset_m":135,"source":"NCB_PFM","nearest_asset_distance_m":146,"consequence_weight":2.13,"idw_subsidence_mm":10.06,"risk_score":0.837,"risk_level":"High"},"geometry":{"type":"Point","coordinates":[86.429369,23.765613]}},{"type":"Feature","properties":{"subsidence_mm":314.84,"tilt_deg":0.81193,"strain_ue":422.89,"x_offset_m":-105,"y_offset_m":150,"source":"NCB_PFM","nearest_asset_distance_m":142,"consequence_weight":2.15,"idw_subsidence_mm":10.06,"risk_score":0.838,"risk_level":"High"},"geometry":{"type":"Point","coordinates":[86.429369,23.765747]}},{"type":"Feature","properties":{"subsidence_mm":314.84,"tilt_deg":0.81193,"strain_ue":422.89,"x_offset_m":-105,"y_offset_m":165,"source":"NCB_PFM","nearest_asset_distance_m":140,"consequence_weight":2.16,"idw_subsidence_mm":10.06,"risk_score":0.839,"risk_level":"High"},"geometry":{"type":"Point","coordinates":[86.429369,23.765882]}},{"type":"Feature","properties":{"subsidence_mm":314.84,"tilt_deg":0.81193,"strain_ue":422.89,"x_offset_m":-105,"y_offset_m":180,"source":"NCB_PFM","nearest_asset_distance_m":139,"consequence_weight":2.16,"idw_subsidence_mm":10.06,"risk_score":0.839,"risk_level":"High"},"geometry":{"type":"Point","coordinates":[86.429369,23.766017]}},{"type":"Feature","properties":{"subsidence_mm":314.84,"tilt_deg":0.81193,"strain_ue":422.89,"x_offset_m":-105,"y_offset_m":195,"source":"NCB_PFM","nearest_asset_distance_m":140,"consequence_weight":2.16,"idw_subsidence_mm":10.06,"risk_score":0.839,"risk_level":"High"},"geometry":{"type":"Point","coordinates":[86.429369,23.766152]}},{"type":"Feature","properties":{"subsidence_mm":314.84,"tilt_deg":0.81193,"strain_ue":422.89,"x_offset_m":-105,"y_offset_m":210,"source":"NCB_PFM","nearest_asset_distance_m":143,"consequence_weight":2.14,"idw_subsidence_mm":10.06,"risk_score":0.837,"risk_level":"High"},"geometry":{"type":"Point","coordinates":[86.429369,23.766286]}},{"type":"Feature","properties":{"subsidence_mm":314.84,"tilt_deg":0.81193,"strain_ue":422.89,"x_offset_m":-105,"y_offset_m":225,"source":"NCB_PFM","nearest_asset_distance_m":147,"consequence_weight":2.12,"idw_subsidence_mm":10.06,"risk_score":0.836,"risk_level":"High"},"geometry":{"type":"Point","coordinates":[86.429369,23.766421]}},{"type":"Feature","properties":{"subsidence_mm":314.84,"tilt_deg":0.81193,"strain_ue":422.89,"x_offset_m":-105,"y_offset_m":240,"source":"NCB_PFM","nearest_asset_distance_m":152,"consequence_weight":2.09,"idw_subsidence_mm":10.06,"risk_score":0.834,"risk_level":"High"},"geometry":{"type":"Point","coordinates":[86.429369,23.766556]}},{"type":"Feature","properties":{"subsidence_mm":314.84,"tilt_deg":0.81193,"strain_ue":422.89,"x_offset_m":-105,"y_offset_m":255,"source":"NCB_PFM","nearest_asset_distance_m":159,"consequence_weight":2.05,"idw_subsidence_mm":10.06,"risk_score":0.831,"risk_level":"High"},"geometry":{"type":"Point","coordinates":[86.429369,23.766691]}},{"type":"Feature","properties":{"subsidence_mm":314.84,"tilt_deg":0.81193,"strain_ue":422.89,"x_offset_m":-105,"y_offset_m":270,"source":"NCB_PFM","nearest_asset_distance_m":167,"consequence_weight":2,"idw_subsidence_mm":5.03,"risk_score":0.66,"risk_level":"High"},"geometry":{"type":"Point","coordinates":[86.429369,23.766825]}},{"type":"Feature","properties":{"subsidence_mm":314.84,"tilt_deg":0.81193,"strain_ue":422.89,"x_offset_m":-105,"y_offset_m":285,"source":"NCB_PFM","nearest_asset_distance_m":176,"consequence_weight":1.95,"idw_subsidence_mm":5.03,"risk_score":0.656,"risk_level":"High"},"geometry":{"type":"Point","coordinates":[86.429369,23.76696]}},{"type":"Feature","properties":{"subsidence_mm":314.84,"tilt_deg":0.81193,"strain_ue":422.89,"x_offset_m":-105,"y_offset_m":300,"source":"NCB_PFM","nearest_asset_distance_m":185,"consequence_weight":1.89,"idw_subsidence_mm":5.03,"risk_score":0.652,"risk_level":"High"},"geometry":{"type":"Point","coordinates":[86.429369,23.767095]}},{"type":"Feature","properties":{"subsidence_mm":581.02,"tilt_deg":1.18799,"strain_ue":317.96,"x_offset_m":-90,"y_offset_m":-300,"source":"NCB_PFM","nearest_asset_distance_m":383,"consequence_weight":0.47,"idw_subsidence_mm":8.39,"risk_score":0.544,"risk_level":"Medium"},"geometry":{"type":"Point","coordinates":[86.429517,23.761705]}},{"type":"Feature","properties":{"subsidence_mm":581.02,"tilt_deg":1.18799,"strain_ue":317.96,"x_offset_m":-90,"y_offset_m":-285,"source":"NCB_PFM","nearest_asset_distance_m":377,"consequence_weight":0.49,"idw_subsidence_mm":8.39,"risk_score":0.545,"risk_level":"Medium"},"geometry":{"type":"Point","coordinates":[86.429517,23.76184]}},{"type":"Feature","properties":{"subsidence_mm":581.02,"tilt_deg":1.18799,"strain_ue":317.96,"x_offset_m":-90,"y_offset_m":-270,"source":"NCB_PFM","nearest_asset_distance_m":369,"consequence_weight":0.79,"idw_subsidence_mm":8.39,"risk_score":0.566,"risk_level":"Medium"},"geometry":{"type":"Point","coordinates":[86.429517,23.761975]}},{"type":"Feature","properties":{"subsidence_mm":581.02,"tilt_deg":1.18799,"strain_ue":317.96,"x_offset_m":-90,"y_offset_m":-255,"source":"NCB_PFM","nearest_asset_distance_m":355,"consequence_weight":0.87,"idw_subsidence_mm":8.39,"risk_score":0.572,"risk_level":"Medium"},"geometry":{"type":"Point","coordinates":[86.429517,23.762109]}},{"type":"Feature","properties":{"subsidence_mm":581.02,"tilt_deg":1.18799,"strain_ue":317.96,"x_offset_m":-90,"y_offset_m":-240,"source":"NCB_PFM","nearest_asset_distance_m":342,"consequence_weight":0.95,"idw_subsidence_mm":8.39,"risk_score":0.577,"risk_level":"Medium"},"geometry":{"type":"Point","coordinates":[86.429517,23.762244]}},{"type":"Feature","properties":{"subsidence_mm":581.02,"tilt_deg":1.18799,"strain_ue":317.96,"x_offset_m":-90,"y_offset_m":-225,"source":"NCB_PFM","nearest_asset_distance_m":328,"consequence_weight":1.03,"idw_subsidence_mm":8.39,"risk_score":0.583,"risk_level":"Medium"},"geometry":{"type":"Point","coordinates":[86.429517,23.762379]}},{"type":"Feature","properties":{"subsidence_mm":581.02,"tilt_deg":1.18799,"strain_ue":317.96,"x_offset_m":-90,"y_offset_m":-210,"source":"NCB_PFM","nearest_asset_distance_m":315,"consequence_weight":1.11,"idw_subsidence_mm":8.39,"risk_score":0.589,"risk_level":"Medium"},"geometry":{"type":"Point","coordinates":[86.429517,23.762514]}},{"type":"Feature","properties":{"subsidence_mm":581.02,"tilt_deg":1.18799,"strain_ue":317.96,"x_offset_m":-90,"y_offset_m":-195,"source":"NCB_PFM","nearest_asset_distance_m":302,"consequence_weight":1.19,"idw_subsidence_mm":8.39,"risk_score":0.594,"risk_level":"Medium"},"geometry":{"type":"Point","coordinates":[86.429517,23.762648]}},{"type":"Feature","properties":{"subsidence_mm":581.02,"tilt_deg":1.18799,"strain_ue":317.96,"x_offset_m":-90,"y_offset_m":-180,"source":"NCB_PFM","nearest_asset_distance_m":289,"consequence_weight":1.27,"idw_subsidence_mm":8.39,"risk_score":0.6,"risk_level":"High"},"geometry":{"type":"Point","coordinates":[86.429517,23.762783]}},{"type":"Feature","properties":{"subsidence_mm":581.02,"tilt_deg":1.18799,"strain_ue":317.96,"x_offset_m":-90,"y_offset_m":-165,"source":"NCB_PFM","nearest_asset_distance_m":276,"consequence_weight":1.34,"idw_subsidence_mm":8.39,"risk_score":0.605,"risk_level":"High"},"geometry":{"type":"Point","coordinates":[86.429517,23.762918]}},{"type":"Feature","properties":{"subsidence_mm":581.02,"tilt_deg":1.18799,"strain_ue":317.96,"x_offset_m":-90,"y_offset_m":-150,"source":"NCB_PFM","nearest_asset_distance_m":264,"consequence_weight":1.42,"idw_subsidence_mm":8.39,"risk_score":0.61,"risk_level":"High"},"geometry":{"type":"Point","coordinates":[86.429517,23.763053]}},{"type":"Feature","properties":{"subsidence_mm":581.02,"tilt_deg":1.18799,"strain_ue":317.96,"x_offset_m":-90,"y_offset_m":-135,"source":"NCB_PFM","nearest_asset_distance_m":252,"consequence_weight":1.49,"idw_subsidence_mm":8.39,"risk_score":0.615,"risk_level":"High"},"geometry":{"type":"Point","coordinates":[86.429517,23.763187]}},{"type":"Feature","properties":{"subsidence_mm":581.02,"tilt_deg":1.18799,"strain_ue":317.96,"x_offset_m":-90,"y_offset_m":-120,"source":"NCB_PFM","nearest_asset_distance_m":240,"consequence_weight":1.56,"idw_subsidence_mm":8.39,"risk_score":0.62,"risk_level":"High"},"geometry":{"type":"Point","coordinates":[86.429517,23.763322]}},{"type":"Feature","properties":{"subsidence_mm":581.02,"tilt_deg":1.18799,"strain_ue":317.96,"x_offset_m":-90,"y_offset_m":-105,"source":"NCB_PFM","nearest_asset_distance_m":229,"consequence_weight":1.63,"idw_subsidence_mm":8.39,"risk_score":0.625,"risk_level":"High"},"geometry":{"type":"Point","coordinates":[86.429517,23.763457]}},{"type":"Feature","properties":{"subsidence_mm":581.02,"tilt_deg":1.18799,"strain_ue":317.96,"x_offset_m":-90,"y_offset_m":-90,"source":"NCB_PFM","nearest_asset_distance_m":217,"consequence_weight":1.7,"idw_subsidence_mm":8.39,"risk_score":0.63,"risk_level":"High"},"geometry":{"type":"Point","coordinates":[86.429517,23.763592]}},{"type":"Feature","properties":{"subsidence_mm":581.02,"tilt_deg":1.18799,"strain_ue":317.96,"x_offset_m":-90,"y_offset_m":-75,"source":"NCB_PFM","nearest_asset_distance_m":207,"consequence_weight":1.76,"idw_subsidence_mm":8.39,"risk_score":0.634,"risk_level":"High"},"geometry":{"type":"Point","coordinates":[86.429517,23.763726]}},{"type":"Feature","properties":{"subsidence_mm":581.02,"tilt_deg":1.18799,"strain_ue":317.96,"x_offset_m":-90,"y_offset_m":-60,"source":"NCB_PFM","nearest_asset_distance_m":197,"consequence_weight":1.82,"idw_subsidence_mm":8.39,"risk_score":0.638,"risk_level":"High"},"geometry":{"type":"Point","coordinates":[86.429517,23.763861]}},{"type":"Feature","properties":{"subsidence_mm":581.02,"tilt_deg":1.18799,"strain_ue":317.96,"x_offset_m":-90,"y_offset_m":-45,"source":"NCB_PFM","nearest_asset_distance_m":188,"consequence_weight":1.87,"idw_subsidence_mm":8.39,"risk_score":0.642,"risk_level":"High"},"geometry":{"type":"Point","coordinates":[86.429517,23.763996]}},{"type":"Feature","properties":{"subsidence_mm":581.02,"tilt_deg":1.18799,"strain_ue":317.96,"x_offset_m":-90,"y_offset_m":-30,"source":"NCB_PFM","nearest_asset_distance_m":179,"consequence_weight":1.92,"idw_subsidence_mm":10.06,"risk_score":0.701,"risk_level":"High"},"geometry":{"type":"Point","coordinates":[86.429517,23.764131]}},{"type":"Feature","properties":{"subsidence_mm":581.02,"tilt_deg":1.18799,"strain_ue":317.96,"x_offset_m":-90,"y_offset_m":-15,"source":"NCB_PFM","nearest_asset_distance_m":172,"consequence_weight":1.97,"idw_subsidence_mm":10.06,"risk_score":0.704,"risk_level":"High"},"geometry":{"type":"Point","coordinates":[86.429517,23.764265]}},{"type":"Feature","properties":{"subsidence_mm":581.02,"tilt_deg":1.18799,"strain_ue":317.96,"x_offset_m":-90,"y_offset_m":0,"source":"NCB_PFM","nearest_asset_distance_m":165,"consequence_weight":2.01,"idw_subsidence_mm":10.06,"risk_score":0.707,"risk_level":"High"},"geometry":{"type":"Point","coordinates":[86.429517,23.7644]}},{"type":"Feature","properties":{"subsidence_mm":581.02,"tilt_deg":1.18799,"strain_ue":317.96,"x_offset_m":-90,"y_offset_m":15,"source":"NCB_PFM","nearest_asset_distance_m":160,"consequence_weight":2.04,"idw_subsidence_mm":10.06,"risk_score":0.709,"risk_level":"High"},"geometry":{"type":"Point","coordinates":[86.429517,23.764535]}},{"type":"Feature","properties":{"subsidence_mm":581.02,"tilt_deg":1.18799,"strain_ue":317.96,"x_offset_m":-90,"y_offset_m":30,"source":"NCB_PFM","nearest_asset_distance_m":155,"consequence_weight":2.07,"idw_subsidence_mm":10.06,"risk_score":0.711,"risk_level":"High"},"geometry":{"type":"Point","coordinates":[86.429517,23.764669]}},{"type":"Feature","properties":{"subsidence_mm":581.02,"tilt_deg":1.18799,"strain_ue":317.96,"x_offset_m":-90,"y_offset_m":45,"source":"NCB_PFM","nearest_asset_distance_m":152,"consequence_weight":2.09,"idw_subsidence_mm":10.06,"risk_score":0.713,"risk_level":"High"},"geometry":{"type":"Point","coordinates":[86.429517,23.764804]}},{"type":"Feature","properties":{"subsidence_mm":581.02,"tilt_deg":1.18799,"strain_ue":317.96,"x_offset_m":-90,"y_offset_m":60,"source":"NCB_PFM","nearest_asset_distance_m":151,"consequence_weight":2.09,"idw_subsidence_mm":10.06,"risk_score":0.713,"risk_level":"High"},"geometry":{"type":"Point","coordinates":[86.429517,23.764939]}},{"type":"Feature","properties":{"subsidence_mm":581.02,"tilt_deg":1.18799,"strain_ue":317.96,"x_offset_m":-90,"y_offset_m":75,"source":"NCB_PFM","nearest_asset_distance_m":151,"consequence_weight":2.09,"idw_subsidence_mm":10.06,"risk_score":0.713,"risk_level":"High"},"geometry":{"type":"Point","coordinates":[86.429517,23.765074]}},{"type":"Feature","properties":{"subsidence_mm":581.02,"tilt_deg":1.18799,"strain_ue":317.96,"x_offset_m":-90,"y_offset_m":90,"source":"NCB_PFM","nearest_asset_distance_m":153,"consequence_weight":2.08,"idw_subsidence_mm":10.06,"risk_score":0.712,"risk_level":"High"},"geometry":{"type":"Point","coordinates":[86.429517,23.765208]}},{"type":"Feature","properties":{"subsidence_mm":581.02,"tilt_deg":1.18799,"strain_ue":317.96,"x_offset_m":-90,"y_offset_m":105,"source":"NCB_PFM","nearest_asset_distance_m":156,"consequence_weight":2.07,"idw_subsidence_mm":10.06,"risk_score":0.711,"risk_level":"High"},"geometry":{"type":"Point","coordinates":[86.429517,23.765343]}},{"type":"Feature","properties":{"subsidence_mm":581.02,"tilt_deg":1.18799,"strain_ue":317.96,"x_offset_m":-90,"y_offset_m":120,"source":"NCB_PFM","nearest_asset_distance_m":160,"consequence_weight":2.04,"idw_subsidence_mm":10.06,"risk_score":0.709,"risk_level":"High"},"geometry":{"type":"Point","coordinates":[86.429517,23.765478]}},{"type":"Feature","properties":{"subsidence_mm":581.02,"tilt_deg":1.18799,"strain_ue":317.96,"x_offset_m":-90,"y_offset_m":135,"source":"NCB_PFM","nearest_asset_distance_m":160,"consequence_weight":2.04,"idw_subsidence_mm":10.06,"risk_score":0.709,"risk_level":"High"},"geometry":{"type":"Point","coordinates":[86.429517,23.765613]}},{"type":"Feature","properties":{"subsidence_mm":581.02,"tilt_deg":1.18799,"strain_ue":317.96,"x_offset_m":-90,"y_offset_m":150,"source":"NCB_PFM","nearest_asset_distance_m":157,"consequence_weight":2.06,"idw_subsidence_mm":10.06,"risk_score":0.711,"risk_level":"High"},"geometry":{"type":"Point","coordinates":[86.429517,23.765747]}},{"type":"Feature","properties":{"subsidence_mm":581.02,"tilt_deg":1.18799,"strain_ue":317.96,"x_offset_m":-90,"y_offset_m":165,"source":"NCB_PFM","nearest_asset_distance_m":155,"consequence_weight":2.07,"idw_subsidence_mm":10.06,"risk_score":0.711,"risk_level":"High"},"geometry":{"type":"Point","coordinates":[86.429517,23.765882]}},{"type":"Feature","properties":{"subsidence_mm":581.02,"tilt_deg":1.18799,"strain_ue":317.96,"x_offset_m":-90,"y_offset_m":180,"source":"NCB_PFM","nearest_asset_distance_m":154,"consequence_weight":2.07,"idw_subsidence_mm":10.06,"risk_score":0.711,"risk_level":"High"},"geometry":{"type":"Point","coordinates":[86.429517,23.766017]}},{"type":"Feature","properties":{"subsidence_mm":581.02,"tilt_deg":1.18799,"strain_ue":317.96,"x_offset_m":-90,"y_offset_m":195,"source":"NCB_PFM","nearest_asset_distance_m":155,"consequence_weight":2.07,"idw_subsidence_mm":10.06,"risk_score":0.711,"risk_level":"High"},"geometry":{"type":"Point","coordinates":[86.429517,23.766152]}},{"type":"Feature","properties":{"subsidence_mm":581.02,"tilt_deg":1.18799,"strain_ue":317.96,"x_offset_m":-90,"y_offset_m":210,"source":"NCB_PFM","nearest_asset_distance_m":158,"consequence_weight":2.05,"idw_subsidence_mm":10.06,"risk_score":0.71,"risk_level":"High"},"geometry":{"type":"Point","coordinates":[86.429517,23.766286]}},{"type":"Feature","properties":{"subsidence_mm":581.02,"tilt_deg":1.18799,"strain_ue":317.96,"x_offset_m":-90,"y_offset_m":225,"source":"NCB_PFM","nearest_asset_distance_m":161,"consequence_weight":2.03,"idw_subsidence_mm":10.06,"risk_score":0.709,"risk_level":"High"},"geometry":{"type":"Point","coordinates":[86.429517,23.766421]}},{"type":"Feature","properties":{"subsidence_mm":581.02,"tilt_deg":1.18799,"strain_ue":317.96,"x_offset_m":-90,"y_offset_m":240,"source":"NCB_PFM","nearest_asset_distance_m":166,"consequence_weight":2,"idw_subsidence_mm":10.06,"risk_score":0.707,"risk_level":"High"},"geometry":{"type":"Point","coordinates":[86.429517,23.766556]}},{"type":"Feature","properties":{"subsidence_mm":581.02,"tilt_deg":1.18799,"strain_ue":317.96,"x_offset_m":-90,"y_offset_m":255,"source":"NCB_PFM","nearest_asset_distance_m":172,"consequence_weight":1.97,"idw_subsidence_mm":10.06,"risk_score":0.704,"risk_level":"High"},"geometry":{"type":"Point","coordinates":[86.429517,23.766691]}},{"type":"Feature","properties":{"subsidence_mm":581.02,"tilt_deg":1.18799,"strain_ue":317.96,"x_offset_m":-90,"y_offset_m":270,"source":"NCB_PFM","nearest_asset_distance_m":180,"consequence_weight":1.92,"idw_subsidence_mm":5.03,"risk_score":0.533,"risk_level":"Medium"},"geometry":{"type":"Point","coordinates":[86.429517,23.766825]}},{"type":"Feature","properties":{"subsidence_mm":581.02,"tilt_deg":1.18799,"strain_ue":317.96,"x_offset_m":-90,"y_offset_m":285,"source":"NCB_PFM","nearest_asset_distance_m":188,"consequence_weight":1.87,"idw_subsidence_mm":5.03,"risk_score":0.53,"risk_level":"Medium"},"geometry":{"type":"Point","coordinates":[86.429517,23.76696]}},{"type":"Feature","properties":{"subsidence_mm":581.02,"tilt_deg":1.18799,"strain_ue":317.96,"x_offset_m":-90,"y_offset_m":300,"source":"NCB_PFM","nearest_asset_distance_m":197,"consequence_weight":1.82,"idw_subsidence_mm":5.03,"risk_score":0.526,"risk_level":"Medium"},"geometry":{"type":"Point","coordinates":[86.429517,23.767095]}},{"type":"Feature","properties":{"subsidence_mm":936.87,"tilt_deg":1.35846,"strain_ue":-2.2,"x_offset_m":-75,"y_offset_m":-300,"source":"NCB_PFM","nearest_asset_distance_m":369,"consequence_weight":0.52,"idw_subsidence_mm":8.39,"risk_score":0.183,"risk_level":"Low"},"geometry":{"type":"Point","coordinates":[86.429664,23.761705]}},{"type":"Feature","properties":{"subsidence_mm":936.87,"tilt_deg":1.35846,"strain_ue":-2.2,"x_offset_m":-75,"y_offset_m":-285,"source":"NCB_PFM","nearest_asset_distance_m":363,"consequence_weight":0.55,"idw_subsidence_mm":8.39,"risk_score":0.186,"risk_level":"Low"},"geometry":{"type":"Point","coordinates":[86.429664,23.76184]}},{"type":"Feature","properties":{"subsidence_mm":936.87,"tilt_deg":1.35846,"strain_ue":-2.2,"x_offset_m":-75,"y_offset_m":-270,"source":"NCB_PFM","nearest_asset_distance_m":358,"consequence_weight":0.57,"idw_subsidence_mm":8.39,"risk_score":0.187,"risk_level":"Low"},"geometry":{"type":"Point","coordinates":[86.429664,23.761975]}},{"type":"Feature","properties":{"subsidence_mm":936.87,"tilt_deg":1.35846,"strain_ue":-2.2,"x_offset_m":-75,"y_offset_m":-255,"source":"NCB_PFM","nearest_asset_distance_m":349,"consequence_weight":0.91,"idw_subsidence_mm":8.39,"risk_score":0.211,"risk_level":"Low"},"geometry":{"type":"Point","coordinates":[86.429664,23.762109]}},{"type":"Feature","properties":{"subsidence_mm":936.87,"tilt_deg":1.35846,"strain_ue":-2.2,"x_offset_m":-75,"y_offset_m":-240,"source":"NCB_PFM","nearest_asset_distance_m":335,"consequence_weight":0.99,"idw_subsidence_mm":8.39,"risk_score":0.216,"risk_level":"Low"},"geometry":{"type":"Point","coordinates":[86.429664,23.762244]}},{"type":"Feature","properties":{"subsidence_mm":936.87,"tilt_deg":1.35846,"strain_ue":-2.2,"x_offset_m":-75,"y_offset_m":-225,"source":"NCB_PFM","nearest_asset_distance_m":322,"consequence_weight":1.07,"idw_subsidence_mm":8.39,"risk_score":0.222,"risk_level":"Low"},"geometry":{"type":"Point","coordinates":[86.429664,23.762379]}},{"type":"Feature","properties":{"subsidence_mm":936.87,"tilt_deg":1.35846,"strain_ue":-2.2,"x_offset_m":-75,"y_offset_m":-210,"source":"NCB_PFM","nearest_asset_distance_m":308,"consequence_weight":1.15,"idw_subsidence_mm":8.39,"risk_score":0.228,"risk_level":"Low"},"geometry":{"type":"Point","coordinates":[86.429664,23.762514]}},{"type":"Feature","properties":{"subsidence_mm":936.87,"tilt_deg":1.35846,"strain_ue":-2.2,"x_offset_m":-75,"y_offset_m":-195,"source":"NCB_PFM","nearest_asset_distance_m":295,"consequence_weight":1.23,"idw_subsidence_mm":8.39,"risk_score":0.233,"risk_level":"Low"},"geometry":{"type":"Point","coordinates":[86.429664,23.762648]}},{"type":"Feature","properties":{"subsidence_mm":936.87,"tilt_deg":1.35846,"strain_ue":-2.2,"x_offset_m":-75,"y_offset_m":-180,"source":"NCB_PFM","nearest_asset_distance_m":282,"consequence_weight":1.31,"idw_subsidence_mm":8.39,"risk_score":0.239,"risk_level":"Low"},"geometry":{"type":"Point","coordinates":[86.429664,23.762783]}},{"type":"Feature","properties":{"subsidence_mm":936.87,"tilt_deg":1.35846,"strain_ue":-2.2,"x_offset_m":-75,"y_offset_m":-165,"source":"NCB_PFM","nearest_asset_distance_m":268,"consequence_weight":1.39,"idw_subsidence_mm":8.39,"risk_score":0.244,"risk_level":"Low"},"geometry":{"type":"Point","coordinates":[86.429664,23.762918]}},{"type":"Feature","properties":{"subsidence_mm":936.87,"tilt_deg":1.35846,"strain_ue":-2.2,"x_offset_m":-75,"y_offset_m":-150,"source":"NCB_PFM","nearest_asset_distance_m":256,"consequence_weight":1.47,"idw_subsidence_mm":8.39,"risk_score":0.25,"risk_level":"Low"},"geometry":{"type":"Point","coordinates":[86.429664,23.763053]}},{"type":"Feature","properties":{"subsidence_mm":936.87,"tilt_deg":1.35846,"strain_ue":-2.2,"x_offset_m":-75,"y_offset_m":-135,"source":"NCB_PFM","nearest_asset_distance_m":243,"consequence_weight":1.54,"idw_subsidence_mm":8.39,"risk_score":0.255,"risk_level":"Low"},"geometry":{"type":"Point","coordinates":[86.429664,23.763187]}},{"type":"Feature","properties":{"subsidence_mm":936.87,"tilt_deg":1.35846,"strain_ue":-2.2,"x_offset_m":-75,"y_offset_m":-120,"source":"NCB_PFM","nearest_asset_distance_m":231,"consequence_weight":1.61,"idw_subsidence_mm":8.39,"risk_score":0.26,"risk_level":"Low"},"geometry":{"type":"Point","coordinates":[86.429664,23.763322]}},{"type":"Feature","properties":{"subsidence_mm":936.87,"tilt_deg":1.35846,"strain_ue":-2.2,"x_offset_m":-75,"y_offset_m":-105,"source":"NCB_PFM","nearest_asset_distance_m":219,"consequence_weight":1.69,"idw_subsidence_mm":8.39,"risk_score":0.266,"risk_level":"Low"},"geometry":{"type":"Point","coordinates":[86.429664,23.763457]}},{"type":"Feature","properties":{"subsidence_mm":936.87,"tilt_deg":1.35846,"strain_ue":-2.2,"x_offset_m":-75,"y_offset_m":-90,"source":"NCB_PFM","nearest_asset_distance_m":207,"consequence_weight":1.76,"idw_subsidence_mm":8.39,"risk_score":0.27,"risk_level":"Low"},"geometry":{"type":"Point","coordinates":[86.429664,23.763592]}},{"type":"Feature","properties":{"subsidence_mm":936.87,"tilt_deg":1.35846,"strain_ue":-2.2,"x_offset_m":-75,"y_offset_m":-75,"source":"NCB_PFM","nearest_asset_distance_m":196,"consequence_weight":1.82,"idw_subsidence_mm":8.39,"risk_score":0.275,"risk_level":"Low"},"geometry":{"type":"Point","coordinates":[86.429664,23.763726]}},{"type":"Feature","properties":{"subsidence_mm":936.87,"tilt_deg":1.35846,"strain_ue":-2.2,"x_offset_m":-75,"y_offset_m":-60,"source":"NCB_PFM","nearest_asset_distance_m":186,"consequence_weight":1.89,"idw_subsidence_mm":8.39,"risk_score":0.28,"risk_level":"Low"},"geometry":{"type":"Point","coordinates":[86.429664,23.763861]}},{"type":"Feature","properties":{"subsidence_mm":936.87,"tilt_deg":1.35846,"strain_ue":-2.2,"x_offset_m":-75,"y_offset_m":-45,"source":"NCB_PFM","nearest_asset_distance_m":176,"consequence_weight":1.94,"idw_subsidence_mm":8.39,"risk_score":0.283,"risk_level":"Low"},"geometry":{"type":"Point","coordinates":[86.429664,23.763996]}},{"type":"Feature","properties":{"subsidence_mm":936.87,"tilt_deg":1.35846,"strain_ue":-2.2,"x_offset_m":-75,"y_offset_m":-30,"source":"NCB_PFM","nearest_asset_distance_m":167,"consequence_weight":2,"idw_subsidence_mm":10.06,"risk_score":0.343,"risk_level":"Low"},"geometry":{"type":"Point","coordinates":[86.429664,23.764131]}},{"type":"Feature","properties":{"subsidence_mm":936.87,"tilt_deg":1.35846,"strain_ue":-2.2,"x_offset_m":-75,"y_offset_m":-15,"source":"NCB_PFM","nearest_asset_distance_m":159,"consequence_weight":2.05,"idw_subsidence_mm":10.06,"risk_score":0.346,"risk_level":"Low"},"geometry":{"type":"Point","coordinates":[86.429664,23.764265]}},{"type":"Feature","properties":{"subsidence_mm":936.87,"tilt_deg":1.35846,"strain_ue":-2.2,"x_offset_m":-75,"y_offset_m":0,"source":"NCB_PFM","nearest_asset_distance_m":151,"consequence_weight":2.09,"idw_subsidence_mm":10.06,"risk_score":0.349,"risk_level":"Low"},"geometry":{"type":"Point","coordinates":[86.429664,23.7644]}},{"type":"Feature","properties":{"subsidence_mm":936.87,"tilt_deg":1.35846,"strain_ue":-2.2,"x_offset_m":-75,"y_offset_m":15,"source":"NCB_PFM","nearest_asset_distance_m":145,"consequence_weight":2.13,"idw_subsidence_mm":10.06,"risk_score":0.352,"risk_level":"Medium"},"geometry":{"type":"Point","coordinates":[86.429664,23.764535]}},{"type":"Feature","properties":{"subsidence_mm":936.87,"tilt_deg":1.35846,"strain_ue":-2.2,"x_offset_m":-75,"y_offset_m":30,"source":"NCB_PFM","nearest_asset_distance_m":141,"consequence_weight":2.15,"idw_subsidence_mm":10.06,"risk_score":0.353,"risk_level":"Medium"},"geometry":{"type":"Point","coordinates":[86.429664,23.764669]}},{"type":"Feature","properties":{"subsidence_mm":936.87,"tilt_deg":1.35846,"strain_ue":-2.2,"x_offset_m":-75,"y_offset_m":45,"source":"NCB_PFM","nearest_asset_distance_m":138,"consequence_weight":2.17,"idw_subsidence_mm":10.06,"risk_score":0.355,"risk_level":"Medium"},"geometry":{"type":"Point","coordinates":[86.429664,23.764804]}},{"type":"Feature","properties":{"subsidence_mm":936.87,"tilt_deg":1.35846,"strain_ue":-2.2,"x_offset_m":-75,"y_offset_m":60,"source":"NCB_PFM","nearest_asset_distance_m":136,"consequence_weight":2.18,"idw_subsidence_mm":10.06,"risk_score":0.355,"risk_level":"Medium"},"geometry":{"type":"Point","coordinates":[86.429664,23.764939]}},{"type":"Feature","properties":{"subsidence_mm":936.87,"tilt_deg":1.35846,"strain_ue":-2.2,"x_offset_m":-75,"y_offset_m":75,"source":"NCB_PFM","nearest_asset_distance_m":136,"consequence_weight":2.18,"idw_subsidence_mm":10.06,"risk_score":0.355,"risk_level":"Medium"},"geometry":{"type":"Point","coordinates":[86.429664,23.765074]}},{"type":"Feature","properties":{"subsidence_mm":936.87,"tilt_deg":1.35846,"strain_ue":-2.2,"x_offset_m":-75,"y_offset_m":90,"source":"NCB_PFM","nearest_asset_distance_m":138,"consequence_weight":2.17,"idw_subsidence_mm":10.06,"risk_score":0.355,"risk_level":"Medium"},"geometry":{"type":"Point","coordinates":[86.429664,23.765208]}},{"type":"Feature","properties":{"subsidence_mm":936.87,"tilt_deg":1.35846,"strain_ue":-2.2,"x_offset_m":-75,"y_offset_m":105,"source":"NCB_PFM","nearest_asset_distance_m":141,"consequence_weight":2.15,"idw_subsidence_mm":10.06,"risk_score":0.353,"risk_level":"Medium"},"geometry":{"type":"Point","coordinates":[86.429664,23.765343]}},{"type":"Feature","properties":{"subsidence_mm":936.87,"tilt_deg":1.35846,"strain_ue":-2.2,"x_offset_m":-75,"y_offset_m":120,"source":"NCB_PFM","nearest_asset_distance_m":146,"consequence_weight":2.12,"idw_subsidence_mm":10.06,"risk_score":0.351,"risk_level":"Medium"},"geometry":{"type":"Point","coordinates":[86.429664,23.765478]}},{"type":"Feature","properties":{"subsidence_mm":936.87,"tilt_deg":1.35846,"strain_ue":-2.2,"x_offset_m":-75,"y_offset_m":135,"source":"NCB_PFM","nearest_asset_distance_m":152,"consequence_weight":2.09,"idw_subsidence_mm":10.06,"risk_score":0.349,"risk_level":"Low"},"geometry":{"type":"Point","coordinates":[86.429664,23.765613]}},{"type":"Feature","properties":{"subsidence_mm":936.87,"tilt_deg":1.35846,"strain_ue":-2.2,"x_offset_m":-75,"y_offset_m":150,"source":"NCB_PFM","nearest_asset_distance_m":159,"consequence_weight":2.04,"idw_subsidence_mm":10.06,"risk_score":0.346,"risk_level":"Low"},"geometry":{"type":"Point","coordinates":[86.429664,23.765747]}},{"type":"Feature","properties":{"subsidence_mm":936.87,"tilt_deg":1.35846,"strain_ue":-2.2,"x_offset_m":-75,"y_offset_m":165,"source":"NCB_PFM","nearest_asset_distance_m":168,"consequence_weight":1.99,"idw_subsidence_mm":10.06,"risk_score":0.342,"risk_level":"Low"},"geometry":{"type":"Point","coordinates":[86.429664,23.765882]}},{"type":"Feature","properties":{"subsidence_mm":936.87,"tilt_deg":1.35846,"strain_ue":-2.2,"x_offset_m":-75,"y_offset_m":180,"source":"NCB_PFM","nearest_asset_distance_m":169,"consequence_weight":1.98,"idw_subsidence_mm":10.06,"risk_score":0.341,"risk_level":"Low"},"geometry":{"type":"Point","coordinates":[86.429664,23.766017]}},{"type":"Feature","properties":{"subsidence_mm":936.87,"tilt_deg":1.35846,"strain_ue":-2.2,"x_offset_m":-75,"y_offset_m":195,"source":"NCB_PFM","nearest_asset_distance_m":170,"consequence_weight":1.98,"idw_subsidence_mm":10.06,"risk_score":0.341,"risk_level":"Low"},"geometry":{"type":"Point","coordinates":[86.429664,23.766152]}},{"type":"Feature","properties":{"subsidence_mm":936.87,"tilt_deg":1.35846,"strain_ue":-2.2,"x_offset_m":-75,"y_offset_m":210,"source":"NCB_PFM","nearest_asset_distance_m":172,"consequence_weight":1.97,"idw_subsidence_mm":10.06,"risk_score":0.341,"risk_level":"Low"},"geometry":{"type":"Point","coordinates":[86.429664,23.766286]}},{"type":"Feature","properties":{"subsidence_mm":936.87,"tilt_deg":1.35846,"strain_ue":-2.2,"x_offset_m":-75,"y_offset_m":225,"source":"NCB_PFM","nearest_asset_distance_m":176,"consequence_weight":1.95,"idw_subsidence_mm":10.06,"risk_score":0.339,"risk_level":"Low"},"geometry":{"type":"Point","coordinates":[86.429664,23.766421]}},{"type":"Feature","properties":{"subsidence_mm":936.87,"tilt_deg":1.35846,"strain_ue":-2.2,"x_offset_m":-75,"y_offset_m":240,"source":"NCB_PFM","nearest_asset_distance_m":180,"consequence_weight":1.92,"idw_subsidence_mm":10.06,"risk_score":0.337,"risk_level":"Low"},"geometry":{"type":"Point","coordinates":[86.429664,23.766556]}},{"type":"Feature","properties":{"subsidence_mm":936.87,"tilt_deg":1.35846,"strain_ue":-2.2,"x_offset_m":-75,"y_offset_m":255,"source":"NCB_PFM","nearest_asset_distance_m":186,"consequence_weight":1.88,"idw_subsidence_mm":10.06,"risk_score":0.334,"risk_level":"Low"},"geometry":{"type":"Point","coordinates":[86.429664,23.766691]}},{"type":"Feature","properties":{"subsidence_mm":936.87,"tilt_deg":1.35846,"strain_ue":-2.2,"x_offset_m":-75,"y_offset_m":270,"source":"NCB_PFM","nearest_asset_distance_m":193,"consequence_weight":1.84,"idw_subsidence_mm":5.03,"risk_score":0.164,"risk_level":"Low"},"geometry":{"type":"Point","coordinates":[86.429664,23.766825]}},{"type":"Feature","properties":{"subsidence_mm":936.87,"tilt_deg":1.35846,"strain_ue":-2.2,"x_offset_m":-75,"y_offset_m":285,"source":"NCB_PFM","nearest_asset_distance_m":200,"consequence_weight":1.8,"idw_subsidence_mm":5.03,"risk_score":0.161,"risk_level":"Low"},"geometry":{"type":"Point","coordinates":[86.429664,23.76696]}},{"type":"Feature","properties":{"subsidence_mm":936.87,"tilt_deg":1.35846,"strain_ue":-2.2,"x_offset_m":-75,"y_offset_m":300,"source":"NCB_PFM","nearest_asset_distance_m":209,"consequence_weight":1.75,"idw_subsidence_mm":5.03,"risk_score":0.158,"risk_level":"Low"},"geometry":{"type":"Point","coordinates":[86.429664,23.767095]}},{"type":"Feature","properties":{"subsidence_mm":1292.3,"tilt_deg":1.18421,"strain_ue":-323.83,"x_offset_m":-60,"y_offset_m":-300,"source":"NCB_PFM","nearest_asset_distance_m":355,"consequence_weight":0.58,"idw_subsidence_mm":8.39,"risk_score":0.558,"risk_level":"Medium"},"geometry":{"type":"Point","coordinates":[86.429811,23.761705]}},{"type":"Feature","properties":{"subsidence_mm":1292.3,"tilt_deg":1.18421,"strain_ue":-323.83,"x_offset_m":-60,"y_offset_m":-285,"source":"NCB_PFM","nearest_asset_distance_m":349,"consequence_weight":0.6,"idw_subsidence_mm":8.39,"risk_score":0.56,"risk_level":"Medium"},"geometry":{"type":"Point","coordinates":[86.429811,23.76184]}},{"type":"Feature","properties":{"subsidence_mm":1292.3,"tilt_deg":1.18421,"strain_ue":-323.83,"x_offset_m":-60,"y_offset_m":-270,"source":"NCB_PFM","nearest_asset_distance_m":344,"consequence_weight":0.62,"idw_subsidence_mm":8.39,"risk_score":0.561,"risk_level":"Medium"},"geometry":{"type":"Point","coordinates":[86.429811,23.761975]}},{"type":"Feature","properties":{"subsidence_mm":1292.3,"tilt_deg":1.18421,"strain_ue":-323.83,"x_offset_m":-60,"y_offset_m":-255,"source":"NCB_PFM","nearest_asset_distance_m":339,"consequence_weight":0.64,"idw_subsidence_mm":8.39,"risk_score":0.562,"risk_level":"Medium"},"geometry":{"type":"Point","coordinates":[86.429811,23.762109]}},{"type":"Feature","properties":{"subsidence_mm":1292.3,"tilt_deg":1.18421,"strain_ue":-323.83,"x_offset_m":-60,"y_offset_m":-240,"source":"NCB_PFM","nearest_asset_distance_m":329,"consequence_weight":1.02,"idw_subsidence_mm":8.39,"risk_score":0.589,"risk_level":"Medium"},"geometry":{"type":"Point","coordinates":[86.429811,23.762244]}},{"type":"Feature","properties":{"subsidence_mm":1292.3,"tilt_deg":1.18421,"strain_ue":-323.83,"x_offset_m":-60,"y_offset_m":-225,"source":"NCB_PFM","nearest_asset_distance_m":316,"consequence_weight":1.11,"idw_subsidence_mm":8.39,"risk_score":0.595,"risk_level":"Medium"},"geometry":{"type":"Point","coordinates":[86.429811,23.762379]}},{"type":"Feature","properties":{"subsidence_mm":1292.3,"tilt_deg":1.18421,"strain_ue":-323.83,"x_offset_m":-60,"y_offset_m":-210,"source":"NCB_PFM","nearest_asset_distance_m":302,"consequence_weight":1.19,"idw_subsidence_mm":8.39,"risk_score":0.601,"risk_level":"High"},"geometry":{"type":"Point","coordinates":[86.429811,23.762514]}},{"type":"Feature","properties":{"subsidence_mm":1292.3,"tilt_deg":1.18421,"strain_ue":-323.83,"x_offset_m":-60,"y_offset_m":-195,"source":"NCB_PFM","nearest_asset_distance_m":288,"consequence_weight":1.27,"idw_subsidence_mm":8.39,"risk_score":0.607,"risk_level":"High"},"geometry":{"type":"Point","coordinates":[86.429811,23.762648]}},{"type":"Feature","properties":{"subsidence_mm":1292.3,"tilt_deg":1.18421,"strain_ue":-323.83,"x_offset_m":-60,"y_offset_m":-180,"source":"NCB_PFM","nearest_asset_distance_m":275,"consequence_weight":1.35,"idw_subsidence_mm":8.39,"risk_score":0.612,"risk_level":"High"},"geometry":{"type":"Point","coordinates":[86.429811,23.762783]}},{"type":"Feature","properties":{"subsidence_mm":1292.3,"tilt_deg":1.18421,"strain_ue":-323.83,"x_offset_m":-60,"y_offset_m":-165,"source":"NCB_PFM","nearest_asset_distance_m":261,"consequence_weight":1.43,"idw_subsidence_mm":8.39,"risk_score":0.618,"risk_level":"High"},"geometry":{"type":"Point","coordinates":[86.429811,23.762918]}},{"type":"Feature","properties":{"subsidence_mm":1292.3,"tilt_deg":1.18421,"strain_ue":-323.83,"x_offset_m":-60,"y_offset_m":-150,"source":"NCB_PFM","nearest_asset_distance_m":248,"consequence_weight":1.51,"idw_subsidence_mm":8.39,"risk_score":0.623,"risk_level":"High"},"geometry":{"type":"Point","coordinates":[86.429811,23.763053]}},{"type":"Feature","properties":{"subsidence_mm":1292.3,"tilt_deg":1.18421,"strain_ue":-323.83,"x_offset_m":-60,"y_offset_m":-135,"source":"NCB_PFM","nearest_asset_distance_m":235,"consequence_weight":1.59,"idw_subsidence_mm":8.39,"risk_score":0.629,"risk_level":"High"},"geometry":{"type":"Point","coordinates":[86.429811,23.763187]}},{"type":"Feature","properties":{"subsidence_mm":1292.3,"tilt_deg":1.18421,"strain_ue":-323.83,"x_offset_m":-60,"y_offset_m":-120,"source":"NCB_PFM","nearest_asset_distance_m":222,"consequence_weight":1.67,"idw_subsidence_mm":8.39,"risk_score":0.635,"risk_level":"High"},"geometry":{"type":"Point","coordinates":[86.429811,23.763322]}},{"type":"Feature","properties":{"subsidence_mm":1292.3,"tilt_deg":1.18421,"strain_ue":-323.83,"x_offset_m":-60,"y_offset_m":-105,"source":"NCB_PFM","nearest_asset_distance_m":210,"consequence_weight":1.74,"idw_subsidence_mm":8.39,"risk_score":0.64,"risk_level":"High"},"geometry":{"type":"Point","coordinates":[86.429811,23.763457]}},{"type":"Feature","properties":{"subsidence_mm":1292.3,"tilt_deg":1.18421,"strain_ue":-323.83,"x_offset_m":-60,"y_offset_m":-90,"source":"NCB_PFM","nearest_asset_distance_m":198,"consequence_weight":1.81,"idw_subsidence_mm":8.39,"risk_score":0.644,"risk_level":"High"},"geometry":{"type":"Point","coordinates":[86.429811,23.763592]}},{"type":"Feature","properties":{"subsidence_mm":1292.3,"tilt_deg":1.18421,"strain_ue":-323.83,"x_offset_m":-60,"y_offset_m":-75,"source":"NCB_PFM","nearest_asset_distance_m":186,"consequence_weight":1.88,"idw_subsidence_mm":8.39,"risk_score":0.649,"risk_level":"High"},"geometry":{"type":"Point","coordinates":[86.429811,23.763726]}},{"type":"Feature","properties":{"subsidence_mm":1292.3,"tilt_deg":1.18421,"strain_ue":-323.83,"x_offset_m":-60,"y_offset_m":-60,"source":"NCB_PFM","nearest_asset_distance_m":175,"consequence_weight":1.95,"idw_subsidence_mm":8.39,"risk_score":0.654,"risk_level":"High"},"geometry":{"type":"Point","coordinates":[86.429811,23.763861]}},{"type":"Feature","properties":{"subsidence_mm":1292.3,"tilt_deg":1.18421,"strain_ue":-323.83,"x_offset_m":-60,"y_offset_m":-45,"source":"NCB_PFM","nearest_asset_distance_m":165,"consequence_weight":2.01,"idw_subsidence_mm":8.39,"risk_score":0.658,"risk_level":"High"},"geometry":{"type":"Point","coordinates":[86.429811,23.763996]}},{"type":"Feature","properties":{"subsidence_mm":1292.3,"tilt_deg":1.18421,"strain_ue":-323.83,"x_offset_m":-60,"y_offset_m":-30,"source":"NCB_PFM","nearest_asset_distance_m":155,"consequence_weight":2.07,"idw_subsidence_mm":10.06,"risk_score":0.718,"risk_level":"High"},"geometry":{"type":"Point","coordinates":[86.429811,23.764131]}},{"type":"Feature","properties":{"subsidence_mm":1292.3,"tilt_deg":1.18421,"strain_ue":-323.83,"x_offset_m":-60,"y_offset_m":-15,"source":"NCB_PFM","nearest_asset_distance_m":146,"consequence_weight":2.12,"idw_subsidence_mm":10.06,"risk_score":0.722,"risk_level":"High"},"geometry":{"type":"Point","coordinates":[86.429811,23.764265]}},{"type":"Feature","properties":{"subsidence_mm":1292.3,"tilt_deg":1.18421,"strain_ue":-323.83,"x_offset_m":-60,"y_offset_m":0,"source":"NCB_PFM","nearest_asset_distance_m":138,"consequence_weight":2.17,"idw_subsidence_mm":10.06,"risk_score":0.725,"risk_level":"High"},"geometry":{"type":"Point","coordinates":[86.429811,23.7644]}},{"type":"Feature","properties":{"subsidence_mm":1292.3,"tilt_deg":1.18421,"strain_ue":-323.83,"x_offset_m":-60,"y_offset_m":15,"source":"NCB_PFM","nearest_asset_distance_m":132,"consequence_weight":2.21,"idw_subsidence_mm":10.06,"risk_score":0.728,"risk_level":"High"},"geometry":{"type":"Point","coordinates":[86.429811,23.764535]}},{"type":"Feature","properties":{"subsidence_mm":1292.3,"tilt_deg":1.18421,"strain_ue":-323.83,"x_offset_m":-60,"y_offset_m":30,"source":"NCB_PFM","nearest_asset_distance_m":126,"consequence_weight":2.24,"idw_subsidence_mm":10.06,"risk_score":0.73,"risk_level":"High"},"geometry":{"type":"Point","coordinates":[86.429811,23.764669]}},{"type":"Feature","properties":{"subsidence_mm":1292.3,"tilt_deg":1.18421,"strain_ue":-323.83,"x_offset_m":-60,"y_offset_m":45,"source":"NCB_PFM","nearest_asset_distance_m":123,"consequence_weight":2.26,"idw_subsidence_mm":10.06,"risk_score":0.732,"risk_level":"High"},"geometry":{"type":"Point","coordinates":[86.429811,23.764804]}},{"type":"Feature","properties":{"subsidence_mm":1292.3,"tilt_deg":1.18421,"strain_ue":-323.83,"x_offset_m":-60,"y_offset_m":60,"source":"NCB_PFM","nearest_asset_distance_m":121,"consequence_weight":2.27,"idw_subsidence_mm":10.06,"risk_score":0.732,"risk_level":"High"},"geometry":{"type":"Point","coordinates":[86.429811,23.764939]}},{"type":"Feature","properties":{"subsidence_mm":1292.3,"tilt_deg":1.18421,"strain_ue":-323.83,"x_offset_m":-60,"y_offset_m":75,"source":"NCB_PFM","nearest_asset_distance_m":121,"consequence_weight":2.27,"idw_subsidence_mm":10.06,"risk_score":0.732,"risk_level":"High"},"geometry":{"type":"Point","coordinates":[86.429811,23.765074]}},{"type":"Feature","properties":{"subsidence_mm":1292.3,"tilt_deg":1.18421,"strain_ue":-323.83,"x_offset_m":-60,"y_offset_m":90,"source":"NCB_PFM","nearest_asset_distance_m":123,"consequence_weight":2.26,"idw_subsidence_mm":10.06,"risk_score":0.732,"risk_level":"High"},"geometry":{"type":"Point","coordinates":[86.429811,23.765208]}},{"type":"Feature","properties":{"subsidence_mm":1292.3,"tilt_deg":1.18421,"strain_ue":-323.83,"x_offset_m":-60,"y_offset_m":105,"source":"NCB_PFM","nearest_asset_distance_m":127,"consequence_weight":2.24,"idw_subsidence_mm":10.06,"risk_score":0.73,"risk_level":"High"},"geometry":{"type":"Point","coordinates":[86.429811,23.765343]}},{"type":"Feature","properties":{"subsidence_mm":1292.3,"tilt_deg":1.18421,"strain_ue":-323.83,"x_offset_m":-60,"y_offset_m":120,"source":"NCB_PFM","nearest_asset_distance_m":132,"consequence_weight":2.21,"idw_subsidence_mm":10.06,"risk_score":0.728,"risk_level":"High"},"geometry":{"type":"Point","coordinates":[86.429811,23.765478]}},{"type":"Feature","properties":{"subsidence_mm":1292.3,"tilt_deg":1.18421,"strain_ue":-323.83,"x_offset_m":-60,"y_offset_m":135,"source":"NCB_PFM","nearest_asset_distance_m":139,"consequence_weight":2.17,"idw_subsidence_mm":10.06,"risk_score":0.725,"risk_level":"High"},"geometry":{"type":"Point","coordinates":[86.429811,23.765613]}},{"type":"Feature","properties":{"subsidence_mm":1292.3,"tilt_deg":1.18421,"strain_ue":-323.83,"x_offset_m":-60,"y_offset_m":150,"source":"NCB_PFM","nearest_asset_distance_m":147,"consequence_weight":2.12,"idw_subsidence_mm":10.06,"risk_score":0.722,"risk_level":"High"},"geometry":{"type":"Point","coordinates":[86.429811,23.765747]}},{"type":"Feature","properties":{"subsidence_mm":1292.3,"tilt_deg":1.18421,"strain_ue":-323.83,"x_offset_m":-60,"y_offset_m":165,"source":"NCB_PFM","nearest_asset_distance_m":156,"consequence_weight":2.07,"idw_subsidence_mm":10.06,"risk_score":0.718,"risk_level":"High"},"geometry":{"type":"Point","coordinates":[86.429811,23.765882]}},{"type":"Feature","properties":{"subsidence_mm":1292.3,"tilt_deg":1.18421,"strain_ue":-323.83,"x_offset_m":-60,"y_offset_m":180,"source":"NCB_PFM","nearest_asset_distance_m":166,"consequence_weight":2.01,"idw_subsidence_mm":10.06,"risk_score":0.714,"risk_level":"High"},"geometry":{"type":"Point","coordinates":[86.429811,23.766017]}},{"type":"Feature","properties":{"subsidence_mm":1292.3,"tilt_deg":1.18421,"strain_ue":-323.83,"x_offset_m":-60,"y_offset_m":195,"source":"NCB_PFM","nearest_asset_distance_m":176,"consequence_weight":1.94,"idw_subsidence_mm":10.06,"risk_score":0.709,"risk_level":"High"},"geometry":{"type":"Point","coordinates":[86.429811,23.766152]}},{"type":"Feature","properties":{"subsidence_mm":1292.3,"tilt_deg":1.18421,"strain_ue":-323.83,"x_offset_m":-60,"y_offset_m":210,"source":"NCB_PFM","nearest_asset_distance_m":187,"consequence_weight":1.88,"idw_subsidence_mm":10.06,"risk_score":0.705,"risk_level":"High"},"geometry":{"type":"Point","coordinates":[86.429811,23.766286]}},{"type":"Feature","properties":{"subsidence_mm":1292.3,"tilt_deg":1.18421,"strain_ue":-323.83,"x_offset_m":-60,"y_offset_m":225,"source":"NCB_PFM","nearest_asset_distance_m":190,"consequence_weight":1.86,"idw_subsidence_mm":10.06,"risk_score":0.703,"risk_level":"High"},"geometry":{"type":"Point","coordinates":[86.429811,23.766421]}},{"type":"Feature","properties":{"subsidence_mm":1292.3,"tilt_deg":1.18421,"strain_ue":-323.83,"x_offset_m":-60,"y_offset_m":240,"source":"NCB_PFM","nearest_asset_distance_m":194,"consequence_weight":1.83,"idw_subsidence_mm":10.06,"risk_score":0.701,"risk_level":"High"},"geometry":{"type":"Point","coordinates":[86.429811,23.766556]}},{"type":"Feature","properties":{"subsidence_mm":1292.3,"tilt_deg":1.18421,"strain_ue":-323.83,"x_offset_m":-60,"y_offset_m":255,"source":"NCB_PFM","nearest_asset_distance_m":200,"consequence_weight":1.8,"idw_subsidence_mm":10.06,"risk_score":0.699,"risk_level":"High"},"geometry":{"type":"Point","coordinates":[86.429811,23.766691]}},{"type":"Feature","properties":{"subsidence_mm":1292.3,"tilt_deg":1.18421,"strain_ue":-323.83,"x_offset_m":-60,"y_offset_m":270,"source":"NCB_PFM","nearest_asset_distance_m":206,"consequence_weight":1.76,"idw_subsidence_mm":5.03,"risk_score":0.529,"risk_level":"Medium"},"geometry":{"type":"Point","coordinates":[86.429811,23.766825]}},{"type":"Feature","properties":{"subsidence_mm":1292.3,"tilt_deg":1.18421,"strain_ue":-323.83,"x_offset_m":-60,"y_offset_m":285,"source":"NCB_PFM","nearest_asset_distance_m":213,"consequence_weight":1.72,"idw_subsidence_mm":5.03,"risk_score":0.526,"risk_level":"Medium"},"geometry":{"type":"Point","coordinates":[86.429811,23.76696]}},{"type":"Feature","properties":{"subsidence_mm":1292.3,"tilt_deg":1.18421,"strain_ue":-323.83,"x_offset_m":-60,"y_offset_m":300,"source":"NCB_PFM","nearest_asset_distance_m":221,"consequence_weight":1.67,"idw_subsidence_mm":5.03,"risk_score":0.523,"risk_level":"Medium"},"geometry":{"type":"Point","coordinates":[86.429811,23.767095]}},{"type":"Feature","properties":{"subsidence_mm":1556.92,"tilt_deg":0.80184,"strain_ue":-434.13,"x_offset_m":-45,"y_offset_m":-300,"source":"NCB_PFM","nearest_asset_distance_m":341,"consequence_weight":0.63,"idw_subsidence_mm":8.39,"risk_score":0.689,"risk_level":"High"},"geometry":{"type":"Point","coordinates":[86.429958,23.761705]}},{"type":"Feature","properties":{"subsidence_mm":1556.92,"tilt_deg":0.80184,"strain_ue":-434.13,"x_offset_m":-45,"y_offset_m":-285,"source":"NCB_PFM","nearest_asset_distance_m":335,"consequence_weight":0.66,"idw_subsidence_mm":8.39,"risk_score":0.691,"risk_level":"High"},"geometry":{"type":"Point","coordinates":[86.429958,23.76184]}},{"type":"Feature","properties":{"subsidence_mm":1556.92,"tilt_deg":0.80184,"strain_ue":-434.13,"x_offset_m":-45,"y_offset_m":-270,"source":"NCB_PFM","nearest_asset_distance_m":330,"consequence_weight":0.68,"idw_subsidence_mm":8.39,"risk_score":0.692,"risk_level":"High"},"geometry":{"type":"Point","coordinates":[86.429958,23.761975]}},{"type":"Feature","properties":{"subsidence_mm":1556.92,"tilt_deg":0.80184,"strain_ue":-434.13,"x_offset_m":-45,"y_offset_m":-255,"source":"NCB_PFM","nearest_asset_distance_m":325,"consequence_weight":0.7,"idw_subsidence_mm":8.39,"risk_score":0.694,"risk_level":"High"},"geometry":{"type":"Point","coordinates":[86.429958,23.762109]}},{"type":"Feature","properties":{"subsidence_mm":1556.92,"tilt_deg":0.80184,"strain_ue":-434.13,"x_offset_m":-45,"y_offset_m":-240,"source":"NCB_PFM","nearest_asset_distance_m":321,"consequence_weight":0.72,"idw_subsidence_mm":8.39,"risk_score":0.695,"risk_level":"High"},"geometry":{"type":"Point","coordinates":[86.429958,23.762244]}},{"type":"Feature","properties":{"subsidence_mm":1556.92,"tilt_deg":0.80184,"strain_ue":-434.13,"x_offset_m":-45,"y_offset_m":-225,"source":"NCB_PFM","nearest_asset_distance_m":310,"consequence_weight":1.14,"idw_subsidence_mm":8.39,"risk_score":0.724,"risk_level":"High"},"geometry":{"type":"Point","coordinates":[86.429958,23.762379]}},{"type":"Feature","properties":{"subsidence_mm":1556.92,"tilt_deg":0.80184,"strain_ue":-434.13,"x_offset_m":-45,"y_offset_m":-210,"source":"NCB_PFM","nearest_asset_distance_m":296,"consequence_weight":1.22,"idw_subsidence_mm":8.39,"risk_score":0.73,"risk_level":"High"},"geometry":{"type":"Point","coordinates":[86.429958,23.762514]}},{"type":"Feature","properties":{"subsidence_mm":1556.92,"tilt_deg":0.80184,"strain_ue":-434.13,"x_offset_m":-45,"y_offset_m":-195,"source":"NCB_PFM","nearest_asset_distance_m":282,"consequence_weight":1.31,"idw_subsidence_mm":8.39,"risk_score":0.736,"risk_level":"High"},"geometry":{"type":"Point","coordinates":[86.429958,23.762648]}},{"type":"Feature","properties":{"subsidence_mm":1556.92,"tilt_deg":0.80184,"strain_ue":-434.13,"x_offset_m":-45,"y_offset_m":-180,"source":"NCB_PFM","nearest_asset_distance_m":268,"consequence_weight":1.39,"idw_subsidence_mm":8.39,"risk_score":0.742,"risk_level":"High"},"geometry":{"type":"Point","coordinates":[86.429958,23.762783]}},{"type":"Feature","properties":{"subsidence_mm":1556.92,"tilt_deg":0.80184,"strain_ue":-434.13,"x_offset_m":-45,"y_offset_m":-165,"source":"NCB_PFM","nearest_asset_distance_m":255,"consequence_weight":1.47,"idw_subsidence_mm":8.39,"risk_score":0.748,"risk_level":"High"},"geometry":{"type":"Point","coordinates":[86.429958,23.762918]}},{"type":"Feature","properties":{"subsidence_mm":1556.92,"tilt_deg":0.80184,"strain_ue":-434.13,"x_offset_m":-45,"y_offset_m":-150,"source":"NCB_PFM","nearest_asset_distance_m":241,"consequence_weight":1.55,"idw_subsidence_mm":8.39,"risk_score":0.753,"risk_level":"High"},"geometry":{"type":"Point","coordinates":[86.429958,23.763053]}},{"type":"Feature","properties":{"subsidence_mm":1556.92,"tilt_deg":0.80184,"strain_ue":-434.13,"x_offset_m":-45,"y_offset_m":-135,"source":"NCB_PFM","nearest_asset_distance_m":228,"consequence_weight":1.63,"idw_subsidence_mm":8.39,"risk_score":0.759,"risk_level":"High"},"geometry":{"type":"Point","coordinates":[86.429958,23.763187]}},{"type":"Feature","properties":{"subsidence_mm":1556.92,"tilt_deg":0.80184,"strain_ue":-434.13,"x_offset_m":-45,"y_offset_m":-120,"source":"NCB_PFM","nearest_asset_distance_m":215,"consequence_weight":1.71,"idw_subsidence_mm":8.39,"risk_score":0.764,"risk_level":"High"},"geometry":{"type":"Point","coordinates":[86.429958,23.763322]}},{"type":"Feature","properties":{"subsidence_mm":1556.92,"tilt_deg":0.80184,"strain_ue":-434.13,"x_offset_m":-45,"y_offset_m":-105,"source":"NCB_PFM","nearest_asset_distance_m":202,"consequence_weight":1.79,"idw_subsidence_mm":8.39,"risk_score":0.77,"risk_level":"High"},"geometry":{"type":"Point","coordinates":[86.429958,23.763457]}},{"type":"Feature","properties":{"subsidence_mm":1556.92,"tilt_deg":0.80184,"strain_ue":-434.13,"x_offset_m":-45,"y_offset_m":-90,"source":"NCB_PFM","nearest_asset_distance_m":189,"consequence_weight":1.87,"idw_subsidence_mm":8.39,"risk_score":0.776,"risk_level":"High"},"geometry":{"type":"Point","coordinates":[86.429958,23.763592]}},{"type":"Feature","properties":{"subsidence_mm":1556.92,"tilt_deg":0.80184,"strain_ue":-434.13,"x_offset_m":-45,"y_offset_m":-75,"source":"NCB_PFM","nearest_asset_distance_m":177,"consequence_weight":1.94,"idw_subsidence_mm":8.39,"risk_score":0.781,"risk_level":"High"},"geometry":{"type":"Point","coordinates":[86.429958,23.763726]}},{"type":"Feature","properties":{"subsidence_mm":1556.92,"tilt_deg":0.80184,"strain_ue":-434.13,"x_offset_m":-45,"y_offset_m":-60,"source":"NCB_PFM","nearest_asset_distance_m":165,"consequence_weight":2.01,"idw_subsidence_mm":8.39,"risk_score":0.786,"risk_level":"High"},"geometry":{"type":"Point","coordinates":[86.429958,23.763861]}},{"type":"Feature","properties":{"subsidence_mm":1556.92,"tilt_deg":0.80184,"strain_ue":-434.13,"x_offset_m":-45,"y_offset_m":-45,"source":"NCB_PFM","nearest_asset_distance_m":154,"consequence_weight":2.08,"idw_subsidence_mm":8.39,"risk_score":0.79,"risk_level":"High"},"geometry":{"type":"Point","coordinates":[86.429958,23.763996]}},{"type":"Feature","properties":{"subsidence_mm":1556.92,"tilt_deg":0.80184,"strain_ue":-434.13,"x_offset_m":-45,"y_offset_m":-30,"source":"NCB_PFM","nearest_asset_distance_m":143,"consequence_weight":2.14,"idw_subsidence_mm":10.06,"risk_score":0.85,"risk_level":"High"},"geometry":{"type":"Point","coordinates":[86.429958,23.764131]}},{"type":"Feature","properties":{"subsidence_mm":1556.92,"tilt_deg":0.80184,"strain_ue":-434.13,"x_offset_m":-45,"y_offset_m":-15,"source":"NCB_PFM","nearest_asset_distance_m":134,"consequence_weight":2.2,"idw_subsidence_mm":10.06,"risk_score":0.854,"risk_level":"High"},"geometry":{"type":"Point","coordinates":[86.429958,23.764265]}},{"type":"Feature","properties":{"subsidence_mm":1556.92,"tilt_deg":0.80184,"strain_ue":-434.13,"x_offset_m":-45,"y_offset_m":0,"source":"NCB_PFM","nearest_asset_distance_m":125,"consequence_weight":2.25,"idw_subsidence_mm":10.06,"risk_score":0.858,"risk_level":"High"},"geometry":{"type":"Point","coordinates":[86.429958,23.7644]}},{"type":"Feature","properties":{"subsidence_mm":1556.92,"tilt_deg":0.80184,"strain_ue":-434.13,"x_offset_m":-45,"y_offset_m":15,"source":"NCB_PFM","nearest_asset_distance_m":118,"consequence_weight":2.29,"idw_subsidence_mm":10.06,"risk_score":0.861,"risk_level":"High"},"geometry":{"type":"Point","coordinates":[86.429958,23.764535]}},{"type":"Feature","properties":{"subsidence_mm":1556.92,"tilt_deg":0.80184,"strain_ue":-434.13,"x_offset_m":-45,"y_offset_m":30,"source":"NCB_PFM","nearest_asset_distance_m":112,"consequence_weight":2.33,"idw_subsidence_mm":10.06,"risk_score":0.863,"risk_level":"High"},"geometry":{"type":"Point","coordinates":[86.429958,23.764669]}},{"type":"Feature","properties":{"subsidence_mm":1556.92,"tilt_deg":0.80184,"strain_ue":-434.13,"x_offset_m":-45,"y_offset_m":45,"source":"NCB_PFM","nearest_asset_distance_m":108,"consequence_weight":2.35,"idw_subsidence_mm":10.06,"risk_score":0.865,"risk_level":"High"},"geometry":{"type":"Point","coordinates":[86.429958,23.764804]}},{"type":"Feature","properties":{"subsidence_mm":1556.92,"tilt_deg":0.80184,"strain_ue":-434.13,"x_offset_m":-45,"y_offset_m":60,"source":"NCB_PFM","nearest_asset_distance_m":106,"consequence_weight":2.36,"idw_subsidence_mm":10.06,"risk_score":0.866,"risk_level":"High"},"geometry":{"type":"Point","coordinates":[86.429958,23.764939]}},{"type":"Feature","properties":{"subsidence_mm":1556.92,"tilt_deg":0.80184,"strain_ue":-434.13,"x_offset_m":-45,"y_offset_m":75,"source":"NCB_PFM","nearest_asset_distance_m":106,"consequence_weight":2.36,"idw_subsidence_mm":10.06,"risk_score":0.866,"risk_level":"High"},"geometry":{"type":"Point","coordinates":[86.429958,23.765074]}},{"type":"Feature","properties":{"subsidence_mm":1556.92,"tilt_deg":0.80184,"strain_ue":-434.13,"x_offset_m":-45,"y_offset_m":90,"source":"NCB_PFM","nearest_asset_distance_m":109,"consequence_weight":2.35,"idw_subsidence_mm":10.06,"risk_score":0.865,"risk_level":"High"},"geometry":{"type":"Point","coordinates":[86.429958,23.765208]}},{"type":"Feature","properties":{"subsidence_mm":1556.92,"tilt_deg":0.80184,"strain_ue":-434.13,"x_offset_m":-45,"y_offset_m":105,"source":"NCB_PFM","nearest_asset_distance_m":113,"consequence_weight":2.32,"idw_subsidence_mm":10.06,"risk_score":0.863,"risk_level":"High"},"geometry":{"type":"Point","coordinates":[86.429958,23.765343]}},{"type":"Feature","properties":{"subsidence_mm":1556.92,"tilt_deg":0.80184,"strain_ue":-434.13,"x_offset_m":-45,"y_offset_m":120,"source":"NCB_PFM","nearest_asset_distance_m":119,"consequence_weight":2.29,"idw_subsidence_mm":10.06,"risk_score":0.861,"risk_level":"High"},"geometry":{"type":"Point","coordinates":[86.429958,23.765478]}},{"type":"Feature","properties":{"subsidence_mm":1556.92,"tilt_deg":0.80184,"strain_ue":-434.13,"x_offset_m":-45,"y_offset_m":135,"source":"NCB_PFM","nearest_asset_distance_m":126,"consequence_weight":2.24,"idw_subsidence_mm":10.06,"risk_score":0.857,"risk_level":"High"},"geometry":{"type":"Point","coordinates":[86.429958,23.765613]}},{"type":"Feature","properties":{"subsidence_mm":1556.92,"tilt_deg":0.80184,"strain_ue":-434.13,"x_offset_m":-45,"y_offset_m":150,"source":"NCB_PFM","nearest_asset_distance_m":135,"consequence_weight":2.19,"idw_subsidence_mm":10.06,"risk_score":0.854,"risk_level":"High"},"geometry":{"type":"Point","coordinates":[86.429958,23.765747]}},{"type":"Feature","properties":{"subsidence_mm":1556.92,"tilt_deg":0.80184,"strain_ue":-434.13,"x_offset_m":-45,"y_offset_m":165,"source":"NCB_PFM","nearest_asset_distance_m":144,"consequence_weight":2.13,"idw_subsidence_mm":10.06,"risk_score":0.849,"risk_level":"High"},"geometry":{"type":"Point","coordinates":[86.429958,23.765882]}},{"type":"Feature","properties":{"subsidence_mm":1556.92,"tilt_deg":0.80184,"strain_ue":-434.13,"x_offset_m":-45,"y_offset_m":180,"source":"NCB_PFM","nearest_asset_distance_m":155,"consequence_weight":2.07,"idw_subsidence_mm":10.06,"risk_score":0.845,"risk_level":"High"},"geometry":{"type":"Point","coordinates":[86.429958,23.766017]}},{"type":"Feature","properties":{"subsidence_mm":1556.92,"tilt_deg":0.80184,"strain_ue":-434.13,"x_offset_m":-45,"y_offset_m":195,"source":"NCB_PFM","nearest_asset_distance_m":166,"consequence_weight":2,"idw_subsidence_mm":10.06,"risk_score":0.84,"risk_level":"High"},"geometry":{"type":"Point","coordinates":[86.429958,23.766152]}},{"type":"Feature","properties":{"subsidence_mm":1556.92,"tilt_deg":0.80184,"strain_ue":-434.13,"x_offset_m":-45,"y_offset_m":210,"source":"NCB_PFM","nearest_asset_distance_m":178,"consequence_weight":1.93,"idw_subsidence_mm":10.06,"risk_score":0.835,"risk_level":"High"},"geometry":{"type":"Point","coordinates":[86.429958,23.766286]}},{"type":"Feature","properties":{"subsidence_mm":1556.92,"tilt_deg":0.80184,"strain_ue":-434.13,"x_offset_m":-45,"y_offset_m":225,"source":"NCB_PFM","nearest_asset_distance_m":190,"consequence_weight":1.86,"idw_subsidence_mm":10.06,"risk_score":0.831,"risk_level":"High"},"geometry":{"type":"Point","coordinates":[86.429958,23.766421]}},{"type":"Feature","properties":{"subsidence_mm":1556.92,"tilt_deg":0.80184,"strain_ue":-434.13,"x_offset_m":-45,"y_offset_m":240,"source":"NCB_PFM","nearest_asset_distance_m":203,"consequence_weight":1.78,"idw_subsidence_mm":10.06,"risk_score":0.825,"risk_level":"High"},"geometry":{"type":"Point","coordinates":[86.429958,23.766556]}},{"type":"Feature","properties":{"subsidence_mm":1556.92,"tilt_deg":0.80184,"strain_ue":-434.13,"x_offset_m":-45,"y_offset_m":255,"source":"NCB_PFM","nearest_asset_distance_m":214,"consequence_weight":1.72,"idw_subsidence_mm":10.06,"risk_score":0.821,"risk_level":"High"},"geometry":{"type":"Point","coordinates":[86.429958,23.766691]}},{"type":"Feature","properties":{"subsidence_mm":1556.92,"tilt_deg":0.80184,"strain_ue":-434.13,"x_offset_m":-45,"y_offset_m":270,"source":"NCB_PFM","nearest_asset_distance_m":219,"consequence_weight":1.68,"idw_subsidence_mm":5.03,"risk_score":0.65,"risk_level":"High"},"geometry":{"type":"Point","coordinates":[86.429958,23.766825]}},{"type":"Feature","properties":{"subsidence_mm":1556.92,"tilt_deg":0.80184,"strain_ue":-434.13,"x_offset_m":-45,"y_offset_m":285,"source":"NCB_PFM","nearest_asset_distance_m":226,"consequence_weight":1.64,"idw_subsidence_mm":5.03,"risk_score":0.648,"risk_level":"High"},"geometry":{"type":"Point","coordinates":[86.429958,23.76696]}},{"type":"Feature","properties":{"subsidence_mm":1556.92,"tilt_deg":0.80184,"strain_ue":-434.13,"x_offset_m":-45,"y_offset_m":300,"source":"NCB_PFM","nearest_asset_distance_m":234,"consequence_weight":1.6,"idw_subsidence_mm":5.03,"risk_score":0.645,"risk_level":"High"},"geometry":{"type":"Point","coordinates":[86.429958,23.767095]}},{"type":"Feature","properties":{"subsidence_mm":1712.14,"tilt_deg":0.438,"strain_ue":-360.48,"x_offset_m":-30,"y_offset_m":-300,"source":"NCB_PFM","nearest_asset_distance_m":328,"consequence_weight":0.69,"idw_subsidence_mm":8.39,"risk_score":0.608,"risk_level":"High"},"geometry":{"type":"Point","coordinates":[86.430106,23.761705]}},{"type":"Feature","properties":{"subsidence_mm":1712.14,"tilt_deg":0.438,"strain_ue":-360.48,"x_offset_m":-30,"y_offset_m":-285,"source":"NCB_PFM","nearest_asset_distance_m":322,"consequence_weight":0.71,"idw_subsidence_mm":8.39,"risk_score":0.609,"risk_level":"High"},"geometry":{"type":"Point","coordinates":[86.430106,23.76184]}},{"type":"Feature","properties":{"subsidence_mm":1712.14,"tilt_deg":0.438,"strain_ue":-360.48,"x_offset_m":-30,"y_offset_m":-270,"source":"NCB_PFM","nearest_asset_distance_m":316,"consequence_weight":0.74,"idw_subsidence_mm":8.39,"risk_score":0.612,"risk_level":"High"},"geometry":{"type":"Point","coordinates":[86.430106,23.761975]}},{"type":"Feature","properties":{"subsidence_mm":1712.14,"tilt_deg":0.438,"strain_ue":-360.48,"x_offset_m":-30,"y_offset_m":-255,"source":"NCB_PFM","nearest_asset_distance_m":311,"consequence_weight":0.76,"idw_subsidence_mm":8.39,"risk_score":0.613,"risk_level":"High"},"geometry":{"type":"Point","coordinates":[86.430106,23.762109]}},{"type":"Feature","properties":{"subsidence_mm":1712.14,"tilt_deg":0.438,"strain_ue":-360.48,"x_offset_m":-30,"y_offset_m":-240,"source":"NCB_PFM","nearest_asset_distance_m":306,"consequence_weight":0.77,"idw_subsidence_mm":8.39,"risk_score":0.614,"risk_level":"High"},"geometry":{"type":"Point","coordinates":[86.430106,23.762244]}},{"type":"Feature","properties":{"subsidence_mm":1712.14,"tilt_deg":0.438,"strain_ue":-360.48,"x_offset_m":-30,"y_offset_m":-225,"source":"NCB_PFM","nearest_asset_distance_m":303,"consequence_weight":0.79,"idw_subsidence_mm":8.39,"risk_score":0.615,"risk_level":"High"},"geometry":{"type":"Point","coordinates":[86.430106,23.762379]}},{"type":"Feature","properties":{"subsidence_mm":1712.14,"tilt_deg":0.438,"strain_ue":-360.48,"x_offset_m":-30,"y_offset_m":-210,"source":"NCB_PFM","nearest_asset_distance_m":291,"consequence_weight":1.25,"idw_subsidence_mm":8.39,"risk_score":0.647,"risk_level":"High"},"geometry":{"type":"Point","coordinates":[86.430106,23.762514]}},{"type":"Feature","properties":{"subsidence_mm":1712.14,"tilt_deg":0.438,"strain_ue":-360.48,"x_offset_m":-30,"y_offset_m":-195,"source":"NCB_PFM","nearest_asset_distance_m":277,"consequence_weight":1.34,"idw_subsidence_mm":8.39,"risk_score":0.654,"risk_level":"High"},"geometry":{"type":"Point","coordinates":[86.430106,23.762648]}},{"type":"Feature","properties":{"subsidence_mm":1712.14,"tilt_deg":0.438,"strain_ue":-360.48,"x_offset_m":-30,"y_offset_m":-180,"source":"NCB_PFM","nearest_asset_distance_m":263,"consequence_weight":1.42,"idw_subsidence_mm":8.39,"risk_score":0.659,"risk_level":"High"},"geometry":{"type":"Point","coordinates":[86.430106,23.762783]}},{"type":"Feature","properties":{"subsidence_mm":1712.14,"tilt_deg":0.438,"strain_ue":-360.48,"x_offset_m":-30,"y_offset_m":-165,"source":"NCB_PFM","nearest_asset_distance_m":249,"consequence_weight":1.51,"idw_subsidence_mm":8.39,"risk_score":0.666,"risk_level":"High"},"geometry":{"type":"Point","coordinates":[86.430106,23.762918]}},{"type":"Feature","properties":{"subsidence_mm":1712.14,"tilt_deg":0.438,"strain_ue":-360.48,"x_offset_m":-30,"y_offset_m":-150,"source":"NCB_PFM","nearest_asset_distance_m":235,"consequence_weight":1.59,"idw_subsidence_mm":8.39,"risk_score":0.671,"risk_level":"High"},"geometry":{"type":"Point","coordinates":[86.430106,23.763053]}},{"type":"Feature","properties":{"subsidence_mm":1712.14,"tilt_deg":0.438,"strain_ue":-360.48,"x_offset_m":-30,"y_offset_m":-135,"source":"NCB_PFM","nearest_asset_distance_m":221,"consequence_weight":1.67,"idw_subsidence_mm":8.39,"risk_score":0.677,"risk_level":"High"},"geometry":{"type":"Point","coordinates":[86.430106,23.763187]}},{"type":"Feature","properties":{"subsidence_mm":1712.14,"tilt_deg":0.438,"strain_ue":-360.48,"x_offset_m":-30,"y_offset_m":-120,"source":"NCB_PFM","nearest_asset_distance_m":208,"consequence_weight":1.75,"idw_subsidence_mm":8.39,"risk_score":0.682,"risk_level":"High"},"geometry":{"type":"Point","coordinates":[86.430106,23.763322]}},{"type":"Feature","properties":{"subsidence_mm":1712.14,"tilt_deg":0.438,"strain_ue":-360.48,"x_offset_m":-30,"y_offset_m":-105,"source":"NCB_PFM","nearest_asset_distance_m":194,"consequence_weight":1.83,"idw_subsidence_mm":8.39,"risk_score":0.688,"risk_level":"High"},"geometry":{"type":"Point","coordinates":[86.430106,23.763457]}},{"type":"Feature","properties":{"subsidence_mm":1712.14,"tilt_deg":0.438,"strain_ue":-360.48,"x_offset_m":-30,"y_offset_m":-90,"source":"NCB_PFM","nearest_asset_distance_m":181,"consequence_weight":1.91,"idw_subsidence_mm":8.39,"risk_score":0.694,"risk_level":"High"},"geometry":{"type":"Point","coordinates":[86.430106,23.763592]}},{"type":"Feature","properties":{"subsidence_mm":1712.14,"tilt_deg":0.438,"strain_ue":-360.48,"x_offset_m":-30,"y_offset_m":-75,"source":"NCB_PFM","nearest_asset_distance_m":168,"consequence_weight":1.99,"idw_subsidence_mm":8.39,"risk_score":0.699,"risk_level":"High"},"geometry":{"type":"Point","coordinates":[86.430106,23.763726]}},{"type":"Feature","properties":{"subsidence_mm":1712.14,"tilt_deg":0.438,"strain_ue":-360.48,"x_offset_m":-30,"y_offset_m":-60,"source":"NCB_PFM","nearest_asset_distance_m":156,"consequence_weight":2.06,"idw_subsidence_mm":8.39,"risk_score":0.704,"risk_level":"High"},"geometry":{"type":"Point","coordinates":[86.430106,23.763861]}},{"type":"Feature","properties":{"subsidence_mm":1712.14,"tilt_deg":0.438,"strain_ue":-360.48,"x_offset_m":-30,"y_offset_m":-45,"source":"NCB_PFM","nearest_asset_distance_m":144,"consequence_weight":2.14,"idw_subsidence_mm":8.39,"risk_score":0.71,"risk_level":"High"},"geometry":{"type":"Point","coordinates":[86.430106,23.763996]}},{"type":"Feature","properties":{"subsidence_mm":1712.14,"tilt_deg":0.438,"strain_ue":-360.48,"x_offset_m":-30,"y_offset_m":-30,"source":"NCB_PFM","nearest_asset_distance_m":133,"consequence_weight":2.2,"idw_subsidence_mm":10.06,"risk_score":0.77,"risk_level":"High"},"geometry":{"type":"Point","coordinates":[86.430106,23.764131]}},{"type":"Feature","properties":{"subsidence_mm":1712.14,"tilt_deg":0.438,"strain_ue":-360.48,"x_offset_m":-30,"y_offset_m":-15,"source":"NCB_PFM","nearest_asset_distance_m":122,"consequence_weight":2.27,"idw_subsidence_mm":10.06,"risk_score":0.774,"risk_level":"High"},"geometry":{"type":"Point","coordinates":[86.430106,23.764265]}},{"type":"Feature","properties":{"subsidence_mm":1712.14,"tilt_deg":0.438,"strain_ue":-360.48,"x_offset_m":-30,"y_offset_m":0,"source":"NCB_PFM","nearest_asset_distance_m":113,"consequence_weight":2.32,"idw_subsidence_mm":10.06,"risk_score":0.778,"risk_level":"High"},"geometry":{"type":"Point","coordinates":[86.430106,23.7644]}},{"type":"Feature","properties":{"subsidence_mm":1712.14,"tilt_deg":0.438,"strain_ue":-360.48,"x_offset_m":-30,"y_offset_m":15,"source":"NCB_PFM","nearest_asset_distance_m":105,"consequence_weight":2.37,"idw_subsidence_mm":10.06,"risk_score":0.781,"risk_level":"High"},"geometry":{"type":"Point","coordinates":[86.430106,23.764535]}},{"type":"Feature","properties":{"subsidence_mm":1712.14,"tilt_deg":0.438,"strain_ue":-360.48,"x_offset_m":-30,"y_offset_m":30,"source":"NCB_PFM","nearest_asset_distance_m":98,"consequence_weight":2.41,"idw_subsidence_mm":10.06,"risk_score":0.784,"risk_level":"High"},"geometry":{"type":"Point","coordinates":[86.430106,23.764669]}},{"type":"Feature","properties":{"subsidence_mm":1712.14,"tilt_deg":0.438,"strain_ue":-360.48,"x_offset_m":-30,"y_offset_m":45,"source":"NCB_PFM","nearest_asset_distance_m":94,"consequence_weight":2.44,"idw_subsidence_mm":10.06,"risk_score":0.786,"risk_level":"High"},"geometry":{"type":"Point","coordinates":[86.430106,23.764804]}},{"type":"Feature","properties":{"subsidence_mm":1712.14,"tilt_deg":0.438,"strain_ue":-360.48,"x_offset_m":-30,"y_offset_m":60,"source":"NCB_PFM","nearest_asset_distance_m":91,"consequence_weight":2.45,"idw_subsidence_mm":10.06,"risk_score":0.787,"risk_level":"High"},"geometry":{"type":"Point","coordinates":[86.430106,23.764939]}},{"type":"Feature","properties":{"subsidence_mm":1712.14,"tilt_deg":0.438,"strain_ue":-360.48,"x_offset_m":-30,"y_offset_m":75,"source":"NCB_PFM","nearest_asset_distance_m":91,"consequence_weight":2.45,"idw_subsidence_mm":10.06,"risk_score":0.787,"risk_level":"High"},"geometry":{"type":"Point","coordinates":[86.430106,23.765074]}},{"type":"Feature","properties":{"subsidence_mm":1712.14,"tilt_deg":0.438,"strain_ue":-360.48,"x_offset_m":-30,"y_offset_m":90,"source":"NCB_PFM","nearest_asset_distance_m":94,"consequence_weight":2.44,"idw_subsidence_mm":10.06,"risk_score":0.786,"risk_level":"High"},"geometry":{"type":"Point","coordinates":[86.430106,23.765208]}},{"type":"Feature","properties":{"subsidence_mm":1712.14,"tilt_deg":0.438,"strain_ue":-360.48,"x_offset_m":-30,"y_offset_m":105,"source":"NCB_PFM","nearest_asset_distance_m":99,"consequence_weight":2.41,"idw_subsidence_mm":10.06,"risk_score":0.784,"risk_level":"High"},"geometry":{"type":"Point","coordinates":[86.430106,23.765343]}},{"type":"Feature","properties":{"subsidence_mm":1712.14,"tilt_deg":0.438,"strain_ue":-360.48,"x_offset_m":-30,"y_offset_m":120,"source":"NCB_PFM","nearest_asset_distance_m":105,"consequence_weight":2.37,"idw_subsidence_mm":10.06,"risk_score":0.781,"risk_level":"High"},"geometry":{"type":"Point","coordinates":[86.430106,23.765478]}},{"type":"Feature","properties":{"subsidence_mm":1712.14,"tilt_deg":0.438,"strain_ue":-360.48,"x_offset_m":-30,"y_offset_m":135,"source":"NCB_PFM","nearest_asset_distance_m":114,"consequence_weight":2.32,"idw_subsidence_mm":10.06,"risk_score":0.778,"risk_level":"High"},"geometry":{"type":"Point","coordinates":[86.430106,23.765613]}},{"type":"Feature","properties":{"subsidence_mm":1712.14,"tilt_deg":0.438,"strain_ue":-360.48,"x_offset_m":-30,"y_offset_m":150,"source":"NCB_PFM","nearest_asset_distance_m":123,"consequence_weight":2.26,"idw_subsidence_mm":10.06,"risk_score":0.774,"risk_level":"High"},"geometry":{"type":"Point","coordinates":[86.430106,23.765747]}},{"type":"Feature","properties":{"subsidence_mm":1712.14,"tilt_deg":0.438,"strain_ue":-360.48,"x_offset_m":-30,"y_offset_m":165,"source":"NCB_PFM","nearest_asset_distance_m":134,"consequence_weight":2.2,"idw_subsidence_mm":10.06,"risk_score":0.77,"risk_level":"High"},"geometry":{"type":"Point","coordinates":[86.430106,23.765882]}},{"type":"Feature","properties":{"subsidence_mm":1712.14,"tilt_deg":0.438,"strain_ue":-360.48,"x_offset_m":-30,"y_offset_m":180,"source":"NCB_PFM","nearest_asset_distance_m":145,"consequence_weight":2.13,"idw_subsidence_mm":10.06,"risk_score":0.765,"risk_level":"High"},"geometry":{"type":"Point","coordinates":[86.430106,23.766017]}},{"type":"Feature","properties":{"subsidence_mm":1712.14,"tilt_deg":0.438,"strain_ue":-360.48,"x_offset_m":-30,"y_offset_m":195,"source":"NCB_PFM","nearest_asset_distance_m":157,"consequence_weight":2.06,"idw_subsidence_mm":10.06,"risk_score":0.76,"risk_level":"High"},"geometry":{"type":"Point","coordinates":[86.430106,23.766152]}},{"type":"Feature","properties":{"subsidence_mm":1712.14,"tilt_deg":0.438,"strain_ue":-360.48,"x_offset_m":-30,"y_offset_m":210,"source":"NCB_PFM","nearest_asset_distance_m":169,"consequence_weight":1.98,"idw_subsidence_mm":10.06,"risk_score":0.754,"risk_level":"High"},"geometry":{"type":"Point","coordinates":[86.430106,23.766286]}},{"type":"Feature","properties":{"subsidence_mm":1712.14,"tilt_deg":0.438,"strain_ue":-360.48,"x_offset_m":-30,"y_offset_m":225,"source":"NCB_PFM","nearest_asset_distance_m":182,"consequence_weight":1.91,"idw_subsidence_mm":10.06,"risk_score":0.749,"risk_level":"High"},"geometry":{"type":"Point","coordinates":[86.430106,23.766421]}},{"type":"Feature","properties":{"subsidence_mm":1712.14,"tilt_deg":0.438,"strain_ue":-360.48,"x_offset_m":-30,"y_offset_m":240,"source":"NCB_PFM","nearest_asset_distance_m":195,"consequence_weight":1.83,"idw_subsidence_mm":10.06,"risk_score":0.744,"risk_level":"High"},"geometry":{"type":"Point","coordinates":[86.430106,23.766556]}},{"type":"Feature","properties":{"subsidence_mm":1712.14,"tilt_deg":0.438,"strain_ue":-360.48,"x_offset_m":-30,"y_offset_m":255,"source":"NCB_PFM","nearest_asset_distance_m":209,"consequence_weight":1.75,"idw_subsidence_mm":10.06,"risk_score":0.738,"risk_level":"High"},"geometry":{"type":"Point","coordinates":[86.430106,23.766691]}},{"type":"Feature","properties":{"subsidence_mm":1712.14,"tilt_deg":0.438,"strain_ue":-360.48,"x_offset_m":-30,"y_offset_m":270,"source":"NCB_PFM","nearest_asset_distance_m":222,"consequence_weight":1.67,"idw_subsidence_mm":5.03,"risk_score":0.565,"risk_level":"Medium"},"geometry":{"type":"Point","coordinates":[86.430106,23.766825]}},{"type":"Feature","properties":{"subsidence_mm":1712.14,"tilt_deg":0.438,"strain_ue":-360.48,"x_offset_m":-30,"y_offset_m":285,"source":"NCB_PFM","nearest_asset_distance_m":236,"consequence_weight":1.58,"idw_subsidence_mm":5.03,"risk_score":0.559,"risk_level":"Medium"},"geometry":{"type":"Point","coordinates":[86.430106,23.76696]}},{"type":"Feature","properties":{"subsidence_mm":1712.14,"tilt_deg":0.438,"strain_ue":-360.48,"x_offset_m":-30,"y_offset_m":300,"source":"NCB_PFM","nearest_asset_distance_m":246,"consequence_weight":1.52,"idw_subsidence_mm":5.03,"risk_score":0.554,"risk_level":"Medium"},"geometry":{"type":"Point","coordinates":[86.430106,23.767095]}},{"type":"Feature","properties":{"subsidence_mm":1786.26,"tilt_deg":0.18222,"strain_ue":-254.82,"x_offset_m":-15,"y_offset_m":-300,"source":"NCB_PFM","nearest_asset_distance_m":314,"consequence_weight":0.74,"idw_subsidence_mm":8.39,"risk_score":0.49,"risk_level":"Medium"},"geometry":{"type":"Point","coordinates":[86.430253,23.761705]}},{"type":"Feature","properties":{"subsidence_mm":1786.26,"tilt_deg":0.18222,"strain_ue":-254.82,"x_offset_m":-15,"y_offset_m":-285,"source":"NCB_PFM","nearest_asset_distance_m":308,"consequence_weight":0.77,"idw_subsidence_mm":8.39,"risk_score":0.492,"risk_level":"Medium"},"geometry":{"type":"Point","coordinates":[86.430253,23.76184]}},{"type":"Feature","properties":{"subsidence_mm":1786.26,"tilt_deg":0.18222,"strain_ue":-254.82,"x_offset_m":-15,"y_offset_m":-270,"source":"NCB_PFM","nearest_asset_distance_m":302,"consequence_weight":0.79,"idw_subsidence_mm":8.39,"risk_score":0.493,"risk_level":"Medium"},"geometry":{"type":"Point","coordinates":[86.430253,23.761975]}},{"type":"Feature","properties":{"subsidence_mm":1786.26,"tilt_deg":0.18222,"strain_ue":-254.82,"x_offset_m":-15,"y_offset_m":-255,"source":"NCB_PFM","nearest_asset_distance_m":297,"consequence_weight":0.81,"idw_subsidence_mm":8.39,"risk_score":0.495,"risk_level":"Medium"},"geometry":{"type":"Point","coordinates":[86.430253,23.762109]}},{"type":"Feature","properties":{"subsidence_mm":1786.26,"tilt_deg":0.18222,"strain_ue":-254.82,"x_offset_m":-15,"y_offset_m":-240,"source":"NCB_PFM","nearest_asset_distance_m":292,"consequence_weight":0.83,"idw_subsidence_mm":8.39,"risk_score":0.496,"risk_level":"Medium"},"geometry":{"type":"Point","coordinates":[86.430253,23.762244]}},{"type":"Feature","properties":{"subsidence_mm":1786.26,"tilt_deg":0.18222,"strain_ue":-254.82,"x_offset_m":-15,"y_offset_m":-225,"source":"NCB_PFM","nearest_asset_distance_m":288,"consequence_weight":0.85,"idw_subsidence_mm":8.39,"risk_score":0.498,"risk_level":"Medium"},"geometry":{"type":"Point","coordinates":[86.430253,23.762379]}},{"type":"Feature","properties":{"subsidence_mm":1786.26,"tilt_deg":0.18222,"strain_ue":-254.82,"x_offset_m":-15,"y_offset_m":-210,"source":"NCB_PFM","nearest_asset_distance_m":285,"consequence_weight":0.86,"idw_subsidence_mm":8.39,"risk_score":0.498,"risk_level":"Medium"},"geometry":{"type":"Point","coordinates":[86.430253,23.762514]}},{"type":"Feature","properties":{"subsidence_mm":1786.26,"tilt_deg":0.18222,"strain_ue":-254.82,"x_offset_m":-15,"y_offset_m":-195,"source":"NCB_PFM","nearest_asset_distance_m":272,"consequence_weight":1.37,"idw_subsidence_mm":8.39,"risk_score":0.534,"risk_level":"Medium"},"geometry":{"type":"Point","coordinates":[86.430253,23.762648]}},{"type":"Feature","properties":{"subsidence_mm":1786.26,"tilt_deg":0.18222,"strain_ue":-254.82,"x_offset_m":-15,"y_offset_m":-180,"source":"NCB_PFM","nearest_asset_distance_m":258,"consequence_weight":1.45,"idw_subsidence_mm":8.39,"risk_score":0.54,"risk_level":"Medium"},"geometry":{"type":"Point","coordinates":[86.430253,23.762783]}},{"type":"Feature","properties":{"subsidence_mm":1786.26,"tilt_deg":0.18222,"strain_ue":-254.82,"x_offset_m":-15,"y_offset_m":-165,"source":"NCB_PFM","nearest_asset_distance_m":244,"consequence_weight":1.54,"idw_subsidence_mm":8.39,"risk_score":0.546,"risk_level":"Medium"},"geometry":{"type":"Point","coordinates":[86.430253,23.762918]}},{"type":"Feature","properties":{"subsidence_mm":1786.26,"tilt_deg":0.18222,"strain_ue":-254.82,"x_offset_m":-15,"y_offset_m":-150,"source":"NCB_PFM","nearest_asset_distance_m":229,"consequence_weight":1.62,"idw_subsidence_mm":8.39,"risk_score":0.552,"risk_level":"Medium"},"geometry":{"type":"Point","coordinates":[86.430253,23.763053]}},{"type":"Feature","properties":{"subsidence_mm":1786.26,"tilt_deg":0.18222,"strain_ue":-254.82,"x_offset_m":-15,"y_offset_m":-135,"source":"NCB_PFM","nearest_asset_distance_m":215,"consequence_weight":1.71,"idw_subsidence_mm":8.39,"risk_score":0.558,"risk_level":"Medium"},"geometry":{"type":"Point","coordinates":[86.430253,23.763187]}},{"type":"Feature","properties":{"subsidence_mm":1786.26,"tilt_deg":0.18222,"strain_ue":-254.82,"x_offset_m":-15,"y_offset_m":-120,"source":"NCB_PFM","nearest_asset_distance_m":201,"consequence_weight":1.79,"idw_subsidence_mm":8.39,"risk_score":0.564,"risk_level":"Medium"},"geometry":{"type":"Point","coordinates":[86.430253,23.763322]}},{"type":"Feature","properties":{"subsidence_mm":1786.26,"tilt_deg":0.18222,"strain_ue":-254.82,"x_offset_m":-15,"y_offset_m":-105,"source":"NCB_PFM","nearest_asset_distance_m":188,"consequence_weight":1.87,"idw_subsidence_mm":8.39,"risk_score":0.569,"risk_level":"Medium"},"geometry":{"type":"Point","coordinates":[86.430253,23.763457]}},{"type":"Feature","properties":{"subsidence_mm":1786.26,"tilt_deg":0.18222,"strain_ue":-254.82,"x_offset_m":-15,"y_offset_m":-90,"source":"NCB_PFM","nearest_asset_distance_m":174,"consequence_weight":1.96,"idw_subsidence_mm":8.39,"risk_score":0.575,"risk_level":"Medium"},"geometry":{"type":"Point","coordinates":[86.430253,23.763592]}},{"type":"Feature","properties":{"subsidence_mm":1786.26,"tilt_deg":0.18222,"strain_ue":-254.82,"x_offset_m":-15,"y_offset_m":-75,"source":"NCB_PFM","nearest_asset_distance_m":161,"consequence_weight":2.04,"idw_subsidence_mm":8.39,"risk_score":0.581,"risk_level":"Medium"},"geometry":{"type":"Point","coordinates":[86.430253,23.763726]}},{"type":"Feature","properties":{"subsidence_mm":1786.26,"tilt_deg":0.18222,"strain_ue":-254.82,"x_offset_m":-15,"y_offset_m":-60,"source":"NCB_PFM","nearest_asset_distance_m":148,"consequence_weight":2.11,"idw_subsidence_mm":8.39,"risk_score":0.586,"risk_level":"Medium"},"geometry":{"type":"Point","coordinates":[86.430253,23.763861]}},{"type":"Feature","properties":{"subsidence_mm":1786.26,"tilt_deg":0.18222,"strain_ue":-254.82,"x_offset_m":-15,"y_offset_m":-45,"source":"NCB_PFM","nearest_asset_distance_m":135,"consequence_weight":2.19,"idw_subsidence_mm":8.39,"risk_score":0.592,"risk_level":"Medium"},"geometry":{"type":"Point","coordinates":[86.430253,23.763996]}},{"type":"Feature","properties":{"subsidence_mm":1786.26,"tilt_deg":0.18222,"strain_ue":-254.82,"x_offset_m":-15,"y_offset_m":-30,"source":"NCB_PFM","nearest_asset_distance_m":123,"consequence_weight":2.26,"idw_subsidence_mm":10.06,"risk_score":0.652,"risk_level":"High"},"geometry":{"type":"Point","coordinates":[86.430253,23.764131]}},{"type":"Feature","properties":{"subsidence_mm":1786.26,"tilt_deg":0.18222,"strain_ue":-254.82,"x_offset_m":-15,"y_offset_m":-15,"source":"NCB_PFM","nearest_asset_distance_m":112,"consequence_weight":2.33,"idw_subsidence_mm":10.06,"risk_score":0.657,"risk_level":"High"},"geometry":{"type":"Point","coordinates":[86.430253,23.764265]}},{"type":"Feature","properties":{"subsidence_mm":1786.26,"tilt_deg":0.18222,"strain_ue":-254.82,"x_offset_m":-15,"y_offset_m":0,"source":"NCB_PFM","nearest_asset_distance_m":101,"consequence_weight":2.39,"idw_subsidence_mm":10.06,"risk_score":0.661,"risk_level":"High"},"geometry":{"type":"Point","coordinates":[86.430253,23.7644]}},{"type":"Feature","properties":{"subsidence_mm":1786.26,"tilt_deg":0.18222,"strain_ue":-254.82,"x_offset_m":-15,"y_offset_m":15,"source":"NCB_PFM","nearest_asset_distance_m":92,"consequence_weight":2.45,"idw_subsidence_mm":10.06,"risk_score":0.665,"risk_level":"High"},"geometry":{"type":"Point","coordinates":[86.430253,23.764535]}},{"type":"Feature","properties":{"subsidence_mm":1786.26,"tilt_deg":0.18222,"strain_ue":-254.82,"x_offset_m":-15,"y_offset_m":30,"source":"NCB_PFM","nearest_asset_distance_m":84,"consequence_weight":2.49,"idw_subsidence_mm":10.06,"risk_score":0.668,"risk_level":"High"},"geometry":{"type":"Point","coordinates":[86.430253,23.764669]}},{"type":"Feature","properties":{"subsidence_mm":1786.26,"tilt_deg":0.18222,"strain_ue":-254.82,"x_offset_m":-15,"y_offset_m":45,"source":"NCB_PFM","nearest_asset_distance_m":79,"consequence_weight":2.53,"idw_subsidence_mm":10.06,"risk_score":0.671,"risk_level":"High"},"geometry":{"type":"Point","coordinates":[86.430253,23.764804]}},{"type":"Feature","properties":{"subsidence_mm":1786.26,"tilt_deg":0.18222,"strain_ue":-254.82,"x_offset_m":-15,"y_offset_m":60,"source":"NCB_PFM","nearest_asset_distance_m":76,"consequence_weight":2.54,"idw_subsidence_mm":10.06,"risk_score":0.672,"risk_level":"High"},"geometry":{"type":"Point","coordinates":[86.430253,23.764939]}},{"type":"Feature","properties":{"subsidence_mm":1786.26,"tilt_deg":0.18222,"strain_ue":-254.82,"x_offset_m":-15,"y_offset_m":75,"source":"NCB_PFM","nearest_asset_distance_m":76,"consequence_weight":2.54,"idw_subsidence_mm":10.06,"risk_score":0.672,"risk_level":"High"},"geometry":{"type":"Point","coordinates":[86.430253,23.765074]}},{"type":"Feature","properties":{"subsidence_mm":1786.26,"tilt_deg":0.18222,"strain_ue":-254.82,"x_offset_m":-15,"y_offset_m":90,"source":"NCB_PFM","nearest_asset_distance_m":79,"consequence_weight":2.52,"idw_subsidence_mm":10.06,"risk_score":0.67,"risk_level":"High"},"geometry":{"type":"Point","coordinates":[86.430253,23.765208]}},{"type":"Feature","properties":{"subsidence_mm":1786.26,"tilt_deg":0.18222,"strain_ue":-254.82,"x_offset_m":-15,"y_offset_m":105,"source":"NCB_PFM","nearest_asset_distance_m":85,"consequence_weight":2.49,"idw_subsidence_mm":10.06,"risk_score":0.668,"risk_level":"High"},"geometry":{"type":"Point","coordinates":[86.430253,23.765343]}},{"type":"Feature","properties":{"subsidence_mm":1786.26,"tilt_deg":0.18222,"strain_ue":-254.82,"x_offset_m":-15,"y_offset_m":120,"source":"NCB_PFM","nearest_asset_distance_m":93,"consequence_weight":2.44,"idw_subsidence_mm":10.06,"risk_score":0.665,"risk_level":"High"},"geometry":{"type":"Point","coordinates":[86.430253,23.765478]}},{"type":"Feature","properties":{"subsidence_mm":1786.26,"tilt_deg":0.18222,"strain_ue":-254.82,"x_offset_m":-15,"y_offset_m":135,"source":"NCB_PFM","nearest_asset_distance_m":102,"consequence_weight":2.39,"idw_subsidence_mm":10.06,"risk_score":0.661,"risk_level":"High"},"geometry":{"type":"Point","coordinates":[86.430253,23.765613]}},{"type":"Feature","properties":{"subsidence_mm":1786.26,"tilt_deg":0.18222,"strain_ue":-254.82,"x_offset_m":-15,"y_offset_m":150,"source":"NCB_PFM","nearest_asset_distance_m":113,"consequence_weight":2.32,"idw_subsidence_mm":10.06,"risk_score":0.656,"risk_level":"High"},"geometry":{"type":"Point","coordinates":[86.430253,23.765747]}},{"type":"Feature","properties":{"subsidence_mm":1786.26,"tilt_deg":0.18222,"strain_ue":-254.82,"x_offset_m":-15,"y_offset_m":165,"source":"NCB_PFM","nearest_asset_distance_m":124,"consequence_weight":2.26,"idw_subsidence_mm":10.06,"risk_score":0.652,"risk_level":"High"},"geometry":{"type":"Point","coordinates":[86.430253,23.765882]}},{"type":"Feature","properties":{"subsidence_mm":1786.26,"tilt_deg":0.18222,"strain_ue":-254.82,"x_offset_m":-15,"y_offset_m":180,"source":"NCB_PFM","nearest_asset_distance_m":136,"consequence_weight":2.18,"idw_subsidence_mm":10.06,"risk_score":0.646,"risk_level":"High"},"geometry":{"type":"Point","coordinates":[86.430253,23.766017]}},{"type":"Feature","properties":{"subsidence_mm":1786.26,"tilt_deg":0.18222,"strain_ue":-254.82,"x_offset_m":-15,"y_offset_m":195,"source":"NCB_PFM","nearest_asset_distance_m":149,"consequence_weight":2.11,"idw_subsidence_mm":10.06,"risk_score":0.642,"risk_level":"High"},"geometry":{"type":"Point","coordinates":[86.430253,23.766152]}},{"type":"Feature","properties":{"subsidence_mm":1786.26,"tilt_deg":0.18222,"strain_ue":-254.82,"x_offset_m":-15,"y_offset_m":210,"source":"NCB_PFM","nearest_asset_distance_m":162,"consequence_weight":2.03,"idw_subsidence_mm":10.06,"risk_score":0.636,"risk_level":"High"},"geometry":{"type":"Point","coordinates":[86.430253,23.766286]}},{"type":"Feature","properties":{"subsidence_mm":1786.26,"tilt_deg":0.18222,"strain_ue":-254.82,"x_offset_m":-15,"y_offset_m":225,"source":"NCB_PFM","nearest_asset_distance_m":175,"consequence_weight":1.95,"idw_subsidence_mm":10.06,"risk_score":0.63,"risk_level":"High"},"geometry":{"type":"Point","coordinates":[86.430253,23.766421]}},{"type":"Feature","properties":{"subsidence_mm":1786.26,"tilt_deg":0.18222,"strain_ue":-254.82,"x_offset_m":-15,"y_offset_m":240,"source":"NCB_PFM","nearest_asset_distance_m":189,"consequence_weight":1.87,"idw_subsidence_mm":10.06,"risk_score":0.625,"risk_level":"High"},"geometry":{"type":"Point","coordinates":[86.430253,23.766556]}},{"type":"Feature","properties":{"subsidence_mm":1786.26,"tilt_deg":0.18222,"strain_ue":-254.82,"x_offset_m":-15,"y_offset_m":255,"source":"NCB_PFM","nearest_asset_distance_m":203,"consequence_weight":1.78,"idw_subsidence_mm":10.06,"risk_score":0.618,"risk_level":"High"},"geometry":{"type":"Point","coordinates":[86.430253,23.766691]}},{"type":"Feature","properties":{"subsidence_mm":1786.26,"tilt_deg":0.18222,"strain_ue":-254.82,"x_offset_m":-15,"y_offset_m":270,"source":"NCB_PFM","nearest_asset_distance_m":217,"consequence_weight":1.7,"idw_subsidence_mm":5.03,"risk_score":0.445,"risk_level":"Medium"},"geometry":{"type":"Point","coordinates":[86.430253,23.766825]}},{"type":"Feature","properties":{"subsidence_mm":1786.26,"tilt_deg":0.18222,"strain_ue":-254.82,"x_offset_m":-15,"y_offset_m":285,"source":"NCB_PFM","nearest_asset_distance_m":231,"consequence_weight":1.62,"idw_subsidence_mm":5.03,"risk_score":0.44,"risk_level":"Medium"},"geometry":{"type":"Point","coordinates":[86.430253,23.76696]}},{"type":"Feature","properties":{"subsidence_mm":1786.26,"tilt_deg":0.18222,"strain_ue":-254.82,"x_offset_m":-15,"y_offset_m":300,"source":"NCB_PFM","nearest_asset_distance_m":245,"consequence_weight":1.53,"idw_subsidence_mm":5.03,"risk_score":0.433,"risk_level":"Medium"},"geometry":{"type":"Point","coordinates":[86.430253,23.767095]}},{"type":"Feature","properties":{"subsidence_mm":1807.55,"tilt_deg":0,"strain_ue":-212.02,"x_offset_m":0,"y_offset_m":-300,"source":"NCB_PFM","nearest_asset_distance_m":301,"consequence_weight":0.8,"idw_subsidence_mm":8.39,"risk_score":0.445,"risk_level":"Medium"},"geometry":{"type":"Point","coordinates":[86.4304,23.761705]}},{"type":"Feature","properties":{"subsidence_mm":1807.55,"tilt_deg":0,"strain_ue":-212.02,"x_offset_m":0,"y_offset_m":-285,"source":"NCB_PFM","nearest_asset_distance_m":294,"consequence_weight":0.82,"idw_subsidence_mm":8.39,"risk_score":0.446,"risk_level":"Medium"},"geometry":{"type":"Point","coordinates":[86.4304,23.76184]}},{"type":"Feature","properties":{"subsidence_mm":1807.55,"tilt_deg":0,"strain_ue":-212.02,"x_offset_m":0,"y_offset_m":-270,"source":"NCB_PFM","nearest_asset_distance_m":288,"consequence_weight":0.85,"idw_subsidence_mm":8.39,"risk_score":0.448,"risk_level":"Medium"},"geometry":{"type":"Point","coordinates":[86.4304,23.761975]}},{"type":"Feature","properties":{"subsidence_mm":1807.55,"tilt_deg":0,"strain_ue":-212.02,"x_offset_m":0,"y_offset_m":-255,"source":"NCB_PFM","nearest_asset_distance_m":283,"consequence_weight":0.87,"idw_subsidence_mm":8.39,"risk_score":0.45,"risk_level":"Medium"},"geometry":{"type":"Point","coordinates":[86.4304,23.762109]}},{"type":"Feature","properties":{"subsidence_mm":1807.55,"tilt_deg":0,"strain_ue":-212.02,"x_offset_m":0,"y_offset_m":-240,"source":"NCB_PFM","nearest_asset_distance_m":278,"consequence_weight":0.89,"idw_subsidence_mm":8.39,"risk_score":0.451,"risk_level":"Medium"},"geometry":{"type":"Point","coordinates":[86.4304,23.762244]}},{"type":"Feature","properties":{"subsidence_mm":1807.55,"tilt_deg":0,"strain_ue":-212.02,"x_offset_m":0,"y_offset_m":-225,"source":"NCB_PFM","nearest_asset_distance_m":273,"consequence_weight":0.91,"idw_subsidence_mm":8.39,"risk_score":0.452,"risk_level":"Medium"},"geometry":{"type":"Point","coordinates":[86.4304,23.762379]}},{"type":"Feature","properties":{"subsidence_mm":1807.55,"tilt_deg":0,"strain_ue":-212.02,"x_offset_m":0,"y_offset_m":-210,"source":"NCB_PFM","nearest_asset_distance_m":270,"consequence_weight":0.92,"idw_subsidence_mm":8.39,"risk_score":0.453,"risk_level":"Medium"},"geometry":{"type":"Point","coordinates":[86.4304,23.762514]}},{"type":"Feature","properties":{"subsidence_mm":1807.55,"tilt_deg":0,"strain_ue":-212.02,"x_offset_m":0,"y_offset_m":-195,"source":"NCB_PFM","nearest_asset_distance_m":267,"consequence_weight":0.93,"idw_subsidence_mm":8.39,"risk_score":0.454,"risk_level":"Medium"},"geometry":{"type":"Point","coordinates":[86.4304,23.762648]}},{"type":"Feature","properties":{"subsidence_mm":1807.55,"tilt_deg":0,"strain_ue":-212.02,"x_offset_m":0,"y_offset_m":-180,"source":"NCB_PFM","nearest_asset_distance_m":254,"consequence_weight":1.48,"idw_subsidence_mm":8.39,"risk_score":0.492,"risk_level":"Medium"},"geometry":{"type":"Point","coordinates":[86.4304,23.762783]}},{"type":"Feature","properties":{"subsidence_mm":1807.55,"tilt_deg":0,"strain_ue":-212.02,"x_offset_m":0,"y_offset_m":-165,"source":"NCB_PFM","nearest_asset_distance_m":239,"consequence_weight":1.56,"idw_subsidence_mm":8.39,"risk_score":0.498,"risk_level":"Medium"},"geometry":{"type":"Point","coordinates":[86.4304,23.762918]}},{"type":"Feature","properties":{"subsidence_mm":1807.55,"tilt_deg":0,"strain_ue":-212.02,"x_offset_m":0,"y_offset_m":-150,"source":"NCB_PFM","nearest_asset_distance_m":225,"consequence_weight":1.65,"idw_subsidence_mm":8.39,"risk_score":0.504,"risk_level":"Medium"},"geometry":{"type":"Point","coordinates":[86.4304,23.763053]}},{"type":"Feature","properties":{"subsidence_mm":1807.55,"tilt_deg":0,"strain_ue":-212.02,"x_offset_m":0,"y_offset_m":-135,"source":"NCB_PFM","nearest_asset_distance_m":211,"consequence_weight":1.74,"idw_subsidence_mm":8.39,"risk_score":0.511,"risk_level":"Medium"},"geometry":{"type":"Point","coordinates":[86.4304,23.763187]}},{"type":"Feature","properties":{"subsidence_mm":1807.55,"tilt_deg":0,"strain_ue":-212.02,"x_offset_m":0,"y_offset_m":-120,"source":"NCB_PFM","nearest_asset_distance_m":196,"consequence_weight":1.82,"idw_subsidence_mm":8.39,"risk_score":0.516,"risk_level":"Medium"},"geometry":{"type":"Point","coordinates":[86.4304,23.763322]}},{"type":"Feature","properties":{"subsidence_mm":1807.55,"tilt_deg":0,"strain_ue":-212.02,"x_offset_m":0,"y_offset_m":-105,"source":"NCB_PFM","nearest_asset_distance_m":182,"consequence_weight":1.91,"idw_subsidence_mm":8.39,"risk_score":0.523,"risk_level":"Medium"},"geometry":{"type":"Point","coordinates":[86.4304,23.763457]}},{"type":"Feature","properties":{"subsidence_mm":1807.55,"tilt_deg":0,"strain_ue":-212.02,"x_offset_m":0,"y_offset_m":-90,"source":"NCB_PFM","nearest_asset_distance_m":168,"consequence_weight":1.99,"idw_subsidence_mm":8.39,"risk_score":0.528,"risk_level":"Medium"},"geometry":{"type":"Point","coordinates":[86.4304,23.763592]}},{"type":"Feature","properties":{"subsidence_mm":1807.55,"tilt_deg":0,"strain_ue":-212.02,"x_offset_m":0,"y_offset_m":-75,"source":"NCB_PFM","nearest_asset_distance_m":154,"consequence_weight":2.07,"idw_subsidence_mm":8.39,"risk_score":0.534,"risk_level":"Medium"},"geometry":{"type":"Point","coordinates":[86.4304,23.763726]}},{"type":"Feature","properties":{"subsidence_mm":1807.55,"tilt_deg":0,"strain_ue":-212.02,"x_offset_m":0,"y_offset_m":-60,"source":"NCB_PFM","nearest_asset_distance_m":141,"consequence_weight":2.16,"idw_subsidence_mm":8.39,"risk_score":0.54,"risk_level":"Medium"},"geometry":{"type":"Point","coordinates":[86.4304,23.763861]}},{"type":"Feature","properties":{"subsidence_mm":1807.55,"tilt_deg":0,"strain_ue":-212.02,"x_offset_m":0,"y_offset_m":-45,"source":"NCB_PFM","nearest_asset_distance_m":127,"consequence_weight":2.24,"idw_subsidence_mm":8.39,"risk_score":0.546,"risk_level":"Medium"},"geometry":{"type":"Point","coordinates":[86.4304,23.763996]}},{"type":"Feature","properties":{"subsidence_mm":1807.55,"tilt_deg":0,"strain_ue":-212.02,"x_offset_m":0,"y_offset_m":-30,"source":"NCB_PFM","nearest_asset_distance_m":114,"consequence_weight":2.31,"idw_subsidence_mm":10.06,"risk_score":0.606,"risk_level":"High"},"geometry":{"type":"Point","coordinates":[86.4304,23.764131]}},{"type":"Feature","properties":{"subsidence_mm":1807.55,"tilt_deg":0,"strain_ue":-212.02,"x_offset_m":0,"y_offset_m":-15,"source":"NCB_PFM","nearest_asset_distance_m":102,"consequence_weight":2.39,"idw_subsidence_mm":10.06,"risk_score":0.612,"risk_level":"High"},"geometry":{"type":"Point","coordinates":[86.4304,23.764265]}},{"type":"Feature","properties":{"subsidence_mm":1807.55,"tilt_deg":0,"strain_ue":-212.02,"x_offset_m":0,"y_offset_m":0,"source":"NCB_PFM","nearest_asset_distance_m":90,"consequence_weight":2.46,"idw_subsidence_mm":10.06,"risk_score":0.617,"risk_level":"High"},"geometry":{"type":"Point","coordinates":[86.4304,23.7644]}},{"type":"Feature","properties":{"subsidence_mm":1807.55,"tilt_deg":0,"strain_ue":-212.02,"x_offset_m":0,"y_offset_m":15,"source":"NCB_PFM","nearest_asset_distance_m":80,"consequence_weight":2.52,"idw_subsidence_mm":10.06,"risk_score":0.621,"risk_level":"High"},"geometry":{"type":"Point","coordinates":[86.4304,23.764535]}},{"type":"Feature","properties":{"subsidence_mm":1807.55,"tilt_deg":0,"strain_ue":-212.02,"x_offset_m":0,"y_offset_m":30,"source":"NCB_PFM","nearest_asset_distance_m":71,"consequence_weight":2.57,"idw_subsidence_mm":10.06,"risk_score":0.624,"risk_level":"High"},"geometry":{"type":"Point","coordinates":[86.4304,23.764669]}},{"type":"Feature","properties":{"subsidence_mm":1807.55,"tilt_deg":0,"strain_ue":-212.02,"x_offset_m":0,"y_offset_m":45,"source":"NCB_PFM","nearest_asset_distance_m":65,"consequence_weight":2.61,"idw_subsidence_mm":10.06,"risk_score":0.627,"risk_level":"High"},"geometry":{"type":"Point","coordinates":[86.4304,23.764804]}},{"type":"Feature","properties":{"subsidence_mm":1807.55,"tilt_deg":0,"strain_ue":-212.02,"x_offset_m":0,"y_offset_m":60,"source":"NCB_PFM","nearest_asset_distance_m":61,"consequence_weight":2.63,"idw_subsidence_mm":10.06,"risk_score":0.629,"risk_level":"High"},"geometry":{"type":"Point","coordinates":[86.4304,23.764939]}},{"type":"Feature","properties":{"subsidence_mm":1807.55,"tilt_deg":0,"strain_ue":-212.02,"x_offset_m":0,"y_offset_m":75,"source":"NCB_PFM","nearest_asset_distance_m":62,"consequence_weight":2.63,"idw_subsidence_mm":10.06,"risk_score":0.629,"risk_level":"High"},"geometry":{"type":"Point","coordinates":[86.4304,23.765074]}},{"type":"Feature","properties":{"subsidence_mm":1807.55,"tilt_deg":0,"strain_ue":-212.02,"x_offset_m":0,"y_offset_m":90,"source":"NCB_PFM","nearest_asset_distance_m":65,"consequence_weight":2.61,"idw_subsidence_mm":10.06,"risk_score":0.627,"risk_level":"High"},"geometry":{"type":"Point","coordinates":[86.4304,23.765208]}},{"type":"Feature","properties":{"subsidence_mm":1807.55,"tilt_deg":0,"strain_ue":-212.02,"x_offset_m":0,"y_offset_m":105,"source":"NCB_PFM","nearest_asset_distance_m":72,"consequence_weight":2.57,"idw_subsidence_mm":10.06,"risk_score":0.624,"risk_level":"High"},"geometry":{"type":"Point","coordinates":[86.4304,23.765343]}},{"type":"Feature","properties":{"subsidence_mm":1807.55,"tilt_deg":0,"strain_ue":-212.02,"x_offset_m":0,"y_offset_m":120,"source":"NCB_PFM","nearest_asset_distance_m":81,"consequence_weight":2.51,"idw_subsidence_mm":10.06,"risk_score":0.62,"risk_level":"High"},"geometry":{"type":"Point","coordinates":[86.4304,23.765478]}},{"type":"Feature","properties":{"subsidence_mm":1807.55,"tilt_deg":0,"strain_ue":-212.02,"x_offset_m":0,"y_offset_m":135,"source":"NCB_PFM","nearest_asset_distance_m":92,"consequence_weight":2.45,"idw_subsidence_mm":10.06,"risk_score":0.616,"risk_level":"High"},"geometry":{"type":"Point","coordinates":[86.4304,23.765613]}},{"type":"Feature","properties":{"subsidence_mm":1807.55,"tilt_deg":0,"strain_ue":-212.02,"x_offset_m":0,"y_offset_m":150,"source":"NCB_PFM","nearest_asset_distance_m":103,"consequence_weight":2.38,"idw_subsidence_mm":10.06,"risk_score":0.611,"risk_level":"High"},"geometry":{"type":"Point","coordinates":[86.4304,23.765747]}},{"type":"Feature","properties":{"subsidence_mm":1807.55,"tilt_deg":0,"strain_ue":-212.02,"x_offset_m":0,"y_offset_m":165,"source":"NCB_PFM","nearest_asset_distance_m":116,"consequence_weight":2.31,"idw_subsidence_mm":10.06,"risk_score":0.606,"risk_level":"High"},"geometry":{"type":"Point","coordinates":[86.4304,23.765882]}},{"type":"Feature","properties":{"subsidence_mm":1807.55,"tilt_deg":0,"strain_ue":-212.02,"x_offset_m":0,"y_offset_m":180,"source":"NCB_PFM","nearest_asset_distance_m":129,"consequence_weight":2.23,"idw_subsidence_mm":10.06,"risk_score":0.601,"risk_level":"High"},"geometry":{"type":"Point","coordinates":[86.4304,23.766017]}},{"type":"Feature","properties":{"subsidence_mm":1807.55,"tilt_deg":0,"strain_ue":-212.02,"x_offset_m":0,"y_offset_m":195,"source":"NCB_PFM","nearest_asset_distance_m":142,"consequence_weight":2.15,"idw_subsidence_mm":10.06,"risk_score":0.595,"risk_level":"Medium"},"geometry":{"type":"Point","coordinates":[86.4304,23.766152]}},{"type":"Feature","properties":{"subsidence_mm":1807.55,"tilt_deg":0,"strain_ue":-212.02,"x_offset_m":0,"y_offset_m":210,"source":"NCB_PFM","nearest_asset_distance_m":155,"consequence_weight":2.07,"idw_subsidence_mm":10.06,"risk_score":0.589,"risk_level":"Medium"},"geometry":{"type":"Point","coordinates":[86.4304,23.766286]}},{"type":"Feature","properties":{"subsidence_mm":1807.55,"tilt_deg":0,"strain_ue":-212.02,"x_offset_m":0,"y_offset_m":225,"source":"NCB_PFM","nearest_asset_distance_m":169,"consequence_weight":1.98,"idw_subsidence_mm":10.06,"risk_score":0.583,"risk_level":"Medium"},"geometry":{"type":"Point","coordinates":[86.4304,23.766421]}},{"type":"Feature","properties":{"subsidence_mm":1807.55,"tilt_deg":0,"strain_ue":-212.02,"x_offset_m":0,"y_offset_m":240,"source":"NCB_PFM","nearest_asset_distance_m":183,"consequence_weight":1.9,"idw_subsidence_mm":10.06,"risk_score":0.577,"risk_level":"Medium"},"geometry":{"type":"Point","coordinates":[86.4304,23.766556]}},{"type":"Feature","properties":{"subsidence_mm":1807.55,"tilt_deg":0,"strain_ue":-212.02,"x_offset_m":0,"y_offset_m":255,"source":"NCB_PFM","nearest_asset_distance_m":198,"consequence_weight":1.81,"idw_subsidence_mm":10.06,"risk_score":0.571,"risk_level":"Medium"},"geometry":{"type":"Point","coordinates":[86.4304,23.766691]}},{"type":"Feature","properties":{"subsidence_mm":1807.55,"tilt_deg":0,"strain_ue":-212.02,"x_offset_m":0,"y_offset_m":270,"source":"NCB_PFM","nearest_asset_distance_m":212,"consequence_weight":1.73,"idw_subsidence_mm":5.03,"risk_score":0.398,"risk_level":"Medium"},"geometry":{"type":"Point","coordinates":[86.4304,23.766825]}},{"type":"Feature","properties":{"subsidence_mm":1807.55,"tilt_deg":0,"strain_ue":-212.02,"x_offset_m":0,"y_offset_m":285,"source":"NCB_PFM","nearest_asset_distance_m":226,"consequence_weight":1.64,"idw_subsidence_mm":5.03,"risk_score":0.392,"risk_level":"Medium"},"geometry":{"type":"Point","coordinates":[86.4304,23.76696]}},{"type":"Feature","properties":{"subsidence_mm":1807.55,"tilt_deg":0,"strain_ue":-212.02,"x_offset_m":0,"y_offset_m":300,"source":"NCB_PFM","nearest_asset_distance_m":241,"consequence_weight":1.56,"idw_subsidence_mm":5.03,"risk_score":0.386,"risk_level":"Medium"},"geometry":{"type":"Point","coordinates":[86.4304,23.767095]}},{"type":"Feature","properties":{"subsidence_mm":1786.26,"tilt_deg":-0.18222,"strain_ue":-254.82,"x_offset_m":15,"y_offset_m":-300,"source":"NCB_PFM","nearest_asset_distance_m":288,"consequence_weight":0.85,"idw_subsidence_mm":8.39,"risk_score":0.498,"risk_level":"Medium"},"geometry":{"type":"Point","coordinates":[86.430547,23.761705]}},{"type":"Feature","properties":{"subsidence_mm":1786.26,"tilt_deg":-0.18222,"strain_ue":-254.82,"x_offset_m":15,"y_offset_m":-285,"source":"NCB_PFM","nearest_asset_distance_m":281,"consequence_weight":0.88,"idw_subsidence_mm":8.39,"risk_score":0.5,"risk_level":"Medium"},"geometry":{"type":"Point","coordinates":[86.430547,23.76184]}},{"type":"Feature","properties":{"subsidence_mm":1786.26,"tilt_deg":-0.18222,"strain_ue":-254.82,"x_offset_m":15,"y_offset_m":-270,"source":"NCB_PFM","nearest_asset_distance_m":274,"consequence_weight":0.9,"idw_subsidence_mm":8.39,"risk_score":0.501,"risk_level":"Medium"},"geometry":{"type":"Point","coordinates":[86.430547,23.761975]}},{"type":"Feature","properties":{"subsidence_mm":1786.26,"tilt_deg":-0.18222,"strain_ue":-254.82,"x_offset_m":15,"y_offset_m":-255,"source":"NCB_PFM","nearest_asset_distance_m":269,"consequence_weight":0.93,"idw_subsidence_mm":8.39,"risk_score":0.503,"risk_level":"Medium"},"geometry":{"type":"Point","coordinates":[86.430547,23.762109]}},{"type":"Feature","properties":{"subsidence_mm":1786.26,"tilt_deg":-0.18222,"strain_ue":-254.82,"x_offset_m":15,"y_offset_m":-240,"source":"NCB_PFM","nearest_asset_distance_m":263,"consequence_weight":0.95,"idw_subsidence_mm":8.39,"risk_score":0.505,"risk_level":"Medium"},"geometry":{"type":"Point","coordinates":[86.430547,23.762244]}},{"type":"Feature","properties":{"subsidence_mm":1786.26,"tilt_deg":-0.18222,"strain_ue":-254.82,"x_offset_m":15,"y_offset_m":-225,"source":"NCB_PFM","nearest_asset_distance_m":259,"consequence_weight":0.96,"idw_subsidence_mm":8.39,"risk_score":0.505,"risk_level":"Medium"},"geometry":{"type":"Point","coordinates":[86.430547,23.762379]}},{"type":"Feature","properties":{"subsidence_mm":1786.26,"tilt_deg":-0.18222,"strain_ue":-254.82,"x_offset_m":15,"y_offset_m":-210,"source":"NCB_PFM","nearest_asset_distance_m":255,"consequence_weight":0.98,"idw_subsidence_mm":8.39,"risk_score":0.507,"risk_level":"Medium"},"geometry":{"type":"Point","coordinates":[86.430547,23.762514]}},{"type":"Feature","properties":{"subsidence_mm":1786.26,"tilt_deg":-0.18222,"strain_ue":-254.82,"x_offset_m":15,"y_offset_m":-195,"source":"NCB_PFM","nearest_asset_distance_m":253,"consequence_weight":0.99,"idw_subsidence_mm":8.39,"risk_score":0.507,"risk_level":"Medium"},"geometry":{"type":"Point","coordinates":[86.430547,23.762648]}},{"type":"Feature","properties":{"subsidence_mm":1786.26,"tilt_deg":-0.18222,"strain_ue":-254.82,"x_offset_m":15,"y_offset_m":-180,"source":"NCB_PFM","nearest_asset_distance_m":251,"consequence_weight":1.5,"idw_subsidence_mm":8.39,"risk_score":0.543,"risk_level":"Medium"},"geometry":{"type":"Point","coordinates":[86.430547,23.762783]}},{"type":"Feature","properties":{"subsidence_mm":1786.26,"tilt_deg":-0.18222,"strain_ue":-254.82,"x_offset_m":15,"y_offset_m":-165,"source":"NCB_PFM","nearest_asset_distance_m":236,"consequence_weight":1.58,"idw_subsidence_mm":8.39,"risk_score":0.549,"risk_level":"Medium"},"geometry":{"type":"Point","coordinates":[86.430547,23.762918]}},{"type":"Feature","properties":{"subsidence_mm":1786.26,"tilt_deg":-0.18222,"strain_ue":-254.82,"x_offset_m":15,"y_offset_m":-150,"source":"NCB_PFM","nearest_asset_distance_m":221,"consequence_weight":1.67,"idw_subsidence_mm":8.39,"risk_score":0.555,"risk_level":"Medium"},"geometry":{"type":"Point","coordinates":[86.430547,23.763053]}},{"type":"Feature","properties":{"subsidence_mm":1786.26,"tilt_deg":-0.18222,"strain_ue":-254.82,"x_offset_m":15,"y_offset_m":-135,"source":"NCB_PFM","nearest_asset_distance_m":207,"consequence_weight":1.76,"idw_subsidence_mm":8.39,"risk_score":0.561,"risk_level":"Medium"},"geometry":{"type":"Point","coordinates":[86.430547,23.763187]}},{"type":"Feature","properties":{"subsidence_mm":1786.26,"tilt_deg":-0.18222,"strain_ue":-254.82,"x_offset_m":15,"y_offset_m":-120,"source":"NCB_PFM","nearest_asset_distance_m":192,"consequence_weight":1.85,"idw_subsidence_mm":8.39,"risk_score":0.568,"risk_level":"Medium"},"geometry":{"type":"Point","coordinates":[86.430547,23.763322]}},{"type":"Feature","properties":{"subsidence_mm":1786.26,"tilt_deg":-0.18222,"strain_ue":-254.82,"x_offset_m":15,"y_offset_m":-105,"source":"NCB_PFM","nearest_asset_distance_m":178,"consequence_weight":1.93,"idw_subsidence_mm":8.39,"risk_score":0.573,"risk_level":"Medium"},"geometry":{"type":"Point","coordinates":[86.430547,23.763457]}},{"type":"Feature","properties":{"subsidence_mm":1786.26,"tilt_deg":-0.18222,"strain_ue":-254.82,"x_offset_m":15,"y_offset_m":-90,"source":"NCB_PFM","nearest_asset_distance_m":163,"consequence_weight":2.02,"idw_subsidence_mm":8.39,"risk_score":0.58,"risk_level":"Medium"},"geometry":{"type":"Point","coordinates":[86.430547,23.763592]}},{"type":"Feature","properties":{"subsidence_mm":1786.26,"tilt_deg":-0.18222,"strain_ue":-254.82,"x_offset_m":15,"y_offset_m":-75,"source":"NCB_PFM","nearest_asset_distance_m":149,"consequence_weight":2.11,"idw_subsidence_mm":8.39,"risk_score":0.586,"risk_level":"Medium"},"geometry":{"type":"Point","coordinates":[86.430547,23.763726]}},{"type":"Feature","properties":{"subsidence_mm":1786.26,"tilt_deg":-0.18222,"strain_ue":-254.82,"x_offset_m":15,"y_offset_m":-60,"source":"NCB_PFM","nearest_asset_distance_m":135,"consequence_weight":2.19,"idw_subsidence_mm":8.39,"risk_score":0.592,"risk_level":"Medium"},"geometry":{"type":"Point","coordinates":[86.430547,23.763861]}},{"type":"Feature","properties":{"subsidence_mm":1786.26,"tilt_deg":-0.18222,"strain_ue":-254.82,"x_offset_m":15,"y_offset_m":-45,"source":"NCB_PFM","nearest_asset_distance_m":121,"consequence_weight":2.28,"idw_subsidence_mm":8.39,"risk_score":0.598,"risk_level":"Medium"},"geometry":{"type":"Point","coordinates":[86.430547,23.763996]}},{"type":"Feature","properties":{"subsidence_mm":1786.26,"tilt_deg":-0.18222,"strain_ue":-254.82,"x_offset_m":15,"y_offset_m":-30,"source":"NCB_PFM","nearest_asset_distance_m":107,"consequence_weight":2.36,"idw_subsidence_mm":10.06,"risk_score":0.659,"risk_level":"High"},"geometry":{"type":"Point","coordinates":[86.430547,23.764131]}},{"type":"Feature","properties":{"subsidence_mm":1786.26,"tilt_deg":-0.18222,"strain_ue":-254.82,"x_offset_m":15,"y_offset_m":-15,"source":"NCB_PFM","nearest_asset_distance_m":94,"consequence_weight":2.44,"idw_subsidence_mm":10.06,"risk_score":0.665,"risk_level":"High"},"geometry":{"type":"Point","coordinates":[86.430547,23.764265]}},{"type":"Feature","properties":{"subsidence_mm":1786.26,"tilt_deg":-0.18222,"strain_ue":-254.82,"x_offset_m":15,"y_offset_m":0,"source":"NCB_PFM","nearest_asset_distance_m":81,"consequence_weight":2.51,"idw_subsidence_mm":10.06,"risk_score":0.67,"risk_level":"High"},"geometry":{"type":"Point","coordinates":[86.430547,23.7644]}},{"type":"Feature","properties":{"subsidence_mm":1786.26,"tilt_deg":-0.18222,"strain_ue":-254.82,"x_offset_m":15,"y_offset_m":15,"source":"NCB_PFM","nearest_asset_distance_m":69,"consequence_weight":2.58,"idw_subsidence_mm":10.06,"risk_score":0.674,"risk_level":"High"},"geometry":{"type":"Point","coordinates":[86.430547,23.764535]}},{"type":"Feature","properties":{"subsidence_mm":1786.26,"tilt_deg":-0.18222,"strain_ue":-254.82,"x_offset_m":15,"y_offset_m":30,"source":"NCB_PFM","nearest_asset_distance_m":59,"consequence_weight":2.65,"idw_subsidence_mm":10.06,"risk_score":0.679,"risk_level":"High"},"geometry":{"type":"Point","coordinates":[86.430547,23.764669]}},{"type":"Feature","properties":{"subsidence_mm":1786.26,"tilt_deg":-0.18222,"strain_ue":-254.82,"x_offset_m":15,"y_offset_m":45,"source":"NCB_PFM","nearest_asset_distance_m":51,"consequence_weight":2.69,"idw_subsidence_mm":10.06,"risk_score":0.682,"risk_level":"High"},"geometry":{"type":"Point","coordinates":[86.430547,23.764804]}},{"type":"Feature","properties":{"subsidence_mm":1786.26,"tilt_deg":-0.18222,"strain_ue":-254.82,"x_offset_m":15,"y_offset_m":60,"source":"NCB_PFM","nearest_asset_distance_m":47,"consequence_weight":2.72,"idw_subsidence_mm":10.06,"risk_score":0.684,"risk_level":"High"},"geometry":{"type":"Point","coordinates":[86.430547,23.764939]}},{"type":"Feature","properties":{"subsidence_mm":1786.26,"tilt_deg":-0.18222,"strain_ue":-254.82,"x_offset_m":15,"y_offset_m":75,"source":"NCB_PFM","nearest_asset_distance_m":47,"consequence_weight":2.72,"idw_subsidence_mm":10.06,"risk_score":0.684,"risk_level":"High"},"geometry":{"type":"Point","coordinates":[86.430547,23.765074]}},{"type":"Feature","properties":{"subsidence_mm":1786.26,"tilt_deg":-0.18222,"strain_ue":-254.82,"x_offset_m":15,"y_offset_m":90,"source":"NCB_PFM","nearest_asset_distance_m":52,"consequence_weight":2.69,"idw_subsidence_mm":10.06,"risk_score":0.682,"risk_level":"High"},"geometry":{"type":"Point","coordinates":[86.430547,23.765208]}},{"type":"Feature","properties":{"subsidence_mm":1786.26,"tilt_deg":-0.18222,"strain_ue":-254.82,"x_offset_m":15,"y_offset_m":105,"source":"NCB_PFM","nearest_asset_distance_m":60,"consequence_weight":2.64,"idw_subsidence_mm":10.06,"risk_score":0.679,"risk_level":"High"},"geometry":{"type":"Point","coordinates":[86.430547,23.765343]}},{"type":"Feature","properties":{"subsidence_mm":1786.26,"tilt_deg":-0.18222,"strain_ue":-254.82,"x_offset_m":15,"y_offset_m":120,"source":"NCB_PFM","nearest_asset_distance_m":70,"consequence_weight":2.58,"idw_subsidence_mm":10.06,"risk_score":0.674,"risk_level":"High"},"geometry":{"type":"Point","coordinates":[86.430547,23.765478]}},{"type":"Feature","properties":{"subsidence_mm":1786.26,"tilt_deg":-0.18222,"strain_ue":-254.82,"x_offset_m":15,"y_offset_m":135,"source":"NCB_PFM","nearest_asset_distance_m":82,"consequence_weight":2.51,"idw_subsidence_mm":10.06,"risk_score":0.67,"risk_level":"High"},"geometry":{"type":"Point","coordinates":[86.430547,23.765613]}},{"type":"Feature","properties":{"subsidence_mm":1786.26,"tilt_deg":-0.18222,"strain_ue":-254.82,"x_offset_m":15,"y_offset_m":150,"source":"NCB_PFM","nearest_asset_distance_m":95,"consequence_weight":2.43,"idw_subsidence_mm":10.06,"risk_score":0.664,"risk_level":"High"},"geometry":{"type":"Point","coordinates":[86.430547,23.765747]}},{"type":"Feature","properties":{"subsidence_mm":1786.26,"tilt_deg":-0.18222,"strain_ue":-254.82,"x_offset_m":15,"y_offset_m":165,"source":"NCB_PFM","nearest_asset_distance_m":108,"consequence_weight":2.35,"idw_subsidence_mm":10.06,"risk_score":0.658,"risk_level":"High"},"geometry":{"type":"Point","coordinates":[86.430547,23.765882]}},{"type":"Feature","properties":{"subsidence_mm":1786.26,"tilt_deg":-0.18222,"strain_ue":-254.82,"x_offset_m":15,"y_offset_m":180,"source":"NCB_PFM","nearest_asset_distance_m":122,"consequence_weight":2.27,"idw_subsidence_mm":10.06,"risk_score":0.653,"risk_level":"High"},"geometry":{"type":"Point","coordinates":[86.430547,23.766017]}},{"type":"Feature","properties":{"subsidence_mm":1786.26,"tilt_deg":-0.18222,"strain_ue":-254.82,"x_offset_m":15,"y_offset_m":195,"source":"NCB_PFM","nearest_asset_distance_m":136,"consequence_weight":2.18,"idw_subsidence_mm":10.06,"risk_score":0.646,"risk_level":"High"},"geometry":{"type":"Point","coordinates":[86.430547,23.766152]}},{"type":"Feature","properties":{"subsidence_mm":1786.26,"tilt_deg":-0.18222,"strain_ue":-254.82,"x_offset_m":15,"y_offset_m":210,"source":"NCB_PFM","nearest_asset_distance_m":150,"consequence_weight":2.1,"idw_subsidence_mm":10.06,"risk_score":0.641,"risk_level":"High"},"geometry":{"type":"Point","coordinates":[86.430547,23.766286]}},{"type":"Feature","properties":{"subsidence_mm":1786.26,"tilt_deg":-0.18222,"strain_ue":-254.82,"x_offset_m":15,"y_offset_m":225,"source":"NCB_PFM","nearest_asset_distance_m":165,"consequence_weight":2.01,"idw_subsidence_mm":10.06,"risk_score":0.634,"risk_level":"High"},"geometry":{"type":"Point","coordinates":[86.430547,23.766421]}},{"type":"Feature","properties":{"subsidence_mm":1786.26,"tilt_deg":-0.18222,"strain_ue":-254.82,"x_offset_m":15,"y_offset_m":240,"source":"NCB_PFM","nearest_asset_distance_m":179,"consequence_weight":1.93,"idw_subsidence_mm":10.06,"risk_score":0.629,"risk_level":"High"},"geometry":{"type":"Point","coordinates":[86.430547,23.766556]}},{"type":"Feature","properties":{"subsidence_mm":1786.26,"tilt_deg":-0.18222,"strain_ue":-254.82,"x_offset_m":15,"y_offset_m":255,"source":"NCB_PFM","nearest_asset_distance_m":194,"consequence_weight":1.84,"idw_subsidence_mm":10.06,"risk_score":0.623,"risk_level":"High"},"geometry":{"type":"Point","coordinates":[86.430547,23.766691]}},{"type":"Feature","properties":{"subsidence_mm":1786.26,"tilt_deg":-0.18222,"strain_ue":-254.82,"x_offset_m":15,"y_offset_m":270,"source":"NCB_PFM","nearest_asset_distance_m":208,"consequence_weight":1.75,"idw_subsidence_mm":5.03,"risk_score":0.449,"risk_level":"Medium"},"geometry":{"type":"Point","coordinates":[86.430547,23.766825]}},{"type":"Feature","properties":{"subsidence_mm":1786.26,"tilt_deg":-0.18222,"strain_ue":-254.82,"x_offset_m":15,"y_offset_m":285,"source":"NCB_PFM","nearest_asset_distance_m":223,"consequence_weight":1.66,"idw_subsidence_mm":5.03,"risk_score":0.442,"risk_level":"Medium"},"geometry":{"type":"Point","coordinates":[86.430547,23.76696]}},{"type":"Feature","properties":{"subsidence_mm":1786.26,"tilt_deg":-0.18222,"strain_ue":-254.82,"x_offset_m":15,"y_offset_m":300,"source":"NCB_PFM","nearest_asset_distance_m":237,"consequence_weight":1.58,"idw_subsidence_mm":5.03,"risk_score":0.437,"risk_level":"Medium"},"geometry":{"type":"Point","coordinates":[86.430547,23.767095]}},{"type":"Feature","properties":{"subsidence_mm":1712.14,"tilt_deg":-0.438,"strain_ue":-360.48,"x_offset_m":30,"y_offset_m":-300,"source":"NCB_PFM","nearest_asset_distance_m":275,"consequence_weight":0.9,"idw_subsidence_mm":8.39,"risk_score":0.623,"risk_level":"High"},"geometry":{"type":"Point","coordinates":[86.430694,23.761705]}},{"type":"Feature","properties":{"subsidence_mm":1712.14,"tilt_deg":-0.438,"strain_ue":-360.48,"x_offset_m":30,"y_offset_m":-285,"source":"NCB_PFM","nearest_asset_distance_m":268,"consequence_weight":0.93,"idw_subsidence_mm":8.39,"risk_score":0.625,"risk_level":"High"},"geometry":{"type":"Point","coordinates":[86.430694,23.76184]}},{"type":"Feature","properties":{"subsidence_mm":1712.14,"tilt_deg":-0.438,"strain_ue":-360.48,"x_offset_m":30,"y_offset_m":-270,"source":"NCB_PFM","nearest_asset_distance_m":261,"consequence_weight":0.96,"idw_subsidence_mm":8.39,"risk_score":0.627,"risk_level":"High"},"geometry":{"type":"Point","coordinates":[86.430694,23.761975]}},{"type":"Feature","properties":{"subsidence_mm":1712.14,"tilt_deg":-0.438,"strain_ue":-360.48,"x_offset_m":30,"y_offset_m":-255,"source":"NCB_PFM","nearest_asset_distance_m":255,"consequence_weight":0.98,"idw_subsidence_mm":8.39,"risk_score":0.628,"risk_level":"High"},"geometry":{"type":"Point","coordinates":[86.430694,23.762109]}},{"type":"Feature","properties":{"subsidence_mm":1712.14,"tilt_deg":-0.438,"strain_ue":-360.48,"x_offset_m":30,"y_offset_m":-240,"source":"NCB_PFM","nearest_asset_distance_m":249,"consequence_weight":1,"idw_subsidence_mm":8.39,"risk_score":0.63,"risk_level":"High"},"geometry":{"type":"Point","coordinates":[86.430694,23.762244]}},{"type":"Feature","properties":{"subsidence_mm":1712.14,"tilt_deg":-0.438,"strain_ue":-360.48,"x_offset_m":30,"y_offset_m":-225,"source":"NCB_PFM","nearest_asset_distance_m":245,"consequence_weight":1.02,"idw_subsidence_mm":8.39,"risk_score":0.631,"risk_level":"High"},"geometry":{"type":"Point","coordinates":[86.430694,23.762379]}},{"type":"Feature","properties":{"subsidence_mm":1712.14,"tilt_deg":-0.438,"strain_ue":-360.48,"x_offset_m":30,"y_offset_m":-210,"source":"NCB_PFM","nearest_asset_distance_m":241,"consequence_weight":1.04,"idw_subsidence_mm":8.39,"risk_score":0.633,"risk_level":"High"},"geometry":{"type":"Point","coordinates":[86.430694,23.762514]}},{"type":"Feature","properties":{"subsidence_mm":1712.14,"tilt_deg":-0.438,"strain_ue":-360.48,"x_offset_m":30,"y_offset_m":-195,"source":"NCB_PFM","nearest_asset_distance_m":238,"consequence_weight":1.05,"idw_subsidence_mm":8.39,"risk_score":0.633,"risk_level":"High"},"geometry":{"type":"Point","coordinates":[86.430694,23.762648]}},{"type":"Feature","properties":{"subsidence_mm":1712.14,"tilt_deg":-0.438,"strain_ue":-360.48,"x_offset_m":30,"y_offset_m":-180,"source":"NCB_PFM","nearest_asset_distance_m":236,"consequence_weight":1.06,"idw_subsidence_mm":8.39,"risk_score":0.634,"risk_level":"High"},"geometry":{"type":"Point","coordinates":[86.430694,23.762783]}},{"type":"Feature","properties":{"subsidence_mm":1712.14,"tilt_deg":-0.438,"strain_ue":-360.48,"x_offset_m":30,"y_offset_m":-165,"source":"NCB_PFM","nearest_asset_distance_m":234,"consequence_weight":1.6,"idw_subsidence_mm":8.39,"risk_score":0.672,"risk_level":"High"},"geometry":{"type":"Point","coordinates":[86.430694,23.762918]}},{"type":"Feature","properties":{"subsidence_mm":1712.14,"tilt_deg":-0.438,"strain_ue":-360.48,"x_offset_m":30,"y_offset_m":-150,"source":"NCB_PFM","nearest_asset_distance_m":219,"consequence_weight":1.69,"idw_subsidence_mm":8.39,"risk_score":0.678,"risk_level":"High"},"geometry":{"type":"Point","coordinates":[86.430694,23.763053]}},{"type":"Feature","properties":{"subsidence_mm":1712.14,"tilt_deg":-0.438,"strain_ue":-360.48,"x_offset_m":30,"y_offset_m":-135,"source":"NCB_PFM","nearest_asset_distance_m":204,"consequence_weight":1.78,"idw_subsidence_mm":8.39,"risk_score":0.685,"risk_level":"High"},"geometry":{"type":"Point","coordinates":[86.430694,23.763187]}},{"type":"Feature","properties":{"subsidence_mm":1712.14,"tilt_deg":-0.438,"strain_ue":-360.48,"x_offset_m":30,"y_offset_m":-120,"source":"NCB_PFM","nearest_asset_distance_m":189,"consequence_weight":1.87,"idw_subsidence_mm":8.39,"risk_score":0.691,"risk_level":"High"},"geometry":{"type":"Point","coordinates":[86.430694,23.763322]}},{"type":"Feature","properties":{"subsidence_mm":1712.14,"tilt_deg":-0.438,"strain_ue":-360.48,"x_offset_m":30,"y_offset_m":-105,"source":"NCB_PFM","nearest_asset_distance_m":174,"consequence_weight":1.95,"idw_subsidence_mm":8.39,"risk_score":0.696,"risk_level":"High"},"geometry":{"type":"Point","coordinates":[86.430694,23.763457]}},{"type":"Feature","properties":{"subsidence_mm":1712.14,"tilt_deg":-0.438,"strain_ue":-360.48,"x_offset_m":30,"y_offset_m":-90,"source":"NCB_PFM","nearest_asset_distance_m":160,"consequence_weight":2.04,"idw_subsidence_mm":8.39,"risk_score":0.703,"risk_level":"High"},"geometry":{"type":"Point","coordinates":[86.430694,23.763592]}},{"type":"Feature","properties":{"subsidence_mm":1712.14,"tilt_deg":-0.438,"strain_ue":-360.48,"x_offset_m":30,"y_offset_m":-75,"source":"NCB_PFM","nearest_asset_distance_m":145,"consequence_weight":2.13,"idw_subsidence_mm":8.39,"risk_score":0.709,"risk_level":"High"},"geometry":{"type":"Point","coordinates":[86.430694,23.763726]}},{"type":"Feature","properties":{"subsidence_mm":1712.14,"tilt_deg":-0.438,"strain_ue":-360.48,"x_offset_m":30,"y_offset_m":-60,"source":"NCB_PFM","nearest_asset_distance_m":130,"consequence_weight":2.22,"idw_subsidence_mm":8.39,"risk_score":0.715,"risk_level":"High"},"geometry":{"type":"Point","coordinates":[86.430694,23.763861]}},{"type":"Feature","properties":{"subsidence_mm":1712.14,"tilt_deg":-0.438,"strain_ue":-360.48,"x_offset_m":30,"y_offset_m":-45,"source":"NCB_PFM","nearest_asset_distance_m":116,"consequence_weight":2.3,"idw_subsidence_mm":8.39,"risk_score":0.721,"risk_level":"High"},"geometry":{"type":"Point","coordinates":[86.430694,23.763996]}},{"type":"Feature","properties":{"subsidence_mm":1712.14,"tilt_deg":-0.438,"strain_ue":-360.48,"x_offset_m":30,"y_offset_m":-30,"source":"NCB_PFM","nearest_asset_distance_m":102,"consequence_weight":2.39,"idw_subsidence_mm":10.06,"risk_score":0.783,"risk_level":"High"},"geometry":{"type":"Point","coordinates":[86.430694,23.764131]}},{"type":"Feature","properties":{"subsidence_mm":1712.14,"tilt_deg":-0.438,"strain_ue":-360.48,"x_offset_m":30,"y_offset_m":-15,"source":"NCB_PFM","nearest_asset_distance_m":87,"consequence_weight":2.48,"idw_subsidence_mm":10.06,"risk_score":0.789,"risk_level":"High"},"geometry":{"type":"Point","coordinates":[86.430694,23.764265]}},{"type":"Feature","properties":{"subsidence_mm":1712.14,"tilt_deg":-0.438,"strain_ue":-360.48,"x_offset_m":30,"y_offset_m":0,"source":"NCB_PFM","nearest_asset_distance_m":74,"consequence_weight":2.56,"idw_subsidence_mm":10.06,"risk_score":0.795,"risk_level":"High"},"geometry":{"type":"Point","coordinates":[86.430694,23.7644]}},{"type":"Feature","properties":{"subsidence_mm":1712.14,"tilt_deg":-0.438,"strain_ue":-360.48,"x_offset_m":30,"y_offset_m":15,"source":"NCB_PFM","nearest_asset_distance_m":60,"consequence_weight":2.64,"idw_subsidence_mm":10.06,"risk_score":0.8,"risk_level":"High"},"geometry":{"type":"Point","coordinates":[86.430694,23.764535]}},{"type":"Feature","properties":{"subsidence_mm":1712.14,"tilt_deg":-0.438,"strain_ue":-360.48,"x_offset_m":30,"y_offset_m":30,"source":"NCB_PFM","nearest_asset_distance_m":48,"consequence_weight":2.71,"idw_subsidence_mm":10.06,"risk_score":0.805,"risk_level":"High"},"geometry":{"type":"Point","coordinates":[86.430694,23.764669]}},{"type":"Feature","properties":{"subsidence_mm":1712.14,"tilt_deg":-0.438,"strain_ue":-360.48,"x_offset_m":30,"y_offset_m":45,"source":"NCB_PFM","nearest_asset_distance_m":38,"consequence_weight":2.77,"idw_subsidence_mm":10.06,"risk_score":0.81,"risk_level":"High"},"geometry":{"type":"Point","coordinates":[86.430694,23.764804]}},{"type":"Feature","properties":{"subsidence_mm":1712.14,"tilt_deg":-0.438,"strain_ue":-360.48,"x_offset_m":30,"y_offset_m":60,"source":"NCB_PFM","nearest_asset_distance_m":32,"consequence_weight":2.81,"idw_subsidence_mm":10.06,"risk_score":0.812,"risk_level":"High"},"geometry":{"type":"Point","coordinates":[86.430694,23.764939]}},{"type":"Feature","properties":{"subsidence_mm":1712.14,"tilt_deg":-0.438,"strain_ue":-360.48,"x_offset_m":30,"y_offset_m":75,"source":"NCB_PFM","nearest_asset_distance_m":32,"consequence_weight":2.81,"idw_subsidence_mm":10.06,"risk_score":0.812,"risk_level":"High"},"geometry":{"type":"Point","coordinates":[86.430694,23.765074]}},{"type":"Feature","properties":{"subsidence_mm":1712.14,"tilt_deg":-0.438,"strain_ue":-360.48,"x_offset_m":30,"y_offset_m":90,"source":"NCB_PFM","nearest_asset_distance_m":39,"consequence_weight":2.77,"idw_subsidence_mm":10.06,"risk_score":0.81,"risk_level":"High"},"geometry":{"type":"Point","coordinates":[86.430694,23.765208]}},{"type":"Feature","properties":{"subsidence_mm":1712.14,"tilt_deg":-0.438,"strain_ue":-360.48,"x_offset_m":30,"y_offset_m":105,"source":"NCB_PFM","nearest_asset_distance_m":49,"consequence_weight":2.7,"idw_subsidence_mm":10.06,"risk_score":0.805,"risk_level":"High"},"geometry":{"type":"Point","coordinates":[86.430694,23.765343]}},{"type":"Feature","properties":{"subsidence_mm":1712.14,"tilt_deg":-0.438,"strain_ue":-360.48,"x_offset_m":30,"y_offset_m":120,"source":"NCB_PFM","nearest_asset_distance_m":62,"consequence_weight":2.63,"idw_subsidence_mm":10.06,"risk_score":0.8,"risk_level":"High"},"geometry":{"type":"Point","coordinates":[86.430694,23.765478]}},{"type":"Feature","properties":{"subsidence_mm":1712.14,"tilt_deg":-0.438,"strain_ue":-360.48,"x_offset_m":30,"y_offset_m":135,"source":"NCB_PFM","nearest_asset_distance_m":75,"consequence_weight":2.55,"idw_subsidence_mm":10.06,"risk_score":0.794,"risk_level":"High"},"geometry":{"type":"Point","coordinates":[86.430694,23.765613]}},{"type":"Feature","properties":{"subsidence_mm":1712.14,"tilt_deg":-0.438,"strain_ue":-360.48,"x_offset_m":30,"y_offset_m":150,"source":"NCB_PFM","nearest_asset_distance_m":89,"consequence_weight":2.47,"idw_subsidence_mm":10.06,"risk_score":0.788,"risk_level":"High"},"geometry":{"type":"Point","coordinates":[86.430694,23.765747]}},{"type":"Feature","properties":{"subsidence_mm":1712.14,"tilt_deg":-0.438,"strain_ue":-360.48,"x_offset_m":30,"y_offset_m":165,"source":"NCB_PFM","nearest_asset_distance_m":103,"consequence_weight":2.38,"idw_subsidence_mm":10.06,"risk_score":0.782,"risk_level":"High"},"geometry":{"type":"Point","coordinates":[86.430694,23.765882]}},{"type":"Feature","properties":{"subsidence_mm":1712.14,"tilt_deg":-0.438,"strain_ue":-360.48,"x_offset_m":30,"y_offset_m":180,"source":"NCB_PFM","nearest_asset_distance_m":117,"consequence_weight":2.3,"idw_subsidence_mm":10.06,"risk_score":0.777,"risk_level":"High"},"geometry":{"type":"Point","coordinates":[86.430694,23.766017]}},{"type":"Feature","properties":{"subsidence_mm":1712.14,"tilt_deg":-0.438,"strain_ue":-360.48,"x_offset_m":30,"y_offset_m":195,"source":"NCB_PFM","nearest_asset_distance_m":132,"consequence_weight":2.21,"idw_subsidence_mm":10.06,"risk_score":0.77,"risk_level":"High"},"geometry":{"type":"Point","coordinates":[86.430694,23.766152]}},{"type":"Feature","properties":{"subsidence_mm":1712.14,"tilt_deg":-0.438,"strain_ue":-360.48,"x_offset_m":30,"y_offset_m":210,"source":"NCB_PFM","nearest_asset_distance_m":146,"consequence_weight":2.12,"idw_subsidence_mm":10.06,"risk_score":0.764,"risk_level":"High"},"geometry":{"type":"Point","coordinates":[86.430694,23.766286]}},{"type":"Feature","properties":{"subsidence_mm":1712.14,"tilt_deg":-0.438,"strain_ue":-360.48,"x_offset_m":30,"y_offset_m":225,"source":"NCB_PFM","nearest_asset_distance_m":161,"consequence_weight":2.03,"idw_subsidence_mm":10.06,"risk_score":0.758,"risk_level":"High"},"geometry":{"type":"Point","coordinates":[86.430694,23.766421]}},{"type":"Feature","properties":{"subsidence_mm":1712.14,"tilt_deg":-0.438,"strain_ue":-360.48,"x_offset_m":30,"y_offset_m":240,"source":"NCB_PFM","nearest_asset_distance_m":176,"consequence_weight":1.95,"idw_subsidence_mm":10.06,"risk_score":0.752,"risk_level":"High"},"geometry":{"type":"Point","coordinates":[86.430694,23.766556]}},{"type":"Feature","properties":{"subsidence_mm":1712.14,"tilt_deg":-0.438,"strain_ue":-360.48,"x_offset_m":30,"y_offset_m":255,"source":"NCB_PFM","nearest_asset_distance_m":191,"consequence_weight":1.86,"idw_subsidence_mm":10.06,"risk_score":0.746,"risk_level":"High"},"geometry":{"type":"Point","coordinates":[86.430694,23.766691]}},{"type":"Feature","properties":{"subsidence_mm":1712.14,"tilt_deg":-0.438,"strain_ue":-360.48,"x_offset_m":30,"y_offset_m":270,"source":"NCB_PFM","nearest_asset_distance_m":205,"consequence_weight":1.77,"idw_subsidence_mm":5.03,"risk_score":0.572,"risk_level":"Medium"},"geometry":{"type":"Point","coordinates":[86.430694,23.766825]}},{"type":"Feature","properties":{"subsidence_mm":1712.14,"tilt_deg":-0.438,"strain_ue":-360.48,"x_offset_m":30,"y_offset_m":285,"source":"NCB_PFM","nearest_asset_distance_m":220,"consequence_weight":1.68,"idw_subsidence_mm":5.03,"risk_score":0.566,"risk_level":"Medium"},"geometry":{"type":"Point","coordinates":[86.430694,23.76696]}},{"type":"Feature","properties":{"subsidence_mm":1712.14,"tilt_deg":-0.438,"strain_ue":-360.48,"x_offset_m":30,"y_offset_m":300,"source":"NCB_PFM","nearest_asset_distance_m":235,"consequence_weight":1.59,"idw_subsidence_mm":5.03,"risk_score":0.559,"risk_level":"Medium"},"geometry":{"type":"Point","coordinates":[86.430694,23.767095]}},{"type":"Feature","properties":{"subsidence_mm":1556.92,"tilt_deg":-0.80184,"strain_ue":-434.13,"x_offset_m":45,"y_offset_m":-300,"source":"NCB_PFM","nearest_asset_distance_m":263,"consequence_weight":0.95,"idw_subsidence_mm":8.39,"risk_score":0.711,"risk_level":"High"},"geometry":{"type":"Point","coordinates":[86.430842,23.761705]}},{"type":"Feature","properties":{"subsidence_mm":1556.92,"tilt_deg":-0.80184,"strain_ue":-434.13,"x_offset_m":45,"y_offset_m":-285,"source":"NCB_PFM","nearest_asset_distance_m":255,"consequence_weight":0.98,"idw_subsidence_mm":8.39,"risk_score":0.713,"risk_level":"High"},"geometry":{"type":"Point","coordinates":[86.430842,23.76184]}},{"type":"Feature","properties":{"subsidence_mm":1556.92,"tilt_deg":-0.80184,"strain_ue":-434.13,"x_offset_m":45,"y_offset_m":-270,"source":"NCB_PFM","nearest_asset_distance_m":247,"consequence_weight":1.01,"idw_subsidence_mm":8.39,"risk_score":0.715,"risk_level":"High"},"geometry":{"type":"Point","coordinates":[86.430842,23.761975]}},{"type":"Feature","properties":{"subsidence_mm":1556.92,"tilt_deg":-0.80184,"strain_ue":-434.13,"x_offset_m":45,"y_offset_m":-255,"source":"NCB_PFM","nearest_asset_distance_m":241,"consequence_weight":1.04,"idw_subsidence_mm":8.39,"risk_score":0.717,"risk_level":"High"},"geometry":{"type":"Point","coordinates":[86.430842,23.762109]}},{"type":"Feature","properties":{"subsidence_mm":1556.92,"tilt_deg":-0.80184,"strain_ue":-434.13,"x_offset_m":45,"y_offset_m":-240,"source":"NCB_PFM","nearest_asset_distance_m":235,"consequence_weight":1.06,"idw_subsidence_mm":8.39,"risk_score":0.719,"risk_level":"High"},"geometry":{"type":"Point","coordinates":[86.430842,23.762244]}},{"type":"Feature","properties":{"subsidence_mm":1556.92,"tilt_deg":-0.80184,"strain_ue":-434.13,"x_offset_m":45,"y_offset_m":-225,"source":"NCB_PFM","nearest_asset_distance_m":230,"consequence_weight":1.08,"idw_subsidence_mm":8.39,"risk_score":0.72,"risk_level":"High"},"geometry":{"type":"Point","coordinates":[86.430842,23.762379]}},{"type":"Feature","properties":{"subsidence_mm":1556.92,"tilt_deg":-0.80184,"strain_ue":-434.13,"x_offset_m":45,"y_offset_m":-210,"source":"NCB_PFM","nearest_asset_distance_m":226,"consequence_weight":1.1,"idw_subsidence_mm":8.39,"risk_score":0.722,"risk_level":"High"},"geometry":{"type":"Point","coordinates":[86.430842,23.762514]}},{"type":"Feature","properties":{"subsidence_mm":1556.92,"tilt_deg":-0.80184,"strain_ue":-434.13,"x_offset_m":45,"y_offset_m":-195,"source":"NCB_PFM","nearest_asset_distance_m":223,"consequence_weight":1.11,"idw_subsidence_mm":8.39,"risk_score":0.722,"risk_level":"High"},"geometry":{"type":"Point","coordinates":[86.430842,23.762648]}},{"type":"Feature","properties":{"subsidence_mm":1556.92,"tilt_deg":-0.80184,"strain_ue":-434.13,"x_offset_m":45,"y_offset_m":-180,"source":"NCB_PFM","nearest_asset_distance_m":221,"consequence_weight":1.12,"idw_subsidence_mm":8.39,"risk_score":0.723,"risk_level":"High"},"geometry":{"type":"Point","coordinates":[86.430842,23.762783]}},{"type":"Feature","properties":{"subsidence_mm":1556.92,"tilt_deg":-0.80184,"strain_ue":-434.13,"x_offset_m":45,"y_offset_m":-165,"source":"NCB_PFM","nearest_asset_distance_m":220,"consequence_weight":1.12,"idw_subsidence_mm":8.39,"risk_score":0.723,"risk_level":"High"},"geometry":{"type":"Point","coordinates":[86.430842,23.762918]}},{"type":"Feature","properties":{"subsidence_mm":1556.92,"tilt_deg":-0.80184,"strain_ue":-434.13,"x_offset_m":45,"y_offset_m":-150,"source":"NCB_PFM","nearest_asset_distance_m":217,"consequence_weight":1.7,"idw_subsidence_mm":8.39,"risk_score":0.764,"risk_level":"High"},"geometry":{"type":"Point","coordinates":[86.430842,23.763053]}},{"type":"Feature","properties":{"subsidence_mm":1556.92,"tilt_deg":-0.80184,"strain_ue":-434.13,"x_offset_m":45,"y_offset_m":-135,"source":"NCB_PFM","nearest_asset_distance_m":202,"consequence_weight":1.79,"idw_subsidence_mm":8.39,"risk_score":0.77,"risk_level":"High"},"geometry":{"type":"Point","coordinates":[86.430842,23.763187]}},{"type":"Feature","properties":{"subsidence_mm":1556.92,"tilt_deg":-0.80184,"strain_ue":-434.13,"x_offset_m":45,"y_offset_m":-120,"source":"NCB_PFM","nearest_asset_distance_m":187,"consequence_weight":1.88,"idw_subsidence_mm":8.39,"risk_score":0.776,"risk_level":"High"},"geometry":{"type":"Point","coordinates":[86.430842,23.763322]}},{"type":"Feature","properties":{"subsidence_mm":1556.92,"tilt_deg":-0.80184,"strain_ue":-434.13,"x_offset_m":45,"y_offset_m":-105,"source":"NCB_PFM","nearest_asset_distance_m":172,"consequence_weight":1.97,"idw_subsidence_mm":8.39,"risk_score":0.783,"risk_level":"High"},"geometry":{"type":"Point","coordinates":[86.430842,23.763457]}},{"type":"Feature","properties":{"subsidence_mm":1556.92,"tilt_deg":-0.80184,"strain_ue":-434.13,"x_offset_m":45,"y_offset_m":-90,"source":"NCB_PFM","nearest_asset_distance_m":157,"consequence_weight":2.06,"idw_subsidence_mm":8.39,"risk_score":0.789,"risk_level":"High"},"geometry":{"type":"Point","coordinates":[86.430842,23.763592]}},{"type":"Feature","properties":{"subsidence_mm":1556.92,"tilt_deg":-0.80184,"strain_ue":-434.13,"x_offset_m":45,"y_offset_m":-75,"source":"NCB_PFM","nearest_asset_distance_m":143,"consequence_weight":2.14,"idw_subsidence_mm":8.39,"risk_score":0.795,"risk_level":"High"},"geometry":{"type":"Point","coordinates":[86.430842,23.763726]}},{"type":"Feature","properties":{"subsidence_mm":1556.92,"tilt_deg":-0.80184,"strain_ue":-434.13,"x_offset_m":45,"y_offset_m":-60,"source":"NCB_PFM","nearest_asset_distance_m":128,"consequence_weight":2.23,"idw_subsidence_mm":8.39,"risk_score":0.801,"risk_level":"High"},"geometry":{"type":"Point","coordinates":[86.430842,23.763861]}},{"type":"Feature","properties":{"subsidence_mm":1556.92,"tilt_deg":-0.80184,"strain_ue":-434.13,"x_offset_m":45,"y_offset_m":-45,"source":"NCB_PFM","nearest_asset_distance_m":113,"consequence_weight":2.32,"idw_subsidence_mm":8.39,"risk_score":0.807,"risk_level":"High"},"geometry":{"type":"Point","coordinates":[86.430842,23.763996]}},{"type":"Feature","properties":{"subsidence_mm":1556.92,"tilt_deg":-0.80184,"strain_ue":-434.13,"x_offset_m":45,"y_offset_m":-30,"source":"NCB_PFM","nearest_asset_distance_m":98,"consequence_weight":2.41,"idw_subsidence_mm":10.06,"risk_score":0.869,"risk_level":"High"},"geometry":{"type":"Point","coordinates":[86.430842,23.764131]}},{"type":"Feature","properties":{"subsidence_mm":1556.92,"tilt_deg":-0.80184,"strain_ue":-434.13,"x_offset_m":45,"y_offset_m":-15,"source":"NCB_PFM","nearest_asset_distance_m":83,"consequence_weight":2.5,"idw_subsidence_mm":10.06,"risk_score":0.875,"risk_level":"High"},"geometry":{"type":"Point","coordinates":[86.430842,23.764265]}},{"type":"Feature","properties":{"subsidence_mm":1556.92,"tilt_deg":-0.80184,"strain_ue":-434.13,"x_offset_m":45,"y_offset_m":0,"source":"NCB_PFM","nearest_asset_distance_m":69,"consequence_weight":2.59,"idw_subsidence_mm":10.06,"risk_score":0.882,"risk_level":"High"},"geometry":{"type":"Point","coordinates":[86.430842,23.7644]}},{"type":"Feature","properties":{"subsidence_mm":1556.92,"tilt_deg":-0.80184,"strain_ue":-434.13,"x_offset_m":45,"y_offset_m":15,"source":"NCB_PFM","nearest_asset_distance_m":54,"consequence_weight":2.68,"idw_subsidence_mm":10.06,"risk_score":0.888,"risk_level":"High"},"geometry":{"type":"Point","coordinates":[86.430842,23.764535]}},{"type":"Feature","properties":{"subsidence_mm":1556.92,"tilt_deg":-0.80184,"strain_ue":-434.13,"x_offset_m":45,"y_offset_m":30,"source":"NCB_PFM","nearest_asset_distance_m":40,"consequence_weight":2.76,"idw_subsidence_mm":10.06,"risk_score":0.894,"risk_level":"High"},"geometry":{"type":"Point","coordinates":[86.430842,23.764669]}},{"type":"Feature","properties":{"subsidence_mm":1556.92,"tilt_deg":-0.80184,"strain_ue":-434.13,"x_offset_m":45,"y_offset_m":45,"source":"NCB_PFM","nearest_asset_distance_m":27,"consequence_weight":2.84,"idw_subsidence_mm":10.06,"risk_score":0.899,"risk_level":"High"},"geometry":{"type":"Point","coordinates":[86.430842,23.764804]}},{"type":"Feature","properties":{"subsidence_mm":1556.92,"tilt_deg":-0.80184,"strain_ue":-434.13,"x_offset_m":45,"y_offset_m":60,"source":"NCB_PFM","nearest_asset_distance_m":17,"consequence_weight":2.9,"idw_subsidence_mm":10.06,"risk_score":0.903,"risk_level":"High"},"geometry":{"type":"Point","coordinates":[86.430842,23.764939]}},{"type":"Feature","properties":{"subsidence_mm":1556.92,"tilt_deg":-0.80184,"strain_ue":-434.13,"x_offset_m":45,"y_offset_m":75,"source":"NCB_PFM","nearest_asset_distance_m":18,"consequence_weight":2.89,"idw_subsidence_mm":10.06,"risk_score":0.903,"risk_level":"High"},"geometry":{"type":"Point","coordinates":[86.430842,23.765074]}},{"type":"Feature","properties":{"subsidence_mm":1556.92,"tilt_deg":-0.80184,"strain_ue":-434.13,"x_offset_m":45,"y_offset_m":90,"source":"NCB_PFM","nearest_asset_distance_m":28,"consequence_weight":2.83,"idw_subsidence_mm":10.06,"risk_score":0.899,"risk_level":"High"},"geometry":{"type":"Point","coordinates":[86.430842,23.765208]}},{"type":"Feature","properties":{"subsidence_mm":1556.92,"tilt_deg":-0.80184,"strain_ue":-434.13,"x_offset_m":45,"y_offset_m":105,"source":"NCB_PFM","nearest_asset_distance_m":41,"consequence_weight":2.75,"idw_subsidence_mm":10.06,"risk_score":0.893,"risk_level":"High"},"geometry":{"type":"Point","coordinates":[86.430842,23.765343]}},{"type":"Feature","properties":{"subsidence_mm":1556.92,"tilt_deg":-0.80184,"strain_ue":-434.13,"x_offset_m":45,"y_offset_m":120,"source":"NCB_PFM","nearest_asset_distance_m":56,"consequence_weight":2.67,"idw_subsidence_mm":10.06,"risk_score":0.887,"risk_level":"High"},"geometry":{"type":"Point","coordinates":[86.430842,23.765478]}},{"type":"Feature","properties":{"subsidence_mm":1556.92,"tilt_deg":-0.80184,"strain_ue":-434.13,"x_offset_m":45,"y_offset_m":135,"source":"NCB_PFM","nearest_asset_distance_m":70,"consequence_weight":2.58,"idw_subsidence_mm":10.06,"risk_score":0.881,"risk_level":"High"},"geometry":{"type":"Point","coordinates":[86.430842,23.765613]}},{"type":"Feature","properties":{"subsidence_mm":1556.92,"tilt_deg":-0.80184,"strain_ue":-434.13,"x_offset_m":45,"y_offset_m":150,"source":"NCB_PFM","nearest_asset_distance_m":85,"consequence_weight":2.49,"idw_subsidence_mm":10.06,"risk_score":0.875,"risk_level":"High"},"geometry":{"type":"Point","coordinates":[86.430842,23.765747]}},{"type":"Feature","properties":{"subsidence_mm":1556.92,"tilt_deg":-0.80184,"strain_ue":-434.13,"x_offset_m":45,"y_offset_m":165,"source":"NCB_PFM","nearest_asset_distance_m":99,"consequence_weight":2.4,"idw_subsidence_mm":10.06,"risk_score":0.868,"risk_level":"High"},"geometry":{"type":"Point","coordinates":[86.430842,23.765882]}},{"type":"Feature","properties":{"subsidence_mm":1556.92,"tilt_deg":-0.80184,"strain_ue":-434.13,"x_offset_m":45,"y_offset_m":180,"source":"NCB_PFM","nearest_asset_distance_m":114,"consequence_weight":2.31,"idw_subsidence_mm":10.06,"risk_score":0.862,"risk_level":"High"},"geometry":{"type":"Point","coordinates":[86.430842,23.766017]}},{"type":"Feature","properties":{"subsidence_mm":1556.92,"tilt_deg":-0.80184,"strain_ue":-434.13,"x_offset_m":45,"y_offset_m":195,"source":"NCB_PFM","nearest_asset_distance_m":129,"consequence_weight":2.23,"idw_subsidence_mm":10.06,"risk_score":0.856,"risk_level":"High"},"geometry":{"type":"Point","coordinates":[86.430842,23.766152]}},{"type":"Feature","properties":{"subsidence_mm":1556.92,"tilt_deg":-0.80184,"strain_ue":-434.13,"x_offset_m":45,"y_offset_m":210,"source":"NCB_PFM","nearest_asset_distance_m":144,"consequence_weight":2.14,"idw_subsidence_mm":10.06,"risk_score":0.85,"risk_level":"High"},"geometry":{"type":"Point","coordinates":[86.430842,23.766286]}},{"type":"Feature","properties":{"subsidence_mm":1556.92,"tilt_deg":-0.80184,"strain_ue":-434.13,"x_offset_m":45,"y_offset_m":225,"source":"NCB_PFM","nearest_asset_distance_m":159,"consequence_weight":2.05,"idw_subsidence_mm":10.06,"risk_score":0.844,"risk_level":"High"},"geometry":{"type":"Point","coordinates":[86.430842,23.766421]}},{"type":"Feature","properties":{"subsidence_mm":1556.92,"tilt_deg":-0.80184,"strain_ue":-434.13,"x_offset_m":45,"y_offset_m":240,"source":"NCB_PFM","nearest_asset_distance_m":174,"consequence_weight":1.96,"idw_subsidence_mm":10.06,"risk_score":0.838,"risk_level":"High"},"geometry":{"type":"Point","coordinates":[86.430842,23.766556]}},{"type":"Feature","properties":{"subsidence_mm":1556.92,"tilt_deg":-0.80184,"strain_ue":-434.13,"x_offset_m":45,"y_offset_m":255,"source":"NCB_PFM","nearest_asset_distance_m":189,"consequence_weight":1.87,"idw_subsidence_mm":10.06,"risk_score":0.831,"risk_level":"High"},"geometry":{"type":"Point","coordinates":[86.430842,23.766691]}},{"type":"Feature","properties":{"subsidence_mm":1556.92,"tilt_deg":-0.80184,"strain_ue":-434.13,"x_offset_m":45,"y_offset_m":270,"source":"NCB_PFM","nearest_asset_distance_m":204,"consequence_weight":1.78,"idw_subsidence_mm":5.03,"risk_score":0.657,"risk_level":"High"},"geometry":{"type":"Point","coordinates":[86.430842,23.766825]}},{"type":"Feature","properties":{"subsidence_mm":1556.92,"tilt_deg":-0.80184,"strain_ue":-434.13,"x_offset_m":45,"y_offset_m":285,"source":"NCB_PFM","nearest_asset_distance_m":219,"consequence_weight":1.69,"idw_subsidence_mm":5.03,"risk_score":0.651,"risk_level":"High"},"geometry":{"type":"Point","coordinates":[86.430842,23.76696]}},{"type":"Feature","properties":{"subsidence_mm":1556.92,"tilt_deg":-0.80184,"strain_ue":-434.13,"x_offset_m":45,"y_offset_m":300,"source":"NCB_PFM","nearest_asset_distance_m":234,"consequence_weight":1.6,"idw_subsidence_mm":5.03,"risk_score":0.645,"risk_level":"High"},"geometry":{"type":"Point","coordinates":[86.430842,23.767095]}},{"type":"Feature","properties":{"subsidence_mm":1292.3,"tilt_deg":-1.18421,"strain_ue":-323.83,"x_offset_m":60,"y_offset_m":-300,"source":"NCB_PFM","nearest_asset_distance_m":250,"consequence_weight":1,"idw_subsidence_mm":8.39,"risk_score":0.588,"risk_level":"Medium"},"geometry":{"type":"Point","coordinates":[86.430989,23.761705]}},{"type":"Feature","properties":{"subsidence_mm":1292.3,"tilt_deg":-1.18421,"strain_ue":-323.83,"x_offset_m":60,"y_offset_m":-285,"source":"NCB_PFM","nearest_asset_distance_m":242,"consequence_weight":1.03,"idw_subsidence_mm":8.39,"risk_score":0.59,"risk_level":"Medium"},"geometry":{"type":"Point","coordinates":[86.430989,23.76184]}},{"type":"Feature","properties":{"subsidence_mm":1292.3,"tilt_deg":-1.18421,"strain_ue":-323.83,"x_offset_m":60,"y_offset_m":-270,"source":"NCB_PFM","nearest_asset_distance_m":234,"consequence_weight":1.06,"idw_subsidence_mm":8.39,"risk_score":0.592,"risk_level":"Medium"},"geometry":{"type":"Point","coordinates":[86.430989,23.761975]}},{"type":"Feature","properties":{"subsidence_mm":1292.3,"tilt_deg":-1.18421,"strain_ue":-323.83,"x_offset_m":60,"y_offset_m":-255,"source":"NCB_PFM","nearest_asset_distance_m":227,"consequence_weight":1.09,"idw_subsidence_mm":8.39,"risk_score":0.594,"risk_level":"Medium"},"geometry":{"type":"Point","coordinates":[86.430989,23.762109]}},{"type":"Feature","properties":{"subsidence_mm":1292.3,"tilt_deg":-1.18421,"strain_ue":-323.83,"x_offset_m":60,"y_offset_m":-240,"source":"NCB_PFM","nearest_asset_distance_m":221,"consequence_weight":1.12,"idw_subsidence_mm":8.39,"risk_score":0.596,"risk_level":"Medium"},"geometry":{"type":"Point","coordinates":[86.430989,23.762244]}},{"type":"Feature","properties":{"subsidence_mm":1292.3,"tilt_deg":-1.18421,"strain_ue":-323.83,"x_offset_m":60,"y_offset_m":-225,"source":"NCB_PFM","nearest_asset_distance_m":216,"consequence_weight":1.14,"idw_subsidence_mm":8.39,"risk_score":0.597,"risk_level":"Medium"},"geometry":{"type":"Point","coordinates":[86.430989,23.762379]}},{"type":"Feature","properties":{"subsidence_mm":1292.3,"tilt_deg":-1.18421,"strain_ue":-323.83,"x_offset_m":60,"y_offset_m":-210,"source":"NCB_PFM","nearest_asset_distance_m":212,"consequence_weight":1.15,"idw_subsidence_mm":8.39,"risk_score":0.598,"risk_level":"Medium"},"geometry":{"type":"Point","coordinates":[86.430989,23.762514]}},{"type":"Feature","properties":{"subsidence_mm":1292.3,"tilt_deg":-1.18421,"strain_ue":-323.83,"x_offset_m":60,"y_offset_m":-195,"source":"NCB_PFM","nearest_asset_distance_m":208,"consequence_weight":1.17,"idw_subsidence_mm":8.39,"risk_score":0.6,"risk_level":"High"},"geometry":{"type":"Point","coordinates":[86.430989,23.762648]}},{"type":"Feature","properties":{"subsidence_mm":1292.3,"tilt_deg":-1.18421,"strain_ue":-323.83,"x_offset_m":60,"y_offset_m":-180,"source":"NCB_PFM","nearest_asset_distance_m":206,"consequence_weight":1.18,"idw_subsidence_mm":8.39,"risk_score":0.6,"risk_level":"High"},"geometry":{"type":"Point","coordinates":[86.430989,23.762783]}},{"type":"Feature","properties":{"subsidence_mm":1292.3,"tilt_deg":-1.18421,"strain_ue":-323.83,"x_offset_m":60,"y_offset_m":-165,"source":"NCB_PFM","nearest_asset_distance_m":205,"consequence_weight":1.18,"idw_subsidence_mm":8.39,"risk_score":0.6,"risk_level":"High"},"geometry":{"type":"Point","coordinates":[86.430989,23.762918]}},{"type":"Feature","properties":{"subsidence_mm":1292.3,"tilt_deg":-1.18421,"strain_ue":-323.83,"x_offset_m":60,"y_offset_m":-150,"source":"NCB_PFM","nearest_asset_distance_m":205,"consequence_weight":1.18,"idw_subsidence_mm":8.39,"risk_score":0.6,"risk_level":"High"},"geometry":{"type":"Point","coordinates":[86.430989,23.763053]}},{"type":"Feature","properties":{"subsidence_mm":1292.3,"tilt_deg":-1.18421,"strain_ue":-323.83,"x_offset_m":60,"y_offset_m":-135,"source":"NCB_PFM","nearest_asset_distance_m":202,"consequence_weight":1.79,"idw_subsidence_mm":8.39,"risk_score":0.643,"risk_level":"High"},"geometry":{"type":"Point","coordinates":[86.430989,23.763187]}},{"type":"Feature","properties":{"subsidence_mm":1292.3,"tilt_deg":-1.18421,"strain_ue":-323.83,"x_offset_m":60,"y_offset_m":-120,"source":"NCB_PFM","nearest_asset_distance_m":187,"consequence_weight":1.88,"idw_subsidence_mm":8.39,"risk_score":0.649,"risk_level":"High"},"geometry":{"type":"Point","coordinates":[86.430989,23.763322]}},{"type":"Feature","properties":{"subsidence_mm":1292.3,"tilt_deg":-1.18421,"strain_ue":-323.83,"x_offset_m":60,"y_offset_m":-105,"source":"NCB_PFM","nearest_asset_distance_m":172,"consequence_weight":1.97,"idw_subsidence_mm":8.39,"risk_score":0.656,"risk_level":"High"},"geometry":{"type":"Point","coordinates":[86.430989,23.763457]}},{"type":"Feature","properties":{"subsidence_mm":1292.3,"tilt_deg":-1.18421,"strain_ue":-323.83,"x_offset_m":60,"y_offset_m":-90,"source":"NCB_PFM","nearest_asset_distance_m":157,"consequence_weight":2.06,"idw_subsidence_mm":8.39,"risk_score":0.662,"risk_level":"High"},"geometry":{"type":"Point","coordinates":[86.430989,23.763592]}},{"type":"Feature","properties":{"subsidence_mm":1292.3,"tilt_deg":-1.18421,"strain_ue":-323.83,"x_offset_m":60,"y_offset_m":-75,"source":"NCB_PFM","nearest_asset_distance_m":142,"consequence_weight":2.15,"idw_subsidence_mm":8.39,"risk_score":0.668,"risk_level":"High"},"geometry":{"type":"Point","coordinates":[86.430989,23.763726]}},{"type":"Feature","properties":{"subsidence_mm":1292.3,"tilt_deg":-1.18421,"strain_ue":-323.83,"x_offset_m":60,"y_offset_m":-60,"source":"NCB_PFM","nearest_asset_distance_m":127,"consequence_weight":2.24,"idw_subsidence_mm":8.39,"risk_score":0.675,"risk_level":"High"},"geometry":{"type":"Point","coordinates":[86.430989,23.763861]}},{"type":"Feature","properties":{"subsidence_mm":1292.3,"tilt_deg":-1.18421,"strain_ue":-323.83,"x_offset_m":60,"y_offset_m":-45,"source":"NCB_PFM","nearest_asset_distance_m":112,"consequence_weight":2.33,"idw_subsidence_mm":8.39,"risk_score":0.681,"risk_level":"High"},"geometry":{"type":"Point","coordinates":[86.430989,23.763996]}},{"type":"Feature","properties":{"subsidence_mm":1292.3,"tilt_deg":-1.18421,"strain_ue":-323.83,"x_offset_m":60,"y_offset_m":-30,"source":"NCB_PFM","nearest_asset_distance_m":97,"consequence_weight":2.42,"idw_subsidence_mm":10.06,"risk_score":0.743,"risk_level":"High"},"geometry":{"type":"Point","coordinates":[86.430989,23.764131]}},{"type":"Feature","properties":{"subsidence_mm":1292.3,"tilt_deg":-1.18421,"strain_ue":-323.83,"x_offset_m":60,"y_offset_m":-15,"source":"NCB_PFM","nearest_asset_distance_m":82,"consequence_weight":2.51,"idw_subsidence_mm":10.06,"risk_score":0.749,"risk_level":"High"},"geometry":{"type":"Point","coordinates":[86.430989,23.764265]}},{"type":"Feature","properties":{"subsidence_mm":1292.3,"tilt_deg":-1.18421,"strain_ue":-323.83,"x_offset_m":60,"y_offset_m":0,"source":"NCB_PFM","nearest_asset_distance_m":67,"consequence_weight":2.6,"idw_subsidence_mm":10.06,"risk_score":0.755,"risk_level":"High"},"geometry":{"type":"Point","coordinates":[86.430989,23.7644]}},{"type":"Feature","properties":{"subsidence_mm":1292.3,"tilt_deg":-1.18421,"strain_ue":-323.83,"x_offset_m":60,"y_offset_m":15,"source":"NCB_PFM","nearest_asset_distance_m":52,"consequence_weight":2.69,"idw_subsidence_mm":10.06,"risk_score":0.762,"risk_level":"High"},"geometry":{"type":"Point","coordinates":[86.430989,23.764535]}},{"type":"Feature","properties":{"subsidence_mm":1292.3,"tilt_deg":-1.18421,"strain_ue":-323.83,"x_offset_m":60,"y_offset_m":30,"source":"NCB_PFM","nearest_asset_distance_m":37,"consequence_weight":2.78,"idw_subsidence_mm":10.06,"risk_score":0.768,"risk_level":"High"},"geometry":{"type":"Point","coordinates":[86.430989,23.764669]}},{"type":"Feature","properties":{"subsidence_mm":1292.3,"tilt_deg":-1.18421,"strain_ue":-323.83,"x_offset_m":60,"y_offset_m":45,"source":"NCB_PFM","nearest_asset_distance_m":22,"consequence_weight":2.87,"idw_subsidence_mm":10.06,"risk_score":0.774,"risk_level":"High"},"geometry":{"type":"Point","coordinates":[86.430989,23.764804]}},{"type":"Feature","properties":{"subsidence_mm":1292.3,"tilt_deg":-1.18421,"strain_ue":-323.83,"x_offset_m":60,"y_offset_m":60,"source":"NCB_PFM","nearest_asset_distance_m":7,"consequence_weight":2.96,"idw_subsidence_mm":10.06,"risk_score":0.781,"risk_level":"High"},"geometry":{"type":"Point","coordinates":[86.430989,23.764939]}},{"type":"Feature","properties":{"subsidence_mm":1292.3,"tilt_deg":-1.18421,"strain_ue":-323.83,"x_offset_m":60,"y_offset_m":75,"source":"NCB_PFM","nearest_asset_distance_m":8,"consequence_weight":2.95,"idw_subsidence_mm":10.06,"risk_score":0.78,"risk_level":"High"},"geometry":{"type":"Point","coordinates":[86.430989,23.765074]}},{"type":"Feature","properties":{"subsidence_mm":1292.3,"tilt_deg":-1.18421,"strain_ue":-323.83,"x_offset_m":60,"y_offset_m":90,"source":"NCB_PFM","nearest_asset_distance_m":23,"consequence_weight":2.86,"idw_subsidence_mm":10.06,"risk_score":0.774,"risk_level":"High"},"geometry":{"type":"Point","coordinates":[86.430989,23.765208]}},{"type":"Feature","properties":{"subsidence_mm":1292.3,"tilt_deg":-1.18421,"strain_ue":-323.83,"x_offset_m":60,"y_offset_m":105,"source":"NCB_PFM","nearest_asset_distance_m":38,"consequence_weight":2.77,"idw_subsidence_mm":10.06,"risk_score":0.767,"risk_level":"High"},"geometry":{"type":"Point","coordinates":[86.430989,23.765343]}},{"type":"Feature","properties":{"subsidence_mm":1292.3,"tilt_deg":-1.18421,"strain_ue":-323.83,"x_offset_m":60,"y_offset_m":120,"source":"NCB_PFM","nearest_asset_distance_m":53,"consequence_weight":2.68,"idw_subsidence_mm":10.06,"risk_score":0.761,"risk_level":"High"},"geometry":{"type":"Point","coordinates":[86.430989,23.765478]}},{"type":"Feature","properties":{"subsidence_mm":1292.3,"tilt_deg":-1.18421,"strain_ue":-323.83,"x_offset_m":60,"y_offset_m":135,"source":"NCB_PFM","nearest_asset_distance_m":68,"consequence_weight":2.59,"idw_subsidence_mm":10.06,"risk_score":0.755,"risk_level":"High"},"geometry":{"type":"Point","coordinates":[86.430989,23.765613]}},{"type":"Feature","properties":{"subsidence_mm":1292.3,"tilt_deg":-1.18421,"strain_ue":-323.83,"x_offset_m":60,"y_offset_m":150,"source":"NCB_PFM","nearest_asset_distance_m":83,"consequence_weight":2.5,"idw_subsidence_mm":10.06,"risk_score":0.748,"risk_level":"High"},"geometry":{"type":"Point","coordinates":[86.430989,23.765747]}},{"type":"Feature","properties":{"subsidence_mm":1292.3,"tilt_deg":-1.18421,"strain_ue":-323.83,"x_offset_m":60,"y_offset_m":165,"source":"NCB_PFM","nearest_asset_distance_m":98,"consequence_weight":2.41,"idw_subsidence_mm":10.06,"risk_score":0.742,"risk_level":"High"},"geometry":{"type":"Point","coordinates":[86.430989,23.765882]}},{"type":"Feature","properties":{"subsidence_mm":1292.3,"tilt_deg":-1.18421,"strain_ue":-323.83,"x_offset_m":60,"y_offset_m":180,"source":"NCB_PFM","nearest_asset_distance_m":113,"consequence_weight":2.32,"idw_subsidence_mm":10.06,"risk_score":0.736,"risk_level":"High"},"geometry":{"type":"Point","coordinates":[86.430989,23.766017]}},{"type":"Feature","properties":{"subsidence_mm":1292.3,"tilt_deg":-1.18421,"strain_ue":-323.83,"x_offset_m":60,"y_offset_m":195,"source":"NCB_PFM","nearest_asset_distance_m":128,"consequence_weight":2.23,"idw_subsidence_mm":10.06,"risk_score":0.729,"risk_level":"High"},"geometry":{"type":"Point","coordinates":[86.430989,23.766152]}},{"type":"Feature","properties":{"subsidence_mm":1292.3,"tilt_deg":-1.18421,"strain_ue":-323.83,"x_offset_m":60,"y_offset_m":210,"source":"NCB_PFM","nearest_asset_distance_m":143,"consequence_weight":2.14,"idw_subsidence_mm":10.06,"risk_score":0.723,"risk_level":"High"},"geometry":{"type":"Point","coordinates":[86.430989,23.766286]}},{"type":"Feature","properties":{"subsidence_mm":1292.3,"tilt_deg":-1.18421,"strain_ue":-323.83,"x_offset_m":60,"y_offset_m":225,"source":"NCB_PFM","nearest_asset_distance_m":158,"consequence_weight":2.05,"idw_subsidence_mm":10.06,"risk_score":0.717,"risk_level":"High"},"geometry":{"type":"Point","coordinates":[86.430989,23.766421]}},{"type":"Feature","properties":{"subsidence_mm":1292.3,"tilt_deg":-1.18421,"strain_ue":-323.83,"x_offset_m":60,"y_offset_m":240,"source":"NCB_PFM","nearest_asset_distance_m":173,"consequence_weight":1.96,"idw_subsidence_mm":10.06,"risk_score":0.71,"risk_level":"High"},"geometry":{"type":"Point","coordinates":[86.430989,23.766556]}},{"type":"Feature","properties":{"subsidence_mm":1292.3,"tilt_deg":-1.18421,"strain_ue":-323.83,"x_offset_m":60,"y_offset_m":255,"source":"NCB_PFM","nearest_asset_distance_m":188,"consequence_weight":1.87,"idw_subsidence_mm":10.06,"risk_score":0.704,"risk_level":"High"},"geometry":{"type":"Point","coordinates":[86.430989,23.766691]}},{"type":"Feature","properties":{"subsidence_mm":1292.3,"tilt_deg":-1.18421,"strain_ue":-323.83,"x_offset_m":60,"y_offset_m":270,"source":"NCB_PFM","nearest_asset_distance_m":203,"consequence_weight":1.78,"idw_subsidence_mm":5.03,"risk_score":0.53,"risk_level":"Medium"},"geometry":{"type":"Point","coordinates":[86.430989,23.766825]}},{"type":"Feature","properties":{"subsidence_mm":1292.3,"tilt_deg":-1.18421,"strain_ue":-323.83,"x_offset_m":60,"y_offset_m":285,"source":"NCB_PFM","nearest_asset_distance_m":218,"consequence_weight":1.69,"idw_subsidence_mm":5.03,"risk_score":0.524,"risk_level":"Medium"},"geometry":{"type":"Point","coordinates":[86.430989,23.76696]}},{"type":"Feature","properties":{"subsidence_mm":1292.3,"tilt_deg":-1.18421,"strain_ue":-323.83,"x_offset_m":60,"y_offset_m":300,"source":"NCB_PFM","nearest_asset_distance_m":233,"consequence_weight":1.6,"idw_subsidence_mm":5.03,"risk_score":0.518,"risk_level":"Medium"},"geometry":{"type":"Point","coordinates":[86.430989,23.767095]}},{"type":"Feature","properties":{"subsidence_mm":936.87,"tilt_deg":-1.35846,"strain_ue":-2.2,"x_offset_m":75,"y_offset_m":-300,"source":"NCB_PFM","nearest_asset_distance_m":238,"consequence_weight":1.05,"idw_subsidence_mm":8.39,"risk_score":0.221,"risk_level":"Low"},"geometry":{"type":"Point","coordinates":[86.431136,23.761705]}},{"type":"Feature","properties":{"subsidence_mm":936.87,"tilt_deg":-1.35846,"strain_ue":-2.2,"x_offset_m":75,"y_offset_m":-285,"source":"NCB_PFM","nearest_asset_distance_m":229,"consequence_weight":1.08,"idw_subsidence_mm":8.39,"risk_score":0.223,"risk_level":"Low"},"geometry":{"type":"Point","coordinates":[86.431136,23.76184]}},{"type":"Feature","properties":{"subsidence_mm":936.87,"tilt_deg":-1.35846,"strain_ue":-2.2,"x_offset_m":75,"y_offset_m":-270,"source":"NCB_PFM","nearest_asset_distance_m":221,"consequence_weight":1.11,"idw_subsidence_mm":8.39,"risk_score":0.225,"risk_level":"Low"},"geometry":{"type":"Point","coordinates":[86.431136,23.761975]}},{"type":"Feature","properties":{"subsidence_mm":936.87,"tilt_deg":-1.35846,"strain_ue":-2.2,"x_offset_m":75,"y_offset_m":-255,"source":"NCB_PFM","nearest_asset_distance_m":214,"consequence_weight":1.14,"idw_subsidence_mm":8.39,"risk_score":0.227,"risk_level":"Low"},"geometry":{"type":"Point","coordinates":[86.431136,23.762109]}},{"type":"Feature","properties":{"subsidence_mm":936.87,"tilt_deg":-1.35846,"strain_ue":-2.2,"x_offset_m":75,"y_offset_m":-240,"source":"NCB_PFM","nearest_asset_distance_m":207,"consequence_weight":1.17,"idw_subsidence_mm":8.39,"risk_score":0.229,"risk_level":"Low"},"geometry":{"type":"Point","coordinates":[86.431136,23.762244]}},{"type":"Feature","properties":{"subsidence_mm":936.87,"tilt_deg":-1.35846,"strain_ue":-2.2,"x_offset_m":75,"y_offset_m":-225,"source":"NCB_PFM","nearest_asset_distance_m":202,"consequence_weight":1.19,"idw_subsidence_mm":8.39,"risk_score":0.23,"risk_level":"Low"},"geometry":{"type":"Point","coordinates":[86.431136,23.762379]}},{"type":"Feature","properties":{"subsidence_mm":936.87,"tilt_deg":-1.35846,"strain_ue":-2.2,"x_offset_m":75,"y_offset_m":-210,"source":"NCB_PFM","nearest_asset_distance_m":197,"consequence_weight":1.21,"idw_subsidence_mm":8.39,"risk_score":0.232,"risk_level":"Low"},"geometry":{"type":"Point","coordinates":[86.431136,23.762514]}},{"type":"Feature","properties":{"subsidence_mm":936.87,"tilt_deg":-1.35846,"strain_ue":-2.2,"x_offset_m":75,"y_offset_m":-195,"source":"NCB_PFM","nearest_asset_distance_m":194,"consequence_weight":1.23,"idw_subsidence_mm":8.39,"risk_score":0.233,"risk_level":"Low"},"geometry":{"type":"Point","coordinates":[86.431136,23.762648]}},{"type":"Feature","properties":{"subsidence_mm":936.87,"tilt_deg":-1.35846,"strain_ue":-2.2,"x_offset_m":75,"y_offset_m":-180,"source":"NCB_PFM","nearest_asset_distance_m":191,"consequence_weight":1.24,"idw_subsidence_mm":8.39,"risk_score":0.234,"risk_level":"Low"},"geometry":{"type":"Point","coordinates":[86.431136,23.762783]}},{"type":"Feature","properties":{"subsidence_mm":936.87,"tilt_deg":-1.35846,"strain_ue":-2.2,"x_offset_m":75,"y_offset_m":-165,"source":"NCB_PFM","nearest_asset_distance_m":190,"consequence_weight":1.24,"idw_subsidence_mm":8.39,"risk_score":0.234,"risk_level":"Low"},"geometry":{"type":"Point","coordinates":[86.431136,23.762918]}},{"type":"Feature","properties":{"subsidence_mm":936.87,"tilt_deg":-1.35846,"strain_ue":-2.2,"x_offset_m":75,"y_offset_m":-150,"source":"NCB_PFM","nearest_asset_distance_m":190,"consequence_weight":1.24,"idw_subsidence_mm":8.39,"risk_score":0.234,"risk_level":"Low"},"geometry":{"type":"Point","coordinates":[86.431136,23.763053]}},{"type":"Feature","properties":{"subsidence_mm":936.87,"tilt_deg":-1.35846,"strain_ue":-2.2,"x_offset_m":75,"y_offset_m":-135,"source":"NCB_PFM","nearest_asset_distance_m":191,"consequence_weight":1.24,"idw_subsidence_mm":8.39,"risk_score":0.234,"risk_level":"Low"},"geometry":{"type":"Point","coordinates":[86.431136,23.763187]}},{"type":"Feature","properties":{"subsidence_mm":936.87,"tilt_deg":-1.35846,"strain_ue":-2.2,"x_offset_m":75,"y_offset_m":-120,"source":"NCB_PFM","nearest_asset_distance_m":187,"consequence_weight":1.88,"idw_subsidence_mm":8.39,"risk_score":0.279,"risk_level":"Low"},"geometry":{"type":"Point","coordinates":[86.431136,23.763322]}},{"type":"Feature","properties":{"subsidence_mm":936.87,"tilt_deg":-1.35846,"strain_ue":-2.2,"x_offset_m":75,"y_offset_m":-105,"source":"NCB_PFM","nearest_asset_distance_m":172,"consequence_weight":1.97,"idw_subsidence_mm":8.39,"risk_score":0.285,"risk_level":"Low"},"geometry":{"type":"Point","coordinates":[86.431136,23.763457]}},{"type":"Feature","properties":{"subsidence_mm":936.87,"tilt_deg":-1.35846,"strain_ue":-2.2,"x_offset_m":75,"y_offset_m":-90,"source":"NCB_PFM","nearest_asset_distance_m":157,"consequence_weight":2.06,"idw_subsidence_mm":8.39,"risk_score":0.292,"risk_level":"Low"},"geometry":{"type":"Point","coordinates":[86.431136,23.763592]}},{"type":"Feature","properties":{"subsidence_mm":936.87,"tilt_deg":-1.35846,"strain_ue":-2.2,"x_offset_m":75,"y_offset_m":-75,"source":"NCB_PFM","nearest_asset_distance_m":142,"consequence_weight":2.15,"idw_subsidence_mm":8.39,"risk_score":0.298,"risk_level":"Low"},"geometry":{"type":"Point","coordinates":[86.431136,23.763726]}},{"type":"Feature","properties":{"subsidence_mm":936.87,"tilt_deg":-1.35846,"strain_ue":-2.2,"x_offset_m":75,"y_offset_m":-60,"source":"NCB_PFM","nearest_asset_distance_m":127,"consequence_weight":2.24,"idw_subsidence_mm":8.39,"risk_score":0.304,"risk_level":"Low"},"geometry":{"type":"Point","coordinates":[86.431136,23.763861]}},{"type":"Feature","properties":{"subsidence_mm":936.87,"tilt_deg":-1.35846,"strain_ue":-2.2,"x_offset_m":75,"y_offset_m":-45,"source":"NCB_PFM","nearest_asset_distance_m":112,"consequence_weight":2.33,"idw_subsidence_mm":8.39,"risk_score":0.31,"risk_level":"Low"},"geometry":{"type":"Point","coordinates":[86.431136,23.763996]}},{"type":"Feature","properties":{"subsidence_mm":936.87,"tilt_deg":-1.35846,"strain_ue":-2.2,"x_offset_m":75,"y_offset_m":-30,"source":"NCB_PFM","nearest_asset_distance_m":98,"consequence_weight":2.41,"idw_subsidence_mm":10.06,"risk_score":0.372,"risk_level":"Medium"},"geometry":{"type":"Point","coordinates":[86.431136,23.764131]}},{"type":"Feature","properties":{"subsidence_mm":936.87,"tilt_deg":-1.35846,"strain_ue":-2.2,"x_offset_m":75,"y_offset_m":-15,"source":"NCB_PFM","nearest_asset_distance_m":83,"consequence_weight":2.5,"idw_subsidence_mm":10.06,"risk_score":0.378,"risk_level":"Medium"},"geometry":{"type":"Point","coordinates":[86.431136,23.764265]}},{"type":"Feature","properties":{"subsidence_mm":936.87,"tilt_deg":-1.35846,"strain_ue":-2.2,"x_offset_m":75,"y_offset_m":0,"source":"NCB_PFM","nearest_asset_distance_m":68,"consequence_weight":2.59,"idw_subsidence_mm":10.06,"risk_score":0.384,"risk_level":"Medium"},"geometry":{"type":"Point","coordinates":[86.431136,23.7644]}},{"type":"Feature","properties":{"subsidence_mm":936.87,"tilt_deg":-1.35846,"strain_ue":-2.2,"x_offset_m":75,"y_offset_m":15,"source":"NCB_PFM","nearest_asset_distance_m":54,"consequence_weight":2.68,"idw_subsidence_mm":10.06,"risk_score":0.391,"risk_level":"Medium"},"geometry":{"type":"Point","coordinates":[86.431136,23.764535]}},{"type":"Feature","properties":{"subsidence_mm":936.87,"tilt_deg":-1.35846,"strain_ue":-2.2,"x_offset_m":75,"y_offset_m":30,"source":"NCB_PFM","nearest_asset_distance_m":39,"consequence_weight":2.76,"idw_subsidence_mm":10.06,"risk_score":0.396,"risk_level":"Medium"},"geometry":{"type":"Point","coordinates":[86.431136,23.764669]}},{"type":"Feature","properties":{"subsidence_mm":936.87,"tilt_deg":-1.35846,"strain_ue":-2.2,"x_offset_m":75,"y_offset_m":45,"source":"NCB_PFM","nearest_asset_distance_m":26,"consequence_weight":2.85,"idw_subsidence_mm":10.06,"risk_score":0.402,"risk_level":"Medium"},"geometry":{"type":"Point","coordinates":[86.431136,23.764804]}},{"type":"Feature","properties":{"subsidence_mm":936.87,"tilt_deg":-1.35846,"strain_ue":-2.2,"x_offset_m":75,"y_offset_m":60,"source":"NCB_PFM","nearest_asset_distance_m":15,"consequence_weight":2.91,"idw_subsidence_mm":10.06,"risk_score":0.407,"risk_level":"Medium"},"geometry":{"type":"Point","coordinates":[86.431136,23.764939]}},{"type":"Feature","properties":{"subsidence_mm":936.87,"tilt_deg":-1.35846,"strain_ue":-2.2,"x_offset_m":75,"y_offset_m":75,"source":"NCB_PFM","nearest_asset_distance_m":16,"consequence_weight":2.9,"idw_subsidence_mm":10.06,"risk_score":0.406,"risk_level":"Medium"},"geometry":{"type":"Point","coordinates":[86.431136,23.765074]}},{"type":"Feature","properties":{"subsidence_mm":936.87,"tilt_deg":-1.35846,"strain_ue":-2.2,"x_offset_m":75,"y_offset_m":90,"source":"NCB_PFM","nearest_asset_distance_m":27,"consequence_weight":2.84,"idw_subsidence_mm":10.06,"risk_score":0.402,"risk_level":"Medium"},"geometry":{"type":"Point","coordinates":[86.431136,23.765208]}},{"type":"Feature","properties":{"subsidence_mm":936.87,"tilt_deg":-1.35846,"strain_ue":-2.2,"x_offset_m":75,"y_offset_m":105,"source":"NCB_PFM","nearest_asset_distance_m":41,"consequence_weight":2.76,"idw_subsidence_mm":10.06,"risk_score":0.396,"risk_level":"Medium"},"geometry":{"type":"Point","coordinates":[86.431136,23.765343]}},{"type":"Feature","properties":{"subsidence_mm":936.87,"tilt_deg":-1.35846,"strain_ue":-2.2,"x_offset_m":75,"y_offset_m":120,"source":"NCB_PFM","nearest_asset_distance_m":55,"consequence_weight":2.67,"idw_subsidence_mm":10.06,"risk_score":0.39,"risk_level":"Medium"},"geometry":{"type":"Point","coordinates":[86.431136,23.765478]}},{"type":"Feature","properties":{"subsidence_mm":936.87,"tilt_deg":-1.35846,"strain_ue":-2.2,"x_offset_m":75,"y_offset_m":135,"source":"NCB_PFM","nearest_asset_distance_m":70,"consequence_weight":2.58,"idw_subsidence_mm":10.06,"risk_score":0.384,"risk_level":"Medium"},"geometry":{"type":"Point","coordinates":[86.431136,23.765613]}},{"type":"Feature","properties":{"subsidence_mm":936.87,"tilt_deg":-1.35846,"strain_ue":-2.2,"x_offset_m":75,"y_offset_m":150,"source":"NCB_PFM","nearest_asset_distance_m":84,"consequence_weight":2.49,"idw_subsidence_mm":10.06,"risk_score":0.377,"risk_level":"Medium"},"geometry":{"type":"Point","coordinates":[86.431136,23.765747]}},{"type":"Feature","properties":{"subsidence_mm":936.87,"tilt_deg":-1.35846,"strain_ue":-2.2,"x_offset_m":75,"y_offset_m":165,"source":"NCB_PFM","nearest_asset_distance_m":99,"consequence_weight":2.41,"idw_subsidence_mm":10.06,"risk_score":0.372,"risk_level":"Medium"},"geometry":{"type":"Point","coordinates":[86.431136,23.765882]}},{"type":"Feature","properties":{"subsidence_mm":936.87,"tilt_deg":-1.35846,"strain_ue":-2.2,"x_offset_m":75,"y_offset_m":180,"source":"NCB_PFM","nearest_asset_distance_m":114,"consequence_weight":2.32,"idw_subsidence_mm":10.06,"risk_score":0.365,"risk_level":"Medium"},"geometry":{"type":"Point","coordinates":[86.431136,23.766017]}},{"type":"Feature","properties":{"subsidence_mm":936.87,"tilt_deg":-1.35846,"strain_ue":-2.2,"x_offset_m":75,"y_offset_m":195,"source":"NCB_PFM","nearest_asset_distance_m":129,"consequence_weight":2.23,"idw_subsidence_mm":10.06,"risk_score":0.359,"risk_level":"Medium"},"geometry":{"type":"Point","coordinates":[86.431136,23.766152]}},{"type":"Feature","properties":{"subsidence_mm":936.87,"tilt_deg":-1.35846,"strain_ue":-2.2,"x_offset_m":75,"y_offset_m":210,"source":"NCB_PFM","nearest_asset_distance_m":144,"consequence_weight":2.14,"idw_subsidence_mm":10.06,"risk_score":0.353,"risk_level":"Medium"},"geometry":{"type":"Point","coordinates":[86.431136,23.766286]}},{"type":"Feature","properties":{"subsidence_mm":936.87,"tilt_deg":-1.35846,"strain_ue":-2.2,"x_offset_m":75,"y_offset_m":225,"source":"NCB_PFM","nearest_asset_distance_m":159,"consequence_weight":2.05,"idw_subsidence_mm":10.06,"risk_score":0.346,"risk_level":"Low"},"geometry":{"type":"Point","coordinates":[86.431136,23.766421]}},{"type":"Feature","properties":{"subsidence_mm":936.87,"tilt_deg":-1.35846,"strain_ue":-2.2,"x_offset_m":75,"y_offset_m":240,"source":"NCB_PFM","nearest_asset_distance_m":174,"consequence_weight":1.96,"idw_subsidence_mm":10.06,"risk_score":0.34,"risk_level":"Low"},"geometry":{"type":"Point","coordinates":[86.431136,23.766556]}},{"type":"Feature","properties":{"subsidence_mm":936.87,"tilt_deg":-1.35846,"strain_ue":-2.2,"x_offset_m":75,"y_offset_m":255,"source":"NCB_PFM","nearest_asset_distance_m":189,"consequence_weight":1.87,"idw_subsidence_mm":10.06,"risk_score":0.334,"risk_level":"Low"},"geometry":{"type":"Point","coordinates":[86.431136,23.766691]}},{"type":"Feature","properties":{"subsidence_mm":936.87,"tilt_deg":-1.35846,"strain_ue":-2.2,"x_offset_m":75,"y_offset_m":270,"source":"NCB_PFM","nearest_asset_distance_m":203,"consequence_weight":1.78,"idw_subsidence_mm":5.03,"risk_score":0.16,"risk_level":"Low"},"geometry":{"type":"Point","coordinates":[86.431136,23.766825]}},{"type":"Feature","properties":{"subsidence_mm":936.87,"tilt_deg":-1.35846,"strain_ue":-2.2,"x_offset_m":75,"y_offset_m":285,"source":"NCB_PFM","nearest_asset_distance_m":218,"consequence_weight":1.69,"idw_subsidence_mm":5.03,"risk_score":0.154,"risk_level":"Low"},"geometry":{"type":"Point","coordinates":[86.431136,23.76696]}},{"type":"Feature","properties":{"subsidence_mm":936.87,"tilt_deg":-1.35846,"strain_ue":-2.2,"x_offset_m":75,"y_offset_m":300,"source":"NCB_PFM","nearest_asset_distance_m":233,"consequence_weight":1.6,"idw_subsidence_mm":5.03,"risk_score":0.147,"risk_level":"Low"},"geometry":{"type":"Point","coordinates":[86.431136,23.767095]}},{"type":"Feature","properties":{"subsidence_mm":581.02,"tilt_deg":-1.18799,"strain_ue":317.96,"x_offset_m":90,"y_offset_m":-300,"source":"NCB_PFM","nearest_asset_distance_m":226,"consequence_weight":1.09,"idw_subsidence_mm":8.39,"risk_score":0.587,"risk_level":"Medium"},"geometry":{"type":"Point","coordinates":[86.431283,23.761705]}},{"type":"Feature","properties":{"subsidence_mm":581.02,"tilt_deg":-1.18799,"strain_ue":317.96,"x_offset_m":90,"y_offset_m":-285,"source":"NCB_PFM","nearest_asset_distance_m":217,"consequence_weight":1.13,"idw_subsidence_mm":8.39,"risk_score":0.59,"risk_level":"Medium"},"geometry":{"type":"Point","coordinates":[86.431283,23.76184]}},{"type":"Feature","properties":{"subsidence_mm":581.02,"tilt_deg":-1.18799,"strain_ue":317.96,"x_offset_m":90,"y_offset_m":-270,"source":"NCB_PFM","nearest_asset_distance_m":209,"consequence_weight":1.17,"idw_subsidence_mm":8.39,"risk_score":0.593,"risk_level":"Medium"},"geometry":{"type":"Point","coordinates":[86.431283,23.761975]}},{"type":"Feature","properties":{"subsidence_mm":581.02,"tilt_deg":-1.18799,"strain_ue":317.96,"x_offset_m":90,"y_offset_m":-255,"source":"NCB_PFM","nearest_asset_distance_m":201,"consequence_weight":1.2,"idw_subsidence_mm":8.39,"risk_score":0.595,"risk_level":"Medium"},"geometry":{"type":"Point","coordinates":[86.431283,23.762109]}},{"type":"Feature","properties":{"subsidence_mm":581.02,"tilt_deg":-1.18799,"strain_ue":317.96,"x_offset_m":90,"y_offset_m":-240,"source":"NCB_PFM","nearest_asset_distance_m":194,"consequence_weight":1.22,"idw_subsidence_mm":8.39,"risk_score":0.596,"risk_level":"Medium"},"geometry":{"type":"Point","coordinates":[86.431283,23.762244]}},{"type":"Feature","properties":{"subsidence_mm":581.02,"tilt_deg":-1.18799,"strain_ue":317.96,"x_offset_m":90,"y_offset_m":-225,"source":"NCB_PFM","nearest_asset_distance_m":188,"consequence_weight":1.25,"idw_subsidence_mm":8.39,"risk_score":0.598,"risk_level":"Medium"},"geometry":{"type":"Point","coordinates":[86.431283,23.762379]}},{"type":"Feature","properties":{"subsidence_mm":581.02,"tilt_deg":-1.18799,"strain_ue":317.96,"x_offset_m":90,"y_offset_m":-210,"source":"NCB_PFM","nearest_asset_distance_m":183,"consequence_weight":1.27,"idw_subsidence_mm":8.39,"risk_score":0.6,"risk_level":"High"},"geometry":{"type":"Point","coordinates":[86.431283,23.762514]}},{"type":"Feature","properties":{"subsidence_mm":581.02,"tilt_deg":-1.18799,"strain_ue":317.96,"x_offset_m":90,"y_offset_m":-195,"source":"NCB_PFM","nearest_asset_distance_m":179,"consequence_weight":1.28,"idw_subsidence_mm":8.39,"risk_score":0.6,"risk_level":"High"},"geometry":{"type":"Point","coordinates":[86.431283,23.762648]}},{"type":"Feature","properties":{"subsidence_mm":581.02,"tilt_deg":-1.18799,"strain_ue":317.96,"x_offset_m":90,"y_offset_m":-180,"source":"NCB_PFM","nearest_asset_distance_m":176,"consequence_weight":1.29,"idw_subsidence_mm":8.39,"risk_score":0.601,"risk_level":"High"},"geometry":{"type":"Point","coordinates":[86.431283,23.762783]}},{"type":"Feature","properties":{"subsidence_mm":581.02,"tilt_deg":-1.18799,"strain_ue":317.96,"x_offset_m":90,"y_offset_m":-165,"source":"NCB_PFM","nearest_asset_distance_m":175,"consequence_weight":1.3,"idw_subsidence_mm":8.39,"risk_score":0.602,"risk_level":"High"},"geometry":{"type":"Point","coordinates":[86.431283,23.762918]}},{"type":"Feature","properties":{"subsidence_mm":581.02,"tilt_deg":-1.18799,"strain_ue":317.96,"x_offset_m":90,"y_offset_m":-150,"source":"NCB_PFM","nearest_asset_distance_m":175,"consequence_weight":1.3,"idw_subsidence_mm":8.39,"risk_score":0.602,"risk_level":"High"},"geometry":{"type":"Point","coordinates":[86.431283,23.763053]}},{"type":"Feature","properties":{"subsidence_mm":581.02,"tilt_deg":-1.18799,"strain_ue":317.96,"x_offset_m":90,"y_offset_m":-135,"source":"NCB_PFM","nearest_asset_distance_m":176,"consequence_weight":1.3,"idw_subsidence_mm":8.39,"risk_score":0.602,"risk_level":"High"},"geometry":{"type":"Point","coordinates":[86.431283,23.763187]}},{"type":"Feature","properties":{"subsidence_mm":581.02,"tilt_deg":-1.18799,"strain_ue":317.96,"x_offset_m":90,"y_offset_m":-120,"source":"NCB_PFM","nearest_asset_distance_m":178,"consequence_weight":1.29,"idw_subsidence_mm":8.39,"risk_score":0.601,"risk_level":"High"},"geometry":{"type":"Point","coordinates":[86.431283,23.763322]}},{"type":"Feature","properties":{"subsidence_mm":581.02,"tilt_deg":-1.18799,"strain_ue":317.96,"x_offset_m":90,"y_offset_m":-105,"source":"NCB_PFM","nearest_asset_distance_m":174,"consequence_weight":1.96,"idw_subsidence_mm":8.39,"risk_score":0.648,"risk_level":"High"},"geometry":{"type":"Point","coordinates":[86.431283,23.763457]}},{"type":"Feature","properties":{"subsidence_mm":581.02,"tilt_deg":-1.18799,"strain_ue":317.96,"x_offset_m":90,"y_offset_m":-90,"source":"NCB_PFM","nearest_asset_distance_m":159,"consequence_weight":2.04,"idw_subsidence_mm":8.39,"risk_score":0.654,"risk_level":"High"},"geometry":{"type":"Point","coordinates":[86.431283,23.763592]}},{"type":"Feature","properties":{"subsidence_mm":581.02,"tilt_deg":-1.18799,"strain_ue":317.96,"x_offset_m":90,"y_offset_m":-75,"source":"NCB_PFM","nearest_asset_distance_m":145,"consequence_weight":2.13,"idw_subsidence_mm":8.39,"risk_score":0.66,"risk_level":"High"},"geometry":{"type":"Point","coordinates":[86.431283,23.763726]}},{"type":"Feature","properties":{"subsidence_mm":581.02,"tilt_deg":-1.18799,"strain_ue":317.96,"x_offset_m":90,"y_offset_m":-60,"source":"NCB_PFM","nearest_asset_distance_m":130,"consequence_weight":2.22,"idw_subsidence_mm":8.39,"risk_score":0.666,"risk_level":"High"},"geometry":{"type":"Point","coordinates":[86.431283,23.763861]}},{"type":"Feature","properties":{"subsidence_mm":581.02,"tilt_deg":-1.18799,"strain_ue":317.96,"x_offset_m":90,"y_offset_m":-45,"source":"NCB_PFM","nearest_asset_distance_m":115,"consequence_weight":2.31,"idw_subsidence_mm":8.39,"risk_score":0.673,"risk_level":"High"},"geometry":{"type":"Point","coordinates":[86.431283,23.763996]}},{"type":"Feature","properties":{"subsidence_mm":581.02,"tilt_deg":-1.18799,"strain_ue":317.96,"x_offset_m":90,"y_offset_m":-30,"source":"NCB_PFM","nearest_asset_distance_m":101,"consequence_weight":2.4,"idw_subsidence_mm":10.06,"risk_score":0.735,"risk_level":"High"},"geometry":{"type":"Point","coordinates":[86.431283,23.764131]}},{"type":"Feature","properties":{"subsidence_mm":581.02,"tilt_deg":-1.18799,"strain_ue":317.96,"x_offset_m":90,"y_offset_m":-15,"source":"NCB_PFM","nearest_asset_distance_m":87,"consequence_weight":2.48,"idw_subsidence_mm":10.06,"risk_score":0.74,"risk_level":"High"},"geometry":{"type":"Point","coordinates":[86.431283,23.764265]}},{"type":"Feature","properties":{"subsidence_mm":581.02,"tilt_deg":-1.18799,"strain_ue":317.96,"x_offset_m":90,"y_offset_m":0,"source":"NCB_PFM","nearest_asset_distance_m":73,"consequence_weight":2.56,"idw_subsidence_mm":10.06,"risk_score":0.746,"risk_level":"High"},"geometry":{"type":"Point","coordinates":[86.431283,23.7644]}},{"type":"Feature","properties":{"subsidence_mm":581.02,"tilt_deg":-1.18799,"strain_ue":317.96,"x_offset_m":90,"y_offset_m":15,"source":"NCB_PFM","nearest_asset_distance_m":59,"consequence_weight":2.64,"idw_subsidence_mm":10.06,"risk_score":0.751,"risk_level":"High"},"geometry":{"type":"Point","coordinates":[86.431283,23.764535]}},{"type":"Feature","properties":{"subsidence_mm":581.02,"tilt_deg":-1.18799,"strain_ue":317.96,"x_offset_m":90,"y_offset_m":30,"source":"NCB_PFM","nearest_asset_distance_m":47,"consequence_weight":2.72,"idw_subsidence_mm":10.06,"risk_score":0.757,"risk_level":"High"},"geometry":{"type":"Point","coordinates":[86.431283,23.764669]}},{"type":"Feature","properties":{"subsidence_mm":581.02,"tilt_deg":-1.18799,"strain_ue":317.96,"x_offset_m":90,"y_offset_m":45,"source":"NCB_PFM","nearest_asset_distance_m":36,"consequence_weight":2.78,"idw_subsidence_mm":10.06,"risk_score":0.761,"risk_level":"High"},"geometry":{"type":"Point","coordinates":[86.431283,23.764804]}},{"type":"Feature","properties":{"subsidence_mm":581.02,"tilt_deg":-1.18799,"strain_ue":317.96,"x_offset_m":90,"y_offset_m":60,"source":"NCB_PFM","nearest_asset_distance_m":30,"consequence_weight":2.82,"idw_subsidence_mm":10.06,"risk_score":0.764,"risk_level":"High"},"geometry":{"type":"Point","coordinates":[86.431283,23.764939]}},{"type":"Feature","properties":{"subsidence_mm":581.02,"tilt_deg":-1.18799,"strain_ue":317.96,"x_offset_m":90,"y_offset_m":75,"source":"NCB_PFM","nearest_asset_distance_m":30,"consequence_weight":2.82,"idw_subsidence_mm":10.06,"risk_score":0.764,"risk_level":"High"},"geometry":{"type":"Point","coordinates":[86.431283,23.765074]}},{"type":"Feature","properties":{"subsidence_mm":581.02,"tilt_deg":-1.18799,"strain_ue":317.96,"x_offset_m":90,"y_offset_m":90,"source":"NCB_PFM","nearest_asset_distance_m":37,"consequence_weight":2.78,"idw_subsidence_mm":10.06,"risk_score":0.761,"risk_level":"High"},"geometry":{"type":"Point","coordinates":[86.431283,23.765208]}},{"type":"Feature","properties":{"subsidence_mm":581.02,"tilt_deg":-1.18799,"strain_ue":317.96,"x_offset_m":90,"y_offset_m":105,"source":"NCB_PFM","nearest_asset_distance_m":48,"consequence_weight":2.71,"idw_subsidence_mm":10.06,"risk_score":0.756,"risk_level":"High"},"geometry":{"type":"Point","coordinates":[86.431283,23.765343]}},{"type":"Feature","properties":{"subsidence_mm":581.02,"tilt_deg":-1.18799,"strain_ue":317.96,"x_offset_m":90,"y_offset_m":120,"source":"NCB_PFM","nearest_asset_distance_m":60,"consequence_weight":2.64,"idw_subsidence_mm":10.06,"risk_score":0.751,"risk_level":"High"},"geometry":{"type":"Point","coordinates":[86.431283,23.765478]}},{"type":"Feature","properties":{"subsidence_mm":581.02,"tilt_deg":-1.18799,"strain_ue":317.96,"x_offset_m":90,"y_offset_m":135,"source":"NCB_PFM","nearest_asset_distance_m":74,"consequence_weight":2.56,"idw_subsidence_mm":10.06,"risk_score":0.746,"risk_level":"High"},"geometry":{"type":"Point","coordinates":[86.431283,23.765613]}},{"type":"Feature","properties":{"subsidence_mm":581.02,"tilt_deg":-1.18799,"strain_ue":317.96,"x_offset_m":90,"y_offset_m":150,"source":"NCB_PFM","nearest_asset_distance_m":88,"consequence_weight":2.47,"idw_subsidence_mm":10.06,"risk_score":0.74,"risk_level":"High"},"geometry":{"type":"Point","coordinates":[86.431283,23.765747]}},{"type":"Feature","properties":{"subsidence_mm":581.02,"tilt_deg":-1.18799,"strain_ue":317.96,"x_offset_m":90,"y_offset_m":165,"source":"NCB_PFM","nearest_asset_distance_m":102,"consequence_weight":2.39,"idw_subsidence_mm":10.06,"risk_score":0.734,"risk_level":"High"},"geometry":{"type":"Point","coordinates":[86.431283,23.765882]}},{"type":"Feature","properties":{"subsidence_mm":581.02,"tilt_deg":-1.18799,"strain_ue":317.96,"x_offset_m":90,"y_offset_m":180,"source":"NCB_PFM","nearest_asset_distance_m":117,"consequence_weight":2.3,"idw_subsidence_mm":10.06,"risk_score":0.728,"risk_level":"High"},"geometry":{"type":"Point","coordinates":[86.431283,23.766017]}},{"type":"Feature","properties":{"subsidence_mm":581.02,"tilt_deg":-1.18799,"strain_ue":317.96,"x_offset_m":90,"y_offset_m":195,"source":"NCB_PFM","nearest_asset_distance_m":131,"consequence_weight":2.21,"idw_subsidence_mm":10.06,"risk_score":0.721,"risk_level":"High"},"geometry":{"type":"Point","coordinates":[86.431283,23.766152]}},{"type":"Feature","properties":{"subsidence_mm":581.02,"tilt_deg":-1.18799,"strain_ue":317.96,"x_offset_m":90,"y_offset_m":210,"source":"NCB_PFM","nearest_asset_distance_m":146,"consequence_weight":2.12,"idw_subsidence_mm":10.06,"risk_score":0.715,"risk_level":"High"},"geometry":{"type":"Point","coordinates":[86.431283,23.766286]}},{"type":"Feature","properties":{"subsidence_mm":581.02,"tilt_deg":-1.18799,"strain_ue":317.96,"x_offset_m":90,"y_offset_m":225,"source":"NCB_PFM","nearest_asset_distance_m":161,"consequence_weight":2.04,"idw_subsidence_mm":10.06,"risk_score":0.709,"risk_level":"High"},"geometry":{"type":"Point","coordinates":[86.431283,23.766421]}},{"type":"Feature","properties":{"subsidence_mm":581.02,"tilt_deg":-1.18799,"strain_ue":317.96,"x_offset_m":90,"y_offset_m":240,"source":"NCB_PFM","nearest_asset_distance_m":175,"consequence_weight":1.95,"idw_subsidence_mm":10.06,"risk_score":0.703,"risk_level":"High"},"geometry":{"type":"Point","coordinates":[86.431283,23.766556]}},{"type":"Feature","properties":{"subsidence_mm":581.02,"tilt_deg":-1.18799,"strain_ue":317.96,"x_offset_m":90,"y_offset_m":255,"source":"NCB_PFM","nearest_asset_distance_m":190,"consequence_weight":1.86,"idw_subsidence_mm":10.06,"risk_score":0.697,"risk_level":"High"},"geometry":{"type":"Point","coordinates":[86.431283,23.766691]}},{"type":"Feature","properties":{"subsidence_mm":581.02,"tilt_deg":-1.18799,"strain_ue":317.96,"x_offset_m":90,"y_offset_m":270,"source":"NCB_PFM","nearest_asset_distance_m":205,"consequence_weight":1.77,"idw_subsidence_mm":5.03,"risk_score":0.523,"risk_level":"Medium"},"geometry":{"type":"Point","coordinates":[86.431283,23.766825]}},{"type":"Feature","properties":{"subsidence_mm":581.02,"tilt_deg":-1.18799,"strain_ue":317.96,"x_offset_m":90,"y_offset_m":285,"source":"NCB_PFM","nearest_asset_distance_m":220,"consequence_weight":1.68,"idw_subsidence_mm":5.03,"risk_score":0.517,"risk_level":"Medium"},"geometry":{"type":"Point","coordinates":[86.431283,23.76696]}},{"type":"Feature","properties":{"subsidence_mm":581.02,"tilt_deg":-1.18799,"strain_ue":317.96,"x_offset_m":90,"y_offset_m":300,"source":"NCB_PFM","nearest_asset_distance_m":235,"consequence_weight":1.59,"idw_subsidence_mm":5.03,"risk_score":0.51,"risk_level":"Medium"},"geometry":{"type":"Point","coordinates":[86.431283,23.767095]}},{"type":"Feature","properties":{"subsidence_mm":314.84,"tilt_deg":-0.81193,"strain_ue":422.89,"x_offset_m":105,"y_offset_m":-300,"source":"NCB_PFM","nearest_asset_distance_m":215,"consequence_weight":1.14,"idw_subsidence_mm":8.39,"risk_score":0.712,"risk_level":"High"},"geometry":{"type":"Point","coordinates":[86.431431,23.761705]}},{"type":"Feature","properties":{"subsidence_mm":314.84,"tilt_deg":-0.81193,"strain_ue":422.89,"x_offset_m":105,"y_offset_m":-285,"source":"NCB_PFM","nearest_asset_distance_m":205,"consequence_weight":1.18,"idw_subsidence_mm":8.39,"risk_score":0.714,"risk_level":"High"},"geometry":{"type":"Point","coordinates":[86.431431,23.76184]}},{"type":"Feature","properties":{"subsidence_mm":314.84,"tilt_deg":-0.81193,"strain_ue":422.89,"x_offset_m":105,"y_offset_m":-270,"source":"NCB_PFM","nearest_asset_distance_m":196,"consequence_weight":1.22,"idw_subsidence_mm":8.39,"risk_score":0.717,"risk_level":"High"},"geometry":{"type":"Point","coordinates":[86.431431,23.761975]}},{"type":"Feature","properties":{"subsidence_mm":314.84,"tilt_deg":-0.81193,"strain_ue":422.89,"x_offset_m":105,"y_offset_m":-255,"source":"NCB_PFM","nearest_asset_distance_m":188,"consequence_weight":1.25,"idw_subsidence_mm":8.39,"risk_score":0.719,"risk_level":"High"},"geometry":{"type":"Point","coordinates":[86.431431,23.762109]}},{"type":"Feature","properties":{"subsidence_mm":314.84,"tilt_deg":-0.81193,"strain_ue":422.89,"x_offset_m":105,"y_offset_m":-240,"source":"NCB_PFM","nearest_asset_distance_m":180,"consequence_weight":1.28,"idw_subsidence_mm":8.39,"risk_score":0.721,"risk_level":"High"},"geometry":{"type":"Point","coordinates":[86.431431,23.762244]}},{"type":"Feature","properties":{"subsidence_mm":314.84,"tilt_deg":-0.81193,"strain_ue":422.89,"x_offset_m":105,"y_offset_m":-225,"source":"NCB_PFM","nearest_asset_distance_m":174,"consequence_weight":1.3,"idw_subsidence_mm":8.39,"risk_score":0.723,"risk_level":"High"},"geometry":{"type":"Point","coordinates":[86.431431,23.762379]}},{"type":"Feature","properties":{"subsidence_mm":314.84,"tilt_deg":-0.81193,"strain_ue":422.89,"x_offset_m":105,"y_offset_m":-210,"source":"NCB_PFM","nearest_asset_distance_m":169,"consequence_weight":1.33,"idw_subsidence_mm":8.39,"risk_score":0.725,"risk_level":"High"},"geometry":{"type":"Point","coordinates":[86.431431,23.762514]}},{"type":"Feature","properties":{"subsidence_mm":314.84,"tilt_deg":-0.81193,"strain_ue":422.89,"x_offset_m":105,"y_offset_m":-195,"source":"NCB_PFM","nearest_asset_distance_m":164,"consequence_weight":1.34,"idw_subsidence_mm":8.39,"risk_score":0.726,"risk_level":"High"},"geometry":{"type":"Point","coordinates":[86.431431,23.762648]}},{"type":"Feature","properties":{"subsidence_mm":314.84,"tilt_deg":-0.81193,"strain_ue":422.89,"x_offset_m":105,"y_offset_m":-180,"source":"NCB_PFM","nearest_asset_distance_m":161,"consequence_weight":1.35,"idw_subsidence_mm":8.39,"risk_score":0.726,"risk_level":"High"},"geometry":{"type":"Point","coordinates":[86.431431,23.762783]}},{"type":"Feature","properties":{"subsidence_mm":314.84,"tilt_deg":-0.81193,"strain_ue":422.89,"x_offset_m":105,"y_offset_m":-165,"source":"NCB_PFM","nearest_asset_distance_m":160,"consequence_weight":1.36,"idw_subsidence_mm":8.39,"risk_score":0.727,"risk_level":"High"},"geometry":{"type":"Point","coordinates":[86.431431,23.762918]}},{"type":"Feature","properties":{"subsidence_mm":314.84,"tilt_deg":-0.81193,"strain_ue":422.89,"x_offset_m":105,"y_offset_m":-150,"source":"NCB_PFM","nearest_asset_distance_m":160,"consequence_weight":1.36,"idw_subsidence_mm":8.39,"risk_score":0.727,"risk_level":"High"},"geometry":{"type":"Point","coordinates":[86.431431,23.763053]}},{"type":"Feature","properties":{"subsidence_mm":314.84,"tilt_deg":-0.81193,"strain_ue":422.89,"x_offset_m":105,"y_offset_m":-135,"source":"NCB_PFM","nearest_asset_distance_m":161,"consequence_weight":1.36,"idw_subsidence_mm":8.39,"risk_score":0.727,"risk_level":"High"},"geometry":{"type":"Point","coordinates":[86.431431,23.763187]}},{"type":"Feature","properties":{"subsidence_mm":314.84,"tilt_deg":-0.81193,"strain_ue":422.89,"x_offset_m":105,"y_offset_m":-120,"source":"NCB_PFM","nearest_asset_distance_m":164,"consequence_weight":1.35,"idw_subsidence_mm":8.39,"risk_score":0.726,"risk_level":"High"},"geometry":{"type":"Point","coordinates":[86.431431,23.763322]}},{"type":"Feature","properties":{"subsidence_mm":314.84,"tilt_deg":-0.81193,"strain_ue":422.89,"x_offset_m":105,"y_offset_m":-105,"source":"NCB_PFM","nearest_asset_distance_m":168,"consequence_weight":1.33,"idw_subsidence_mm":8.39,"risk_score":0.725,"risk_level":"High"},"geometry":{"type":"Point","coordinates":[86.431431,23.763457]}},{"type":"Feature","properties":{"subsidence_mm":314.84,"tilt_deg":-0.81193,"strain_ue":422.89,"x_offset_m":105,"y_offset_m":-90,"source":"NCB_PFM","nearest_asset_distance_m":163,"consequence_weight":2.02,"idw_subsidence_mm":8.39,"risk_score":0.773,"risk_level":"High"},"geometry":{"type":"Point","coordinates":[86.431431,23.763592]}},{"type":"Feature","properties":{"subsidence_mm":314.84,"tilt_deg":-0.81193,"strain_ue":422.89,"x_offset_m":105,"y_offset_m":-75,"source":"NCB_PFM","nearest_asset_distance_m":148,"consequence_weight":2.11,"idw_subsidence_mm":8.39,"risk_score":0.78,"risk_level":"High"},"geometry":{"type":"Point","coordinates":[86.431431,23.763726]}},{"type":"Feature","properties":{"subsidence_mm":314.84,"tilt_deg":-0.81193,"strain_ue":422.89,"x_offset_m":105,"y_offset_m":-60,"source":"NCB_PFM","nearest_asset_distance_m":134,"consequence_weight":2.2,"idw_subsidence_mm":8.39,"risk_score":0.786,"risk_level":"High"},"geometry":{"type":"Point","coordinates":[86.431431,23.763861]}},{"type":"Feature","properties":{"subsidence_mm":314.84,"tilt_deg":-0.81193,"strain_ue":422.89,"x_offset_m":105,"y_offset_m":-45,"source":"NCB_PFM","nearest_asset_distance_m":120,"consequence_weight":2.28,"idw_subsidence_mm":8.39,"risk_score":0.792,"risk_level":"High"},"geometry":{"type":"Point","coordinates":[86.431431,23.763996]}},{"type":"Feature","properties":{"subsidence_mm":314.84,"tilt_deg":-0.81193,"strain_ue":422.89,"x_offset_m":105,"y_offset_m":-30,"source":"NCB_PFM","nearest_asset_distance_m":106,"consequence_weight":2.36,"idw_subsidence_mm":10.06,"risk_score":0.853,"risk_level":"High"},"geometry":{"type":"Point","coordinates":[86.431431,23.764131]}},{"type":"Feature","properties":{"subsidence_mm":314.84,"tilt_deg":-0.81193,"strain_ue":422.89,"x_offset_m":105,"y_offset_m":-15,"source":"NCB_PFM","nearest_asset_distance_m":93,"consequence_weight":2.44,"idw_subsidence_mm":10.06,"risk_score":0.858,"risk_level":"High"},"geometry":{"type":"Point","coordinates":[86.431431,23.764265]}},{"type":"Feature","properties":{"subsidence_mm":314.84,"tilt_deg":-0.81193,"strain_ue":422.89,"x_offset_m":105,"y_offset_m":0,"source":"NCB_PFM","nearest_asset_distance_m":80,"consequence_weight":2.52,"idw_subsidence_mm":10.06,"risk_score":0.864,"risk_level":"High"},"geometry":{"type":"Point","coordinates":[86.431431,23.7644]}},{"type":"Feature","properties":{"subsidence_mm":314.84,"tilt_deg":-0.81193,"strain_ue":422.89,"x_offset_m":105,"y_offset_m":15,"source":"NCB_PFM","nearest_asset_distance_m":68,"consequence_weight":2.59,"idw_subsidence_mm":10.06,"risk_score":0.869,"risk_level":"High"},"geometry":{"type":"Point","coordinates":[86.431431,23.764535]}},{"type":"Feature","properties":{"subsidence_mm":314.84,"tilt_deg":-0.81193,"strain_ue":422.89,"x_offset_m":105,"y_offset_m":30,"source":"NCB_PFM","nearest_asset_distance_m":57,"consequence_weight":2.66,"idw_subsidence_mm":10.06,"risk_score":0.874,"risk_level":"High"},"geometry":{"type":"Point","coordinates":[86.431431,23.764669]}},{"type":"Feature","properties":{"subsidence_mm":314.84,"tilt_deg":-0.81193,"strain_ue":422.89,"x_offset_m":105,"y_offset_m":45,"source":"NCB_PFM","nearest_asset_distance_m":49,"consequence_weight":2.71,"idw_subsidence_mm":10.06,"risk_score":0.877,"risk_level":"High"},"geometry":{"type":"Point","coordinates":[86.431431,23.764804]}},{"type":"Feature","properties":{"subsidence_mm":314.84,"tilt_deg":-0.81193,"strain_ue":422.89,"x_offset_m":105,"y_offset_m":60,"source":"NCB_PFM","nearest_asset_distance_m":44,"consequence_weight":2.73,"idw_subsidence_mm":10.06,"risk_score":0.879,"risk_level":"High"},"geometry":{"type":"Point","coordinates":[86.431431,23.764939]}},{"type":"Feature","properties":{"subsidence_mm":314.84,"tilt_deg":-0.81193,"strain_ue":422.89,"x_offset_m":105,"y_offset_m":75,"source":"NCB_PFM","nearest_asset_distance_m":45,"consequence_weight":2.73,"idw_subsidence_mm":10.06,"risk_score":0.879,"risk_level":"High"},"geometry":{"type":"Point","coordinates":[86.431431,23.765074]}},{"type":"Feature","properties":{"subsidence_mm":314.84,"tilt_deg":-0.81193,"strain_ue":422.89,"x_offset_m":105,"y_offset_m":90,"source":"NCB_PFM","nearest_asset_distance_m":50,"consequence_weight":2.7,"idw_subsidence_mm":10.06,"risk_score":0.877,"risk_level":"High"},"geometry":{"type":"Point","coordinates":[86.431431,23.765208]}},{"type":"Feature","properties":{"subsidence_mm":314.84,"tilt_deg":-0.81193,"strain_ue":422.89,"x_offset_m":105,"y_offset_m":105,"source":"NCB_PFM","nearest_asset_distance_m":58,"consequence_weight":2.65,"idw_subsidence_mm":10.06,"risk_score":0.873,"risk_level":"High"},"geometry":{"type":"Point","coordinates":[86.431431,23.765343]}},{"type":"Feature","properties":{"subsidence_mm":314.84,"tilt_deg":-0.81193,"strain_ue":422.89,"x_offset_m":105,"y_offset_m":120,"source":"NCB_PFM","nearest_asset_distance_m":69,"consequence_weight":2.59,"idw_subsidence_mm":10.06,"risk_score":0.869,"risk_level":"High"},"geometry":{"type":"Point","coordinates":[86.431431,23.765478]}},{"type":"Feature","properties":{"subsidence_mm":314.84,"tilt_deg":-0.81193,"strain_ue":422.89,"x_offset_m":105,"y_offset_m":135,"source":"NCB_PFM","nearest_asset_distance_m":81,"consequence_weight":2.51,"idw_subsidence_mm":10.06,"risk_score":0.863,"risk_level":"High"},"geometry":{"type":"Point","coordinates":[86.431431,23.765613]}},{"type":"Feature","properties":{"subsidence_mm":314.84,"tilt_deg":-0.81193,"strain_ue":422.89,"x_offset_m":105,"y_offset_m":150,"source":"NCB_PFM","nearest_asset_distance_m":94,"consequence_weight":2.44,"idw_subsidence_mm":10.06,"risk_score":0.858,"risk_level":"High"},"geometry":{"type":"Point","coordinates":[86.431431,23.765747]}},{"type":"Feature","properties":{"subsidence_mm":314.84,"tilt_deg":-0.81193,"strain_ue":422.89,"x_offset_m":105,"y_offset_m":165,"source":"NCB_PFM","nearest_asset_distance_m":107,"consequence_weight":2.36,"idw_subsidence_mm":10.06,"risk_score":0.853,"risk_level":"High"},"geometry":{"type":"Point","coordinates":[86.431431,23.765882]}},{"type":"Feature","properties":{"subsidence_mm":314.84,"tilt_deg":-0.81193,"strain_ue":422.89,"x_offset_m":105,"y_offset_m":180,"source":"NCB_PFM","nearest_asset_distance_m":121,"consequence_weight":2.27,"idw_subsidence_mm":10.06,"risk_score":0.846,"risk_level":"High"},"geometry":{"type":"Point","coordinates":[86.431431,23.766017]}},{"type":"Feature","properties":{"subsidence_mm":314.84,"tilt_deg":-0.81193,"strain_ue":422.89,"x_offset_m":105,"y_offset_m":195,"source":"NCB_PFM","nearest_asset_distance_m":135,"consequence_weight":2.19,"idw_subsidence_mm":10.06,"risk_score":0.841,"risk_level":"High"},"geometry":{"type":"Point","coordinates":[86.431431,23.766152]}},{"type":"Feature","properties":{"subsidence_mm":314.84,"tilt_deg":-0.81193,"strain_ue":422.89,"x_offset_m":105,"y_offset_m":210,"source":"NCB_PFM","nearest_asset_distance_m":150,"consequence_weight":2.1,"idw_subsidence_mm":10.06,"risk_score":0.834,"risk_level":"High"},"geometry":{"type":"Point","coordinates":[86.431431,23.766286]}},{"type":"Feature","properties":{"subsidence_mm":314.84,"tilt_deg":-0.81193,"strain_ue":422.89,"x_offset_m":105,"y_offset_m":225,"source":"NCB_PFM","nearest_asset_distance_m":164,"consequence_weight":2.02,"idw_subsidence_mm":10.06,"risk_score":0.829,"risk_level":"High"},"geometry":{"type":"Point","coordinates":[86.431431,23.766421]}},{"type":"Feature","properties":{"subsidence_mm":314.84,"tilt_deg":-0.81193,"strain_ue":422.89,"x_offset_m":105,"y_offset_m":240,"source":"NCB_PFM","nearest_asset_distance_m":178,"consequence_weight":1.93,"idw_subsidence_mm":10.06,"risk_score":0.822,"risk_level":"High"},"geometry":{"type":"Point","coordinates":[86.431431,23.766556]}},{"type":"Feature","properties":{"subsidence_mm":314.84,"tilt_deg":-0.81193,"strain_ue":422.89,"x_offset_m":105,"y_offset_m":255,"source":"NCB_PFM","nearest_asset_distance_m":193,"consequence_weight":1.84,"idw_subsidence_mm":10.06,"risk_score":0.816,"risk_level":"High"},"geometry":{"type":"Point","coordinates":[86.431431,23.766691]}},{"type":"Feature","properties":{"subsidence_mm":314.84,"tilt_deg":-0.81193,"strain_ue":422.89,"x_offset_m":105,"y_offset_m":270,"source":"NCB_PFM","nearest_asset_distance_m":208,"consequence_weight":1.75,"idw_subsidence_mm":5.03,"risk_score":0.642,"risk_level":"High"},"geometry":{"type":"Point","coordinates":[86.431431,23.766825]}},{"type":"Feature","properties":{"subsidence_mm":314.84,"tilt_deg":-0.81193,"strain_ue":422.89,"x_offset_m":105,"y_offset_m":285,"source":"NCB_PFM","nearest_asset_distance_m":222,"consequence_weight":1.67,"idw_subsidence_mm":5.03,"risk_score":0.637,"risk_level":"High"},"geometry":{"type":"Point","coordinates":[86.431431,23.76696]}},{"type":"Feature","properties":{"subsidence_mm":314.84,"tilt_deg":-0.81193,"strain_ue":422.89,"x_offset_m":105,"y_offset_m":300,"source":"NCB_PFM","nearest_asset_distance_m":237,"consequence_weight":1.58,"idw_subsidence_mm":5.03,"risk_score":0.63,"risk_level":"High"},"geometry":{"type":"Point","coordinates":[86.431431,23.767095]}},{"type":"Feature","properties":{"subsidence_mm":155.89,"tilt_deg":-0.46109,"strain_ue":336.6,"x_offset_m":120,"y_offset_m":-300,"source":"NCB_PFM","nearest_asset_distance_m":204,"consequence_weight":1.18,"idw_subsidence_mm":8.39,"risk_score":0.615,"risk_level":"High"},"geometry":{"type":"Point","coordinates":[86.431578,23.761705]}},{"type":"Feature","properties":{"subsidence_mm":155.89,"tilt_deg":-0.46109,"strain_ue":336.6,"x_offset_m":120,"y_offset_m":-285,"source":"NCB_PFM","nearest_asset_distance_m":194,"consequence_weight":1.22,"idw_subsidence_mm":8.39,"risk_score":0.618,"risk_level":"High"},"geometry":{"type":"Point","coordinates":[86.431578,23.76184]}},{"type":"Feature","properties":{"subsidence_mm":155.89,"tilt_deg":-0.46109,"strain_ue":336.6,"x_offset_m":120,"y_offset_m":-270,"source":"NCB_PFM","nearest_asset_distance_m":184,"consequence_weight":1.26,"idw_subsidence_mm":8.39,"risk_score":0.621,"risk_level":"High"},"geometry":{"type":"Point","coordinates":[86.431578,23.761975]}},{"type":"Feature","properties":{"subsidence_mm":155.89,"tilt_deg":-0.46109,"strain_ue":336.6,"x_offset_m":120,"y_offset_m":-255,"source":"NCB_PFM","nearest_asset_distance_m":175,"consequence_weight":1.3,"idw_subsidence_mm":8.39,"risk_score":0.623,"risk_level":"High"},"geometry":{"type":"Point","coordinates":[86.431578,23.762109]}},{"type":"Feature","properties":{"subsidence_mm":155.89,"tilt_deg":-0.46109,"strain_ue":336.6,"x_offset_m":120,"y_offset_m":-240,"source":"NCB_PFM","nearest_asset_distance_m":167,"consequence_weight":1.33,"idw_subsidence_mm":8.39,"risk_score":0.625,"risk_level":"High"},"geometry":{"type":"Point","coordinates":[86.431578,23.762244]}},{"type":"Feature","properties":{"subsidence_mm":155.89,"tilt_deg":-0.46109,"strain_ue":336.6,"x_offset_m":120,"y_offset_m":-225,"source":"NCB_PFM","nearest_asset_distance_m":160,"consequence_weight":1.36,"idw_subsidence_mm":8.39,"risk_score":0.628,"risk_level":"High"},"geometry":{"type":"Point","coordinates":[86.431578,23.762379]}},{"type":"Feature","properties":{"subsidence_mm":155.89,"tilt_deg":-0.46109,"strain_ue":336.6,"x_offset_m":120,"y_offset_m":-210,"source":"NCB_PFM","nearest_asset_distance_m":154,"consequence_weight":1.38,"idw_subsidence_mm":8.39,"risk_score":0.629,"risk_level":"High"},"geometry":{"type":"Point","coordinates":[86.431578,23.762514]}},{"type":"Feature","properties":{"subsidence_mm":155.89,"tilt_deg":-0.46109,"strain_ue":336.6,"x_offset_m":120,"y_offset_m":-195,"source":"NCB_PFM","nearest_asset_distance_m":150,"consequence_weight":1.4,"idw_subsidence_mm":8.39,"risk_score":0.63,"risk_level":"High"},"geometry":{"type":"Point","coordinates":[86.431578,23.762648]}},{"type":"Feature","properties":{"subsidence_mm":155.89,"tilt_deg":-0.46109,"strain_ue":336.6,"x_offset_m":120,"y_offset_m":-180,"source":"NCB_PFM","nearest_asset_distance_m":147,"consequence_weight":1.41,"idw_subsidence_mm":8.39,"risk_score":0.631,"risk_level":"High"},"geometry":{"type":"Point","coordinates":[86.431578,23.762783]}},{"type":"Feature","properties":{"subsidence_mm":155.89,"tilt_deg":-0.46109,"strain_ue":336.6,"x_offset_m":120,"y_offset_m":-165,"source":"NCB_PFM","nearest_asset_distance_m":145,"consequence_weight":1.42,"idw_subsidence_mm":8.39,"risk_score":0.632,"risk_level":"High"},"geometry":{"type":"Point","coordinates":[86.431578,23.762918]}},{"type":"Feature","properties":{"subsidence_mm":155.89,"tilt_deg":-0.46109,"strain_ue":336.6,"x_offset_m":120,"y_offset_m":-150,"source":"NCB_PFM","nearest_asset_distance_m":145,"consequence_weight":1.42,"idw_subsidence_mm":8.39,"risk_score":0.632,"risk_level":"High"},"geometry":{"type":"Point","coordinates":[86.431578,23.763053]}},{"type":"Feature","properties":{"subsidence_mm":155.89,"tilt_deg":-0.46109,"strain_ue":336.6,"x_offset_m":120,"y_offset_m":-135,"source":"NCB_PFM","nearest_asset_distance_m":146,"consequence_weight":1.42,"idw_subsidence_mm":8.39,"risk_score":0.632,"risk_level":"High"},"geometry":{"type":"Point","coordinates":[86.431578,23.763187]}},{"type":"Feature","properties":{"subsidence_mm":155.89,"tilt_deg":-0.46109,"strain_ue":336.6,"x_offset_m":120,"y_offset_m":-120,"source":"NCB_PFM","nearest_asset_distance_m":149,"consequence_weight":1.4,"idw_subsidence_mm":8.39,"risk_score":0.63,"risk_level":"High"},"geometry":{"type":"Point","coordinates":[86.431578,23.763322]}},{"type":"Feature","properties":{"subsidence_mm":155.89,"tilt_deg":-0.46109,"strain_ue":336.6,"x_offset_m":120,"y_offset_m":-105,"source":"NCB_PFM","nearest_asset_distance_m":153,"consequence_weight":1.39,"idw_subsidence_mm":8.39,"risk_score":0.63,"risk_level":"High"},"geometry":{"type":"Point","coordinates":[86.431578,23.763457]}},{"type":"Feature","properties":{"subsidence_mm":155.89,"tilt_deg":-0.46109,"strain_ue":336.6,"x_offset_m":120,"y_offset_m":-90,"source":"NCB_PFM","nearest_asset_distance_m":159,"consequence_weight":1.36,"idw_subsidence_mm":8.39,"risk_score":0.628,"risk_level":"High"},"geometry":{"type":"Point","coordinates":[86.431578,23.763592]}},{"type":"Feature","properties":{"subsidence_mm":155.89,"tilt_deg":-0.46109,"strain_ue":336.6,"x_offset_m":120,"y_offset_m":-75,"source":"NCB_PFM","nearest_asset_distance_m":153,"consequence_weight":2.08,"idw_subsidence_mm":8.39,"risk_score":0.678,"risk_level":"High"},"geometry":{"type":"Point","coordinates":[86.431578,23.763726]}},{"type":"Feature","properties":{"subsidence_mm":155.89,"tilt_deg":-0.46109,"strain_ue":336.6,"x_offset_m":120,"y_offset_m":-60,"source":"NCB_PFM","nearest_asset_distance_m":140,"consequence_weight":2.16,"idw_subsidence_mm":8.39,"risk_score":0.684,"risk_level":"High"},"geometry":{"type":"Point","coordinates":[86.431578,23.763861]}},{"type":"Feature","properties":{"subsidence_mm":155.89,"tilt_deg":-0.46109,"strain_ue":336.6,"x_offset_m":120,"y_offset_m":-45,"source":"NCB_PFM","nearest_asset_distance_m":126,"consequence_weight":2.24,"idw_subsidence_mm":8.39,"risk_score":0.689,"risk_level":"High"},"geometry":{"type":"Point","coordinates":[86.431578,23.763996]}},{"type":"Feature","properties":{"subsidence_mm":155.89,"tilt_deg":-0.46109,"strain_ue":336.6,"x_offset_m":120,"y_offset_m":-30,"source":"NCB_PFM","nearest_asset_distance_m":113,"consequence_weight":2.32,"idw_subsidence_mm":10.06,"risk_score":0.75,"risk_level":"High"},"geometry":{"type":"Point","coordinates":[86.431578,23.764131]}},{"type":"Feature","properties":{"subsidence_mm":155.89,"tilt_deg":-0.46109,"strain_ue":336.6,"x_offset_m":120,"y_offset_m":-15,"source":"NCB_PFM","nearest_asset_distance_m":101,"consequence_weight":2.4,"idw_subsidence_mm":10.06,"risk_score":0.756,"risk_level":"High"},"geometry":{"type":"Point","coordinates":[86.431578,23.764265]}},{"type":"Feature","properties":{"subsidence_mm":155.89,"tilt_deg":-0.46109,"strain_ue":336.6,"x_offset_m":120,"y_offset_m":0,"source":"NCB_PFM","nearest_asset_distance_m":89,"consequence_weight":2.47,"idw_subsidence_mm":10.06,"risk_score":0.761,"risk_level":"High"},"geometry":{"type":"Point","coordinates":[86.431578,23.7644]}},{"type":"Feature","properties":{"subsidence_mm":155.89,"tilt_deg":-0.46109,"strain_ue":336.6,"x_offset_m":120,"y_offset_m":15,"source":"NCB_PFM","nearest_asset_distance_m":78,"consequence_weight":2.53,"idw_subsidence_mm":10.06,"risk_score":0.765,"risk_level":"High"},"geometry":{"type":"Point","coordinates":[86.431578,23.764535]}},{"type":"Feature","properties":{"subsidence_mm":155.89,"tilt_deg":-0.46109,"strain_ue":336.6,"x_offset_m":120,"y_offset_m":30,"source":"NCB_PFM","nearest_asset_distance_m":69,"consequence_weight":2.58,"idw_subsidence_mm":10.06,"risk_score":0.769,"risk_level":"High"},"geometry":{"type":"Point","coordinates":[86.431578,23.764669]}},{"type":"Feature","properties":{"subsidence_mm":155.89,"tilt_deg":-0.46109,"strain_ue":336.6,"x_offset_m":120,"y_offset_m":45,"source":"NCB_PFM","nearest_asset_distance_m":63,"consequence_weight":2.62,"idw_subsidence_mm":10.06,"risk_score":0.772,"risk_level":"High"},"geometry":{"type":"Point","coordinates":[86.431578,23.764804]}},{"type":"Feature","properties":{"subsidence_mm":155.89,"tilt_deg":-0.46109,"strain_ue":336.6,"x_offset_m":120,"y_offset_m":60,"source":"NCB_PFM","nearest_asset_distance_m":59,"consequence_weight":2.64,"idw_subsidence_mm":10.06,"risk_score":0.773,"risk_level":"High"},"geometry":{"type":"Point","coordinates":[86.431578,23.764939]}},{"type":"Feature","properties":{"subsidence_mm":155.89,"tilt_deg":-0.46109,"strain_ue":336.6,"x_offset_m":120,"y_offset_m":75,"source":"NCB_PFM","nearest_asset_distance_m":59,"consequence_weight":2.64,"idw_subsidence_mm":10.06,"risk_score":0.773,"risk_level":"High"},"geometry":{"type":"Point","coordinates":[86.431578,23.765074]}},{"type":"Feature","properties":{"subsidence_mm":155.89,"tilt_deg":-0.46109,"strain_ue":336.6,"x_offset_m":120,"y_offset_m":90,"source":"NCB_PFM","nearest_asset_distance_m":63,"consequence_weight":2.62,"idw_subsidence_mm":10.06,"risk_score":0.772,"risk_level":"High"},"geometry":{"type":"Point","coordinates":[86.431578,23.765208]}},{"type":"Feature","properties":{"subsidence_mm":155.89,"tilt_deg":-0.46109,"strain_ue":336.6,"x_offset_m":120,"y_offset_m":105,"source":"NCB_PFM","nearest_asset_distance_m":70,"consequence_weight":2.58,"idw_subsidence_mm":10.06,"risk_score":0.769,"risk_level":"High"},"geometry":{"type":"Point","coordinates":[86.431578,23.765343]}},{"type":"Feature","properties":{"subsidence_mm":155.89,"tilt_deg":-0.46109,"strain_ue":336.6,"x_offset_m":120,"y_offset_m":120,"source":"NCB_PFM","nearest_asset_distance_m":79,"consequence_weight":2.52,"idw_subsidence_mm":10.06,"risk_score":0.764,"risk_level":"High"},"geometry":{"type":"Point","coordinates":[86.431578,23.765478]}},{"type":"Feature","properties":{"subsidence_mm":155.89,"tilt_deg":-0.46109,"strain_ue":336.6,"x_offset_m":120,"y_offset_m":135,"source":"NCB_PFM","nearest_asset_distance_m":90,"consequence_weight":2.46,"idw_subsidence_mm":10.06,"risk_score":0.76,"risk_level":"High"},"geometry":{"type":"Point","coordinates":[86.431578,23.765613]}},{"type":"Feature","properties":{"subsidence_mm":155.89,"tilt_deg":-0.46109,"strain_ue":336.6,"x_offset_m":120,"y_offset_m":150,"source":"NCB_PFM","nearest_asset_distance_m":102,"consequence_weight":2.39,"idw_subsidence_mm":10.06,"risk_score":0.755,"risk_level":"High"},"geometry":{"type":"Point","coordinates":[86.431578,23.765747]}},{"type":"Feature","properties":{"subsidence_mm":155.89,"tilt_deg":-0.46109,"strain_ue":336.6,"x_offset_m":120,"y_offset_m":165,"source":"NCB_PFM","nearest_asset_distance_m":114,"consequence_weight":2.31,"idw_subsidence_mm":10.06,"risk_score":0.75,"risk_level":"High"},"geometry":{"type":"Point","coordinates":[86.431578,23.765882]}},{"type":"Feature","properties":{"subsidence_mm":155.89,"tilt_deg":-0.46109,"strain_ue":336.6,"x_offset_m":120,"y_offset_m":180,"source":"NCB_PFM","nearest_asset_distance_m":127,"consequence_weight":2.24,"idw_subsidence_mm":10.06,"risk_score":0.745,"risk_level":"High"},"geometry":{"type":"Point","coordinates":[86.431578,23.766017]}},{"type":"Feature","properties":{"subsidence_mm":155.89,"tilt_deg":-0.46109,"strain_ue":336.6,"x_offset_m":120,"y_offset_m":195,"source":"NCB_PFM","nearest_asset_distance_m":141,"consequence_weight":2.15,"idw_subsidence_mm":10.06,"risk_score":0.739,"risk_level":"High"},"geometry":{"type":"Point","coordinates":[86.431578,23.766152]}},{"type":"Feature","properties":{"subsidence_mm":155.89,"tilt_deg":-0.46109,"strain_ue":336.6,"x_offset_m":120,"y_offset_m":210,"source":"NCB_PFM","nearest_asset_distance_m":155,"consequence_weight":2.07,"idw_subsidence_mm":10.06,"risk_score":0.733,"risk_level":"High"},"geometry":{"type":"Point","coordinates":[86.431578,23.766286]}},{"type":"Feature","properties":{"subsidence_mm":155.89,"tilt_deg":-0.46109,"strain_ue":336.6,"x_offset_m":120,"y_offset_m":225,"source":"NCB_PFM","nearest_asset_distance_m":169,"consequence_weight":1.99,"idw_subsidence_mm":10.06,"risk_score":0.727,"risk_level":"High"},"geometry":{"type":"Point","coordinates":[86.431578,23.766421]}},{"type":"Feature","properties":{"subsidence_mm":155.89,"tilt_deg":-0.46109,"strain_ue":336.6,"x_offset_m":120,"y_offset_m":240,"source":"NCB_PFM","nearest_asset_distance_m":183,"consequence_weight":1.9,"idw_subsidence_mm":10.06,"risk_score":0.721,"risk_level":"High"},"geometry":{"type":"Point","coordinates":[86.431578,23.766556]}},{"type":"Feature","properties":{"subsidence_mm":155.89,"tilt_deg":-0.46109,"strain_ue":336.6,"x_offset_m":120,"y_offset_m":255,"source":"NCB_PFM","nearest_asset_distance_m":197,"consequence_weight":1.82,"idw_subsidence_mm":10.06,"risk_score":0.715,"risk_level":"High"},"geometry":{"type":"Point","coordinates":[86.431578,23.766691]}},{"type":"Feature","properties":{"subsidence_mm":155.89,"tilt_deg":-0.46109,"strain_ue":336.6,"x_offset_m":120,"y_offset_m":270,"source":"NCB_PFM","nearest_asset_distance_m":211,"consequence_weight":1.73,"idw_subsidence_mm":5.03,"risk_score":0.542,"risk_level":"Medium"},"geometry":{"type":"Point","coordinates":[86.431578,23.766825]}},{"type":"Feature","properties":{"subsidence_mm":155.89,"tilt_deg":-0.46109,"strain_ue":336.6,"x_offset_m":120,"y_offset_m":285,"source":"NCB_PFM","nearest_asset_distance_m":226,"consequence_weight":1.65,"idw_subsidence_mm":5.03,"risk_score":0.536,"risk_level":"Medium"},"geometry":{"type":"Point","coordinates":[86.431578,23.76696]}},{"type":"Feature","properties":{"subsidence_mm":155.89,"tilt_deg":-0.46109,"strain_ue":336.6,"x_offset_m":120,"y_offset_m":300,"source":"NCB_PFM","nearest_asset_distance_m":240,"consequence_weight":1.56,"idw_subsidence_mm":5.03,"risk_score":0.53,"risk_level":"Medium"},"geometry":{"type":"Point","coordinates":[86.431578,23.767095]}},{"type":"Feature","properties":{"subsidence_mm":73.41,"tilt_deg":-0.23334,"strain_ue":203.69,"x_offset_m":135,"y_offset_m":-300,"source":"NCB_PFM","nearest_asset_distance_m":194,"consequence_weight":1.22,"idw_subsidence_mm":8.39,"risk_score":0.465,"risk_level":"Medium"},"geometry":{"type":"Point","coordinates":[86.431725,23.761705]}},{"type":"Feature","properties":{"subsidence_mm":73.41,"tilt_deg":-0.23334,"strain_ue":203.69,"x_offset_m":135,"y_offset_m":-285,"source":"NCB_PFM","nearest_asset_distance_m":183,"consequence_weight":1.27,"idw_subsidence_mm":8.39,"risk_score":0.468,"risk_level":"Medium"},"geometry":{"type":"Point","coordinates":[86.431725,23.76184]}},{"type":"Feature","properties":{"subsidence_mm":73.41,"tilt_deg":-0.23334,"strain_ue":203.69,"x_offset_m":135,"y_offset_m":-270,"source":"NCB_PFM","nearest_asset_distance_m":173,"consequence_weight":1.31,"idw_subsidence_mm":8.39,"risk_score":0.471,"risk_level":"Medium"},"geometry":{"type":"Point","coordinates":[86.431725,23.761975]}},{"type":"Feature","properties":{"subsidence_mm":73.41,"tilt_deg":-0.23334,"strain_ue":203.69,"x_offset_m":135,"y_offset_m":-255,"source":"NCB_PFM","nearest_asset_distance_m":163,"consequence_weight":1.35,"idw_subsidence_mm":8.39,"risk_score":0.474,"risk_level":"Medium"},"geometry":{"type":"Point","coordinates":[86.431725,23.762109]}},{"type":"Feature","properties":{"subsidence_mm":73.41,"tilt_deg":-0.23334,"strain_ue":203.69,"x_offset_m":135,"y_offset_m":-240,"source":"NCB_PFM","nearest_asset_distance_m":155,"consequence_weight":1.38,"idw_subsidence_mm":8.39,"risk_score":0.476,"risk_level":"Medium"},"geometry":{"type":"Point","coordinates":[86.431725,23.762244]}},{"type":"Feature","properties":{"subsidence_mm":73.41,"tilt_deg":-0.23334,"strain_ue":203.69,"x_offset_m":135,"y_offset_m":-225,"source":"NCB_PFM","nearest_asset_distance_m":147,"consequence_weight":1.41,"idw_subsidence_mm":8.39,"risk_score":0.478,"risk_level":"Medium"},"geometry":{"type":"Point","coordinates":[86.431725,23.762379]}},{"type":"Feature","properties":{"subsidence_mm":73.41,"tilt_deg":-0.23334,"strain_ue":203.69,"x_offset_m":135,"y_offset_m":-210,"source":"NCB_PFM","nearest_asset_distance_m":141,"consequence_weight":1.44,"idw_subsidence_mm":8.39,"risk_score":0.48,"risk_level":"Medium"},"geometry":{"type":"Point","coordinates":[86.431725,23.762514]}},{"type":"Feature","properties":{"subsidence_mm":73.41,"tilt_deg":-0.23334,"strain_ue":203.69,"x_offset_m":135,"y_offset_m":-195,"source":"NCB_PFM","nearest_asset_distance_m":136,"consequence_weight":1.46,"idw_subsidence_mm":8.39,"risk_score":0.481,"risk_level":"Medium"},"geometry":{"type":"Point","coordinates":[86.431725,23.762648]}},{"type":"Feature","properties":{"subsidence_mm":73.41,"tilt_deg":-0.23334,"strain_ue":203.69,"x_offset_m":135,"y_offset_m":-180,"source":"NCB_PFM","nearest_asset_distance_m":132,"consequence_weight":1.47,"idw_subsidence_mm":8.39,"risk_score":0.482,"risk_level":"Medium"},"geometry":{"type":"Point","coordinates":[86.431725,23.762783]}},{"type":"Feature","properties":{"subsidence_mm":73.41,"tilt_deg":-0.23334,"strain_ue":203.69,"x_offset_m":135,"y_offset_m":-165,"source":"NCB_PFM","nearest_asset_distance_m":130,"consequence_weight":1.48,"idw_subsidence_mm":8.39,"risk_score":0.483,"risk_level":"Medium"},"geometry":{"type":"Point","coordinates":[86.431725,23.762918]}},{"type":"Feature","properties":{"subsidence_mm":73.41,"tilt_deg":-0.23334,"strain_ue":203.69,"x_offset_m":135,"y_offset_m":-150,"source":"NCB_PFM","nearest_asset_distance_m":130,"consequence_weight":1.48,"idw_subsidence_mm":8.39,"risk_score":0.483,"risk_level":"Medium"},"geometry":{"type":"Point","coordinates":[86.431725,23.763053]}},{"type":"Feature","properties":{"subsidence_mm":73.41,"tilt_deg":-0.23334,"strain_ue":203.69,"x_offset_m":135,"y_offset_m":-135,"source":"NCB_PFM","nearest_asset_distance_m":131,"consequence_weight":1.47,"idw_subsidence_mm":8.39,"risk_score":0.482,"risk_level":"Medium"},"geometry":{"type":"Point","coordinates":[86.431725,23.763187]}},{"type":"Feature","properties":{"subsidence_mm":73.41,"tilt_deg":-0.23334,"strain_ue":203.69,"x_offset_m":135,"y_offset_m":-120,"source":"NCB_PFM","nearest_asset_distance_m":135,"consequence_weight":1.46,"idw_subsidence_mm":8.39,"risk_score":0.481,"risk_level":"Medium"},"geometry":{"type":"Point","coordinates":[86.431725,23.763322]}},{"type":"Feature","properties":{"subsidence_mm":73.41,"tilt_deg":-0.23334,"strain_ue":203.69,"x_offset_m":135,"y_offset_m":-105,"source":"NCB_PFM","nearest_asset_distance_m":139,"consequence_weight":1.44,"idw_subsidence_mm":8.39,"risk_score":0.48,"risk_level":"Medium"},"geometry":{"type":"Point","coordinates":[86.431725,23.763457]}},{"type":"Feature","properties":{"subsidence_mm":73.41,"tilt_deg":-0.23334,"strain_ue":203.69,"x_offset_m":135,"y_offset_m":-90,"source":"NCB_PFM","nearest_asset_distance_m":145,"consequence_weight":1.42,"idw_subsidence_mm":8.39,"risk_score":0.479,"risk_level":"Medium"},"geometry":{"type":"Point","coordinates":[86.431725,23.763592]}},{"type":"Feature","properties":{"subsidence_mm":73.41,"tilt_deg":-0.23334,"strain_ue":203.69,"x_offset_m":135,"y_offset_m":-75,"source":"NCB_PFM","nearest_asset_distance_m":153,"consequence_weight":1.39,"idw_subsidence_mm":8.39,"risk_score":0.477,"risk_level":"Medium"},"geometry":{"type":"Point","coordinates":[86.431725,23.763726]}},{"type":"Feature","properties":{"subsidence_mm":73.41,"tilt_deg":-0.23334,"strain_ue":203.69,"x_offset_m":135,"y_offset_m":-60,"source":"NCB_PFM","nearest_asset_distance_m":147,"consequence_weight":2.12,"idw_subsidence_mm":8.39,"risk_score":0.528,"risk_level":"Medium"},"geometry":{"type":"Point","coordinates":[86.431725,23.763861]}},{"type":"Feature","properties":{"subsidence_mm":73.41,"tilt_deg":-0.23334,"strain_ue":203.69,"x_offset_m":135,"y_offset_m":-45,"source":"NCB_PFM","nearest_asset_distance_m":134,"consequence_weight":2.2,"idw_subsidence_mm":8.39,"risk_score":0.533,"risk_level":"Medium"},"geometry":{"type":"Point","coordinates":[86.431725,23.763996]}},{"type":"Feature","properties":{"subsidence_mm":73.41,"tilt_deg":-0.23334,"strain_ue":203.69,"x_offset_m":135,"y_offset_m":-30,"source":"NCB_PFM","nearest_asset_distance_m":122,"consequence_weight":2.27,"idw_subsidence_mm":10.06,"risk_score":0.594,"risk_level":"Medium"},"geometry":{"type":"Point","coordinates":[86.431725,23.764131]}},{"type":"Feature","properties":{"subsidence_mm":73.41,"tilt_deg":-0.23334,"strain_ue":203.69,"x_offset_m":135,"y_offset_m":-15,"source":"NCB_PFM","nearest_asset_distance_m":110,"consequence_weight":2.34,"idw_subsidence_mm":10.06,"risk_score":0.599,"risk_level":"Medium"},"geometry":{"type":"Point","coordinates":[86.431725,23.764265]}},{"type":"Feature","properties":{"subsidence_mm":73.41,"tilt_deg":-0.23334,"strain_ue":203.69,"x_offset_m":135,"y_offset_m":0,"source":"NCB_PFM","nearest_asset_distance_m":99,"consequence_weight":2.4,"idw_subsidence_mm":10.06,"risk_score":0.603,"risk_level":"High"},"geometry":{"type":"Point","coordinates":[86.431725,23.7644]}},{"type":"Feature","properties":{"subsidence_mm":73.41,"tilt_deg":-0.23334,"strain_ue":203.69,"x_offset_m":135,"y_offset_m":15,"source":"NCB_PFM","nearest_asset_distance_m":90,"consequence_weight":2.46,"idw_subsidence_mm":10.06,"risk_score":0.607,"risk_level":"High"},"geometry":{"type":"Point","coordinates":[86.431725,23.764535]}},{"type":"Feature","properties":{"subsidence_mm":73.41,"tilt_deg":-0.23334,"strain_ue":203.69,"x_offset_m":135,"y_offset_m":30,"source":"NCB_PFM","nearest_asset_distance_m":82,"consequence_weight":2.51,"idw_subsidence_mm":10.06,"risk_score":0.611,"risk_level":"High"},"geometry":{"type":"Point","coordinates":[86.431725,23.764669]}},{"type":"Feature","properties":{"subsidence_mm":73.41,"tilt_deg":-0.23334,"strain_ue":203.69,"x_offset_m":135,"y_offset_m":45,"source":"NCB_PFM","nearest_asset_distance_m":77,"consequence_weight":2.54,"idw_subsidence_mm":10.06,"risk_score":0.613,"risk_level":"High"},"geometry":{"type":"Point","coordinates":[86.431725,23.764804]}},{"type":"Feature","properties":{"subsidence_mm":73.41,"tilt_deg":-0.23334,"strain_ue":203.69,"x_offset_m":135,"y_offset_m":60,"source":"NCB_PFM","nearest_asset_distance_m":74,"consequence_weight":2.56,"idw_subsidence_mm":10.06,"risk_score":0.614,"risk_level":"High"},"geometry":{"type":"Point","coordinates":[86.431725,23.764939]}},{"type":"Feature","properties":{"subsidence_mm":73.41,"tilt_deg":-0.23334,"strain_ue":203.69,"x_offset_m":135,"y_offset_m":75,"source":"NCB_PFM","nearest_asset_distance_m":74,"consequence_weight":2.55,"idw_subsidence_mm":10.06,"risk_score":0.614,"risk_level":"High"},"geometry":{"type":"Point","coordinates":[86.431725,23.765074]}},{"type":"Feature","properties":{"subsidence_mm":73.41,"tilt_deg":-0.23334,"strain_ue":203.69,"x_offset_m":135,"y_offset_m":90,"source":"NCB_PFM","nearest_asset_distance_m":77,"consequence_weight":2.54,"idw_subsidence_mm":10.06,"risk_score":0.613,"risk_level":"High"},"geometry":{"type":"Point","coordinates":[86.431725,23.765208]}},{"type":"Feature","properties":{"subsidence_mm":73.41,"tilt_deg":-0.23334,"strain_ue":203.69,"x_offset_m":135,"y_offset_m":105,"source":"NCB_PFM","nearest_asset_distance_m":83,"consequence_weight":2.5,"idw_subsidence_mm":10.06,"risk_score":0.61,"risk_level":"High"},"geometry":{"type":"Point","coordinates":[86.431725,23.765343]}},{"type":"Feature","properties":{"subsidence_mm":73.41,"tilt_deg":-0.23334,"strain_ue":203.69,"x_offset_m":135,"y_offset_m":120,"source":"NCB_PFM","nearest_asset_distance_m":91,"consequence_weight":2.45,"idw_subsidence_mm":10.06,"risk_score":0.606,"risk_level":"High"},"geometry":{"type":"Point","coordinates":[86.431725,23.765478]}},{"type":"Feature","properties":{"subsidence_mm":73.41,"tilt_deg":-0.23334,"strain_ue":203.69,"x_offset_m":135,"y_offset_m":135,"source":"NCB_PFM","nearest_asset_distance_m":100,"consequence_weight":2.4,"idw_subsidence_mm":10.06,"risk_score":0.603,"risk_level":"High"},"geometry":{"type":"Point","coordinates":[86.431725,23.765613]}},{"type":"Feature","properties":{"subsidence_mm":73.41,"tilt_deg":-0.23334,"strain_ue":203.69,"x_offset_m":135,"y_offset_m":150,"source":"NCB_PFM","nearest_asset_distance_m":111,"consequence_weight":2.33,"idw_subsidence_mm":10.06,"risk_score":0.598,"risk_level":"Medium"},"geometry":{"type":"Point","coordinates":[86.431725,23.765747]}},{"type":"Feature","properties":{"subsidence_mm":73.41,"tilt_deg":-0.23334,"strain_ue":203.69,"x_offset_m":135,"y_offset_m":165,"source":"NCB_PFM","nearest_asset_distance_m":123,"consequence_weight":2.26,"idw_subsidence_mm":10.06,"risk_score":0.593,"risk_level":"Medium"},"geometry":{"type":"Point","coordinates":[86.431725,23.765882]}},{"type":"Feature","properties":{"subsidence_mm":73.41,"tilt_deg":-0.23334,"strain_ue":203.69,"x_offset_m":135,"y_offset_m":180,"source":"NCB_PFM","nearest_asset_distance_m":135,"consequence_weight":2.19,"idw_subsidence_mm":10.06,"risk_score":0.588,"risk_level":"Medium"},"geometry":{"type":"Point","coordinates":[86.431725,23.766017]}},{"type":"Feature","properties":{"subsidence_mm":73.41,"tilt_deg":-0.23334,"strain_ue":203.69,"x_offset_m":135,"y_offset_m":195,"source":"NCB_PFM","nearest_asset_distance_m":148,"consequence_weight":2.11,"idw_subsidence_mm":10.06,"risk_score":0.583,"risk_level":"Medium"},"geometry":{"type":"Point","coordinates":[86.431725,23.766152]}},{"type":"Feature","properties":{"subsidence_mm":73.41,"tilt_deg":-0.23334,"strain_ue":203.69,"x_offset_m":135,"y_offset_m":210,"source":"NCB_PFM","nearest_asset_distance_m":161,"consequence_weight":2.03,"idw_subsidence_mm":10.06,"risk_score":0.577,"risk_level":"Medium"},"geometry":{"type":"Point","coordinates":[86.431725,23.766286]}},{"type":"Feature","properties":{"subsidence_mm":73.41,"tilt_deg":-0.23334,"strain_ue":203.69,"x_offset_m":135,"y_offset_m":225,"source":"NCB_PFM","nearest_asset_distance_m":174,"consequence_weight":1.95,"idw_subsidence_mm":10.06,"risk_score":0.571,"risk_level":"Medium"},"geometry":{"type":"Point","coordinates":[86.431725,23.766421]}},{"type":"Feature","properties":{"subsidence_mm":73.41,"tilt_deg":-0.23334,"strain_ue":203.69,"x_offset_m":135,"y_offset_m":240,"source":"NCB_PFM","nearest_asset_distance_m":188,"consequence_weight":1.87,"idw_subsidence_mm":10.06,"risk_score":0.566,"risk_level":"Medium"},"geometry":{"type":"Point","coordinates":[86.431725,23.766556]}},{"type":"Feature","properties":{"subsidence_mm":73.41,"tilt_deg":-0.23334,"strain_ue":203.69,"x_offset_m":135,"y_offset_m":255,"source":"NCB_PFM","nearest_asset_distance_m":202,"consequence_weight":1.79,"idw_subsidence_mm":10.06,"risk_score":0.56,"risk_level":"Medium"},"geometry":{"type":"Point","coordinates":[86.431725,23.766691]}},{"type":"Feature","properties":{"subsidence_mm":73.41,"tilt_deg":-0.23334,"strain_ue":203.69,"x_offset_m":135,"y_offset_m":270,"source":"NCB_PFM","nearest_asset_distance_m":216,"consequence_weight":1.7,"idw_subsidence_mm":5.03,"risk_score":0.386,"risk_level":"Medium"},"geometry":{"type":"Point","coordinates":[86.431725,23.766825]}},{"type":"Feature","properties":{"subsidence_mm":73.41,"tilt_deg":-0.23334,"strain_ue":203.69,"x_offset_m":135,"y_offset_m":285,"source":"NCB_PFM","nearest_asset_distance_m":230,"consequence_weight":1.62,"idw_subsidence_mm":5.03,"risk_score":0.381,"risk_level":"Medium"},"geometry":{"type":"Point","coordinates":[86.431725,23.76696]}},{"type":"Feature","properties":{"subsidence_mm":73.41,"tilt_deg":-0.23334,"strain_ue":203.69,"x_offset_m":135,"y_offset_m":300,"source":"NCB_PFM","nearest_asset_distance_m":244,"consequence_weight":1.53,"idw_subsidence_mm":5.03,"risk_score":0.374,"risk_level":"Medium"},"geometry":{"type":"Point","coordinates":[86.431725,23.767095]}},{"type":"Feature","properties":{"subsidence_mm":33.71,"tilt_deg":-0.11098,"strain_ue":105.97,"x_offset_m":150,"y_offset_m":-300,"source":"NCB_PFM","nearest_asset_distance_m":184,"consequence_weight":1.26,"idw_subsidence_mm":8.39,"risk_score":0.355,"risk_level":"Medium"},"geometry":{"type":"Point","coordinates":[86.431872,23.761705]}},{"type":"Feature","properties":{"subsidence_mm":33.71,"tilt_deg":-0.11098,"strain_ue":105.97,"x_offset_m":150,"y_offset_m":-285,"source":"NCB_PFM","nearest_asset_distance_m":173,"consequence_weight":1.31,"idw_subsidence_mm":8.39,"risk_score":0.358,"risk_level":"Medium"},"geometry":{"type":"Point","coordinates":[86.431872,23.76184]}},{"type":"Feature","properties":{"subsidence_mm":33.71,"tilt_deg":-0.11098,"strain_ue":105.97,"x_offset_m":150,"y_offset_m":-270,"source":"NCB_PFM","nearest_asset_distance_m":162,"consequence_weight":1.35,"idw_subsidence_mm":8.39,"risk_score":0.361,"risk_level":"Medium"},"geometry":{"type":"Point","coordinates":[86.431872,23.761975]}},{"type":"Feature","properties":{"subsidence_mm":33.71,"tilt_deg":-0.11098,"strain_ue":105.97,"x_offset_m":150,"y_offset_m":-255,"source":"NCB_PFM","nearest_asset_distance_m":152,"consequence_weight":1.39,"idw_subsidence_mm":8.39,"risk_score":0.364,"risk_level":"Medium"},"geometry":{"type":"Point","coordinates":[86.431872,23.762109]}},{"type":"Feature","properties":{"subsidence_mm":33.71,"tilt_deg":-0.11098,"strain_ue":105.97,"x_offset_m":150,"y_offset_m":-240,"source":"NCB_PFM","nearest_asset_distance_m":142,"consequence_weight":1.43,"idw_subsidence_mm":8.39,"risk_score":0.367,"risk_level":"Medium"},"geometry":{"type":"Point","coordinates":[86.431872,23.762244]}},{"type":"Feature","properties":{"subsidence_mm":33.71,"tilt_deg":-0.11098,"strain_ue":105.97,"x_offset_m":150,"y_offset_m":-225,"source":"NCB_PFM","nearest_asset_distance_m":134,"consequence_weight":1.46,"idw_subsidence_mm":8.39,"risk_score":0.369,"risk_level":"Medium"},"geometry":{"type":"Point","coordinates":[86.431872,23.762379]}},{"type":"Feature","properties":{"subsidence_mm":33.71,"tilt_deg":-0.11098,"strain_ue":105.97,"x_offset_m":150,"y_offset_m":-210,"source":"NCB_PFM","nearest_asset_distance_m":127,"consequence_weight":1.49,"idw_subsidence_mm":8.39,"risk_score":0.371,"risk_level":"Medium"},"geometry":{"type":"Point","coordinates":[86.431872,23.762514]}},{"type":"Feature","properties":{"subsidence_mm":33.71,"tilt_deg":-0.11098,"strain_ue":105.97,"x_offset_m":150,"y_offset_m":-195,"source":"NCB_PFM","nearest_asset_distance_m":121,"consequence_weight":1.51,"idw_subsidence_mm":8.39,"risk_score":0.372,"risk_level":"Medium"},"geometry":{"type":"Point","coordinates":[86.431872,23.762648]}},{"type":"Feature","properties":{"subsidence_mm":33.71,"tilt_deg":-0.11098,"strain_ue":105.97,"x_offset_m":150,"y_offset_m":-180,"source":"NCB_PFM","nearest_asset_distance_m":117,"consequence_weight":1.53,"idw_subsidence_mm":8.39,"risk_score":0.374,"risk_level":"Medium"},"geometry":{"type":"Point","coordinates":[86.431872,23.762783]}},{"type":"Feature","properties":{"subsidence_mm":33.71,"tilt_deg":-0.11098,"strain_ue":105.97,"x_offset_m":150,"y_offset_m":-165,"source":"NCB_PFM","nearest_asset_distance_m":115,"consequence_weight":1.54,"idw_subsidence_mm":8.39,"risk_score":0.375,"risk_level":"Medium"},"geometry":{"type":"Point","coordinates":[86.431872,23.762918]}},{"type":"Feature","properties":{"subsidence_mm":33.71,"tilt_deg":-0.11098,"strain_ue":105.97,"x_offset_m":150,"y_offset_m":-150,"source":"NCB_PFM","nearest_asset_distance_m":115,"consequence_weight":1.54,"idw_subsidence_mm":8.39,"risk_score":0.375,"risk_level":"Medium"},"geometry":{"type":"Point","coordinates":[86.431872,23.763053]}},{"type":"Feature","properties":{"subsidence_mm":33.71,"tilt_deg":-0.11098,"strain_ue":105.97,"x_offset_m":150,"y_offset_m":-135,"source":"NCB_PFM","nearest_asset_distance_m":117,"consequence_weight":1.53,"idw_subsidence_mm":8.39,"risk_score":0.374,"risk_level":"Medium"},"geometry":{"type":"Point","coordinates":[86.431872,23.763187]}},{"type":"Feature","properties":{"subsidence_mm":33.71,"tilt_deg":-0.11098,"strain_ue":105.97,"x_offset_m":150,"y_offset_m":-120,"source":"NCB_PFM","nearest_asset_distance_m":120,"consequence_weight":1.52,"idw_subsidence_mm":8.39,"risk_score":0.373,"risk_level":"Medium"},"geometry":{"type":"Point","coordinates":[86.431872,23.763322]}},{"type":"Feature","properties":{"subsidence_mm":33.71,"tilt_deg":-0.11098,"strain_ue":105.97,"x_offset_m":150,"y_offset_m":-105,"source":"NCB_PFM","nearest_asset_distance_m":126,"consequence_weight":1.5,"idw_subsidence_mm":8.39,"risk_score":0.372,"risk_level":"Medium"},"geometry":{"type":"Point","coordinates":[86.431872,23.763457]}},{"type":"Feature","properties":{"subsidence_mm":33.71,"tilt_deg":-0.11098,"strain_ue":105.97,"x_offset_m":150,"y_offset_m":-90,"source":"NCB_PFM","nearest_asset_distance_m":132,"consequence_weight":1.47,"idw_subsidence_mm":8.39,"risk_score":0.37,"risk_level":"Medium"},"geometry":{"type":"Point","coordinates":[86.431872,23.763592]}},{"type":"Feature","properties":{"subsidence_mm":33.71,"tilt_deg":-0.11098,"strain_ue":105.97,"x_offset_m":150,"y_offset_m":-75,"source":"NCB_PFM","nearest_asset_distance_m":140,"consequence_weight":1.44,"idw_subsidence_mm":8.39,"risk_score":0.368,"risk_level":"Medium"},"geometry":{"type":"Point","coordinates":[86.431872,23.763726]}},{"type":"Feature","properties":{"subsidence_mm":33.71,"tilt_deg":-0.11098,"strain_ue":105.97,"x_offset_m":150,"y_offset_m":-60,"source":"NCB_PFM","nearest_asset_distance_m":149,"consequence_weight":1.4,"idw_subsidence_mm":8.39,"risk_score":0.365,"risk_level":"Medium"},"geometry":{"type":"Point","coordinates":[86.431872,23.763861]}},{"type":"Feature","properties":{"subsidence_mm":33.71,"tilt_deg":-0.11098,"strain_ue":105.97,"x_offset_m":150,"y_offset_m":-45,"source":"NCB_PFM","nearest_asset_distance_m":143,"consequence_weight":2.14,"idw_subsidence_mm":8.39,"risk_score":0.417,"risk_level":"Medium"},"geometry":{"type":"Point","coordinates":[86.431872,23.763996]}},{"type":"Feature","properties":{"subsidence_mm":33.71,"tilt_deg":-0.11098,"strain_ue":105.97,"x_offset_m":150,"y_offset_m":-30,"source":"NCB_PFM","nearest_asset_distance_m":131,"consequence_weight":2.21,"idw_subsidence_mm":10.06,"risk_score":0.477,"risk_level":"Medium"},"geometry":{"type":"Point","coordinates":[86.431872,23.764131]}},{"type":"Feature","properties":{"subsidence_mm":33.71,"tilt_deg":-0.11098,"strain_ue":105.97,"x_offset_m":150,"y_offset_m":-15,"source":"NCB_PFM","nearest_asset_distance_m":121,"consequence_weight":2.28,"idw_subsidence_mm":10.06,"risk_score":0.482,"risk_level":"Medium"},"geometry":{"type":"Point","coordinates":[86.431872,23.764265]}},{"type":"Feature","properties":{"subsidence_mm":33.71,"tilt_deg":-0.11098,"strain_ue":105.97,"x_offset_m":150,"y_offset_m":0,"source":"NCB_PFM","nearest_asset_distance_m":111,"consequence_weight":2.33,"idw_subsidence_mm":10.06,"risk_score":0.486,"risk_level":"Medium"},"geometry":{"type":"Point","coordinates":[86.431872,23.7644]}},{"type":"Feature","properties":{"subsidence_mm":33.71,"tilt_deg":-0.11098,"strain_ue":105.97,"x_offset_m":150,"y_offset_m":15,"source":"NCB_PFM","nearest_asset_distance_m":103,"consequence_weight":2.38,"idw_subsidence_mm":10.06,"risk_score":0.489,"risk_level":"Medium"},"geometry":{"type":"Point","coordinates":[86.431872,23.764535]}},{"type":"Feature","properties":{"subsidence_mm":33.71,"tilt_deg":-0.11098,"strain_ue":105.97,"x_offset_m":150,"y_offset_m":30,"source":"NCB_PFM","nearest_asset_distance_m":96,"consequence_weight":2.42,"idw_subsidence_mm":10.06,"risk_score":0.492,"risk_level":"Medium"},"geometry":{"type":"Point","coordinates":[86.431872,23.764669]}},{"type":"Feature","properties":{"subsidence_mm":33.71,"tilt_deg":-0.11098,"strain_ue":105.97,"x_offset_m":150,"y_offset_m":45,"source":"NCB_PFM","nearest_asset_distance_m":91,"consequence_weight":2.45,"idw_subsidence_mm":10.06,"risk_score":0.494,"risk_level":"Medium"},"geometry":{"type":"Point","coordinates":[86.431872,23.764804]}},{"type":"Feature","properties":{"subsidence_mm":33.71,"tilt_deg":-0.11098,"strain_ue":105.97,"x_offset_m":150,"y_offset_m":60,"source":"NCB_PFM","nearest_asset_distance_m":89,"consequence_weight":2.47,"idw_subsidence_mm":10.06,"risk_score":0.495,"risk_level":"Medium"},"geometry":{"type":"Point","coordinates":[86.431872,23.764939]}},{"type":"Feature","properties":{"subsidence_mm":33.71,"tilt_deg":-0.11098,"strain_ue":105.97,"x_offset_m":150,"y_offset_m":75,"source":"NCB_PFM","nearest_asset_distance_m":89,"consequence_weight":2.47,"idw_subsidence_mm":10.06,"risk_score":0.495,"risk_level":"Medium"},"geometry":{"type":"Point","coordinates":[86.431872,23.765074]}},{"type":"Feature","properties":{"subsidence_mm":33.71,"tilt_deg":-0.11098,"strain_ue":105.97,"x_offset_m":150,"y_offset_m":90,"source":"NCB_PFM","nearest_asset_distance_m":92,"consequence_weight":2.45,"idw_subsidence_mm":10.06,"risk_score":0.494,"risk_level":"Medium"},"geometry":{"type":"Point","coordinates":[86.431872,23.765208]}},{"type":"Feature","properties":{"subsidence_mm":33.71,"tilt_deg":-0.11098,"strain_ue":105.97,"x_offset_m":150,"y_offset_m":105,"source":"NCB_PFM","nearest_asset_distance_m":97,"consequence_weight":2.42,"idw_subsidence_mm":10.06,"risk_score":0.492,"risk_level":"Medium"},"geometry":{"type":"Point","coordinates":[86.431872,23.765343]}},{"type":"Feature","properties":{"subsidence_mm":33.71,"tilt_deg":-0.11098,"strain_ue":105.97,"x_offset_m":150,"y_offset_m":120,"source":"NCB_PFM","nearest_asset_distance_m":103,"consequence_weight":2.38,"idw_subsidence_mm":10.06,"risk_score":0.489,"risk_level":"Medium"},"geometry":{"type":"Point","coordinates":[86.431872,23.765478]}},{"type":"Feature","properties":{"subsidence_mm":33.71,"tilt_deg":-0.11098,"strain_ue":105.97,"x_offset_m":150,"y_offset_m":135,"source":"NCB_PFM","nearest_asset_distance_m":112,"consequence_weight":2.33,"idw_subsidence_mm":10.06,"risk_score":0.486,"risk_level":"Medium"},"geometry":{"type":"Point","coordinates":[86.431872,23.765613]}},{"type":"Feature","properties":{"subsidence_mm":33.71,"tilt_deg":-0.11098,"strain_ue":105.97,"x_offset_m":150,"y_offset_m":150,"source":"NCB_PFM","nearest_asset_distance_m":122,"consequence_weight":2.27,"idw_subsidence_mm":10.06,"risk_score":0.481,"risk_level":"Medium"},"geometry":{"type":"Point","coordinates":[86.431872,23.765747]}},{"type":"Feature","properties":{"subsidence_mm":33.71,"tilt_deg":-0.11098,"strain_ue":105.97,"x_offset_m":150,"y_offset_m":165,"source":"NCB_PFM","nearest_asset_distance_m":132,"consequence_weight":2.21,"idw_subsidence_mm":10.06,"risk_score":0.477,"risk_level":"Medium"},"geometry":{"type":"Point","coordinates":[86.431872,23.765882]}},{"type":"Feature","properties":{"subsidence_mm":33.71,"tilt_deg":-0.11098,"strain_ue":105.97,"x_offset_m":150,"y_offset_m":180,"source":"NCB_PFM","nearest_asset_distance_m":144,"consequence_weight":2.14,"idw_subsidence_mm":10.06,"risk_score":0.472,"risk_level":"Medium"},"geometry":{"type":"Point","coordinates":[86.431872,23.766017]}},{"type":"Feature","properties":{"subsidence_mm":33.71,"tilt_deg":-0.11098,"strain_ue":105.97,"x_offset_m":150,"y_offset_m":195,"source":"NCB_PFM","nearest_asset_distance_m":156,"consequence_weight":2.07,"idw_subsidence_mm":10.06,"risk_score":0.467,"risk_level":"Medium"},"geometry":{"type":"Point","coordinates":[86.431872,23.766152]}},{"type":"Feature","properties":{"subsidence_mm":33.71,"tilt_deg":-0.11098,"strain_ue":105.97,"x_offset_m":150,"y_offset_m":210,"source":"NCB_PFM","nearest_asset_distance_m":168,"consequence_weight":1.99,"idw_subsidence_mm":10.06,"risk_score":0.462,"risk_level":"Medium"},"geometry":{"type":"Point","coordinates":[86.431872,23.766286]}},{"type":"Feature","properties":{"subsidence_mm":33.71,"tilt_deg":-0.11098,"strain_ue":105.97,"x_offset_m":150,"y_offset_m":225,"source":"NCB_PFM","nearest_asset_distance_m":181,"consequence_weight":1.91,"idw_subsidence_mm":10.06,"risk_score":0.456,"risk_level":"Medium"},"geometry":{"type":"Point","coordinates":[86.431872,23.766421]}},{"type":"Feature","properties":{"subsidence_mm":33.71,"tilt_deg":-0.11098,"strain_ue":105.97,"x_offset_m":150,"y_offset_m":240,"source":"NCB_PFM","nearest_asset_distance_m":194,"consequence_weight":1.83,"idw_subsidence_mm":10.06,"risk_score":0.45,"risk_level":"Medium"},"geometry":{"type":"Point","coordinates":[86.431872,23.766556]}},{"type":"Feature","properties":{"subsidence_mm":33.71,"tilt_deg":-0.11098,"strain_ue":105.97,"x_offset_m":150,"y_offset_m":255,"source":"NCB_PFM","nearest_asset_distance_m":208,"consequence_weight":1.75,"idw_subsidence_mm":10.06,"risk_score":0.445,"risk_level":"Medium"},"geometry":{"type":"Point","coordinates":[86.431872,23.766691]}},{"type":"Feature","properties":{"subsidence_mm":33.71,"tilt_deg":-0.11098,"strain_ue":105.97,"x_offset_m":150,"y_offset_m":270,"source":"NCB_PFM","nearest_asset_distance_m":221,"consequence_weight":1.67,"idw_subsidence_mm":5.03,"risk_score":0.272,"risk_level":"Low"},"geometry":{"type":"Point","coordinates":[86.431872,23.766825]}},{"type":"Feature","properties":{"subsidence_mm":33.71,"tilt_deg":-0.11098,"strain_ue":105.97,"x_offset_m":150,"y_offset_m":285,"source":"NCB_PFM","nearest_asset_distance_m":235,"consequence_weight":1.59,"idw_subsidence_mm":5.03,"risk_score":0.266,"risk_level":"Low"},"geometry":{"type":"Point","coordinates":[86.431872,23.76696]}},{"type":"Feature","properties":{"subsidence_mm":33.71,"tilt_deg":-0.11098,"strain_ue":105.97,"x_offset_m":150,"y_offset_m":300,"source":"NCB_PFM","nearest_asset_distance_m":249,"consequence_weight":1.5,"idw_subsidence_mm":5.03,"risk_score":0.26,"risk_level":"Low"},"geometry":{"type":"Point","coordinates":[86.431872,23.767095]}},{"type":"Feature","properties":{"subsidence_mm":15.3,"tilt_deg":-0.0512,"strain_ue":51.02,"x_offset_m":165,"y_offset_m":-300,"source":"NCB_PFM","nearest_asset_distance_m":175,"consequence_weight":1.3,"idw_subsidence_mm":8.27,"risk_score":0.29,"risk_level":"Low"},"geometry":{"type":"Point","coordinates":[86.43202,23.761705]}},{"type":"Feature","properties":{"subsidence_mm":15.3,"tilt_deg":-0.0512,"strain_ue":51.02,"x_offset_m":165,"y_offset_m":-285,"source":"NCB_PFM","nearest_asset_distance_m":163,"consequence_weight":1.35,"idw_subsidence_mm":8.27,"risk_score":0.294,"risk_level":"Low"},"geometry":{"type":"Point","coordinates":[86.43202,23.76184]}},{"type":"Feature","properties":{"subsidence_mm":15.3,"tilt_deg":-0.0512,"strain_ue":51.02,"x_offset_m":165,"y_offset_m":-270,"source":"NCB_PFM","nearest_asset_distance_m":151,"consequence_weight":1.39,"idw_subsidence_mm":8.27,"risk_score":0.297,"risk_level":"Low"},"geometry":{"type":"Point","coordinates":[86.43202,23.761975]}},{"type":"Feature","properties":{"subsidence_mm":15.3,"tilt_deg":-0.0512,"strain_ue":51.02,"x_offset_m":165,"y_offset_m":-255,"source":"NCB_PFM","nearest_asset_distance_m":141,"consequence_weight":1.44,"idw_subsidence_mm":8.27,"risk_score":0.3,"risk_level":"Low"},"geometry":{"type":"Point","coordinates":[86.43202,23.762109]}},{"type":"Feature","properties":{"subsidence_mm":15.3,"tilt_deg":-0.0512,"strain_ue":51.02,"x_offset_m":165,"y_offset_m":-240,"source":"NCB_PFM","nearest_asset_distance_m":130,"consequence_weight":1.48,"idw_subsidence_mm":8.27,"risk_score":0.303,"risk_level":"Low"},"geometry":{"type":"Point","coordinates":[86.43202,23.762244]}},{"type":"Feature","properties":{"subsidence_mm":15.3,"tilt_deg":-0.0512,"strain_ue":51.02,"x_offset_m":165,"y_offset_m":-225,"source":"NCB_PFM","nearest_asset_distance_m":121,"consequence_weight":1.51,"idw_subsidence_mm":8.27,"risk_score":0.305,"risk_level":"Low"},"geometry":{"type":"Point","coordinates":[86.43202,23.762379]}},{"type":"Feature","properties":{"subsidence_mm":15.3,"tilt_deg":-0.0512,"strain_ue":51.02,"x_offset_m":165,"y_offset_m":-210,"source":"NCB_PFM","nearest_asset_distance_m":113,"consequence_weight":1.55,"idw_subsidence_mm":8.27,"risk_score":0.308,"risk_level":"Low"},"geometry":{"type":"Point","coordinates":[86.43202,23.762514]}},{"type":"Feature","properties":{"subsidence_mm":15.3,"tilt_deg":-0.0512,"strain_ue":51.02,"x_offset_m":165,"y_offset_m":-195,"source":"NCB_PFM","nearest_asset_distance_m":107,"consequence_weight":1.57,"idw_subsidence_mm":8.27,"risk_score":0.309,"risk_level":"Low"},"geometry":{"type":"Point","coordinates":[86.43202,23.762648]}},{"type":"Feature","properties":{"subsidence_mm":15.3,"tilt_deg":-0.0512,"strain_ue":51.02,"x_offset_m":165,"y_offset_m":-180,"source":"NCB_PFM","nearest_asset_distance_m":103,"consequence_weight":1.59,"idw_subsidence_mm":8.27,"risk_score":0.311,"risk_level":"Low"},"geometry":{"type":"Point","coordinates":[86.43202,23.762783]}},{"type":"Feature","properties":{"subsidence_mm":15.3,"tilt_deg":-0.0512,"strain_ue":51.02,"x_offset_m":165,"y_offset_m":-165,"source":"NCB_PFM","nearest_asset_distance_m":100,"consequence_weight":1.6,"idw_subsidence_mm":8.27,"risk_score":0.311,"risk_level":"Low"},"geometry":{"type":"Point","coordinates":[86.43202,23.762918]}},{"type":"Feature","properties":{"subsidence_mm":15.3,"tilt_deg":-0.0512,"strain_ue":51.02,"x_offset_m":165,"y_offset_m":-150,"source":"NCB_PFM","nearest_asset_distance_m":100,"consequence_weight":1.6,"idw_subsidence_mm":8.27,"risk_score":0.311,"risk_level":"Low"},"geometry":{"type":"Point","coordinates":[86.43202,23.763053]}},{"type":"Feature","properties":{"subsidence_mm":15.3,"tilt_deg":-0.0512,"strain_ue":51.02,"x_offset_m":165,"y_offset_m":-135,"source":"NCB_PFM","nearest_asset_distance_m":102,"consequence_weight":1.59,"idw_subsidence_mm":8.27,"risk_score":0.311,"risk_level":"Low"},"geometry":{"type":"Point","coordinates":[86.43202,23.763187]}},{"type":"Feature","properties":{"subsidence_mm":15.3,"tilt_deg":-0.0512,"strain_ue":51.02,"x_offset_m":165,"y_offset_m":-120,"source":"NCB_PFM","nearest_asset_distance_m":106,"consequence_weight":1.58,"idw_subsidence_mm":8.27,"risk_score":0.31,"risk_level":"Low"},"geometry":{"type":"Point","coordinates":[86.43202,23.763322]}},{"type":"Feature","properties":{"subsidence_mm":15.3,"tilt_deg":-0.0512,"strain_ue":51.02,"x_offset_m":165,"y_offset_m":-105,"source":"NCB_PFM","nearest_asset_distance_m":112,"consequence_weight":1.55,"idw_subsidence_mm":8.27,"risk_score":0.308,"risk_level":"Low"},"geometry":{"type":"Point","coordinates":[86.43202,23.763457]}},{"type":"Feature","properties":{"subsidence_mm":15.3,"tilt_deg":-0.0512,"strain_ue":51.02,"x_offset_m":165,"y_offset_m":-90,"source":"NCB_PFM","nearest_asset_distance_m":119,"consequence_weight":1.52,"idw_subsidence_mm":8.27,"risk_score":0.306,"risk_level":"Low"},"geometry":{"type":"Point","coordinates":[86.43202,23.763592]}},{"type":"Feature","properties":{"subsidence_mm":15.3,"tilt_deg":-0.0512,"strain_ue":51.02,"x_offset_m":165,"y_offset_m":-75,"source":"NCB_PFM","nearest_asset_distance_m":128,"consequence_weight":1.49,"idw_subsidence_mm":8.27,"risk_score":0.304,"risk_level":"Low"},"geometry":{"type":"Point","coordinates":[86.43202,23.763726]}},{"type":"Feature","properties":{"subsidence_mm":15.3,"tilt_deg":-0.0512,"strain_ue":51.02,"x_offset_m":165,"y_offset_m":-60,"source":"NCB_PFM","nearest_asset_distance_m":138,"consequence_weight":1.45,"idw_subsidence_mm":8.27,"risk_score":0.301,"risk_level":"Low"},"geometry":{"type":"Point","coordinates":[86.43202,23.763861]}},{"type":"Feature","properties":{"subsidence_mm":15.3,"tilt_deg":-0.0512,"strain_ue":51.02,"x_offset_m":165,"y_offset_m":-45,"source":"NCB_PFM","nearest_asset_distance_m":149,"consequence_weight":1.4,"idw_subsidence_mm":8.27,"risk_score":0.297,"risk_level":"Low"},"geometry":{"type":"Point","coordinates":[86.43202,23.763996]}},{"type":"Feature","properties":{"subsidence_mm":15.3,"tilt_deg":-0.0512,"strain_ue":51.02,"x_offset_m":165,"y_offset_m":-30,"source":"NCB_PFM","nearest_asset_distance_m":142,"consequence_weight":2.15,"idw_subsidence_mm":7.9,"risk_score":0.338,"risk_level":"Low"},"geometry":{"type":"Point","coordinates":[86.43202,23.764131]}},{"type":"Feature","properties":{"subsidence_mm":15.3,"tilt_deg":-0.0512,"strain_ue":51.02,"x_offset_m":165,"y_offset_m":-15,"source":"NCB_PFM","nearest_asset_distance_m":132,"consequence_weight":2.21,"idw_subsidence_mm":7.9,"risk_score":0.342,"risk_level":"Low"},"geometry":{"type":"Point","coordinates":[86.43202,23.764265]}},{"type":"Feature","properties":{"subsidence_mm":15.3,"tilt_deg":-0.0512,"strain_ue":51.02,"x_offset_m":165,"y_offset_m":0,"source":"NCB_PFM","nearest_asset_distance_m":123,"consequence_weight":2.26,"idw_subsidence_mm":7.9,"risk_score":0.345,"risk_level":"Low"},"geometry":{"type":"Point","coordinates":[86.43202,23.7644]}},{"type":"Feature","properties":{"subsidence_mm":15.3,"tilt_deg":-0.0512,"strain_ue":51.02,"x_offset_m":165,"y_offset_m":15,"source":"NCB_PFM","nearest_asset_distance_m":116,"consequence_weight":2.3,"idw_subsidence_mm":7.9,"risk_score":0.348,"risk_level":"Low"},"geometry":{"type":"Point","coordinates":[86.43202,23.764535]}},{"type":"Feature","properties":{"subsidence_mm":15.3,"tilt_deg":-0.0512,"strain_ue":51.02,"x_offset_m":165,"y_offset_m":30,"source":"NCB_PFM","nearest_asset_distance_m":110,"consequence_weight":2.34,"idw_subsidence_mm":7.9,"risk_score":0.351,"risk_level":"Medium"},"geometry":{"type":"Point","coordinates":[86.43202,23.764669]}},{"type":"Feature","properties":{"subsidence_mm":15.3,"tilt_deg":-0.0512,"strain_ue":51.02,"x_offset_m":165,"y_offset_m":45,"source":"NCB_PFM","nearest_asset_distance_m":106,"consequence_weight":2.36,"idw_subsidence_mm":7.9,"risk_score":0.352,"risk_level":"Medium"},"geometry":{"type":"Point","coordinates":[86.43202,23.764804]}},{"type":"Feature","properties":{"subsidence_mm":15.3,"tilt_deg":-0.0512,"strain_ue":51.02,"x_offset_m":165,"y_offset_m":60,"source":"NCB_PFM","nearest_asset_distance_m":104,"consequence_weight":2.38,"idw_subsidence_mm":7.9,"risk_score":0.354,"risk_level":"Medium"},"geometry":{"type":"Point","coordinates":[86.43202,23.764939]}},{"type":"Feature","properties":{"subsidence_mm":15.3,"tilt_deg":-0.0512,"strain_ue":51.02,"x_offset_m":165,"y_offset_m":75,"source":"NCB_PFM","nearest_asset_distance_m":104,"consequence_weight":2.38,"idw_subsidence_mm":7.9,"risk_score":0.354,"risk_level":"Medium"},"geometry":{"type":"Point","coordinates":[86.43202,23.765074]}},{"type":"Feature","properties":{"subsidence_mm":15.3,"tilt_deg":-0.0512,"strain_ue":51.02,"x_offset_m":165,"y_offset_m":90,"source":"NCB_PFM","nearest_asset_distance_m":106,"consequence_weight":2.36,"idw_subsidence_mm":7.9,"risk_score":0.352,"risk_level":"Medium"},"geometry":{"type":"Point","coordinates":[86.43202,23.765208]}},{"type":"Feature","properties":{"subsidence_mm":15.3,"tilt_deg":-0.0512,"strain_ue":51.02,"x_offset_m":165,"y_offset_m":105,"source":"NCB_PFM","nearest_asset_distance_m":111,"consequence_weight":2.34,"idw_subsidence_mm":7.9,"risk_score":0.351,"risk_level":"Medium"},"geometry":{"type":"Point","coordinates":[86.43202,23.765343]}},{"type":"Feature","properties":{"subsidence_mm":15.3,"tilt_deg":-0.0512,"strain_ue":51.02,"x_offset_m":165,"y_offset_m":120,"source":"NCB_PFM","nearest_asset_distance_m":117,"consequence_weight":2.3,"idw_subsidence_mm":7.9,"risk_score":0.348,"risk_level":"Low"},"geometry":{"type":"Point","coordinates":[86.43202,23.765478]}},{"type":"Feature","properties":{"subsidence_mm":15.3,"tilt_deg":-0.0512,"strain_ue":51.02,"x_offset_m":165,"y_offset_m":135,"source":"NCB_PFM","nearest_asset_distance_m":124,"consequence_weight":2.25,"idw_subsidence_mm":7.9,"risk_score":0.345,"risk_level":"Low"},"geometry":{"type":"Point","coordinates":[86.43202,23.765613]}},{"type":"Feature","properties":{"subsidence_mm":15.3,"tilt_deg":-0.0512,"strain_ue":51.02,"x_offset_m":165,"y_offset_m":150,"source":"NCB_PFM","nearest_asset_distance_m":133,"consequence_weight":2.2,"idw_subsidence_mm":7.9,"risk_score":0.341,"risk_level":"Low"},"geometry":{"type":"Point","coordinates":[86.43202,23.765747]}},{"type":"Feature","properties":{"subsidence_mm":15.3,"tilt_deg":-0.0512,"strain_ue":51.02,"x_offset_m":165,"y_offset_m":165,"source":"NCB_PFM","nearest_asset_distance_m":143,"consequence_weight":2.14,"idw_subsidence_mm":7.9,"risk_score":0.337,"risk_level":"Low"},"geometry":{"type":"Point","coordinates":[86.43202,23.765882]}},{"type":"Feature","properties":{"subsidence_mm":15.3,"tilt_deg":-0.0512,"strain_ue":51.02,"x_offset_m":165,"y_offset_m":180,"source":"NCB_PFM","nearest_asset_distance_m":154,"consequence_weight":2.08,"idw_subsidence_mm":7.9,"risk_score":0.333,"risk_level":"Low"},"geometry":{"type":"Point","coordinates":[86.43202,23.766017]}},{"type":"Feature","properties":{"subsidence_mm":15.3,"tilt_deg":-0.0512,"strain_ue":51.02,"x_offset_m":165,"y_offset_m":195,"source":"NCB_PFM","nearest_asset_distance_m":165,"consequence_weight":2.01,"idw_subsidence_mm":7.9,"risk_score":0.328,"risk_level":"Low"},"geometry":{"type":"Point","coordinates":[86.43202,23.766152]}},{"type":"Feature","properties":{"subsidence_mm":15.3,"tilt_deg":-0.0512,"strain_ue":51.02,"x_offset_m":165,"y_offset_m":210,"source":"NCB_PFM","nearest_asset_distance_m":177,"consequence_weight":1.94,"idw_subsidence_mm":7.9,"risk_score":0.323,"risk_level":"Low"},"geometry":{"type":"Point","coordinates":[86.43202,23.766286]}},{"type":"Feature","properties":{"subsidence_mm":15.3,"tilt_deg":-0.0512,"strain_ue":51.02,"x_offset_m":165,"y_offset_m":225,"source":"NCB_PFM","nearest_asset_distance_m":189,"consequence_weight":1.87,"idw_subsidence_mm":7.9,"risk_score":0.318,"risk_level":"Low"},"geometry":{"type":"Point","coordinates":[86.43202,23.766421]}},{"type":"Feature","properties":{"subsidence_mm":15.3,"tilt_deg":-0.0512,"strain_ue":51.02,"x_offset_m":165,"y_offset_m":240,"source":"NCB_PFM","nearest_asset_distance_m":202,"consequence_weight":1.79,"idw_subsidence_mm":7.9,"risk_score":0.312,"risk_level":"Low"},"geometry":{"type":"Point","coordinates":[86.43202,23.766556]}},{"type":"Feature","properties":{"subsidence_mm":15.3,"tilt_deg":-0.0512,"strain_ue":51.02,"x_offset_m":165,"y_offset_m":255,"source":"NCB_PFM","nearest_asset_distance_m":215,"consequence_weight":1.71,"idw_subsidence_mm":7.9,"risk_score":0.307,"risk_level":"Low"},"geometry":{"type":"Point","coordinates":[86.43202,23.766691]}},{"type":"Feature","properties":{"subsidence_mm":15.3,"tilt_deg":-0.0512,"strain_ue":51.02,"x_offset_m":165,"y_offset_m":270,"source":"NCB_PFM","nearest_asset_distance_m":228,"consequence_weight":1.63,"idw_subsidence_mm":6,"risk_score":0.238,"risk_level":"Low"},"geometry":{"type":"Point","coordinates":[86.43202,23.766825]}},{"type":"Feature","properties":{"subsidence_mm":15.3,"tilt_deg":-0.0512,"strain_ue":51.02,"x_offset_m":165,"y_offset_m":285,"source":"NCB_PFM","nearest_asset_distance_m":241,"consequence_weight":1.55,"idw_subsidence_mm":6,"risk_score":0.232,"risk_level":"Low"},"geometry":{"type":"Point","coordinates":[86.43202,23.76696]}},{"type":"Feature","properties":{"subsidence_mm":15.3,"tilt_deg":-0.0512,"strain_ue":51.02,"x_offset_m":165,"y_offset_m":300,"source":"NCB_PFM","nearest_asset_distance_m":255,"consequence_weight":1.47,"idw_subsidence_mm":6,"risk_score":0.227,"risk_level":"Low"},"geometry":{"type":"Point","coordinates":[86.43202,23.767095]}},{"type":"Feature","properties":{"subsidence_mm":6.91,"tilt_deg":-0.02328,"strain_ue":23.67,"x_offset_m":180,"y_offset_m":-300,"source":"NCB_PFM","nearest_asset_distance_m":167,"consequence_weight":1.33,"idw_subsidence_mm":8.27,"risk_score":0.261,"risk_level":"Low"},"geometry":{"type":"Point","coordinates":[86.432167,23.761705]}},{"type":"Feature","properties":{"subsidence_mm":6.91,"tilt_deg":-0.02328,"strain_ue":23.67,"x_offset_m":180,"y_offset_m":-285,"source":"NCB_PFM","nearest_asset_distance_m":154,"consequence_weight":1.38,"idw_subsidence_mm":8.27,"risk_score":0.265,"risk_level":"Low"},"geometry":{"type":"Point","coordinates":[86.432167,23.76184]}},{"type":"Feature","properties":{"subsidence_mm":6.91,"tilt_deg":-0.02328,"strain_ue":23.67,"x_offset_m":180,"y_offset_m":-270,"source":"NCB_PFM","nearest_asset_distance_m":142,"consequence_weight":1.43,"idw_subsidence_mm":8.27,"risk_score":0.268,"risk_level":"Low"},"geometry":{"type":"Point","coordinates":[86.432167,23.761975]}},{"type":"Feature","properties":{"subsidence_mm":6.91,"tilt_deg":-0.02328,"strain_ue":23.67,"x_offset_m":180,"y_offset_m":-255,"source":"NCB_PFM","nearest_asset_distance_m":130,"consequence_weight":1.48,"idw_subsidence_mm":8.27,"risk_score":0.272,"risk_level":"Low"},"geometry":{"type":"Point","coordinates":[86.432167,23.762109]}},{"type":"Feature","properties":{"subsidence_mm":6.91,"tilt_deg":-0.02328,"strain_ue":23.67,"x_offset_m":180,"y_offset_m":-240,"source":"NCB_PFM","nearest_asset_distance_m":119,"consequence_weight":1.52,"idw_subsidence_mm":8.27,"risk_score":0.274,"risk_level":"Low"},"geometry":{"type":"Point","coordinates":[86.432167,23.762244]}},{"type":"Feature","properties":{"subsidence_mm":6.91,"tilt_deg":-0.02328,"strain_ue":23.67,"x_offset_m":180,"y_offset_m":-225,"source":"NCB_PFM","nearest_asset_distance_m":109,"consequence_weight":1.56,"idw_subsidence_mm":8.27,"risk_score":0.277,"risk_level":"Low"},"geometry":{"type":"Point","coordinates":[86.432167,23.762379]}},{"type":"Feature","properties":{"subsidence_mm":6.91,"tilt_deg":-0.02328,"strain_ue":23.67,"x_offset_m":180,"y_offset_m":-210,"source":"NCB_PFM","nearest_asset_distance_m":101,"consequence_weight":1.6,"idw_subsidence_mm":8.27,"risk_score":0.28,"risk_level":"Low"},"geometry":{"type":"Point","coordinates":[86.432167,23.762514]}},{"type":"Feature","properties":{"subsidence_mm":6.91,"tilt_deg":-0.02328,"strain_ue":23.67,"x_offset_m":180,"y_offset_m":-195,"source":"NCB_PFM","nearest_asset_distance_m":93,"consequence_weight":1.63,"idw_subsidence_mm":8.27,"risk_score":0.282,"risk_level":"Low"},"geometry":{"type":"Point","coordinates":[86.432167,23.762648]}},{"type":"Feature","properties":{"subsidence_mm":6.91,"tilt_deg":-0.02328,"strain_ue":23.67,"x_offset_m":180,"y_offset_m":-180,"source":"NCB_PFM","nearest_asset_distance_m":88,"consequence_weight":1.65,"idw_subsidence_mm":8.27,"risk_score":0.283,"risk_level":"Low"},"geometry":{"type":"Point","coordinates":[86.432167,23.762783]}},{"type":"Feature","properties":{"subsidence_mm":6.91,"tilt_deg":-0.02328,"strain_ue":23.67,"x_offset_m":180,"y_offset_m":-165,"source":"NCB_PFM","nearest_asset_distance_m":85,"consequence_weight":1.66,"idw_subsidence_mm":8.27,"risk_score":0.284,"risk_level":"Low"},"geometry":{"type":"Point","coordinates":[86.432167,23.762918]}},{"type":"Feature","properties":{"subsidence_mm":6.91,"tilt_deg":-0.02328,"strain_ue":23.67,"x_offset_m":180,"y_offset_m":-150,"source":"NCB_PFM","nearest_asset_distance_m":85,"consequence_weight":1.66,"idw_subsidence_mm":8.27,"risk_score":0.284,"risk_level":"Low"},"geometry":{"type":"Point","coordinates":[86.432167,23.763053]}},{"type":"Feature","properties":{"subsidence_mm":6.91,"tilt_deg":-0.02328,"strain_ue":23.67,"x_offset_m":180,"y_offset_m":-135,"source":"NCB_PFM","nearest_asset_distance_m":87,"consequence_weight":1.65,"idw_subsidence_mm":8.27,"risk_score":0.283,"risk_level":"Low"},"geometry":{"type":"Point","coordinates":[86.432167,23.763187]}},{"type":"Feature","properties":{"subsidence_mm":6.91,"tilt_deg":-0.02328,"strain_ue":23.67,"x_offset_m":180,"y_offset_m":-120,"source":"NCB_PFM","nearest_asset_distance_m":92,"consequence_weight":1.63,"idw_subsidence_mm":8.27,"risk_score":0.282,"risk_level":"Low"},"geometry":{"type":"Point","coordinates":[86.432167,23.763322]}},{"type":"Feature","properties":{"subsidence_mm":6.91,"tilt_deg":-0.02328,"strain_ue":23.67,"x_offset_m":180,"y_offset_m":-105,"source":"NCB_PFM","nearest_asset_distance_m":99,"consequence_weight":1.6,"idw_subsidence_mm":8.27,"risk_score":0.28,"risk_level":"Low"},"geometry":{"type":"Point","coordinates":[86.432167,23.763457]}},{"type":"Feature","properties":{"subsidence_mm":6.91,"tilt_deg":-0.02328,"strain_ue":23.67,"x_offset_m":180,"y_offset_m":-90,"source":"NCB_PFM","nearest_asset_distance_m":107,"consequence_weight":1.57,"idw_subsidence_mm":8.27,"risk_score":0.278,"risk_level":"Low"},"geometry":{"type":"Point","coordinates":[86.432167,23.763592]}},{"type":"Feature","properties":{"subsidence_mm":6.91,"tilt_deg":-0.02328,"strain_ue":23.67,"x_offset_m":180,"y_offset_m":-75,"source":"NCB_PFM","nearest_asset_distance_m":117,"consequence_weight":1.53,"idw_subsidence_mm":8.27,"risk_score":0.275,"risk_level":"Low"},"geometry":{"type":"Point","coordinates":[86.432167,23.763726]}},{"type":"Feature","properties":{"subsidence_mm":6.91,"tilt_deg":-0.02328,"strain_ue":23.67,"x_offset_m":180,"y_offset_m":-60,"source":"NCB_PFM","nearest_asset_distance_m":128,"consequence_weight":1.49,"idw_subsidence_mm":8.27,"risk_score":0.272,"risk_level":"Low"},"geometry":{"type":"Point","coordinates":[86.432167,23.763861]}},{"type":"Feature","properties":{"subsidence_mm":6.91,"tilt_deg":-0.02328,"strain_ue":23.67,"x_offset_m":180,"y_offset_m":-45,"source":"NCB_PFM","nearest_asset_distance_m":139,"consequence_weight":1.44,"idw_subsidence_mm":8.27,"risk_score":0.269,"risk_level":"Low"},"geometry":{"type":"Point","coordinates":[86.432167,23.763996]}},{"type":"Feature","properties":{"subsidence_mm":6.91,"tilt_deg":-0.02328,"strain_ue":23.67,"x_offset_m":180,"y_offset_m":-30,"source":"NCB_PFM","nearest_asset_distance_m":152,"consequence_weight":1.39,"idw_subsidence_mm":7.9,"risk_score":0.253,"risk_level":"Low"},"geometry":{"type":"Point","coordinates":[86.432167,23.764131]}},{"type":"Feature","properties":{"subsidence_mm":6.91,"tilt_deg":-0.02328,"strain_ue":23.67,"x_offset_m":180,"y_offset_m":-15,"source":"NCB_PFM","nearest_asset_distance_m":144,"consequence_weight":2.14,"idw_subsidence_mm":7.9,"risk_score":0.305,"risk_level":"Low"},"geometry":{"type":"Point","coordinates":[86.432167,23.764265]}},{"type":"Feature","properties":{"subsidence_mm":6.91,"tilt_deg":-0.02328,"strain_ue":23.67,"x_offset_m":180,"y_offset_m":0,"source":"NCB_PFM","nearest_asset_distance_m":136,"consequence_weight":2.18,"idw_subsidence_mm":7.9,"risk_score":0.308,"risk_level":"Low"},"geometry":{"type":"Point","coordinates":[86.432167,23.7644]}},{"type":"Feature","properties":{"subsidence_mm":6.91,"tilt_deg":-0.02328,"strain_ue":23.67,"x_offset_m":180,"y_offset_m":15,"source":"NCB_PFM","nearest_asset_distance_m":130,"consequence_weight":2.22,"idw_subsidence_mm":7.9,"risk_score":0.311,"risk_level":"Low"},"geometry":{"type":"Point","coordinates":[86.432167,23.764535]}},{"type":"Feature","properties":{"subsidence_mm":6.91,"tilt_deg":-0.02328,"strain_ue":23.67,"x_offset_m":180,"y_offset_m":30,"source":"NCB_PFM","nearest_asset_distance_m":124,"consequence_weight":2.25,"idw_subsidence_mm":7.9,"risk_score":0.313,"risk_level":"Low"},"geometry":{"type":"Point","coordinates":[86.432167,23.764669]}},{"type":"Feature","properties":{"subsidence_mm":6.91,"tilt_deg":-0.02328,"strain_ue":23.67,"x_offset_m":180,"y_offset_m":45,"source":"NCB_PFM","nearest_asset_distance_m":121,"consequence_weight":2.28,"idw_subsidence_mm":7.9,"risk_score":0.315,"risk_level":"Low"},"geometry":{"type":"Point","coordinates":[86.432167,23.764804]}},{"type":"Feature","properties":{"subsidence_mm":6.91,"tilt_deg":-0.02328,"strain_ue":23.67,"x_offset_m":180,"y_offset_m":60,"source":"NCB_PFM","nearest_asset_distance_m":119,"consequence_weight":2.29,"idw_subsidence_mm":7.9,"risk_score":0.316,"risk_level":"Low"},"geometry":{"type":"Point","coordinates":[86.432167,23.764939]}},{"type":"Feature","properties":{"subsidence_mm":6.91,"tilt_deg":-0.02328,"strain_ue":23.67,"x_offset_m":180,"y_offset_m":75,"source":"NCB_PFM","nearest_asset_distance_m":119,"consequence_weight":2.29,"idw_subsidence_mm":7.9,"risk_score":0.316,"risk_level":"Low"},"geometry":{"type":"Point","coordinates":[86.432167,23.765074]}},{"type":"Feature","properties":{"subsidence_mm":6.91,"tilt_deg":-0.02328,"strain_ue":23.67,"x_offset_m":180,"y_offset_m":90,"source":"NCB_PFM","nearest_asset_distance_m":121,"consequence_weight":2.27,"idw_subsidence_mm":7.9,"risk_score":0.315,"risk_level":"Low"},"geometry":{"type":"Point","coordinates":[86.432167,23.765208]}},{"type":"Feature","properties":{"subsidence_mm":6.91,"tilt_deg":-0.02328,"strain_ue":23.67,"x_offset_m":180,"y_offset_m":105,"source":"NCB_PFM","nearest_asset_distance_m":125,"consequence_weight":2.25,"idw_subsidence_mm":7.9,"risk_score":0.313,"risk_level":"Low"},"geometry":{"type":"Point","coordinates":[86.432167,23.765343]}},{"type":"Feature","properties":{"subsidence_mm":6.91,"tilt_deg":-0.02328,"strain_ue":23.67,"x_offset_m":180,"y_offset_m":120,"source":"NCB_PFM","nearest_asset_distance_m":130,"consequence_weight":2.22,"idw_subsidence_mm":7.9,"risk_score":0.311,"risk_level":"Low"},"geometry":{"type":"Point","coordinates":[86.432167,23.765478]}},{"type":"Feature","properties":{"subsidence_mm":6.91,"tilt_deg":-0.02328,"strain_ue":23.67,"x_offset_m":180,"y_offset_m":135,"source":"NCB_PFM","nearest_asset_distance_m":137,"consequence_weight":2.18,"idw_subsidence_mm":7.9,"risk_score":0.308,"risk_level":"Low"},"geometry":{"type":"Point","coordinates":[86.432167,23.765613]}},{"type":"Feature","properties":{"subsidence_mm":6.91,"tilt_deg":-0.02328,"strain_ue":23.67,"x_offset_m":180,"y_offset_m":150,"source":"NCB_PFM","nearest_asset_distance_m":145,"consequence_weight":2.13,"idw_subsidence_mm":7.9,"risk_score":0.305,"risk_level":"Low"},"geometry":{"type":"Point","coordinates":[86.432167,23.765747]}},{"type":"Feature","properties":{"subsidence_mm":6.91,"tilt_deg":-0.02328,"strain_ue":23.67,"x_offset_m":180,"y_offset_m":165,"source":"NCB_PFM","nearest_asset_distance_m":154,"consequence_weight":2.08,"idw_subsidence_mm":7.9,"risk_score":0.301,"risk_level":"Low"},"geometry":{"type":"Point","coordinates":[86.432167,23.765882]}},{"type":"Feature","properties":{"subsidence_mm":6.91,"tilt_deg":-0.02328,"strain_ue":23.67,"x_offset_m":180,"y_offset_m":180,"source":"NCB_PFM","nearest_asset_distance_m":164,"consequence_weight":2.02,"idw_subsidence_mm":7.9,"risk_score":0.297,"risk_level":"Low"},"geometry":{"type":"Point","coordinates":[86.432167,23.766017]}},{"type":"Feature","properties":{"subsidence_mm":6.91,"tilt_deg":-0.02328,"strain_ue":23.67,"x_offset_m":180,"y_offset_m":195,"source":"NCB_PFM","nearest_asset_distance_m":175,"consequence_weight":1.95,"idw_subsidence_mm":7.9,"risk_score":0.292,"risk_level":"Low"},"geometry":{"type":"Point","coordinates":[86.432167,23.766152]}},{"type":"Feature","properties":{"subsidence_mm":6.91,"tilt_deg":-0.02328,"strain_ue":23.67,"x_offset_m":180,"y_offset_m":210,"source":"NCB_PFM","nearest_asset_distance_m":186,"consequence_weight":1.88,"idw_subsidence_mm":7.9,"risk_score":0.287,"risk_level":"Low"},"geometry":{"type":"Point","coordinates":[86.432167,23.766286]}},{"type":"Feature","properties":{"subsidence_mm":6.91,"tilt_deg":-0.02328,"strain_ue":23.67,"x_offset_m":180,"y_offset_m":225,"source":"NCB_PFM","nearest_asset_distance_m":198,"consequence_weight":1.81,"idw_subsidence_mm":7.9,"risk_score":0.282,"risk_level":"Low"},"geometry":{"type":"Point","coordinates":[86.432167,23.766421]}},{"type":"Feature","properties":{"subsidence_mm":6.91,"tilt_deg":-0.02328,"strain_ue":23.67,"x_offset_m":180,"y_offset_m":240,"source":"NCB_PFM","nearest_asset_distance_m":210,"consequence_weight":1.74,"idw_subsidence_mm":7.9,"risk_score":0.277,"risk_level":"Low"},"geometry":{"type":"Point","coordinates":[86.432167,23.766556]}},{"type":"Feature","properties":{"subsidence_mm":6.91,"tilt_deg":-0.02328,"strain_ue":23.67,"x_offset_m":180,"y_offset_m":255,"source":"NCB_PFM","nearest_asset_distance_m":222,"consequence_weight":1.67,"idw_subsidence_mm":7.9,"risk_score":0.272,"risk_level":"Low"},"geometry":{"type":"Point","coordinates":[86.432167,23.766691]}},{"type":"Feature","properties":{"subsidence_mm":6.91,"tilt_deg":-0.02328,"strain_ue":23.67,"x_offset_m":180,"y_offset_m":270,"source":"NCB_PFM","nearest_asset_distance_m":235,"consequence_weight":1.59,"idw_subsidence_mm":6,"risk_score":0.204,"risk_level":"Low"},"geometry":{"type":"Point","coordinates":[86.432167,23.766825]}},{"type":"Feature","properties":{"subsidence_mm":6.91,"tilt_deg":-0.02328,"strain_ue":23.67,"x_offset_m":180,"y_offset_m":285,"source":"NCB_PFM","nearest_asset_distance_m":248,"consequence_weight":1.51,"idw_subsidence_mm":6,"risk_score":0.198,"risk_level":"Low"},"geometry":{"type":"Point","coordinates":[86.432167,23.76696]}},{"type":"Feature","properties":{"subsidence_mm":6.91,"tilt_deg":-0.02328,"strain_ue":23.67,"x_offset_m":180,"y_offset_m":300,"source":"NCB_PFM","nearest_asset_distance_m":261,"consequence_weight":1.43,"idw_subsidence_mm":6,"risk_score":0.193,"risk_level":"Low"},"geometry":{"type":"Point","coordinates":[86.432167,23.767095]}},{"type":"Feature","properties":{"subsidence_mm":3.11,"tilt_deg":-0.01052,"strain_ue":10.79,"x_offset_m":195,"y_offset_m":-300,"source":"NCB_PFM","nearest_asset_distance_m":160,"consequence_weight":1.36,"idw_subsidence_mm":8.27,"risk_score":0.248,"risk_level":"Low"},"geometry":{"type":"Point","coordinates":[86.432314,23.761705]}},{"type":"Feature","properties":{"subsidence_mm":3.11,"tilt_deg":-0.01052,"strain_ue":10.79,"x_offset_m":195,"y_offset_m":-285,"source":"NCB_PFM","nearest_asset_distance_m":147,"consequence_weight":1.41,"idw_subsidence_mm":8.27,"risk_score":0.252,"risk_level":"Low"},"geometry":{"type":"Point","coordinates":[86.432314,23.76184]}},{"type":"Feature","properties":{"subsidence_mm":3.11,"tilt_deg":-0.01052,"strain_ue":10.79,"x_offset_m":195,"y_offset_m":-270,"source":"NCB_PFM","nearest_asset_distance_m":134,"consequence_weight":1.47,"idw_subsidence_mm":8.27,"risk_score":0.256,"risk_level":"Low"},"geometry":{"type":"Point","coordinates":[86.432314,23.761975]}},{"type":"Feature","properties":{"subsidence_mm":3.11,"tilt_deg":-0.01052,"strain_ue":10.79,"x_offset_m":195,"y_offset_m":-255,"source":"NCB_PFM","nearest_asset_distance_m":121,"consequence_weight":1.52,"idw_subsidence_mm":8.27,"risk_score":0.26,"risk_level":"Low"},"geometry":{"type":"Point","coordinates":[86.432314,23.762109]}},{"type":"Feature","properties":{"subsidence_mm":3.11,"tilt_deg":-0.01052,"strain_ue":10.79,"x_offset_m":195,"y_offset_m":-240,"source":"NCB_PFM","nearest_asset_distance_m":109,"consequence_weight":1.56,"idw_subsidence_mm":8.27,"risk_score":0.262,"risk_level":"Low"},"geometry":{"type":"Point","coordinates":[86.432314,23.762244]}},{"type":"Feature","properties":{"subsidence_mm":3.11,"tilt_deg":-0.01052,"strain_ue":10.79,"x_offset_m":195,"y_offset_m":-225,"source":"NCB_PFM","nearest_asset_distance_m":98,"consequence_weight":1.61,"idw_subsidence_mm":8.27,"risk_score":0.266,"risk_level":"Low"},"geometry":{"type":"Point","coordinates":[86.432314,23.762379]}},{"type":"Feature","properties":{"subsidence_mm":3.11,"tilt_deg":-0.01052,"strain_ue":10.79,"x_offset_m":195,"y_offset_m":-210,"source":"NCB_PFM","nearest_asset_distance_m":88,"consequence_weight":1.65,"idw_subsidence_mm":8.27,"risk_score":0.269,"risk_level":"Low"},"geometry":{"type":"Point","coordinates":[86.432314,23.762514]}},{"type":"Feature","properties":{"subsidence_mm":3.11,"tilt_deg":-0.01052,"strain_ue":10.79,"x_offset_m":195,"y_offset_m":-195,"source":"NCB_PFM","nearest_asset_distance_m":80,"consequence_weight":1.68,"idw_subsidence_mm":8.27,"risk_score":0.271,"risk_level":"Low"},"geometry":{"type":"Point","coordinates":[86.432314,23.762648]}},{"type":"Feature","properties":{"subsidence_mm":3.11,"tilt_deg":-0.01052,"strain_ue":10.79,"x_offset_m":195,"y_offset_m":-180,"source":"NCB_PFM","nearest_asset_distance_m":74,"consequence_weight":1.7,"idw_subsidence_mm":8.27,"risk_score":0.272,"risk_level":"Low"},"geometry":{"type":"Point","coordinates":[86.432314,23.762783]}},{"type":"Feature","properties":{"subsidence_mm":3.11,"tilt_deg":-0.01052,"strain_ue":10.79,"x_offset_m":195,"y_offset_m":-165,"source":"NCB_PFM","nearest_asset_distance_m":70,"consequence_weight":1.72,"idw_subsidence_mm":8.27,"risk_score":0.274,"risk_level":"Low"},"geometry":{"type":"Point","coordinates":[86.432314,23.762918]}},{"type":"Feature","properties":{"subsidence_mm":3.11,"tilt_deg":-0.01052,"strain_ue":10.79,"x_offset_m":195,"y_offset_m":-150,"source":"NCB_PFM","nearest_asset_distance_m":70,"consequence_weight":1.72,"idw_subsidence_mm":8.27,"risk_score":0.274,"risk_level":"Low"},"geometry":{"type":"Point","coordinates":[86.432314,23.763053]}},{"type":"Feature","properties":{"subsidence_mm":3.11,"tilt_deg":-0.01052,"strain_ue":10.79,"x_offset_m":195,"y_offset_m":-135,"source":"NCB_PFM","nearest_asset_distance_m":73,"consequence_weight":1.71,"idw_subsidence_mm":8.27,"risk_score":0.273,"risk_level":"Low"},"geometry":{"type":"Point","coordinates":[86.432314,23.763187]}},{"type":"Feature","properties":{"subsidence_mm":3.11,"tilt_deg":-0.01052,"strain_ue":10.79,"x_offset_m":195,"y_offset_m":-120,"source":"NCB_PFM","nearest_asset_distance_m":78,"consequence_weight":1.69,"idw_subsidence_mm":8.27,"risk_score":0.271,"risk_level":"Low"},"geometry":{"type":"Point","coordinates":[86.432314,23.763322]}},{"type":"Feature","properties":{"subsidence_mm":3.11,"tilt_deg":-0.01052,"strain_ue":10.79,"x_offset_m":195,"y_offset_m":-105,"source":"NCB_PFM","nearest_asset_distance_m":86,"consequence_weight":1.65,"idw_subsidence_mm":8.27,"risk_score":0.269,"risk_level":"Low"},"geometry":{"type":"Point","coordinates":[86.432314,23.763457]}},{"type":"Feature","properties":{"subsidence_mm":3.11,"tilt_deg":-0.01052,"strain_ue":10.79,"x_offset_m":195,"y_offset_m":-90,"source":"NCB_PFM","nearest_asset_distance_m":96,"consequence_weight":1.62,"idw_subsidence_mm":8.27,"risk_score":0.267,"risk_level":"Low"},"geometry":{"type":"Point","coordinates":[86.432314,23.763592]}},{"type":"Feature","properties":{"subsidence_mm":3.11,"tilt_deg":-0.01052,"strain_ue":10.79,"x_offset_m":195,"y_offset_m":-75,"source":"NCB_PFM","nearest_asset_distance_m":107,"consequence_weight":1.57,"idw_subsidence_mm":8.27,"risk_score":0.263,"risk_level":"Low"},"geometry":{"type":"Point","coordinates":[86.432314,23.763726]}},{"type":"Feature","properties":{"subsidence_mm":3.11,"tilt_deg":-0.01052,"strain_ue":10.79,"x_offset_m":195,"y_offset_m":-60,"source":"NCB_PFM","nearest_asset_distance_m":118,"consequence_weight":1.53,"idw_subsidence_mm":8.27,"risk_score":0.26,"risk_level":"Low"},"geometry":{"type":"Point","coordinates":[86.432314,23.763861]}},{"type":"Feature","properties":{"subsidence_mm":3.11,"tilt_deg":-0.01052,"strain_ue":10.79,"x_offset_m":195,"y_offset_m":-45,"source":"NCB_PFM","nearest_asset_distance_m":131,"consequence_weight":1.48,"idw_subsidence_mm":8.27,"risk_score":0.257,"risk_level":"Low"},"geometry":{"type":"Point","coordinates":[86.432314,23.763996]}},{"type":"Feature","properties":{"subsidence_mm":3.11,"tilt_deg":-0.01052,"strain_ue":10.79,"x_offset_m":195,"y_offset_m":-30,"source":"NCB_PFM","nearest_asset_distance_m":144,"consequence_weight":1.42,"idw_subsidence_mm":7.9,"risk_score":0.24,"risk_level":"Low"},"geometry":{"type":"Point","coordinates":[86.432314,23.764131]}},{"type":"Feature","properties":{"subsidence_mm":3.11,"tilt_deg":-0.01052,"strain_ue":10.79,"x_offset_m":195,"y_offset_m":-15,"source":"NCB_PFM","nearest_asset_distance_m":157,"consequence_weight":2.06,"idw_subsidence_mm":7.9,"risk_score":0.285,"risk_level":"Low"},"geometry":{"type":"Point","coordinates":[86.432314,23.764265]}},{"type":"Feature","properties":{"subsidence_mm":3.11,"tilt_deg":-0.01052,"strain_ue":10.79,"x_offset_m":195,"y_offset_m":0,"source":"NCB_PFM","nearest_asset_distance_m":149,"consequence_weight":2.1,"idw_subsidence_mm":7.9,"risk_score":0.288,"risk_level":"Low"},"geometry":{"type":"Point","coordinates":[86.432314,23.7644]}},{"type":"Feature","properties":{"subsidence_mm":3.11,"tilt_deg":-0.01052,"strain_ue":10.79,"x_offset_m":195,"y_offset_m":15,"source":"NCB_PFM","nearest_asset_distance_m":143,"consequence_weight":2.14,"idw_subsidence_mm":7.9,"risk_score":0.291,"risk_level":"Low"},"geometry":{"type":"Point","coordinates":[86.432314,23.764535]}},{"type":"Feature","properties":{"subsidence_mm":3.11,"tilt_deg":-0.01052,"strain_ue":10.79,"x_offset_m":195,"y_offset_m":30,"source":"NCB_PFM","nearest_asset_distance_m":139,"consequence_weight":2.17,"idw_subsidence_mm":7.9,"risk_score":0.293,"risk_level":"Low"},"geometry":{"type":"Point","coordinates":[86.432314,23.764669]}},{"type":"Feature","properties":{"subsidence_mm":3.11,"tilt_deg":-0.01052,"strain_ue":10.79,"x_offset_m":195,"y_offset_m":45,"source":"NCB_PFM","nearest_asset_distance_m":135,"consequence_weight":2.19,"idw_subsidence_mm":7.9,"risk_score":0.294,"risk_level":"Low"},"geometry":{"type":"Point","coordinates":[86.432314,23.764804]}},{"type":"Feature","properties":{"subsidence_mm":3.11,"tilt_deg":-0.01052,"strain_ue":10.79,"x_offset_m":195,"y_offset_m":60,"source":"NCB_PFM","nearest_asset_distance_m":134,"consequence_weight":2.2,"idw_subsidence_mm":7.9,"risk_score":0.295,"risk_level":"Low"},"geometry":{"type":"Point","coordinates":[86.432314,23.764939]}},{"type":"Feature","properties":{"subsidence_mm":3.11,"tilt_deg":-0.01052,"strain_ue":10.79,"x_offset_m":195,"y_offset_m":75,"source":"NCB_PFM","nearest_asset_distance_m":134,"consequence_weight":2.2,"idw_subsidence_mm":7.9,"risk_score":0.295,"risk_level":"Low"},"geometry":{"type":"Point","coordinates":[86.432314,23.765074]}},{"type":"Feature","properties":{"subsidence_mm":3.11,"tilt_deg":-0.01052,"strain_ue":10.79,"x_offset_m":195,"y_offset_m":90,"source":"NCB_PFM","nearest_asset_distance_m":136,"consequence_weight":2.19,"idw_subsidence_mm":7.9,"risk_score":0.294,"risk_level":"Low"},"geometry":{"type":"Point","coordinates":[86.432314,23.765208]}},{"type":"Feature","properties":{"subsidence_mm":3.11,"tilt_deg":-0.01052,"strain_ue":10.79,"x_offset_m":195,"y_offset_m":105,"source":"NCB_PFM","nearest_asset_distance_m":139,"consequence_weight":2.17,"idw_subsidence_mm":7.9,"risk_score":0.293,"risk_level":"Low"},"geometry":{"type":"Point","coordinates":[86.432314,23.765343]}},{"type":"Feature","properties":{"subsidence_mm":3.11,"tilt_deg":-0.01052,"strain_ue":10.79,"x_offset_m":195,"y_offset_m":120,"source":"NCB_PFM","nearest_asset_distance_m":144,"consequence_weight":2.14,"idw_subsidence_mm":7.9,"risk_score":0.291,"risk_level":"Low"},"geometry":{"type":"Point","coordinates":[86.432314,23.765478]}},{"type":"Feature","properties":{"subsidence_mm":3.11,"tilt_deg":-0.01052,"strain_ue":10.79,"x_offset_m":195,"y_offset_m":135,"source":"NCB_PFM","nearest_asset_distance_m":150,"consequence_weight":2.1,"idw_subsidence_mm":7.9,"risk_score":0.288,"risk_level":"Low"},"geometry":{"type":"Point","coordinates":[86.432314,23.765613]}},{"type":"Feature","properties":{"subsidence_mm":3.11,"tilt_deg":-0.01052,"strain_ue":10.79,"x_offset_m":195,"y_offset_m":150,"source":"NCB_PFM","nearest_asset_distance_m":157,"consequence_weight":2.06,"idw_subsidence_mm":7.9,"risk_score":0.285,"risk_level":"Low"},"geometry":{"type":"Point","coordinates":[86.432314,23.765747]}},{"type":"Feature","properties":{"subsidence_mm":3.11,"tilt_deg":-0.01052,"strain_ue":10.79,"x_offset_m":195,"y_offset_m":165,"source":"NCB_PFM","nearest_asset_distance_m":166,"consequence_weight":2.01,"idw_subsidence_mm":7.9,"risk_score":0.282,"risk_level":"Low"},"geometry":{"type":"Point","coordinates":[86.432314,23.765882]}},{"type":"Feature","properties":{"subsidence_mm":3.11,"tilt_deg":-0.01052,"strain_ue":10.79,"x_offset_m":195,"y_offset_m":180,"source":"NCB_PFM","nearest_asset_distance_m":175,"consequence_weight":1.95,"idw_subsidence_mm":7.9,"risk_score":0.277,"risk_level":"Low"},"geometry":{"type":"Point","coordinates":[86.432314,23.766017]}},{"type":"Feature","properties":{"subsidence_mm":3.11,"tilt_deg":-0.01052,"strain_ue":10.79,"x_offset_m":195,"y_offset_m":195,"source":"NCB_PFM","nearest_asset_distance_m":185,"consequence_weight":1.89,"idw_subsidence_mm":7.9,"risk_score":0.273,"risk_level":"Low"},"geometry":{"type":"Point","coordinates":[86.432314,23.766152]}},{"type":"Feature","properties":{"subsidence_mm":3.11,"tilt_deg":-0.01052,"strain_ue":10.79,"x_offset_m":195,"y_offset_m":210,"source":"NCB_PFM","nearest_asset_distance_m":196,"consequence_weight":1.83,"idw_subsidence_mm":7.9,"risk_score":0.269,"risk_level":"Low"},"geometry":{"type":"Point","coordinates":[86.432314,23.766286]}},{"type":"Feature","properties":{"subsidence_mm":3.11,"tilt_deg":-0.01052,"strain_ue":10.79,"x_offset_m":195,"y_offset_m":225,"source":"NCB_PFM","nearest_asset_distance_m":207,"consequence_weight":1.76,"idw_subsidence_mm":7.9,"risk_score":0.264,"risk_level":"Low"},"geometry":{"type":"Point","coordinates":[86.432314,23.766421]}},{"type":"Feature","properties":{"subsidence_mm":3.11,"tilt_deg":-0.01052,"strain_ue":10.79,"x_offset_m":195,"y_offset_m":240,"source":"NCB_PFM","nearest_asset_distance_m":219,"consequence_weight":1.69,"idw_subsidence_mm":7.9,"risk_score":0.259,"risk_level":"Low"},"geometry":{"type":"Point","coordinates":[86.432314,23.766556]}},{"type":"Feature","properties":{"subsidence_mm":3.11,"tilt_deg":-0.01052,"strain_ue":10.79,"x_offset_m":195,"y_offset_m":255,"source":"NCB_PFM","nearest_asset_distance_m":231,"consequence_weight":1.62,"idw_subsidence_mm":7.9,"risk_score":0.254,"risk_level":"Low"},"geometry":{"type":"Point","coordinates":[86.432314,23.766691]}},{"type":"Feature","properties":{"subsidence_mm":3.11,"tilt_deg":-0.01052,"strain_ue":10.79,"x_offset_m":195,"y_offset_m":270,"source":"NCB_PFM","nearest_asset_distance_m":243,"consequence_weight":1.54,"idw_subsidence_mm":6,"risk_score":0.185,"risk_level":"Low"},"geometry":{"type":"Point","coordinates":[86.432314,23.766825]}},{"type":"Feature","properties":{"subsidence_mm":3.11,"tilt_deg":-0.01052,"strain_ue":10.79,"x_offset_m":195,"y_offset_m":285,"source":"NCB_PFM","nearest_asset_distance_m":256,"consequence_weight":1.47,"idw_subsidence_mm":6,"risk_score":0.181,"risk_level":"Low"},"geometry":{"type":"Point","coordinates":[86.432314,23.76696]}},{"type":"Feature","properties":{"subsidence_mm":3.11,"tilt_deg":-0.01052,"strain_ue":10.79,"x_offset_m":195,"y_offset_m":300,"source":"NCB_PFM","nearest_asset_distance_m":269,"consequence_weight":1.39,"idw_subsidence_mm":6,"risk_score":0.175,"risk_level":"Low"},"geometry":{"type":"Point","coordinates":[86.432314,23.767095]}},{"type":"Feature","properties":{"subsidence_mm":1.4,"tilt_deg":-0.00474,"strain_ue":4.88,"x_offset_m":210,"y_offset_m":-300,"source":"NCB_PFM","nearest_asset_distance_m":154,"consequence_weight":1.38,"idw_subsidence_mm":8.27,"risk_score":0.243,"risk_level":"Low"},"geometry":{"type":"Point","coordinates":[86.432461,23.761705]}},{"type":"Feature","properties":{"subsidence_mm":1.4,"tilt_deg":-0.00474,"strain_ue":4.88,"x_offset_m":210,"y_offset_m":-285,"source":"NCB_PFM","nearest_asset_distance_m":140,"consequence_weight":1.44,"idw_subsidence_mm":8.27,"risk_score":0.247,"risk_level":"Low"},"geometry":{"type":"Point","coordinates":[86.432461,23.76184]}},{"type":"Feature","properties":{"subsidence_mm":1.4,"tilt_deg":-0.00474,"strain_ue":4.88,"x_offset_m":210,"y_offset_m":-270,"source":"NCB_PFM","nearest_asset_distance_m":126,"consequence_weight":1.49,"idw_subsidence_mm":8.27,"risk_score":0.251,"risk_level":"Low"},"geometry":{"type":"Point","coordinates":[86.432461,23.761975]}},{"type":"Feature","properties":{"subsidence_mm":1.4,"tilt_deg":-0.00474,"strain_ue":4.88,"x_offset_m":210,"y_offset_m":-255,"source":"NCB_PFM","nearest_asset_distance_m":113,"consequence_weight":1.55,"idw_subsidence_mm":8.27,"risk_score":0.255,"risk_level":"Low"},"geometry":{"type":"Point","coordinates":[86.432461,23.762109]}},{"type":"Feature","properties":{"subsidence_mm":1.4,"tilt_deg":-0.00474,"strain_ue":4.88,"x_offset_m":210,"y_offset_m":-240,"source":"NCB_PFM","nearest_asset_distance_m":100,"consequence_weight":1.6,"idw_subsidence_mm":8.27,"risk_score":0.258,"risk_level":"Low"},"geometry":{"type":"Point","coordinates":[86.432461,23.762244]}},{"type":"Feature","properties":{"subsidence_mm":1.4,"tilt_deg":-0.00474,"strain_ue":4.88,"x_offset_m":210,"y_offset_m":-225,"source":"NCB_PFM","nearest_asset_distance_m":88,"consequence_weight":1.65,"idw_subsidence_mm":8.27,"risk_score":0.262,"risk_level":"Low"},"geometry":{"type":"Point","coordinates":[86.432461,23.762379]}},{"type":"Feature","properties":{"subsidence_mm":1.4,"tilt_deg":-0.00474,"strain_ue":4.88,"x_offset_m":210,"y_offset_m":-210,"source":"NCB_PFM","nearest_asset_distance_m":77,"consequence_weight":1.69,"idw_subsidence_mm":8.27,"risk_score":0.265,"risk_level":"Low"},"geometry":{"type":"Point","coordinates":[86.432461,23.762514]}},{"type":"Feature","properties":{"subsidence_mm":1.4,"tilt_deg":-0.00474,"strain_ue":4.88,"x_offset_m":210,"y_offset_m":-195,"source":"NCB_PFM","nearest_asset_distance_m":67,"consequence_weight":1.73,"idw_subsidence_mm":8.27,"risk_score":0.267,"risk_level":"Low"},"geometry":{"type":"Point","coordinates":[86.432461,23.762648]}},{"type":"Feature","properties":{"subsidence_mm":1.4,"tilt_deg":-0.00474,"strain_ue":4.88,"x_offset_m":210,"y_offset_m":-180,"source":"NCB_PFM","nearest_asset_distance_m":60,"consequence_weight":1.76,"idw_subsidence_mm":8.27,"risk_score":0.27,"risk_level":"Low"},"geometry":{"type":"Point","coordinates":[86.432461,23.762783]}},{"type":"Feature","properties":{"subsidence_mm":1.4,"tilt_deg":-0.00474,"strain_ue":4.88,"x_offset_m":210,"y_offset_m":-165,"source":"NCB_PFM","nearest_asset_distance_m":56,"consequence_weight":1.78,"idw_subsidence_mm":8.27,"risk_score":0.271,"risk_level":"Low"},"geometry":{"type":"Point","coordinates":[86.432461,23.762918]}},{"type":"Feature","properties":{"subsidence_mm":1.4,"tilt_deg":-0.00474,"strain_ue":4.88,"x_offset_m":210,"y_offset_m":-150,"source":"NCB_PFM","nearest_asset_distance_m":55,"consequence_weight":1.78,"idw_subsidence_mm":8.27,"risk_score":0.271,"risk_level":"Low"},"geometry":{"type":"Point","coordinates":[86.432461,23.763053]}},{"type":"Feature","properties":{"subsidence_mm":1.4,"tilt_deg":-0.00474,"strain_ue":4.88,"x_offset_m":210,"y_offset_m":-135,"source":"NCB_PFM","nearest_asset_distance_m":59,"consequence_weight":1.77,"idw_subsidence_mm":8.27,"risk_score":0.27,"risk_level":"Low"},"geometry":{"type":"Point","coordinates":[86.432461,23.763187]}},{"type":"Feature","properties":{"subsidence_mm":1.4,"tilt_deg":-0.00474,"strain_ue":4.88,"x_offset_m":210,"y_offset_m":-120,"source":"NCB_PFM","nearest_asset_distance_m":66,"consequence_weight":1.74,"idw_subsidence_mm":8.27,"risk_score":0.268,"risk_level":"Low"},"geometry":{"type":"Point","coordinates":[86.432461,23.763322]}},{"type":"Feature","properties":{"subsidence_mm":1.4,"tilt_deg":-0.00474,"strain_ue":4.88,"x_offset_m":210,"y_offset_m":-105,"source":"NCB_PFM","nearest_asset_distance_m":75,"consequence_weight":1.7,"idw_subsidence_mm":8.27,"risk_score":0.265,"risk_level":"Low"},"geometry":{"type":"Point","coordinates":[86.432461,23.763457]}},{"type":"Feature","properties":{"subsidence_mm":1.4,"tilt_deg":-0.00474,"strain_ue":4.88,"x_offset_m":210,"y_offset_m":-90,"source":"NCB_PFM","nearest_asset_distance_m":86,"consequence_weight":1.66,"idw_subsidence_mm":8.27,"risk_score":0.263,"risk_level":"Low"},"geometry":{"type":"Point","coordinates":[86.432461,23.763592]}},{"type":"Feature","properties":{"subsidence_mm":1.4,"tilt_deg":-0.00474,"strain_ue":4.88,"x_offset_m":210,"y_offset_m":-75,"source":"NCB_PFM","nearest_asset_distance_m":98,"consequence_weight":1.61,"idw_subsidence_mm":8.27,"risk_score":0.259,"risk_level":"Low"},"geometry":{"type":"Point","coordinates":[86.432461,23.763726]}},{"type":"Feature","properties":{"subsidence_mm":1.4,"tilt_deg":-0.00474,"strain_ue":4.88,"x_offset_m":210,"y_offset_m":-60,"source":"NCB_PFM","nearest_asset_distance_m":110,"consequence_weight":1.56,"idw_subsidence_mm":8.27,"risk_score":0.256,"risk_level":"Low"},"geometry":{"type":"Point","coordinates":[86.432461,23.763861]}},{"type":"Feature","properties":{"subsidence_mm":1.4,"tilt_deg":-0.00474,"strain_ue":4.88,"x_offset_m":210,"y_offset_m":-45,"source":"NCB_PFM","nearest_asset_distance_m":124,"consequence_weight":1.51,"idw_subsidence_mm":8.27,"risk_score":0.252,"risk_level":"Low"},"geometry":{"type":"Point","coordinates":[86.432461,23.763996]}},{"type":"Feature","properties":{"subsidence_mm":1.4,"tilt_deg":-0.00474,"strain_ue":4.88,"x_offset_m":210,"y_offset_m":-30,"source":"NCB_PFM","nearest_asset_distance_m":137,"consequence_weight":1.45,"idw_subsidence_mm":7.9,"risk_score":0.235,"risk_level":"Low"},"geometry":{"type":"Point","coordinates":[86.432461,23.764131]}},{"type":"Feature","properties":{"subsidence_mm":1.4,"tilt_deg":-0.00474,"strain_ue":4.88,"x_offset_m":210,"y_offset_m":-15,"source":"NCB_PFM","nearest_asset_distance_m":151,"consequence_weight":1.4,"idw_subsidence_mm":7.9,"risk_score":0.232,"risk_level":"Low"},"geometry":{"type":"Point","coordinates":[86.432461,23.764265]}},{"type":"Feature","properties":{"subsidence_mm":1.4,"tilt_deg":-0.00474,"strain_ue":4.88,"x_offset_m":210,"y_offset_m":0,"source":"NCB_PFM","nearest_asset_distance_m":163,"consequence_weight":2.02,"idw_subsidence_mm":7.9,"risk_score":0.275,"risk_level":"Low"},"geometry":{"type":"Point","coordinates":[86.432461,23.7644]}},{"type":"Feature","properties":{"subsidence_mm":1.4,"tilt_deg":-0.00474,"strain_ue":4.88,"x_offset_m":210,"y_offset_m":15,"source":"NCB_PFM","nearest_asset_distance_m":157,"consequence_weight":2.06,"idw_subsidence_mm":7.9,"risk_score":0.278,"risk_level":"Low"},"geometry":{"type":"Point","coordinates":[86.432461,23.764535]}},{"type":"Feature","properties":{"subsidence_mm":1.4,"tilt_deg":-0.00474,"strain_ue":4.88,"x_offset_m":210,"y_offset_m":30,"source":"NCB_PFM","nearest_asset_distance_m":153,"consequence_weight":2.08,"idw_subsidence_mm":7.9,"risk_score":0.28,"risk_level":"Low"},"geometry":{"type":"Point","coordinates":[86.432461,23.764669]}},{"type":"Feature","properties":{"subsidence_mm":1.4,"tilt_deg":-0.00474,"strain_ue":4.88,"x_offset_m":210,"y_offset_m":45,"source":"NCB_PFM","nearest_asset_distance_m":150,"consequence_weight":2.1,"idw_subsidence_mm":7.9,"risk_score":0.281,"risk_level":"Low"},"geometry":{"type":"Point","coordinates":[86.432461,23.764804]}},{"type":"Feature","properties":{"subsidence_mm":1.4,"tilt_deg":-0.00474,"strain_ue":4.88,"x_offset_m":210,"y_offset_m":60,"source":"NCB_PFM","nearest_asset_distance_m":149,"consequence_weight":2.11,"idw_subsidence_mm":7.9,"risk_score":0.282,"risk_level":"Low"},"geometry":{"type":"Point","coordinates":[86.432461,23.764939]}},{"type":"Feature","properties":{"subsidence_mm":1.4,"tilt_deg":-0.00474,"strain_ue":4.88,"x_offset_m":210,"y_offset_m":75,"source":"NCB_PFM","nearest_asset_distance_m":149,"consequence_weight":2.11,"idw_subsidence_mm":7.9,"risk_score":0.282,"risk_level":"Low"},"geometry":{"type":"Point","coordinates":[86.432461,23.765074]}},{"type":"Feature","properties":{"subsidence_mm":1.4,"tilt_deg":-0.00474,"strain_ue":4.88,"x_offset_m":210,"y_offset_m":90,"source":"NCB_PFM","nearest_asset_distance_m":150,"consequence_weight":2.1,"idw_subsidence_mm":7.9,"risk_score":0.281,"risk_level":"Low"},"geometry":{"type":"Point","coordinates":[86.432461,23.765208]}},{"type":"Feature","properties":{"subsidence_mm":1.4,"tilt_deg":-0.00474,"strain_ue":4.88,"x_offset_m":210,"y_offset_m":105,"source":"NCB_PFM","nearest_asset_distance_m":153,"consequence_weight":2.08,"idw_subsidence_mm":7.9,"risk_score":0.28,"risk_level":"Low"},"geometry":{"type":"Point","coordinates":[86.432461,23.765343]}},{"type":"Feature","properties":{"subsidence_mm":1.4,"tilt_deg":-0.00474,"strain_ue":4.88,"x_offset_m":210,"y_offset_m":120,"source":"NCB_PFM","nearest_asset_distance_m":158,"consequence_weight":2.05,"idw_subsidence_mm":7.9,"risk_score":0.278,"risk_level":"Low"},"geometry":{"type":"Point","coordinates":[86.432461,23.765478]}},{"type":"Feature","properties":{"subsidence_mm":1.4,"tilt_deg":-0.00474,"strain_ue":4.88,"x_offset_m":210,"y_offset_m":135,"source":"NCB_PFM","nearest_asset_distance_m":164,"consequence_weight":2.02,"idw_subsidence_mm":7.9,"risk_score":0.275,"risk_level":"Low"},"geometry":{"type":"Point","coordinates":[86.432461,23.765613]}},{"type":"Feature","properties":{"subsidence_mm":1.4,"tilt_deg":-0.00474,"strain_ue":4.88,"x_offset_m":210,"y_offset_m":150,"source":"NCB_PFM","nearest_asset_distance_m":170,"consequence_weight":1.98,"idw_subsidence_mm":7.9,"risk_score":0.273,"risk_level":"Low"},"geometry":{"type":"Point","coordinates":[86.432461,23.765747]}},{"type":"Feature","properties":{"subsidence_mm":1.4,"tilt_deg":-0.00474,"strain_ue":4.88,"x_offset_m":210,"y_offset_m":165,"source":"NCB_PFM","nearest_asset_distance_m":178,"consequence_weight":1.93,"idw_subsidence_mm":7.9,"risk_score":0.269,"risk_level":"Low"},"geometry":{"type":"Point","coordinates":[86.432461,23.765882]}},{"type":"Feature","properties":{"subsidence_mm":1.4,"tilt_deg":-0.00474,"strain_ue":4.88,"x_offset_m":210,"y_offset_m":180,"source":"NCB_PFM","nearest_asset_distance_m":187,"consequence_weight":1.88,"idw_subsidence_mm":7.9,"risk_score":0.266,"risk_level":"Low"},"geometry":{"type":"Point","coordinates":[86.432461,23.766017]}},{"type":"Feature","properties":{"subsidence_mm":1.4,"tilt_deg":-0.00474,"strain_ue":4.88,"x_offset_m":210,"y_offset_m":195,"source":"NCB_PFM","nearest_asset_distance_m":196,"consequence_weight":1.82,"idw_subsidence_mm":7.9,"risk_score":0.261,"risk_level":"Low"},"geometry":{"type":"Point","coordinates":[86.432461,23.766152]}},{"type":"Feature","properties":{"subsidence_mm":1.4,"tilt_deg":-0.00474,"strain_ue":4.88,"x_offset_m":210,"y_offset_m":210,"source":"NCB_PFM","nearest_asset_distance_m":206,"consequence_weight":1.76,"idw_subsidence_mm":7.9,"risk_score":0.257,"risk_level":"Low"},"geometry":{"type":"Point","coordinates":[86.432461,23.766286]}},{"type":"Feature","properties":{"subsidence_mm":1.4,"tilt_deg":-0.00474,"strain_ue":4.88,"x_offset_m":210,"y_offset_m":225,"source":"NCB_PFM","nearest_asset_distance_m":217,"consequence_weight":1.7,"idw_subsidence_mm":7.9,"risk_score":0.253,"risk_level":"Low"},"geometry":{"type":"Point","coordinates":[86.432461,23.766421]}},{"type":"Feature","properties":{"subsidence_mm":1.4,"tilt_deg":-0.00474,"strain_ue":4.88,"x_offset_m":210,"y_offset_m":240,"source":"NCB_PFM","nearest_asset_distance_m":228,"consequence_weight":1.63,"idw_subsidence_mm":7.9,"risk_score":0.248,"risk_level":"Low"},"geometry":{"type":"Point","coordinates":[86.432461,23.766556]}},{"type":"Feature","properties":{"subsidence_mm":1.4,"tilt_deg":-0.00474,"strain_ue":4.88,"x_offset_m":210,"y_offset_m":255,"source":"NCB_PFM","nearest_asset_distance_m":240,"consequence_weight":1.56,"idw_subsidence_mm":7.9,"risk_score":0.243,"risk_level":"Low"},"geometry":{"type":"Point","coordinates":[86.432461,23.766691]}},{"type":"Feature","properties":{"subsidence_mm":1.4,"tilt_deg":-0.00474,"strain_ue":4.88,"x_offset_m":210,"y_offset_m":270,"source":"NCB_PFM","nearest_asset_distance_m":252,"consequence_weight":1.49,"idw_subsidence_mm":6,"risk_score":0.175,"risk_level":"Low"},"geometry":{"type":"Point","coordinates":[86.432461,23.766825]}},{"type":"Feature","properties":{"subsidence_mm":1.4,"tilt_deg":-0.00474,"strain_ue":4.88,"x_offset_m":210,"y_offset_m":285,"source":"NCB_PFM","nearest_asset_distance_m":264,"consequence_weight":1.42,"idw_subsidence_mm":6,"risk_score":0.17,"risk_level":"Low"},"geometry":{"type":"Point","coordinates":[86.432461,23.76696]}},{"type":"Feature","properties":{"subsidence_mm":1.4,"tilt_deg":-0.00474,"strain_ue":4.88,"x_offset_m":210,"y_offset_m":300,"source":"NCB_PFM","nearest_asset_distance_m":276,"consequence_weight":1.34,"idw_subsidence_mm":6,"risk_score":0.165,"risk_level":"Low"},"geometry":{"type":"Point","coordinates":[86.432461,23.767095]}},{"type":"Feature","properties":{"subsidence_mm":0.63,"tilt_deg":-0.00213,"strain_ue":2.2,"x_offset_m":225,"y_offset_m":-300,"source":"NCB_PFM","nearest_asset_distance_m":149,"consequence_weight":1.4,"idw_subsidence_mm":8.27,"risk_score":0.241,"risk_level":"Low"},"geometry":{"type":"Point","coordinates":[86.432608,23.761705]}},{"type":"Feature","properties":{"subsidence_mm":0.63,"tilt_deg":-0.00213,"strain_ue":2.2,"x_offset_m":225,"y_offset_m":-285,"source":"NCB_PFM","nearest_asset_distance_m":135,"consequence_weight":1.46,"idw_subsidence_mm":8.27,"risk_score":0.245,"risk_level":"Low"},"geometry":{"type":"Point","coordinates":[86.432608,23.76184]}},{"type":"Feature","properties":{"subsidence_mm":0.63,"tilt_deg":-0.00213,"strain_ue":2.2,"x_offset_m":225,"y_offset_m":-270,"source":"NCB_PFM","nearest_asset_distance_m":121,"consequence_weight":1.52,"idw_subsidence_mm":8.27,"risk_score":0.25,"risk_level":"Low"},"geometry":{"type":"Point","coordinates":[86.432608,23.761975]}},{"type":"Feature","properties":{"subsidence_mm":0.63,"tilt_deg":-0.00213,"strain_ue":2.2,"x_offset_m":225,"y_offset_m":-255,"source":"NCB_PFM","nearest_asset_distance_m":107,"consequence_weight":1.57,"idw_subsidence_mm":8.27,"risk_score":0.253,"risk_level":"Low"},"geometry":{"type":"Point","coordinates":[86.432608,23.762109]}},{"type":"Feature","properties":{"subsidence_mm":0.63,"tilt_deg":-0.00213,"strain_ue":2.2,"x_offset_m":225,"y_offset_m":-240,"source":"NCB_PFM","nearest_asset_distance_m":93,"consequence_weight":1.63,"idw_subsidence_mm":8.27,"risk_score":0.257,"risk_level":"Low"},"geometry":{"type":"Point","coordinates":[86.432608,23.762244]}},{"type":"Feature","properties":{"subsidence_mm":0.63,"tilt_deg":-0.00213,"strain_ue":2.2,"x_offset_m":225,"y_offset_m":-225,"source":"NCB_PFM","nearest_asset_distance_m":80,"consequence_weight":1.68,"idw_subsidence_mm":8.27,"risk_score":0.261,"risk_level":"Low"},"geometry":{"type":"Point","coordinates":[86.432608,23.762379]}},{"type":"Feature","properties":{"subsidence_mm":0.63,"tilt_deg":-0.00213,"strain_ue":2.2,"x_offset_m":225,"y_offset_m":-210,"source":"NCB_PFM","nearest_asset_distance_m":67,"consequence_weight":1.73,"idw_subsidence_mm":8.27,"risk_score":0.264,"risk_level":"Low"},"geometry":{"type":"Point","coordinates":[86.432608,23.762514]}},{"type":"Feature","properties":{"subsidence_mm":0.63,"tilt_deg":-0.00213,"strain_ue":2.2,"x_offset_m":225,"y_offset_m":-195,"source":"NCB_PFM","nearest_asset_distance_m":56,"consequence_weight":1.78,"idw_subsidence_mm":8.27,"risk_score":0.268,"risk_level":"Low"},"geometry":{"type":"Point","coordinates":[86.432608,23.762648]}},{"type":"Feature","properties":{"subsidence_mm":0.63,"tilt_deg":-0.00213,"strain_ue":2.2,"x_offset_m":225,"y_offset_m":-180,"source":"NCB_PFM","nearest_asset_distance_m":47,"consequence_weight":1.81,"idw_subsidence_mm":8.27,"risk_score":0.27,"risk_level":"Low"},"geometry":{"type":"Point","coordinates":[86.432608,23.762783]}},{"type":"Feature","properties":{"subsidence_mm":0.63,"tilt_deg":-0.00213,"strain_ue":2.2,"x_offset_m":225,"y_offset_m":-165,"source":"NCB_PFM","nearest_asset_distance_m":41,"consequence_weight":1.84,"idw_subsidence_mm":8.27,"risk_score":0.272,"risk_level":"Low"},"geometry":{"type":"Point","coordinates":[86.432608,23.762918]}},{"type":"Feature","properties":{"subsidence_mm":0.63,"tilt_deg":-0.00213,"strain_ue":2.2,"x_offset_m":225,"y_offset_m":-150,"source":"NCB_PFM","nearest_asset_distance_m":40,"consequence_weight":1.84,"idw_subsidence_mm":8.27,"risk_score":0.272,"risk_level":"Low"},"geometry":{"type":"Point","coordinates":[86.432608,23.763053]}},{"type":"Feature","properties":{"subsidence_mm":0.63,"tilt_deg":-0.00213,"strain_ue":2.2,"x_offset_m":225,"y_offset_m":-135,"source":"NCB_PFM","nearest_asset_distance_m":45,"consequence_weight":1.82,"idw_subsidence_mm":8.27,"risk_score":0.271,"risk_level":"Low"},"geometry":{"type":"Point","coordinates":[86.432608,23.763187]}},{"type":"Feature","properties":{"subsidence_mm":0.63,"tilt_deg":-0.00213,"strain_ue":2.2,"x_offset_m":225,"y_offset_m":-120,"source":"NCB_PFM","nearest_asset_distance_m":54,"consequence_weight":1.79,"idw_subsidence_mm":8.27,"risk_score":0.269,"risk_level":"Low"},"geometry":{"type":"Point","coordinates":[86.432608,23.763322]}},{"type":"Feature","properties":{"subsidence_mm":0.63,"tilt_deg":-0.00213,"strain_ue":2.2,"x_offset_m":225,"y_offset_m":-105,"source":"NCB_PFM","nearest_asset_distance_m":65,"consequence_weight":1.74,"idw_subsidence_mm":8.27,"risk_score":0.265,"risk_level":"Low"},"geometry":{"type":"Point","coordinates":[86.432608,23.763457]}},{"type":"Feature","properties":{"subsidence_mm":0.63,"tilt_deg":-0.00213,"strain_ue":2.2,"x_offset_m":225,"y_offset_m":-90,"source":"NCB_PFM","nearest_asset_distance_m":77,"consequence_weight":1.69,"idw_subsidence_mm":8.27,"risk_score":0.262,"risk_level":"Low"},"geometry":{"type":"Point","coordinates":[86.432608,23.763592]}},{"type":"Feature","properties":{"subsidence_mm":0.63,"tilt_deg":-0.00213,"strain_ue":2.2,"x_offset_m":225,"y_offset_m":-75,"source":"NCB_PFM","nearest_asset_distance_m":90,"consequence_weight":1.64,"idw_subsidence_mm":8.27,"risk_score":0.258,"risk_level":"Low"},"geometry":{"type":"Point","coordinates":[86.432608,23.763726]}},{"type":"Feature","properties":{"subsidence_mm":0.63,"tilt_deg":-0.00213,"strain_ue":2.2,"x_offset_m":225,"y_offset_m":-60,"source":"NCB_PFM","nearest_asset_distance_m":104,"consequence_weight":1.59,"idw_subsidence_mm":8.27,"risk_score":0.255,"risk_level":"Low"},"geometry":{"type":"Point","coordinates":[86.432608,23.763861]}},{"type":"Feature","properties":{"subsidence_mm":0.63,"tilt_deg":-0.00213,"strain_ue":2.2,"x_offset_m":225,"y_offset_m":-45,"source":"NCB_PFM","nearest_asset_distance_m":118,"consequence_weight":1.53,"idw_subsidence_mm":8.27,"risk_score":0.25,"risk_level":"Low"},"geometry":{"type":"Point","coordinates":[86.432608,23.763996]}},{"type":"Feature","properties":{"subsidence_mm":0.63,"tilt_deg":-0.00213,"strain_ue":2.2,"x_offset_m":225,"y_offset_m":-30,"source":"NCB_PFM","nearest_asset_distance_m":132,"consequence_weight":1.47,"idw_subsidence_mm":7.9,"risk_score":0.234,"risk_level":"Low"},"geometry":{"type":"Point","coordinates":[86.432608,23.764131]}},{"type":"Feature","properties":{"subsidence_mm":0.63,"tilt_deg":-0.00213,"strain_ue":2.2,"x_offset_m":225,"y_offset_m":-15,"source":"NCB_PFM","nearest_asset_distance_m":146,"consequence_weight":1.42,"idw_subsidence_mm":7.9,"risk_score":0.23,"risk_level":"Low"},"geometry":{"type":"Point","coordinates":[86.432608,23.764265]}},{"type":"Feature","properties":{"subsidence_mm":0.63,"tilt_deg":-0.00213,"strain_ue":2.2,"x_offset_m":225,"y_offset_m":0,"source":"NCB_PFM","nearest_asset_distance_m":161,"consequence_weight":1.36,"idw_subsidence_mm":7.9,"risk_score":0.226,"risk_level":"Low"},"geometry":{"type":"Point","coordinates":[86.432608,23.7644]}},{"type":"Feature","properties":{"subsidence_mm":0.63,"tilt_deg":-0.00213,"strain_ue":2.2,"x_offset_m":225,"y_offset_m":15,"source":"NCB_PFM","nearest_asset_distance_m":172,"consequence_weight":1.97,"idw_subsidence_mm":7.9,"risk_score":0.269,"risk_level":"Low"},"geometry":{"type":"Point","coordinates":[86.432608,23.764535]}},{"type":"Feature","properties":{"subsidence_mm":0.63,"tilt_deg":-0.00213,"strain_ue":2.2,"x_offset_m":225,"y_offset_m":30,"source":"NCB_PFM","nearest_asset_distance_m":168,"consequence_weight":1.99,"idw_subsidence_mm":7.9,"risk_score":0.27,"risk_level":"Low"},"geometry":{"type":"Point","coordinates":[86.432608,23.764669]}},{"type":"Feature","properties":{"subsidence_mm":0.63,"tilt_deg":-0.00213,"strain_ue":2.2,"x_offset_m":225,"y_offset_m":45,"source":"NCB_PFM","nearest_asset_distance_m":165,"consequence_weight":2.01,"idw_subsidence_mm":7.9,"risk_score":0.272,"risk_level":"Low"},"geometry":{"type":"Point","coordinates":[86.432608,23.764804]}},{"type":"Feature","properties":{"subsidence_mm":0.63,"tilt_deg":-0.00213,"strain_ue":2.2,"x_offset_m":225,"y_offset_m":60,"source":"NCB_PFM","nearest_asset_distance_m":164,"consequence_weight":2.02,"idw_subsidence_mm":7.9,"risk_score":0.272,"risk_level":"Low"},"geometry":{"type":"Point","coordinates":[86.432608,23.764939]}},{"type":"Feature","properties":{"subsidence_mm":0.63,"tilt_deg":-0.00213,"strain_ue":2.2,"x_offset_m":225,"y_offset_m":75,"source":"NCB_PFM","nearest_asset_distance_m":164,"consequence_weight":2.02,"idw_subsidence_mm":7.9,"risk_score":0.272,"risk_level":"Low"},"geometry":{"type":"Point","coordinates":[86.432608,23.765074]}},{"type":"Feature","properties":{"subsidence_mm":0.63,"tilt_deg":-0.00213,"strain_ue":2.2,"x_offset_m":225,"y_offset_m":90,"source":"NCB_PFM","nearest_asset_distance_m":165,"consequence_weight":2.01,"idw_subsidence_mm":7.9,"risk_score":0.272,"risk_level":"Low"},"geometry":{"type":"Point","coordinates":[86.432608,23.765208]}},{"type":"Feature","properties":{"subsidence_mm":0.63,"tilt_deg":-0.00213,"strain_ue":2.2,"x_offset_m":225,"y_offset_m":105,"source":"NCB_PFM","nearest_asset_distance_m":168,"consequence_weight":1.99,"idw_subsidence_mm":7.9,"risk_score":0.27,"risk_level":"Low"},"geometry":{"type":"Point","coordinates":[86.432608,23.765343]}},{"type":"Feature","properties":{"subsidence_mm":0.63,"tilt_deg":-0.00213,"strain_ue":2.2,"x_offset_m":225,"y_offset_m":120,"source":"NCB_PFM","nearest_asset_distance_m":172,"consequence_weight":1.97,"idw_subsidence_mm":7.9,"risk_score":0.269,"risk_level":"Low"},"geometry":{"type":"Point","coordinates":[86.432608,23.765478]}},{"type":"Feature","properties":{"subsidence_mm":0.63,"tilt_deg":-0.00213,"strain_ue":2.2,"x_offset_m":225,"y_offset_m":135,"source":"NCB_PFM","nearest_asset_distance_m":177,"consequence_weight":1.94,"idw_subsidence_mm":7.9,"risk_score":0.267,"risk_level":"Low"},"geometry":{"type":"Point","coordinates":[86.432608,23.765613]}},{"type":"Feature","properties":{"subsidence_mm":0.63,"tilt_deg":-0.00213,"strain_ue":2.2,"x_offset_m":225,"y_offset_m":150,"source":"NCB_PFM","nearest_asset_distance_m":184,"consequence_weight":1.9,"idw_subsidence_mm":7.9,"risk_score":0.264,"risk_level":"Low"},"geometry":{"type":"Point","coordinates":[86.432608,23.765747]}},{"type":"Feature","properties":{"subsidence_mm":0.63,"tilt_deg":-0.00213,"strain_ue":2.2,"x_offset_m":225,"y_offset_m":165,"source":"NCB_PFM","nearest_asset_distance_m":191,"consequence_weight":1.86,"idw_subsidence_mm":7.9,"risk_score":0.261,"risk_level":"Low"},"geometry":{"type":"Point","coordinates":[86.432608,23.765882]}},{"type":"Feature","properties":{"subsidence_mm":0.63,"tilt_deg":-0.00213,"strain_ue":2.2,"x_offset_m":225,"y_offset_m":180,"source":"NCB_PFM","nearest_asset_distance_m":199,"consequence_weight":1.81,"idw_subsidence_mm":7.9,"risk_score":0.258,"risk_level":"Low"},"geometry":{"type":"Point","coordinates":[86.432608,23.766017]}},{"type":"Feature","properties":{"subsidence_mm":0.63,"tilt_deg":-0.00213,"strain_ue":2.2,"x_offset_m":225,"y_offset_m":195,"source":"NCB_PFM","nearest_asset_distance_m":208,"consequence_weight":1.75,"idw_subsidence_mm":7.9,"risk_score":0.253,"risk_level":"Low"},"geometry":{"type":"Point","coordinates":[86.432608,23.766152]}},{"type":"Feature","properties":{"subsidence_mm":0.63,"tilt_deg":-0.00213,"strain_ue":2.2,"x_offset_m":225,"y_offset_m":210,"source":"NCB_PFM","nearest_asset_distance_m":217,"consequence_weight":1.7,"idw_subsidence_mm":7.9,"risk_score":0.25,"risk_level":"Low"},"geometry":{"type":"Point","coordinates":[86.432608,23.766286]}},{"type":"Feature","properties":{"subsidence_mm":0.63,"tilt_deg":-0.00213,"strain_ue":2.2,"x_offset_m":225,"y_offset_m":225,"source":"NCB_PFM","nearest_asset_distance_m":227,"consequence_weight":1.64,"idw_subsidence_mm":7.9,"risk_score":0.246,"risk_level":"Low"},"geometry":{"type":"Point","coordinates":[86.432608,23.766421]}},{"type":"Feature","properties":{"subsidence_mm":0.63,"tilt_deg":-0.00213,"strain_ue":2.2,"x_offset_m":225,"y_offset_m":240,"source":"NCB_PFM","nearest_asset_distance_m":238,"consequence_weight":1.57,"idw_subsidence_mm":7.9,"risk_score":0.241,"risk_level":"Low"},"geometry":{"type":"Point","coordinates":[86.432608,23.766556]}},{"type":"Feature","properties":{"subsidence_mm":0.63,"tilt_deg":-0.00213,"strain_ue":2.2,"x_offset_m":225,"y_offset_m":255,"source":"NCB_PFM","nearest_asset_distance_m":249,"consequence_weight":1.5,"idw_subsidence_mm":7.9,"risk_score":0.236,"risk_level":"Low"},"geometry":{"type":"Point","coordinates":[86.432608,23.766691]}},{"type":"Feature","properties":{"subsidence_mm":0.63,"tilt_deg":-0.00213,"strain_ue":2.2,"x_offset_m":225,"y_offset_m":270,"source":"NCB_PFM","nearest_asset_distance_m":261,"consequence_weight":1.44,"idw_subsidence_mm":6,"risk_score":0.169,"risk_level":"Low"},"geometry":{"type":"Point","coordinates":[86.432608,23.766825]}},{"type":"Feature","properties":{"subsidence_mm":0.63,"tilt_deg":-0.00213,"strain_ue":2.2,"x_offset_m":225,"y_offset_m":285,"source":"NCB_PFM","nearest_asset_distance_m":273,"consequence_weight":1.36,"idw_subsidence_mm":6,"risk_score":0.163,"risk_level":"Low"},"geometry":{"type":"Point","coordinates":[86.432608,23.76696]}},{"type":"Feature","properties":{"subsidence_mm":0.63,"tilt_deg":-0.00213,"strain_ue":2.2,"x_offset_m":225,"y_offset_m":300,"source":"NCB_PFM","nearest_asset_distance_m":285,"consequence_weight":1.29,"idw_subsidence_mm":6,"risk_score":0.158,"risk_level":"Low"},"geometry":{"type":"Point","coordinates":[86.432608,23.767095]}},{"type":"Feature","properties":{"subsidence_mm":0.28,"tilt_deg":-0.00096,"strain_ue":0.99,"x_offset_m":240,"y_offset_m":-300,"source":"NCB_PFM","nearest_asset_distance_m":146,"consequence_weight":1.42,"idw_subsidence_mm":8.27,"risk_score":0.241,"risk_level":"Low"},"geometry":{"type":"Point","coordinates":[86.432756,23.761705]}},{"type":"Feature","properties":{"subsidence_mm":0.28,"tilt_deg":-0.00096,"strain_ue":0.99,"x_offset_m":240,"y_offset_m":-285,"source":"NCB_PFM","nearest_asset_distance_m":131,"consequence_weight":1.47,"idw_subsidence_mm":8.27,"risk_score":0.245,"risk_level":"Low"},"geometry":{"type":"Point","coordinates":[86.432756,23.76184]}},{"type":"Feature","properties":{"subsidence_mm":0.28,"tilt_deg":-0.00096,"strain_ue":0.99,"x_offset_m":240,"y_offset_m":-270,"source":"NCB_PFM","nearest_asset_distance_m":117,"consequence_weight":1.53,"idw_subsidence_mm":8.27,"risk_score":0.249,"risk_level":"Low"},"geometry":{"type":"Point","coordinates":[86.432756,23.761975]}},{"type":"Feature","properties":{"subsidence_mm":0.28,"tilt_deg":-0.00096,"strain_ue":0.99,"x_offset_m":240,"y_offset_m":-255,"source":"NCB_PFM","nearest_asset_distance_m":102,"consequence_weight":1.59,"idw_subsidence_mm":8.27,"risk_score":0.253,"risk_level":"Low"},"geometry":{"type":"Point","coordinates":[86.432756,23.762109]}},{"type":"Feature","properties":{"subsidence_mm":0.28,"tilt_deg":-0.00096,"strain_ue":0.99,"x_offset_m":240,"y_offset_m":-240,"source":"NCB_PFM","nearest_asset_distance_m":88,"consequence_weight":1.65,"idw_subsidence_mm":8.27,"risk_score":0.257,"risk_level":"Low"},"geometry":{"type":"Point","coordinates":[86.432756,23.762244]}},{"type":"Feature","properties":{"subsidence_mm":0.28,"tilt_deg":-0.00096,"strain_ue":0.99,"x_offset_m":240,"y_offset_m":-225,"source":"NCB_PFM","nearest_asset_distance_m":73,"consequence_weight":1.71,"idw_subsidence_mm":8.27,"risk_score":0.262,"risk_level":"Low"},"geometry":{"type":"Point","coordinates":[86.432756,23.762379]}},{"type":"Feature","properties":{"subsidence_mm":0.28,"tilt_deg":-0.00096,"strain_ue":0.99,"x_offset_m":240,"y_offset_m":-210,"source":"NCB_PFM","nearest_asset_distance_m":59,"consequence_weight":1.76,"idw_subsidence_mm":8.27,"risk_score":0.265,"risk_level":"Low"},"geometry":{"type":"Point","coordinates":[86.432756,23.762514]}},{"type":"Feature","properties":{"subsidence_mm":0.28,"tilt_deg":-0.00096,"strain_ue":0.99,"x_offset_m":240,"y_offset_m":-195,"source":"NCB_PFM","nearest_asset_distance_m":46,"consequence_weight":1.81,"idw_subsidence_mm":8.27,"risk_score":0.269,"risk_level":"Low"},"geometry":{"type":"Point","coordinates":[86.432756,23.762648]}},{"type":"Feature","properties":{"subsidence_mm":0.28,"tilt_deg":-0.00096,"strain_ue":0.99,"x_offset_m":240,"y_offset_m":-180,"source":"NCB_PFM","nearest_asset_distance_m":35,"consequence_weight":1.86,"idw_subsidence_mm":8.27,"risk_score":0.272,"risk_level":"Low"},"geometry":{"type":"Point","coordinates":[86.432756,23.762783]}},{"type":"Feature","properties":{"subsidence_mm":0.28,"tilt_deg":-0.00096,"strain_ue":0.99,"x_offset_m":240,"y_offset_m":-165,"source":"NCB_PFM","nearest_asset_distance_m":26,"consequence_weight":1.89,"idw_subsidence_mm":8.27,"risk_score":0.274,"risk_level":"Low"},"geometry":{"type":"Point","coordinates":[86.432756,23.762918]}},{"type":"Feature","properties":{"subsidence_mm":0.28,"tilt_deg":-0.00096,"strain_ue":0.99,"x_offset_m":240,"y_offset_m":-150,"source":"NCB_PFM","nearest_asset_distance_m":26,"consequence_weight":1.9,"idw_subsidence_mm":8.27,"risk_score":0.275,"risk_level":"Low"},"geometry":{"type":"Point","coordinates":[86.432756,23.763053]}},{"type":"Feature","properties":{"subsidence_mm":0.28,"tilt_deg":-0.00096,"strain_ue":0.99,"x_offset_m":240,"y_offset_m":-135,"source":"NCB_PFM","nearest_asset_distance_m":32,"consequence_weight":1.87,"idw_subsidence_mm":8.27,"risk_score":0.273,"risk_level":"Low"},"geometry":{"type":"Point","coordinates":[86.432756,23.763187]}},{"type":"Feature","properties":{"subsidence_mm":0.28,"tilt_deg":-0.00096,"strain_ue":0.99,"x_offset_m":240,"y_offset_m":-120,"source":"NCB_PFM","nearest_asset_distance_m":44,"consequence_weight":1.83,"idw_subsidence_mm":8.27,"risk_score":0.27,"risk_level":"Low"},"geometry":{"type":"Point","coordinates":[86.432756,23.763322]}},{"type":"Feature","properties":{"subsidence_mm":0.28,"tilt_deg":-0.00096,"strain_ue":0.99,"x_offset_m":240,"y_offset_m":-105,"source":"NCB_PFM","nearest_asset_distance_m":57,"consequence_weight":1.77,"idw_subsidence_mm":8.27,"risk_score":0.266,"risk_level":"Low"},"geometry":{"type":"Point","coordinates":[86.432756,23.763457]}},{"type":"Feature","properties":{"subsidence_mm":0.28,"tilt_deg":-0.00096,"strain_ue":0.99,"x_offset_m":240,"y_offset_m":-90,"source":"NCB_PFM","nearest_asset_distance_m":70,"consequence_weight":1.72,"idw_subsidence_mm":8.27,"risk_score":0.262,"risk_level":"Low"},"geometry":{"type":"Point","coordinates":[86.432756,23.763592]}},{"type":"Feature","properties":{"subsidence_mm":0.28,"tilt_deg":-0.00096,"strain_ue":0.99,"x_offset_m":240,"y_offset_m":-75,"source":"NCB_PFM","nearest_asset_distance_m":84,"consequence_weight":1.66,"idw_subsidence_mm":8.27,"risk_score":0.258,"risk_level":"Low"},"geometry":{"type":"Point","coordinates":[86.432756,23.763726]}},{"type":"Feature","properties":{"subsidence_mm":0.28,"tilt_deg":-0.00096,"strain_ue":0.99,"x_offset_m":240,"y_offset_m":-60,"source":"NCB_PFM","nearest_asset_distance_m":99,"consequence_weight":1.6,"idw_subsidence_mm":8.27,"risk_score":0.254,"risk_level":"Low"},"geometry":{"type":"Point","coordinates":[86.432756,23.763861]}},{"type":"Feature","properties":{"subsidence_mm":0.28,"tilt_deg":-0.00096,"strain_ue":0.99,"x_offset_m":240,"y_offset_m":-45,"source":"NCB_PFM","nearest_asset_distance_m":113,"consequence_weight":1.55,"idw_subsidence_mm":8.27,"risk_score":0.25,"risk_level":"Low"},"geometry":{"type":"Point","coordinates":[86.432756,23.763996]}},{"type":"Feature","properties":{"subsidence_mm":0.28,"tilt_deg":-0.00096,"strain_ue":0.99,"x_offset_m":240,"y_offset_m":-30,"source":"NCB_PFM","nearest_asset_distance_m":128,"consequence_weight":1.49,"idw_subsidence_mm":7.9,"risk_score":0.234,"risk_level":"Low"},"geometry":{"type":"Point","coordinates":[86.432756,23.764131]}},{"type":"Feature","properties":{"subsidence_mm":0.28,"tilt_deg":-0.00096,"strain_ue":0.99,"x_offset_m":240,"y_offset_m":-15,"source":"NCB_PFM","nearest_asset_distance_m":143,"consequence_weight":1.43,"idw_subsidence_mm":7.9,"risk_score":0.23,"risk_level":"Low"},"geometry":{"type":"Point","coordinates":[86.432756,23.764265]}},{"type":"Feature","properties":{"subsidence_mm":0.28,"tilt_deg":-0.00096,"strain_ue":0.99,"x_offset_m":240,"y_offset_m":0,"source":"NCB_PFM","nearest_asset_distance_m":158,"consequence_weight":1.37,"idw_subsidence_mm":7.9,"risk_score":0.225,"risk_level":"Low"},"geometry":{"type":"Point","coordinates":[86.432756,23.7644]}},{"type":"Feature","properties":{"subsidence_mm":0.28,"tilt_deg":-0.00096,"strain_ue":0.99,"x_offset_m":240,"y_offset_m":15,"source":"NCB_PFM","nearest_asset_distance_m":172,"consequence_weight":1.31,"idw_subsidence_mm":7.9,"risk_score":0.221,"risk_level":"Low"},"geometry":{"type":"Point","coordinates":[86.432756,23.764535]}},{"type":"Feature","properties":{"subsidence_mm":0.28,"tilt_deg":-0.00096,"strain_ue":0.99,"x_offset_m":240,"y_offset_m":30,"source":"NCB_PFM","nearest_asset_distance_m":182,"consequence_weight":1.91,"idw_subsidence_mm":7.9,"risk_score":0.263,"risk_level":"Low"},"geometry":{"type":"Point","coordinates":[86.432756,23.764669]}},{"type":"Feature","properties":{"subsidence_mm":0.28,"tilt_deg":-0.00096,"strain_ue":0.99,"x_offset_m":240,"y_offset_m":45,"source":"NCB_PFM","nearest_asset_distance_m":180,"consequence_weight":1.92,"idw_subsidence_mm":7.9,"risk_score":0.264,"risk_level":"Low"},"geometry":{"type":"Point","coordinates":[86.432756,23.764804]}},{"type":"Feature","properties":{"subsidence_mm":0.28,"tilt_deg":-0.00096,"strain_ue":0.99,"x_offset_m":240,"y_offset_m":60,"source":"NCB_PFM","nearest_asset_distance_m":179,"consequence_weight":1.93,"idw_subsidence_mm":7.9,"risk_score":0.265,"risk_level":"Low"},"geometry":{"type":"Point","coordinates":[86.432756,23.764939]}},{"type":"Feature","properties":{"subsidence_mm":0.28,"tilt_deg":-0.00096,"strain_ue":0.99,"x_offset_m":240,"y_offset_m":75,"source":"NCB_PFM","nearest_asset_distance_m":179,"consequence_weight":1.93,"idw_subsidence_mm":7.9,"risk_score":0.265,"risk_level":"Low"},"geometry":{"type":"Point","coordinates":[86.432756,23.765074]}},{"type":"Feature","properties":{"subsidence_mm":0.28,"tilt_deg":-0.00096,"strain_ue":0.99,"x_offset_m":240,"y_offset_m":90,"source":"NCB_PFM","nearest_asset_distance_m":180,"consequence_weight":1.92,"idw_subsidence_mm":7.9,"risk_score":0.264,"risk_level":"Low"},"geometry":{"type":"Point","coordinates":[86.432756,23.765208]}},{"type":"Feature","properties":{"subsidence_mm":0.28,"tilt_deg":-0.00096,"strain_ue":0.99,"x_offset_m":240,"y_offset_m":105,"source":"NCB_PFM","nearest_asset_distance_m":183,"consequence_weight":1.9,"idw_subsidence_mm":7.9,"risk_score":0.263,"risk_level":"Low"},"geometry":{"type":"Point","coordinates":[86.432756,23.765343]}},{"type":"Feature","properties":{"subsidence_mm":0.28,"tilt_deg":-0.00096,"strain_ue":0.99,"x_offset_m":240,"y_offset_m":120,"source":"NCB_PFM","nearest_asset_distance_m":186,"consequence_weight":1.88,"idw_subsidence_mm":7.9,"risk_score":0.261,"risk_level":"Low"},"geometry":{"type":"Point","coordinates":[86.432756,23.765478]}},{"type":"Feature","properties":{"subsidence_mm":0.28,"tilt_deg":-0.00096,"strain_ue":0.99,"x_offset_m":240,"y_offset_m":135,"source":"NCB_PFM","nearest_asset_distance_m":191,"consequence_weight":1.85,"idw_subsidence_mm":7.9,"risk_score":0.259,"risk_level":"Low"},"geometry":{"type":"Point","coordinates":[86.432756,23.765613]}},{"type":"Feature","properties":{"subsidence_mm":0.28,"tilt_deg":-0.00096,"strain_ue":0.99,"x_offset_m":240,"y_offset_m":150,"source":"NCB_PFM","nearest_asset_distance_m":197,"consequence_weight":1.82,"idw_subsidence_mm":7.9,"risk_score":0.257,"risk_level":"Low"},"geometry":{"type":"Point","coordinates":[86.432756,23.765747]}},{"type":"Feature","properties":{"subsidence_mm":0.28,"tilt_deg":-0.00096,"strain_ue":0.99,"x_offset_m":240,"y_offset_m":165,"source":"NCB_PFM","nearest_asset_distance_m":204,"consequence_weight":1.78,"idw_subsidence_mm":7.9,"risk_score":0.254,"risk_level":"Low"},"geometry":{"type":"Point","coordinates":[86.432756,23.765882]}},{"type":"Feature","properties":{"subsidence_mm":0.28,"tilt_deg":-0.00096,"strain_ue":0.99,"x_offset_m":240,"y_offset_m":180,"source":"NCB_PFM","nearest_asset_distance_m":211,"consequence_weight":1.73,"idw_subsidence_mm":7.9,"risk_score":0.251,"risk_level":"Low"},"geometry":{"type":"Point","coordinates":[86.432756,23.766017]}},{"type":"Feature","properties":{"subsidence_mm":0.28,"tilt_deg":-0.00096,"strain_ue":0.99,"x_offset_m":240,"y_offset_m":195,"source":"NCB_PFM","nearest_asset_distance_m":220,"consequence_weight":1.68,"idw_subsidence_mm":7.9,"risk_score":0.247,"risk_level":"Low"},"geometry":{"type":"Point","coordinates":[86.432756,23.766152]}},{"type":"Feature","properties":{"subsidence_mm":0.28,"tilt_deg":-0.00096,"strain_ue":0.99,"x_offset_m":240,"y_offset_m":210,"source":"NCB_PFM","nearest_asset_distance_m":229,"consequence_weight":1.63,"idw_subsidence_mm":7.9,"risk_score":0.244,"risk_level":"Low"},"geometry":{"type":"Point","coordinates":[86.432756,23.766286]}},{"type":"Feature","properties":{"subsidence_mm":0.28,"tilt_deg":-0.00096,"strain_ue":0.99,"x_offset_m":240,"y_offset_m":225,"source":"NCB_PFM","nearest_asset_distance_m":239,"consequence_weight":1.57,"idw_subsidence_mm":7.9,"risk_score":0.239,"risk_level":"Low"},"geometry":{"type":"Point","coordinates":[86.432756,23.766421]}},{"type":"Feature","properties":{"subsidence_mm":0.28,"tilt_deg":-0.00096,"strain_ue":0.99,"x_offset_m":240,"y_offset_m":240,"source":"NCB_PFM","nearest_asset_distance_m":249,"consequence_weight":1.51,"idw_subsidence_mm":7.9,"risk_score":0.235,"risk_level":"Low"},"geometry":{"type":"Point","coordinates":[86.432756,23.766556]}},{"type":"Feature","properties":{"subsidence_mm":0.28,"tilt_deg":-0.00096,"strain_ue":0.99,"x_offset_m":240,"y_offset_m":255,"source":"NCB_PFM","nearest_asset_distance_m":259,"consequence_weight":1.44,"idw_subsidence_mm":7.9,"risk_score":0.23,"risk_level":"Low"},"geometry":{"type":"Point","coordinates":[86.432756,23.766691]}},{"type":"Feature","properties":{"subsidence_mm":0.28,"tilt_deg":-0.00096,"strain_ue":0.99,"x_offset_m":240,"y_offset_m":270,"source":"NCB_PFM","nearest_asset_distance_m":270,"consequence_weight":1.38,"idw_subsidence_mm":6,"risk_score":0.163,"risk_level":"Low"},"geometry":{"type":"Point","coordinates":[86.432756,23.766825]}},{"type":"Feature","properties":{"subsidence_mm":0.28,"tilt_deg":-0.00096,"strain_ue":0.99,"x_offset_m":240,"y_offset_m":285,"source":"NCB_PFM","nearest_asset_distance_m":282,"consequence_weight":1.31,"idw_subsidence_mm":6,"risk_score":0.158,"risk_level":"Low"},"geometry":{"type":"Point","coordinates":[86.432756,23.76696]}},{"type":"Feature","properties":{"subsidence_mm":0.28,"tilt_deg":-0.00096,"strain_ue":0.99,"x_offset_m":240,"y_offset_m":300,"source":"NCB_PFM","nearest_asset_distance_m":294,"consequence_weight":1.24,"idw_subsidence_mm":6,"risk_score":0.153,"risk_level":"Low"},"geometry":{"type":"Point","coordinates":[86.432756,23.767095]}},{"type":"Feature","properties":{"subsidence_mm":0.13,"tilt_deg":-0.00043,"strain_ue":0.44,"x_offset_m":255,"y_offset_m":-300,"source":"NCB_PFM","nearest_asset_distance_m":144,"consequence_weight":1.42,"idw_subsidence_mm":8.27,"risk_score":0.241,"risk_level":"Low"},"geometry":{"type":"Point","coordinates":[86.432903,23.761705]}},{"type":"Feature","properties":{"subsidence_mm":0.13,"tilt_deg":-0.00043,"strain_ue":0.44,"x_offset_m":255,"y_offset_m":-285,"source":"NCB_PFM","nearest_asset_distance_m":129,"consequence_weight":1.48,"idw_subsidence_mm":8.27,"risk_score":0.245,"risk_level":"Low"},"geometry":{"type":"Point","coordinates":[86.432903,23.76184]}},{"type":"Feature","properties":{"subsidence_mm":0.13,"tilt_deg":-0.00043,"strain_ue":0.44,"x_offset_m":255,"y_offset_m":-270,"source":"NCB_PFM","nearest_asset_distance_m":114,"consequence_weight":1.54,"idw_subsidence_mm":8.27,"risk_score":0.249,"risk_level":"Low"},"geometry":{"type":"Point","coordinates":[86.432903,23.761975]}},{"type":"Feature","properties":{"subsidence_mm":0.13,"tilt_deg":-0.00043,"strain_ue":0.44,"x_offset_m":255,"y_offset_m":-255,"source":"NCB_PFM","nearest_asset_distance_m":100,"consequence_weight":1.6,"idw_subsidence_mm":8.27,"risk_score":0.253,"risk_level":"Low"},"geometry":{"type":"Point","coordinates":[86.432903,23.762109]}},{"type":"Feature","properties":{"subsidence_mm":0.13,"tilt_deg":-0.00043,"strain_ue":0.44,"x_offset_m":255,"y_offset_m":-240,"source":"NCB_PFM","nearest_asset_distance_m":85,"consequence_weight":1.66,"idw_subsidence_mm":8.27,"risk_score":0.257,"risk_level":"Low"},"geometry":{"type":"Point","coordinates":[86.432903,23.762244]}},{"type":"Feature","properties":{"subsidence_mm":0.13,"tilt_deg":-0.00043,"strain_ue":0.44,"x_offset_m":255,"y_offset_m":-225,"source":"NCB_PFM","nearest_asset_distance_m":70,"consequence_weight":1.72,"idw_subsidence_mm":8.27,"risk_score":0.262,"risk_level":"Low"},"geometry":{"type":"Point","coordinates":[86.432903,23.762379]}},{"type":"Feature","properties":{"subsidence_mm":0.13,"tilt_deg":-0.00043,"strain_ue":0.44,"x_offset_m":255,"y_offset_m":-210,"source":"NCB_PFM","nearest_asset_distance_m":55,"consequence_weight":1.78,"idw_subsidence_mm":8.27,"risk_score":0.266,"risk_level":"Low"},"geometry":{"type":"Point","coordinates":[86.432903,23.762514]}},{"type":"Feature","properties":{"subsidence_mm":0.13,"tilt_deg":-0.00043,"strain_ue":0.44,"x_offset_m":255,"y_offset_m":-195,"source":"NCB_PFM","nearest_asset_distance_m":40,"consequence_weight":1.84,"idw_subsidence_mm":8.27,"risk_score":0.27,"risk_level":"Low"},"geometry":{"type":"Point","coordinates":[86.432903,23.762648]}},{"type":"Feature","properties":{"subsidence_mm":0.13,"tilt_deg":-0.00043,"strain_ue":0.44,"x_offset_m":255,"y_offset_m":-180,"source":"NCB_PFM","nearest_asset_distance_m":26,"consequence_weight":1.9,"idw_subsidence_mm":8.27,"risk_score":0.274,"risk_level":"Low"},"geometry":{"type":"Point","coordinates":[86.432903,23.762783]}},{"type":"Feature","properties":{"subsidence_mm":0.13,"tilt_deg":-0.00043,"strain_ue":0.44,"x_offset_m":255,"y_offset_m":-165,"source":"NCB_PFM","nearest_asset_distance_m":13,"consequence_weight":1.95,"idw_subsidence_mm":8.27,"risk_score":0.278,"risk_level":"Low"},"geometry":{"type":"Point","coordinates":[86.432903,23.762918]}},{"type":"Feature","properties":{"subsidence_mm":0.13,"tilt_deg":-0.00043,"strain_ue":0.44,"x_offset_m":255,"y_offset_m":-150,"source":"NCB_PFM","nearest_asset_distance_m":11,"consequence_weight":1.95,"idw_subsidence_mm":8.27,"risk_score":0.278,"risk_level":"Low"},"geometry":{"type":"Point","coordinates":[86.432903,23.763053]}},{"type":"Feature","properties":{"subsidence_mm":0.13,"tilt_deg":-0.00043,"strain_ue":0.44,"x_offset_m":255,"y_offset_m":-135,"source":"NCB_PFM","nearest_asset_distance_m":23,"consequence_weight":1.91,"idw_subsidence_mm":8.27,"risk_score":0.275,"risk_level":"Low"},"geometry":{"type":"Point","coordinates":[86.432903,23.763187]}},{"type":"Feature","properties":{"subsidence_mm":0.13,"tilt_deg":-0.00043,"strain_ue":0.44,"x_offset_m":255,"y_offset_m":-120,"source":"NCB_PFM","nearest_asset_distance_m":37,"consequence_weight":1.85,"idw_subsidence_mm":8.27,"risk_score":0.271,"risk_level":"Low"},"geometry":{"type":"Point","coordinates":[86.432903,23.763322]}},{"type":"Feature","properties":{"subsidence_mm":0.13,"tilt_deg":-0.00043,"strain_ue":0.44,"x_offset_m":255,"y_offset_m":-105,"source":"NCB_PFM","nearest_asset_distance_m":52,"consequence_weight":1.79,"idw_subsidence_mm":8.27,"risk_score":0.267,"risk_level":"Low"},"geometry":{"type":"Point","coordinates":[86.432903,23.763457]}},{"type":"Feature","properties":{"subsidence_mm":0.13,"tilt_deg":-0.00043,"strain_ue":0.44,"x_offset_m":255,"y_offset_m":-90,"source":"NCB_PFM","nearest_asset_distance_m":67,"consequence_weight":1.73,"idw_subsidence_mm":8.27,"risk_score":0.262,"risk_level":"Low"},"geometry":{"type":"Point","coordinates":[86.432903,23.763592]}},{"type":"Feature","properties":{"subsidence_mm":0.13,"tilt_deg":-0.00043,"strain_ue":0.44,"x_offset_m":255,"y_offset_m":-75,"source":"NCB_PFM","nearest_asset_distance_m":81,"consequence_weight":1.67,"idw_subsidence_mm":8.27,"risk_score":0.258,"risk_level":"Low"},"geometry":{"type":"Point","coordinates":[86.432903,23.763726]}},{"type":"Feature","properties":{"subsidence_mm":0.13,"tilt_deg":-0.00043,"strain_ue":0.44,"x_offset_m":255,"y_offset_m":-60,"source":"NCB_PFM","nearest_asset_distance_m":96,"consequence_weight":1.62,"idw_subsidence_mm":8.27,"risk_score":0.255,"risk_level":"Low"},"geometry":{"type":"Point","coordinates":[86.432903,23.763861]}},{"type":"Feature","properties":{"subsidence_mm":0.13,"tilt_deg":-0.00043,"strain_ue":0.44,"x_offset_m":255,"y_offset_m":-45,"source":"NCB_PFM","nearest_asset_distance_m":111,"consequence_weight":1.56,"idw_subsidence_mm":8.27,"risk_score":0.25,"risk_level":"Low"},"geometry":{"type":"Point","coordinates":[86.432903,23.763996]}},{"type":"Feature","properties":{"subsidence_mm":0.13,"tilt_deg":-0.00043,"strain_ue":0.44,"x_offset_m":255,"y_offset_m":-30,"source":"NCB_PFM","nearest_asset_distance_m":126,"consequence_weight":1.5,"idw_subsidence_mm":7.9,"risk_score":0.234,"risk_level":"Low"},"geometry":{"type":"Point","coordinates":[86.432903,23.764131]}},{"type":"Feature","properties":{"subsidence_mm":0.13,"tilt_deg":-0.00043,"strain_ue":0.44,"x_offset_m":255,"y_offset_m":-15,"source":"NCB_PFM","nearest_asset_distance_m":141,"consequence_weight":1.44,"idw_subsidence_mm":7.9,"risk_score":0.23,"risk_level":"Low"},"geometry":{"type":"Point","coordinates":[86.432903,23.764265]}},{"type":"Feature","properties":{"subsidence_mm":0.13,"tilt_deg":-0.00043,"strain_ue":0.44,"x_offset_m":255,"y_offset_m":0,"source":"NCB_PFM","nearest_asset_distance_m":156,"consequence_weight":1.38,"idw_subsidence_mm":7.9,"risk_score":0.225,"risk_level":"Low"},"geometry":{"type":"Point","coordinates":[86.432903,23.7644]}},{"type":"Feature","properties":{"subsidence_mm":0.13,"tilt_deg":-0.00043,"strain_ue":0.44,"x_offset_m":255,"y_offset_m":15,"source":"NCB_PFM","nearest_asset_distance_m":171,"consequence_weight":1.32,"idw_subsidence_mm":7.9,"risk_score":0.221,"risk_level":"Low"},"geometry":{"type":"Point","coordinates":[86.432903,23.764535]}},{"type":"Feature","properties":{"subsidence_mm":0.13,"tilt_deg":-0.00043,"strain_ue":0.44,"x_offset_m":255,"y_offset_m":30,"source":"NCB_PFM","nearest_asset_distance_m":186,"consequence_weight":1.26,"idw_subsidence_mm":7.9,"risk_score":0.217,"risk_level":"Low"},"geometry":{"type":"Point","coordinates":[86.432903,23.764669]}},{"type":"Feature","properties":{"subsidence_mm":0.13,"tilt_deg":-0.00043,"strain_ue":0.44,"x_offset_m":255,"y_offset_m":45,"source":"NCB_PFM","nearest_asset_distance_m":195,"consequence_weight":1.83,"idw_subsidence_mm":7.9,"risk_score":0.257,"risk_level":"Low"},"geometry":{"type":"Point","coordinates":[86.432903,23.764804]}},{"type":"Feature","properties":{"subsidence_mm":0.13,"tilt_deg":-0.00043,"strain_ue":0.44,"x_offset_m":255,"y_offset_m":60,"source":"NCB_PFM","nearest_asset_distance_m":194,"consequence_weight":1.84,"idw_subsidence_mm":7.9,"risk_score":0.258,"risk_level":"Low"},"geometry":{"type":"Point","coordinates":[86.432903,23.764939]}},{"type":"Feature","properties":{"subsidence_mm":0.13,"tilt_deg":-0.00043,"strain_ue":0.44,"x_offset_m":255,"y_offset_m":75,"source":"NCB_PFM","nearest_asset_distance_m":194,"consequence_weight":1.84,"idw_subsidence_mm":7.9,"risk_score":0.258,"risk_level":"Low"},"geometry":{"type":"Point","coordinates":[86.432903,23.765074]}},{"type":"Feature","properties":{"subsidence_mm":0.13,"tilt_deg":-0.00043,"strain_ue":0.44,"x_offset_m":255,"y_offset_m":90,"source":"NCB_PFM","nearest_asset_distance_m":195,"consequence_weight":1.83,"idw_subsidence_mm":7.9,"risk_score":0.257,"risk_level":"Low"},"geometry":{"type":"Point","coordinates":[86.432903,23.765208]}},{"type":"Feature","properties":{"subsidence_mm":0.13,"tilt_deg":-0.00043,"strain_ue":0.44,"x_offset_m":255,"y_offset_m":105,"source":"NCB_PFM","nearest_asset_distance_m":197,"consequence_weight":1.82,"idw_subsidence_mm":7.9,"risk_score":0.256,"risk_level":"Low"},"geometry":{"type":"Point","coordinates":[86.432903,23.765343]}},{"type":"Feature","properties":{"subsidence_mm":0.13,"tilt_deg":-0.00043,"strain_ue":0.44,"x_offset_m":255,"y_offset_m":120,"source":"NCB_PFM","nearest_asset_distance_m":201,"consequence_weight":1.8,"idw_subsidence_mm":7.9,"risk_score":0.255,"risk_level":"Low"},"geometry":{"type":"Point","coordinates":[86.432903,23.765478]}},{"type":"Feature","properties":{"subsidence_mm":0.13,"tilt_deg":-0.00043,"strain_ue":0.44,"x_offset_m":255,"y_offset_m":135,"source":"NCB_PFM","nearest_asset_distance_m":205,"consequence_weight":1.77,"idw_subsidence_mm":7.9,"risk_score":0.253,"risk_level":"Low"},"geometry":{"type":"Point","coordinates":[86.432903,23.765613]}},{"type":"Feature","properties":{"subsidence_mm":0.13,"tilt_deg":-0.00043,"strain_ue":0.44,"x_offset_m":255,"y_offset_m":150,"source":"NCB_PFM","nearest_asset_distance_m":211,"consequence_weight":1.74,"idw_subsidence_mm":7.9,"risk_score":0.251,"risk_level":"Low"},"geometry":{"type":"Point","coordinates":[86.432903,23.765747]}},{"type":"Feature","properties":{"subsidence_mm":0.13,"tilt_deg":-0.00043,"strain_ue":0.44,"x_offset_m":255,"y_offset_m":165,"source":"NCB_PFM","nearest_asset_distance_m":217,"consequence_weight":1.7,"idw_subsidence_mm":7.9,"risk_score":0.248,"risk_level":"Low"},"geometry":{"type":"Point","coordinates":[86.432903,23.765882]}},{"type":"Feature","properties":{"subsidence_mm":0.13,"tilt_deg":-0.00043,"strain_ue":0.44,"x_offset_m":255,"y_offset_m":180,"source":"NCB_PFM","nearest_asset_distance_m":224,"consequence_weight":1.65,"idw_subsidence_mm":7.9,"risk_score":0.244,"risk_level":"Low"},"geometry":{"type":"Point","coordinates":[86.432903,23.766017]}},{"type":"Feature","properties":{"subsidence_mm":0.13,"tilt_deg":-0.00043,"strain_ue":0.44,"x_offset_m":255,"y_offset_m":195,"source":"NCB_PFM","nearest_asset_distance_m":232,"consequence_weight":1.61,"idw_subsidence_mm":7.9,"risk_score":0.242,"risk_level":"Low"},"geometry":{"type":"Point","coordinates":[86.432903,23.766152]}},{"type":"Feature","properties":{"subsidence_mm":0.13,"tilt_deg":-0.00043,"strain_ue":0.44,"x_offset_m":255,"y_offset_m":210,"source":"NCB_PFM","nearest_asset_distance_m":241,"consequence_weight":1.56,"idw_subsidence_mm":7.9,"risk_score":0.238,"risk_level":"Low"},"geometry":{"type":"Point","coordinates":[86.432903,23.766286]}},{"type":"Feature","properties":{"subsidence_mm":0.13,"tilt_deg":-0.00043,"strain_ue":0.44,"x_offset_m":255,"y_offset_m":225,"source":"NCB_PFM","nearest_asset_distance_m":250,"consequence_weight":1.5,"idw_subsidence_mm":7.9,"risk_score":0.234,"risk_level":"Low"},"geometry":{"type":"Point","coordinates":[86.432903,23.766421]}},{"type":"Feature","properties":{"subsidence_mm":0.13,"tilt_deg":-0.00043,"strain_ue":0.44,"x_offset_m":255,"y_offset_m":240,"source":"NCB_PFM","nearest_asset_distance_m":260,"consequence_weight":1.44,"idw_subsidence_mm":7.9,"risk_score":0.23,"risk_level":"Low"},"geometry":{"type":"Point","coordinates":[86.432903,23.766556]}},{"type":"Feature","properties":{"subsidence_mm":0.13,"tilt_deg":-0.00043,"strain_ue":0.44,"x_offset_m":255,"y_offset_m":255,"source":"NCB_PFM","nearest_asset_distance_m":270,"consequence_weight":1.38,"idw_subsidence_mm":7.9,"risk_score":0.225,"risk_level":"Low"},"geometry":{"type":"Point","coordinates":[86.432903,23.766691]}},{"type":"Feature","properties":{"subsidence_mm":0.13,"tilt_deg":-0.00043,"strain_ue":0.44,"x_offset_m":255,"y_offset_m":270,"source":"NCB_PFM","nearest_asset_distance_m":281,"consequence_weight":1.32,"idw_subsidence_mm":6,"risk_score":0.158,"risk_level":"Low"},"geometry":{"type":"Point","coordinates":[86.432903,23.766825]}},{"type":"Feature","properties":{"subsidence_mm":0.13,"tilt_deg":-0.00043,"strain_ue":0.44,"x_offset_m":255,"y_offset_m":285,"source":"NCB_PFM","nearest_asset_distance_m":292,"consequence_weight":1.25,"idw_subsidence_mm":6,"risk_score":0.153,"risk_level":"Low"},"geometry":{"type":"Point","coordinates":[86.432903,23.76696]}},{"type":"Feature","properties":{"subsidence_mm":0.13,"tilt_deg":-0.00043,"strain_ue":0.44,"x_offset_m":255,"y_offset_m":300,"source":"NCB_PFM","nearest_asset_distance_m":303,"consequence_weight":1.18,"idw_subsidence_mm":6,"risk_score":0.148,"risk_level":"Low"},"geometry":{"type":"Point","coordinates":[86.432903,23.767095]}},{"type":"Feature","properties":{"subsidence_mm":0.06,"tilt_deg":-0.00019,"strain_ue":0.2,"x_offset_m":270,"y_offset_m":-300,"source":"NCB_PFM","nearest_asset_distance_m":144,"consequence_weight":1.42,"idw_subsidence_mm":8.27,"risk_score":0.24,"risk_level":"Low"},"geometry":{"type":"Point","coordinates":[86.43305,23.761705]}},{"type":"Feature","properties":{"subsidence_mm":0.06,"tilt_deg":-0.00019,"strain_ue":0.2,"x_offset_m":270,"y_offset_m":-285,"source":"NCB_PFM","nearest_asset_distance_m":129,"consequence_weight":1.48,"idw_subsidence_mm":8.27,"risk_score":0.245,"risk_level":"Low"},"geometry":{"type":"Point","coordinates":[86.43305,23.76184]}},{"type":"Feature","properties":{"subsidence_mm":0.06,"tilt_deg":-0.00019,"strain_ue":0.2,"x_offset_m":270,"y_offset_m":-270,"source":"NCB_PFM","nearest_asset_distance_m":114,"consequence_weight":1.54,"idw_subsidence_mm":8.27,"risk_score":0.249,"risk_level":"Low"},"geometry":{"type":"Point","coordinates":[86.43305,23.761975]}},{"type":"Feature","properties":{"subsidence_mm":0.06,"tilt_deg":-0.00019,"strain_ue":0.2,"x_offset_m":270,"y_offset_m":-255,"source":"NCB_PFM","nearest_asset_distance_m":99,"consequence_weight":1.6,"idw_subsidence_mm":8.27,"risk_score":0.253,"risk_level":"Low"},"geometry":{"type":"Point","coordinates":[86.43305,23.762109]}},{"type":"Feature","properties":{"subsidence_mm":0.06,"tilt_deg":-0.00019,"strain_ue":0.2,"x_offset_m":270,"y_offset_m":-240,"source":"NCB_PFM","nearest_asset_distance_m":84,"consequence_weight":1.66,"idw_subsidence_mm":8.27,"risk_score":0.257,"risk_level":"Low"},"geometry":{"type":"Point","coordinates":[86.43305,23.762244]}},{"type":"Feature","properties":{"subsidence_mm":0.06,"tilt_deg":-0.00019,"strain_ue":0.2,"x_offset_m":270,"y_offset_m":-225,"source":"NCB_PFM","nearest_asset_distance_m":69,"consequence_weight":1.72,"idw_subsidence_mm":8.27,"risk_score":0.261,"risk_level":"Low"},"geometry":{"type":"Point","coordinates":[86.43305,23.762379]}},{"type":"Feature","properties":{"subsidence_mm":0.06,"tilt_deg":-0.00019,"strain_ue":0.2,"x_offset_m":270,"y_offset_m":-210,"source":"NCB_PFM","nearest_asset_distance_m":54,"consequence_weight":1.78,"idw_subsidence_mm":8.27,"risk_score":0.266,"risk_level":"Low"},"geometry":{"type":"Point","coordinates":[86.43305,23.762514]}},{"type":"Feature","properties":{"subsidence_mm":0.06,"tilt_deg":-0.00019,"strain_ue":0.2,"x_offset_m":270,"y_offset_m":-195,"source":"NCB_PFM","nearest_asset_distance_m":39,"consequence_weight":1.84,"idw_subsidence_mm":8.27,"risk_score":0.27,"risk_level":"Low"},"geometry":{"type":"Point","coordinates":[86.43305,23.762648]}},{"type":"Feature","properties":{"subsidence_mm":0.06,"tilt_deg":-0.00019,"strain_ue":0.2,"x_offset_m":270,"y_offset_m":-180,"source":"NCB_PFM","nearest_asset_distance_m":25,"consequence_weight":1.9,"idw_subsidence_mm":8.27,"risk_score":0.274,"risk_level":"Low"},"geometry":{"type":"Point","coordinates":[86.43305,23.762783]}},{"type":"Feature","properties":{"subsidence_mm":0.06,"tilt_deg":-0.00019,"strain_ue":0.2,"x_offset_m":270,"y_offset_m":-165,"source":"NCB_PFM","nearest_asset_distance_m":10,"consequence_weight":1.96,"idw_subsidence_mm":8.27,"risk_score":0.278,"risk_level":"Low"},"geometry":{"type":"Point","coordinates":[86.43305,23.762918]}},{"type":"Feature","properties":{"subsidence_mm":0.06,"tilt_deg":-0.00019,"strain_ue":0.2,"x_offset_m":270,"y_offset_m":-150,"source":"NCB_PFM","nearest_asset_distance_m":8,"consequence_weight":1.97,"idw_subsidence_mm":8.27,"risk_score":0.279,"risk_level":"Low"},"geometry":{"type":"Point","coordinates":[86.43305,23.763053]}},{"type":"Feature","properties":{"subsidence_mm":0.06,"tilt_deg":-0.00019,"strain_ue":0.2,"x_offset_m":270,"y_offset_m":-135,"source":"NCB_PFM","nearest_asset_distance_m":21,"consequence_weight":1.91,"idw_subsidence_mm":8.27,"risk_score":0.275,"risk_level":"Low"},"geometry":{"type":"Point","coordinates":[86.43305,23.763187]}},{"type":"Feature","properties":{"subsidence_mm":0.06,"tilt_deg":-0.00019,"strain_ue":0.2,"x_offset_m":270,"y_offset_m":-120,"source":"NCB_PFM","nearest_asset_distance_m":36,"consequence_weight":1.86,"idw_subsidence_mm":8.27,"risk_score":0.271,"risk_level":"Low"},"geometry":{"type":"Point","coordinates":[86.43305,23.763322]}},{"type":"Feature","properties":{"subsidence_mm":0.06,"tilt_deg":-0.00019,"strain_ue":0.2,"x_offset_m":270,"y_offset_m":-105,"source":"NCB_PFM","nearest_asset_distance_m":51,"consequence_weight":1.8,"idw_subsidence_mm":8.27,"risk_score":0.267,"risk_level":"Low"},"geometry":{"type":"Point","coordinates":[86.43305,23.763457]}},{"type":"Feature","properties":{"subsidence_mm":0.06,"tilt_deg":-0.00019,"strain_ue":0.2,"x_offset_m":270,"y_offset_m":-90,"source":"NCB_PFM","nearest_asset_distance_m":66,"consequence_weight":1.74,"idw_subsidence_mm":8.27,"risk_score":0.263,"risk_level":"Low"},"geometry":{"type":"Point","coordinates":[86.43305,23.763592]}},{"type":"Feature","properties":{"subsidence_mm":0.06,"tilt_deg":-0.00019,"strain_ue":0.2,"x_offset_m":270,"y_offset_m":-75,"source":"NCB_PFM","nearest_asset_distance_m":81,"consequence_weight":1.68,"idw_subsidence_mm":8.27,"risk_score":0.259,"risk_level":"Low"},"geometry":{"type":"Point","coordinates":[86.43305,23.763726]}},{"type":"Feature","properties":{"subsidence_mm":0.06,"tilt_deg":-0.00019,"strain_ue":0.2,"x_offset_m":270,"y_offset_m":-60,"source":"NCB_PFM","nearest_asset_distance_m":96,"consequence_weight":1.62,"idw_subsidence_mm":8.27,"risk_score":0.254,"risk_level":"Low"},"geometry":{"type":"Point","coordinates":[86.43305,23.763861]}},{"type":"Feature","properties":{"subsidence_mm":0.06,"tilt_deg":-0.00019,"strain_ue":0.2,"x_offset_m":270,"y_offset_m":-45,"source":"NCB_PFM","nearest_asset_distance_m":111,"consequence_weight":1.56,"idw_subsidence_mm":8.27,"risk_score":0.25,"risk_level":"Low"},"geometry":{"type":"Point","coordinates":[86.43305,23.763996]}},{"type":"Feature","properties":{"subsidence_mm":0.06,"tilt_deg":-0.00019,"strain_ue":0.2,"x_offset_m":270,"y_offset_m":-30,"source":"NCB_PFM","nearest_asset_distance_m":126,"consequence_weight":1.5,"idw_subsidence_mm":7.9,"risk_score":0.234,"risk_level":"Low"},"geometry":{"type":"Point","coordinates":[86.43305,23.764131]}},{"type":"Feature","properties":{"subsidence_mm":0.06,"tilt_deg":-0.00019,"strain_ue":0.2,"x_offset_m":270,"y_offset_m":-15,"source":"NCB_PFM","nearest_asset_distance_m":141,"consequence_weight":1.44,"idw_subsidence_mm":7.9,"risk_score":0.229,"risk_level":"Low"},"geometry":{"type":"Point","coordinates":[86.43305,23.764265]}},{"type":"Feature","properties":{"subsidence_mm":0.06,"tilt_deg":-0.00019,"strain_ue":0.2,"x_offset_m":270,"y_offset_m":0,"source":"NCB_PFM","nearest_asset_distance_m":156,"consequence_weight":1.38,"idw_subsidence_mm":7.9,"risk_score":0.225,"risk_level":"Low"},"geometry":{"type":"Point","coordinates":[86.43305,23.7644]}},{"type":"Feature","properties":{"subsidence_mm":0.06,"tilt_deg":-0.00019,"strain_ue":0.2,"x_offset_m":270,"y_offset_m":15,"source":"NCB_PFM","nearest_asset_distance_m":171,"consequence_weight":1.32,"idw_subsidence_mm":7.9,"risk_score":0.221,"risk_level":"Low"},"geometry":{"type":"Point","coordinates":[86.43305,23.764535]}},{"type":"Feature","properties":{"subsidence_mm":0.06,"tilt_deg":-0.00019,"strain_ue":0.2,"x_offset_m":270,"y_offset_m":30,"source":"NCB_PFM","nearest_asset_distance_m":186,"consequence_weight":1.26,"idw_subsidence_mm":7.9,"risk_score":0.217,"risk_level":"Low"},"geometry":{"type":"Point","coordinates":[86.43305,23.764669]}},{"type":"Feature","properties":{"subsidence_mm":0.06,"tilt_deg":-0.00019,"strain_ue":0.2,"x_offset_m":270,"y_offset_m":45,"source":"NCB_PFM","nearest_asset_distance_m":201,"consequence_weight":1.2,"idw_subsidence_mm":7.9,"risk_score":0.212,"risk_level":"Low"},"geometry":{"type":"Point","coordinates":[86.43305,23.764804]}},{"type":"Feature","properties":{"subsidence_mm":0.06,"tilt_deg":-0.00019,"strain_ue":0.2,"x_offset_m":270,"y_offset_m":60,"source":"NCB_PFM","nearest_asset_distance_m":209,"consequence_weight":1.75,"idw_subsidence_mm":7.9,"risk_score":0.251,"risk_level":"Low"},"geometry":{"type":"Point","coordinates":[86.43305,23.764939]}},{"type":"Feature","properties":{"subsidence_mm":0.06,"tilt_deg":-0.00019,"strain_ue":0.2,"x_offset_m":270,"y_offset_m":75,"source":"NCB_PFM","nearest_asset_distance_m":209,"consequence_weight":1.75,"idw_subsidence_mm":7.9,"risk_score":0.251,"risk_level":"Low"},"geometry":{"type":"Point","coordinates":[86.43305,23.765074]}},{"type":"Feature","properties":{"subsidence_mm":0.06,"tilt_deg":-0.00019,"strain_ue":0.2,"x_offset_m":270,"y_offset_m":90,"source":"NCB_PFM","nearest_asset_distance_m":210,"consequence_weight":1.74,"idw_subsidence_mm":7.9,"risk_score":0.25,"risk_level":"Low"},"geometry":{"type":"Point","coordinates":[86.43305,23.765208]}},{"type":"Feature","properties":{"subsidence_mm":0.06,"tilt_deg":-0.00019,"strain_ue":0.2,"x_offset_m":270,"y_offset_m":105,"source":"NCB_PFM","nearest_asset_distance_m":212,"consequence_weight":1.73,"idw_subsidence_mm":7.9,"risk_score":0.25,"risk_level":"Low"},"geometry":{"type":"Point","coordinates":[86.43305,23.765343]}},{"type":"Feature","properties":{"subsidence_mm":0.06,"tilt_deg":-0.00019,"strain_ue":0.2,"x_offset_m":270,"y_offset_m":120,"source":"NCB_PFM","nearest_asset_distance_m":215,"consequence_weight":1.71,"idw_subsidence_mm":7.9,"risk_score":0.248,"risk_level":"Low"},"geometry":{"type":"Point","coordinates":[86.43305,23.765478]}},{"type":"Feature","properties":{"subsidence_mm":0.06,"tilt_deg":-0.00019,"strain_ue":0.2,"x_offset_m":270,"y_offset_m":135,"source":"NCB_PFM","nearest_asset_distance_m":219,"consequence_weight":1.68,"idw_subsidence_mm":7.9,"risk_score":0.246,"risk_level":"Low"},"geometry":{"type":"Point","coordinates":[86.43305,23.765613]}},{"type":"Feature","properties":{"subsidence_mm":0.06,"tilt_deg":-0.00019,"strain_ue":0.2,"x_offset_m":270,"y_offset_m":150,"source":"NCB_PFM","nearest_asset_distance_m":225,"consequence_weight":1.65,"idw_subsidence_mm":7.9,"risk_score":0.244,"risk_level":"Low"},"geometry":{"type":"Point","coordinates":[86.43305,23.765747]}},{"type":"Feature","properties":{"subsidence_mm":0.06,"tilt_deg":-0.00019,"strain_ue":0.2,"x_offset_m":270,"y_offset_m":165,"source":"NCB_PFM","nearest_asset_distance_m":231,"consequence_weight":1.62,"idw_subsidence_mm":7.9,"risk_score":0.242,"risk_level":"Low"},"geometry":{"type":"Point","coordinates":[86.43305,23.765882]}},{"type":"Feature","properties":{"subsidence_mm":0.06,"tilt_deg":-0.00019,"strain_ue":0.2,"x_offset_m":270,"y_offset_m":180,"source":"NCB_PFM","nearest_asset_distance_m":237,"consequence_weight":1.58,"idw_subsidence_mm":7.9,"risk_score":0.239,"risk_level":"Low"},"geometry":{"type":"Point","coordinates":[86.43305,23.766017]}},{"type":"Feature","properties":{"subsidence_mm":0.06,"tilt_deg":-0.00019,"strain_ue":0.2,"x_offset_m":270,"y_offset_m":195,"source":"NCB_PFM","nearest_asset_distance_m":245,"consequence_weight":1.53,"idw_subsidence_mm":7.9,"risk_score":0.236,"risk_level":"Low"},"geometry":{"type":"Point","coordinates":[86.43305,23.766152]}},{"type":"Feature","properties":{"subsidence_mm":0.06,"tilt_deg":-0.00019,"strain_ue":0.2,"x_offset_m":270,"y_offset_m":210,"source":"NCB_PFM","nearest_asset_distance_m":253,"consequence_weight":1.48,"idw_subsidence_mm":7.9,"risk_score":0.232,"risk_level":"Low"},"geometry":{"type":"Point","coordinates":[86.43305,23.766286]}},{"type":"Feature","properties":{"subsidence_mm":0.06,"tilt_deg":-0.00019,"strain_ue":0.2,"x_offset_m":270,"y_offset_m":225,"source":"NCB_PFM","nearest_asset_distance_m":262,"consequence_weight":1.43,"idw_subsidence_mm":7.9,"risk_score":0.229,"risk_level":"Low"},"geometry":{"type":"Point","coordinates":[86.43305,23.766421]}},{"type":"Feature","properties":{"subsidence_mm":0.06,"tilt_deg":-0.00019,"strain_ue":0.2,"x_offset_m":270,"y_offset_m":240,"source":"NCB_PFM","nearest_asset_distance_m":271,"consequence_weight":1.37,"idw_subsidence_mm":7.9,"risk_score":0.224,"risk_level":"Low"},"geometry":{"type":"Point","coordinates":[86.43305,23.766556]}},{"type":"Feature","properties":{"subsidence_mm":0.06,"tilt_deg":-0.00019,"strain_ue":0.2,"x_offset_m":270,"y_offset_m":255,"source":"NCB_PFM","nearest_asset_distance_m":281,"consequence_weight":1.31,"idw_subsidence_mm":7.9,"risk_score":0.22,"risk_level":"Low"},"geometry":{"type":"Point","coordinates":[86.43305,23.766691]}},{"type":"Feature","properties":{"subsidence_mm":0.06,"tilt_deg":-0.00019,"strain_ue":0.2,"x_offset_m":270,"y_offset_m":270,"source":"NCB_PFM","nearest_asset_distance_m":291,"consequence_weight":1.25,"idw_subsidence_mm":6,"risk_score":0.153,"risk_level":"Low"},"geometry":{"type":"Point","coordinates":[86.43305,23.766825]}},{"type":"Feature","properties":{"subsidence_mm":0.06,"tilt_deg":-0.00019,"strain_ue":0.2,"x_offset_m":270,"y_offset_m":285,"source":"NCB_PFM","nearest_asset_distance_m":302,"consequence_weight":1.19,"idw_subsidence_mm":6,"risk_score":0.149,"risk_level":"Low"},"geometry":{"type":"Point","coordinates":[86.43305,23.76696]}},{"type":"Feature","properties":{"subsidence_mm":0.06,"tilt_deg":-0.00019,"strain_ue":0.2,"x_offset_m":270,"y_offset_m":300,"source":"NCB_PFM","nearest_asset_distance_m":313,"consequence_weight":1.12,"idw_subsidence_mm":6,"risk_score":0.144,"risk_level":"Low"},"geometry":{"type":"Point","coordinates":[86.43305,23.767095]}},{"type":"Feature","properties":{"subsidence_mm":0.03,"tilt_deg":-0.00009,"strain_ue":0.08,"x_offset_m":285,"y_offset_m":-300,"source":"NCB_PFM","nearest_asset_distance_m":145,"consequence_weight":1.42,"idw_subsidence_mm":8.27,"risk_score":0.24,"risk_level":"Low"},"geometry":{"type":"Point","coordinates":[86.433197,23.761705]}},{"type":"Feature","properties":{"subsidence_mm":0.03,"tilt_deg":-0.00009,"strain_ue":0.08,"x_offset_m":285,"y_offset_m":-285,"source":"NCB_PFM","nearest_asset_distance_m":131,"consequence_weight":1.48,"idw_subsidence_mm":8.27,"risk_score":0.244,"risk_level":"Low"},"geometry":{"type":"Point","coordinates":[86.433197,23.76184]}},{"type":"Feature","properties":{"subsidence_mm":0.03,"tilt_deg":-0.00009,"strain_ue":0.08,"x_offset_m":285,"y_offset_m":-270,"source":"NCB_PFM","nearest_asset_distance_m":116,"consequence_weight":1.54,"idw_subsidence_mm":8.27,"risk_score":0.249,"risk_level":"Low"},"geometry":{"type":"Point","coordinates":[86.433197,23.761975]}},{"type":"Feature","properties":{"subsidence_mm":0.03,"tilt_deg":-0.00009,"strain_ue":0.08,"x_offset_m":285,"y_offset_m":-255,"source":"NCB_PFM","nearest_asset_distance_m":101,"consequence_weight":1.6,"idw_subsidence_mm":8.27,"risk_score":0.253,"risk_level":"Low"},"geometry":{"type":"Point","coordinates":[86.433197,23.762109]}},{"type":"Feature","properties":{"subsidence_mm":0.03,"tilt_deg":-0.00009,"strain_ue":0.08,"x_offset_m":285,"y_offset_m":-240,"source":"NCB_PFM","nearest_asset_distance_m":86,"consequence_weight":1.65,"idw_subsidence_mm":8.27,"risk_score":0.256,"risk_level":"Low"},"geometry":{"type":"Point","coordinates":[86.433197,23.762244]}},{"type":"Feature","properties":{"subsidence_mm":0.03,"tilt_deg":-0.00009,"strain_ue":0.08,"x_offset_m":285,"y_offset_m":-225,"source":"NCB_PFM","nearest_asset_distance_m":72,"consequence_weight":1.71,"idw_subsidence_mm":8.27,"risk_score":0.261,"risk_level":"Low"},"geometry":{"type":"Point","coordinates":[86.433197,23.762379]}},{"type":"Feature","properties":{"subsidence_mm":0.03,"tilt_deg":-0.00009,"strain_ue":0.08,"x_offset_m":285,"y_offset_m":-210,"source":"NCB_PFM","nearest_asset_distance_m":58,"consequence_weight":1.77,"idw_subsidence_mm":8.27,"risk_score":0.265,"risk_level":"Low"},"geometry":{"type":"Point","coordinates":[86.433197,23.762514]}},{"type":"Feature","properties":{"subsidence_mm":0.03,"tilt_deg":-0.00009,"strain_ue":0.08,"x_offset_m":285,"y_offset_m":-195,"source":"NCB_PFM","nearest_asset_distance_m":44,"consequence_weight":1.82,"idw_subsidence_mm":8.27,"risk_score":0.268,"risk_level":"Low"},"geometry":{"type":"Point","coordinates":[86.433197,23.762648]}},{"type":"Feature","properties":{"subsidence_mm":0.03,"tilt_deg":-0.00009,"strain_ue":0.08,"x_offset_m":285,"y_offset_m":-180,"source":"NCB_PFM","nearest_asset_distance_m":31,"consequence_weight":1.87,"idw_subsidence_mm":8.27,"risk_score":0.272,"risk_level":"Low"},"geometry":{"type":"Point","coordinates":[86.433197,23.762783]}},{"type":"Feature","properties":{"subsidence_mm":0.03,"tilt_deg":-0.00009,"strain_ue":0.08,"x_offset_m":285,"y_offset_m":-165,"source":"NCB_PFM","nearest_asset_distance_m":22,"consequence_weight":1.91,"idw_subsidence_mm":8.27,"risk_score":0.275,"risk_level":"Low"},"geometry":{"type":"Point","coordinates":[86.433197,23.762918]}},{"type":"Feature","properties":{"subsidence_mm":0.03,"tilt_deg":-0.00009,"strain_ue":0.08,"x_offset_m":285,"y_offset_m":-150,"source":"NCB_PFM","nearest_asset_distance_m":21,"consequence_weight":1.92,"idw_subsidence_mm":8.27,"risk_score":0.275,"risk_level":"Low"},"geometry":{"type":"Point","coordinates":[86.433197,23.763053]}},{"type":"Feature","properties":{"subsidence_mm":0.03,"tilt_deg":-0.00009,"strain_ue":0.08,"x_offset_m":285,"y_offset_m":-135,"source":"NCB_PFM","nearest_asset_distance_m":29,"consequence_weight":1.88,"idw_subsidence_mm":8.27,"risk_score":0.272,"risk_level":"Low"},"geometry":{"type":"Point","coordinates":[86.433197,23.763187]}},{"type":"Feature","properties":{"subsidence_mm":0.03,"tilt_deg":-0.00009,"strain_ue":0.08,"x_offset_m":285,"y_offset_m":-120,"source":"NCB_PFM","nearest_asset_distance_m":41,"consequence_weight":1.84,"idw_subsidence_mm":8.27,"risk_score":0.27,"risk_level":"Low"},"geometry":{"type":"Point","coordinates":[86.433197,23.763322]}},{"type":"Feature","properties":{"subsidence_mm":0.03,"tilt_deg":-0.00009,"strain_ue":0.08,"x_offset_m":285,"y_offset_m":-105,"source":"NCB_PFM","nearest_asset_distance_m":55,"consequence_weight":1.78,"idw_subsidence_mm":8.27,"risk_score":0.265,"risk_level":"Low"},"geometry":{"type":"Point","coordinates":[86.433197,23.763457]}},{"type":"Feature","properties":{"subsidence_mm":0.03,"tilt_deg":-0.00009,"strain_ue":0.08,"x_offset_m":285,"y_offset_m":-90,"source":"NCB_PFM","nearest_asset_distance_m":69,"consequence_weight":1.72,"idw_subsidence_mm":8.27,"risk_score":0.261,"risk_level":"Low"},"geometry":{"type":"Point","coordinates":[86.433197,23.763592]}},{"type":"Feature","properties":{"subsidence_mm":0.03,"tilt_deg":-0.00009,"strain_ue":0.08,"x_offset_m":285,"y_offset_m":-75,"source":"NCB_PFM","nearest_asset_distance_m":83,"consequence_weight":1.67,"idw_subsidence_mm":8.27,"risk_score":0.258,"risk_level":"Low"},"geometry":{"type":"Point","coordinates":[86.433197,23.763726]}},{"type":"Feature","properties":{"subsidence_mm":0.03,"tilt_deg":-0.00009,"strain_ue":0.08,"x_offset_m":285,"y_offset_m":-60,"source":"NCB_PFM","nearest_asset_distance_m":98,"consequence_weight":1.61,"idw_subsidence_mm":8.27,"risk_score":0.253,"risk_level":"Low"},"geometry":{"type":"Point","coordinates":[86.433197,23.763861]}},{"type":"Feature","properties":{"subsidence_mm":0.03,"tilt_deg":-0.00009,"strain_ue":0.08,"x_offset_m":285,"y_offset_m":-45,"source":"NCB_PFM","nearest_asset_distance_m":113,"consequence_weight":1.55,"idw_subsidence_mm":8.27,"risk_score":0.249,"risk_level":"Low"},"geometry":{"type":"Point","coordinates":[86.433197,23.763996]}},{"type":"Feature","properties":{"subsidence_mm":0.03,"tilt_deg":-0.00009,"strain_ue":0.08,"x_offset_m":285,"y_offset_m":-30,"source":"NCB_PFM","nearest_asset_distance_m":127,"consequence_weight":1.49,"idw_subsidence_mm":7.9,"risk_score":0.233,"risk_level":"Low"},"geometry":{"type":"Point","coordinates":[86.433197,23.764131]}},{"type":"Feature","properties":{"subsidence_mm":0.03,"tilt_deg":-0.00009,"strain_ue":0.08,"x_offset_m":285,"y_offset_m":-15,"source":"NCB_PFM","nearest_asset_distance_m":142,"consequence_weight":1.43,"idw_subsidence_mm":7.9,"risk_score":0.228,"risk_level":"Low"},"geometry":{"type":"Point","coordinates":[86.433197,23.764265]}},{"type":"Feature","properties":{"subsidence_mm":0.03,"tilt_deg":-0.00009,"strain_ue":0.08,"x_offset_m":285,"y_offset_m":0,"source":"NCB_PFM","nearest_asset_distance_m":157,"consequence_weight":1.37,"idw_subsidence_mm":7.9,"risk_score":0.224,"risk_level":"Low"},"geometry":{"type":"Point","coordinates":[86.433197,23.7644]}},{"type":"Feature","properties":{"subsidence_mm":0.03,"tilt_deg":-0.00009,"strain_ue":0.08,"x_offset_m":285,"y_offset_m":15,"source":"NCB_PFM","nearest_asset_distance_m":172,"consequence_weight":1.31,"idw_subsidence_mm":7.9,"risk_score":0.22,"risk_level":"Low"},"geometry":{"type":"Point","coordinates":[86.433197,23.764535]}},{"type":"Feature","properties":{"subsidence_mm":0.03,"tilt_deg":-0.00009,"strain_ue":0.08,"x_offset_m":285,"y_offset_m":30,"source":"NCB_PFM","nearest_asset_distance_m":187,"consequence_weight":1.25,"idw_subsidence_mm":7.9,"risk_score":0.216,"risk_level":"Low"},"geometry":{"type":"Point","coordinates":[86.433197,23.764669]}},{"type":"Feature","properties":{"subsidence_mm":0.03,"tilt_deg":-0.00009,"strain_ue":0.08,"x_offset_m":285,"y_offset_m":45,"source":"NCB_PFM","nearest_asset_distance_m":202,"consequence_weight":1.19,"idw_subsidence_mm":7.9,"risk_score":0.212,"risk_level":"Low"},"geometry":{"type":"Point","coordinates":[86.433197,23.764804]}},{"type":"Feature","properties":{"subsidence_mm":0.03,"tilt_deg":-0.00009,"strain_ue":0.08,"x_offset_m":285,"y_offset_m":60,"source":"NCB_PFM","nearest_asset_distance_m":217,"consequence_weight":1.13,"idw_subsidence_mm":7.9,"risk_score":0.207,"risk_level":"Low"},"geometry":{"type":"Point","coordinates":[86.433197,23.764939]}},{"type":"Feature","properties":{"subsidence_mm":0.03,"tilt_deg":-0.00009,"strain_ue":0.08,"x_offset_m":285,"y_offset_m":75,"source":"NCB_PFM","nearest_asset_distance_m":224,"consequence_weight":1.66,"idw_subsidence_mm":7.9,"risk_score":0.245,"risk_level":"Low"},"geometry":{"type":"Point","coordinates":[86.433197,23.765074]}},{"type":"Feature","properties":{"subsidence_mm":0.03,"tilt_deg":-0.00009,"strain_ue":0.08,"x_offset_m":285,"y_offset_m":90,"source":"NCB_PFM","nearest_asset_distance_m":225,"consequence_weight":1.65,"idw_subsidence_mm":7.9,"risk_score":0.244,"risk_level":"Low"},"geometry":{"type":"Point","coordinates":[86.433197,23.765208]}},{"type":"Feature","properties":{"subsidence_mm":0.03,"tilt_deg":-0.00009,"strain_ue":0.08,"x_offset_m":285,"y_offset_m":105,"source":"NCB_PFM","nearest_asset_distance_m":227,"consequence_weight":1.64,"idw_subsidence_mm":7.9,"risk_score":0.243,"risk_level":"Low"},"geometry":{"type":"Point","coordinates":[86.433197,23.765343]}},{"type":"Feature","properties":{"subsidence_mm":0.03,"tilt_deg":-0.00009,"strain_ue":0.08,"x_offset_m":285,"y_offset_m":120,"source":"NCB_PFM","nearest_asset_distance_m":230,"consequence_weight":1.62,"idw_subsidence_mm":7.9,"risk_score":0.242,"risk_level":"Low"},"geometry":{"type":"Point","coordinates":[86.433197,23.765478]}},{"type":"Feature","properties":{"subsidence_mm":0.03,"tilt_deg":-0.00009,"strain_ue":0.08,"x_offset_m":285,"y_offset_m":135,"source":"NCB_PFM","nearest_asset_distance_m":234,"consequence_weight":1.6,"idw_subsidence_mm":7.9,"risk_score":0.24,"risk_level":"Low"},"geometry":{"type":"Point","coordinates":[86.433197,23.765613]}},{"type":"Feature","properties":{"subsidence_mm":0.03,"tilt_deg":-0.00009,"strain_ue":0.08,"x_offset_m":285,"y_offset_m":150,"source":"NCB_PFM","nearest_asset_distance_m":239,"consequence_weight":1.57,"idw_subsidence_mm":7.9,"risk_score":0.238,"risk_level":"Low"},"geometry":{"type":"Point","coordinates":[86.433197,23.765747]}},{"type":"Feature","properties":{"subsidence_mm":0.03,"tilt_deg":-0.00009,"strain_ue":0.08,"x_offset_m":285,"y_offset_m":165,"source":"NCB_PFM","nearest_asset_distance_m":244,"consequence_weight":1.54,"idw_subsidence_mm":7.9,"risk_score":0.236,"risk_level":"Low"},"geometry":{"type":"Point","coordinates":[86.433197,23.765882]}},{"type":"Feature","properties":{"subsidence_mm":0.03,"tilt_deg":-0.00009,"strain_ue":0.08,"x_offset_m":285,"y_offset_m":180,"source":"NCB_PFM","nearest_asset_distance_m":251,"consequence_weight":1.5,"idw_subsidence_mm":7.9,"risk_score":0.233,"risk_level":"Low"},"geometry":{"type":"Point","coordinates":[86.433197,23.766017]}},{"type":"Feature","properties":{"subsidence_mm":0.03,"tilt_deg":-0.00009,"strain_ue":0.08,"x_offset_m":285,"y_offset_m":195,"source":"NCB_PFM","nearest_asset_distance_m":258,"consequence_weight":1.45,"idw_subsidence_mm":7.9,"risk_score":0.23,"risk_level":"Low"},"geometry":{"type":"Point","coordinates":[86.433197,23.766152]}},{"type":"Feature","properties":{"subsidence_mm":0.03,"tilt_deg":-0.00009,"strain_ue":0.08,"x_offset_m":285,"y_offset_m":210,"source":"NCB_PFM","nearest_asset_distance_m":265,"consequence_weight":1.41,"idw_subsidence_mm":7.9,"risk_score":0.227,"risk_level":"Low"},"geometry":{"type":"Point","coordinates":[86.433197,23.766286]}},{"type":"Feature","properties":{"subsidence_mm":0.03,"tilt_deg":-0.00009,"strain_ue":0.08,"x_offset_m":285,"y_offset_m":225,"source":"NCB_PFM","nearest_asset_distance_m":274,"consequence_weight":1.36,"idw_subsidence_mm":7.9,"risk_score":0.224,"risk_level":"Low"},"geometry":{"type":"Point","coordinates":[86.433197,23.766421]}},{"type":"Feature","properties":{"subsidence_mm":0.03,"tilt_deg":-0.00009,"strain_ue":0.08,"x_offset_m":285,"y_offset_m":240,"source":"NCB_PFM","nearest_asset_distance_m":283,"consequence_weight":1.3,"idw_subsidence_mm":7.9,"risk_score":0.219,"risk_level":"Low"},"geometry":{"type":"Point","coordinates":[86.433197,23.766556]}},{"type":"Feature","properties":{"subsidence_mm":0.03,"tilt_deg":-0.00009,"strain_ue":0.08,"x_offset_m":285,"y_offset_m":255,"source":"NCB_PFM","nearest_asset_distance_m":292,"consequence_weight":1.25,"idw_subsidence_mm":7.9,"risk_score":0.216,"risk_level":"Low"},"geometry":{"type":"Point","coordinates":[86.433197,23.766691]}},{"type":"Feature","properties":{"subsidence_mm":0.03,"tilt_deg":-0.00009,"strain_ue":0.08,"x_offset_m":285,"y_offset_m":270,"source":"NCB_PFM","nearest_asset_distance_m":302,"consequence_weight":1.19,"idw_subsidence_mm":6,"risk_score":0.149,"risk_level":"Low"},"geometry":{"type":"Point","coordinates":[86.433197,23.766825]}},{"type":"Feature","properties":{"subsidence_mm":0.03,"tilt_deg":-0.00009,"strain_ue":0.08,"x_offset_m":285,"y_offset_m":285,"source":"NCB_PFM","nearest_asset_distance_m":312,"consequence_weight":1.13,"idw_subsidence_mm":6,"risk_score":0.144,"risk_level":"Low"},"geometry":{"type":"Point","coordinates":[86.433197,23.76696]}},{"type":"Feature","properties":{"subsidence_mm":0.03,"tilt_deg":-0.00009,"strain_ue":0.08,"x_offset_m":285,"y_offset_m":300,"source":"NCB_PFM","nearest_asset_distance_m":323,"consequence_weight":1.06,"idw_subsidence_mm":6,"risk_score":0.139,"risk_level":"Low"},"geometry":{"type":"Point","coordinates":[86.433197,23.767095]}},{"type":"Feature","properties":{"subsidence_mm":0.01,"tilt_deg":-0.00005,"strain_ue":0.04,"x_offset_m":300,"y_offset_m":-300,"source":"NCB_PFM","nearest_asset_distance_m":148,"consequence_weight":1.41,"idw_subsidence_mm":8.27,"risk_score":0.239,"risk_level":"Low"},"geometry":{"type":"Point","coordinates":[86.433345,23.761705]}},{"type":"Feature","properties":{"subsidence_mm":0.01,"tilt_deg":-0.00005,"strain_ue":0.04,"x_offset_m":300,"y_offset_m":-285,"source":"NCB_PFM","nearest_asset_distance_m":134,"consequence_weight":1.47,"idw_subsidence_mm":8.27,"risk_score":0.244,"risk_level":"Low"},"geometry":{"type":"Point","coordinates":[86.433345,23.76184]}},{"type":"Feature","properties":{"subsidence_mm":0.01,"tilt_deg":-0.00005,"strain_ue":0.04,"x_offset_m":300,"y_offset_m":-270,"source":"NCB_PFM","nearest_asset_distance_m":119,"consequence_weight":1.52,"idw_subsidence_mm":8.27,"risk_score":0.247,"risk_level":"Low"},"geometry":{"type":"Point","coordinates":[86.433345,23.761975]}},{"type":"Feature","properties":{"subsidence_mm":0.01,"tilt_deg":-0.00005,"strain_ue":0.04,"x_offset_m":300,"y_offset_m":-255,"source":"NCB_PFM","nearest_asset_distance_m":105,"consequence_weight":1.58,"idw_subsidence_mm":8.27,"risk_score":0.251,"risk_level":"Low"},"geometry":{"type":"Point","coordinates":[86.433345,23.762109]}},{"type":"Feature","properties":{"subsidence_mm":0.01,"tilt_deg":-0.00005,"strain_ue":0.04,"x_offset_m":300,"y_offset_m":-240,"source":"NCB_PFM","nearest_asset_distance_m":91,"consequence_weight":1.64,"idw_subsidence_mm":8.27,"risk_score":0.256,"risk_level":"Low"},"geometry":{"type":"Point","coordinates":[86.433345,23.762244]}},{"type":"Feature","properties":{"subsidence_mm":0.01,"tilt_deg":-0.00005,"strain_ue":0.04,"x_offset_m":300,"y_offset_m":-225,"source":"NCB_PFM","nearest_asset_distance_m":77,"consequence_weight":1.69,"idw_subsidence_mm":8.27,"risk_score":0.259,"risk_level":"Low"},"geometry":{"type":"Point","coordinates":[86.433345,23.762379]}},{"type":"Feature","properties":{"subsidence_mm":0.01,"tilt_deg":-0.00005,"strain_ue":0.04,"x_offset_m":300,"y_offset_m":-210,"source":"NCB_PFM","nearest_asset_distance_m":64,"consequence_weight":1.74,"idw_subsidence_mm":8.27,"risk_score":0.263,"risk_level":"Low"},"geometry":{"type":"Point","coordinates":[86.433345,23.762514]}},{"type":"Feature","properties":{"subsidence_mm":0.01,"tilt_deg":-0.00005,"strain_ue":0.04,"x_offset_m":300,"y_offset_m":-195,"source":"NCB_PFM","nearest_asset_distance_m":53,"consequence_weight":1.79,"idw_subsidence_mm":8.27,"risk_score":0.266,"risk_level":"Low"},"geometry":{"type":"Point","coordinates":[86.433345,23.762648]}},{"type":"Feature","properties":{"subsidence_mm":0.01,"tilt_deg":-0.00005,"strain_ue":0.04,"x_offset_m":300,"y_offset_m":-180,"source":"NCB_PFM","nearest_asset_distance_m":43,"consequence_weight":1.83,"idw_subsidence_mm":8.27,"risk_score":0.269,"risk_level":"Low"},"geometry":{"type":"Point","coordinates":[86.433345,23.762783]}},{"type":"Feature","properties":{"subsidence_mm":0.01,"tilt_deg":-0.00005,"strain_ue":0.04,"x_offset_m":300,"y_offset_m":-165,"source":"NCB_PFM","nearest_asset_distance_m":36,"consequence_weight":1.85,"idw_subsidence_mm":8.27,"risk_score":0.27,"risk_level":"Low"},"geometry":{"type":"Point","coordinates":[86.433345,23.762918]}},{"type":"Feature","properties":{"subsidence_mm":0.01,"tilt_deg":-0.00005,"strain_ue":0.04,"x_offset_m":300,"y_offset_m":-150,"source":"NCB_PFM","nearest_asset_distance_m":36,"consequence_weight":1.86,"idw_subsidence_mm":8.27,"risk_score":0.271,"risk_level":"Low"},"geometry":{"type":"Point","coordinates":[86.433345,23.763053]}},{"type":"Feature","properties":{"subsidence_mm":0.01,"tilt_deg":-0.00005,"strain_ue":0.04,"x_offset_m":300,"y_offset_m":-135,"source":"NCB_PFM","nearest_asset_distance_m":41,"consequence_weight":1.84,"idw_subsidence_mm":8.27,"risk_score":0.27,"risk_level":"Low"},"geometry":{"type":"Point","coordinates":[86.433345,23.763187]}},{"type":"Feature","properties":{"subsidence_mm":0.01,"tilt_deg":-0.00005,"strain_ue":0.04,"x_offset_m":300,"y_offset_m":-120,"source":"NCB_PFM","nearest_asset_distance_m":50,"consequence_weight":1.8,"idw_subsidence_mm":8.27,"risk_score":0.267,"risk_level":"Low"},"geometry":{"type":"Point","coordinates":[86.433345,23.763322]}},{"type":"Feature","properties":{"subsidence_mm":0.01,"tilt_deg":-0.00005,"strain_ue":0.04,"x_offset_m":300,"y_offset_m":-105,"source":"NCB_PFM","nearest_asset_distance_m":62,"consequence_weight":1.75,"idw_subsidence_mm":8.27,"risk_score":0.263,"risk_level":"Low"},"geometry":{"type":"Point","coordinates":[86.433345,23.763457]}},{"type":"Feature","properties":{"subsidence_mm":0.01,"tilt_deg":-0.00005,"strain_ue":0.04,"x_offset_m":300,"y_offset_m":-90,"source":"NCB_PFM","nearest_asset_distance_m":75,"consequence_weight":1.7,"idw_subsidence_mm":8.27,"risk_score":0.26,"risk_level":"Low"},"geometry":{"type":"Point","coordinates":[86.433345,23.763592]}},{"type":"Feature","properties":{"subsidence_mm":0.01,"tilt_deg":-0.00005,"strain_ue":0.04,"x_offset_m":300,"y_offset_m":-75,"source":"NCB_PFM","nearest_asset_distance_m":88,"consequence_weight":1.65,"idw_subsidence_mm":8.27,"risk_score":0.256,"risk_level":"Low"},"geometry":{"type":"Point","coordinates":[86.433345,23.763726]}},{"type":"Feature","properties":{"subsidence_mm":0.01,"tilt_deg":-0.00005,"strain_ue":0.04,"x_offset_m":300,"y_offset_m":-60,"source":"NCB_PFM","nearest_asset_distance_m":102,"consequence_weight":1.59,"idw_subsidence_mm":8.27,"risk_score":0.252,"risk_level":"Low"},"geometry":{"type":"Point","coordinates":[86.433345,23.763861]}},{"type":"Feature","properties":{"subsidence_mm":0.01,"tilt_deg":-0.00005,"strain_ue":0.04,"x_offset_m":300,"y_offset_m":-45,"source":"NCB_PFM","nearest_asset_distance_m":116,"consequence_weight":1.54,"idw_subsidence_mm":8.27,"risk_score":0.249,"risk_level":"Low"},"geometry":{"type":"Point","coordinates":[86.433345,23.763996]}},{"type":"Feature","properties":{"subsidence_mm":0.01,"tilt_deg":-0.00005,"strain_ue":0.04,"x_offset_m":300,"y_offset_m":-30,"source":"NCB_PFM","nearest_asset_distance_m":131,"consequence_weight":1.48,"idw_subsidence_mm":7.9,"risk_score":0.232,"risk_level":"Low"},"geometry":{"type":"Point","coordinates":[86.433345,23.764131]}},{"type":"Feature","properties":{"subsidence_mm":0.01,"tilt_deg":-0.00005,"strain_ue":0.04,"x_offset_m":300,"y_offset_m":-15,"source":"NCB_PFM","nearest_asset_distance_m":145,"consequence_weight":1.42,"idw_subsidence_mm":7.9,"risk_score":0.228,"risk_level":"Low"},"geometry":{"type":"Point","coordinates":[86.433345,23.764265]}},{"type":"Feature","properties":{"subsidence_mm":0.01,"tilt_deg":-0.00005,"strain_ue":0.04,"x_offset_m":300,"y_offset_m":0,"source":"NCB_PFM","nearest_asset_distance_m":160,"consequence_weight":1.36,"idw_subsidence_mm":7.9,"risk_score":0.224,"risk_level":"Low"},"geometry":{"type":"Point","coordinates":[86.433345,23.7644]}},{"type":"Feature","properties":{"subsidence_mm":0.01,"tilt_deg":-0.00005,"strain_ue":0.04,"x_offset_m":300,"y_offset_m":15,"source":"NCB_PFM","nearest_asset_distance_m":174,"consequence_weight":1.3,"idw_subsidence_mm":7.9,"risk_score":0.219,"risk_level":"Low"},"geometry":{"type":"Point","coordinates":[86.433345,23.764535]}},{"type":"Feature","properties":{"subsidence_mm":0.01,"tilt_deg":-0.00005,"strain_ue":0.04,"x_offset_m":300,"y_offset_m":30,"source":"NCB_PFM","nearest_asset_distance_m":189,"consequence_weight":1.24,"idw_subsidence_mm":7.9,"risk_score":0.215,"risk_level":"Low"},"geometry":{"type":"Point","coordinates":[86.433345,23.764669]}},{"type":"Feature","properties":{"subsidence_mm":0.01,"tilt_deg":-0.00005,"strain_ue":0.04,"x_offset_m":300,"y_offset_m":45,"source":"NCB_PFM","nearest_asset_distance_m":204,"consequence_weight":1.19,"idw_subsidence_mm":7.9,"risk_score":0.212,"risk_level":"Low"},"geometry":{"type":"Point","coordinates":[86.433345,23.764804]}},{"type":"Feature","properties":{"subsidence_mm":0.01,"tilt_deg":-0.00005,"strain_ue":0.04,"x_offset_m":300,"y_offset_m":60,"source":"NCB_PFM","nearest_asset_distance_m":218,"consequence_weight":1.13,"idw_subsidence_mm":7.9,"risk_score":0.207,"risk_level":"Low"},"geometry":{"type":"Point","coordinates":[86.433345,23.764939]}},{"type":"Feature","properties":{"subsidence_mm":0.01,"tilt_deg":-0.00005,"strain_ue":0.04,"x_offset_m":300,"y_offset_m":75,"source":"NCB_PFM","nearest_asset_distance_m":233,"consequence_weight":1.07,"idw_subsidence_mm":7.9,"risk_score":0.203,"risk_level":"Low"},"geometry":{"type":"Point","coordinates":[86.433345,23.765074]}},{"type":"Feature","properties":{"subsidence_mm":0.01,"tilt_deg":-0.00005,"strain_ue":0.04,"x_offset_m":300,"y_offset_m":90,"source":"NCB_PFM","nearest_asset_distance_m":240,"consequence_weight":1.56,"idw_subsidence_mm":7.9,"risk_score":0.238,"risk_level":"Low"},"geometry":{"type":"Point","coordinates":[86.433345,23.765208]}},{"type":"Feature","properties":{"subsidence_mm":0.01,"tilt_deg":-0.00005,"strain_ue":0.04,"x_offset_m":300,"y_offset_m":105,"source":"NCB_PFM","nearest_asset_distance_m":242,"consequence_weight":1.55,"idw_subsidence_mm":7.9,"risk_score":0.237,"risk_level":"Low"},"geometry":{"type":"Point","coordinates":[86.433345,23.765343]}},{"type":"Feature","properties":{"subsidence_mm":0.01,"tilt_deg":-0.00005,"strain_ue":0.04,"x_offset_m":300,"y_offset_m":120,"source":"NCB_PFM","nearest_asset_distance_m":244,"consequence_weight":1.53,"idw_subsidence_mm":7.9,"risk_score":0.235,"risk_level":"Low"},"geometry":{"type":"Point","coordinates":[86.433345,23.765478]}},{"type":"Feature","properties":{"subsidence_mm":0.01,"tilt_deg":-0.00005,"strain_ue":0.04,"x_offset_m":300,"y_offset_m":135,"source":"NCB_PFM","nearest_asset_distance_m":248,"consequence_weight":1.51,"idw_subsidence_mm":7.9,"risk_score":0.234,"risk_level":"Low"},"geometry":{"type":"Point","coordinates":[86.433345,23.765613]}},{"type":"Feature","properties":{"subsidence_mm":0.01,"tilt_deg":-0.00005,"strain_ue":0.04,"x_offset_m":300,"y_offset_m":150,"source":"NCB_PFM","nearest_asset_distance_m":253,"consequence_weight":1.48,"idw_subsidence_mm":7.9,"risk_score":0.232,"risk_level":"Low"},"geometry":{"type":"Point","coordinates":[86.433345,23.765747]}},{"type":"Feature","properties":{"subsidence_mm":0.01,"tilt_deg":-0.00005,"strain_ue":0.04,"x_offset_m":300,"y_offset_m":165,"source":"NCB_PFM","nearest_asset_distance_m":258,"consequence_weight":1.45,"idw_subsidence_mm":7.9,"risk_score":0.23,"risk_level":"Low"},"geometry":{"type":"Point","coordinates":[86.433345,23.765882]}},{"type":"Feature","properties":{"subsidence_mm":0.01,"tilt_deg":-0.00005,"strain_ue":0.04,"x_offset_m":300,"y_offset_m":180,"source":"NCB_PFM","nearest_asset_distance_m":264,"consequence_weight":1.42,"idw_subsidence_mm":7.9,"risk_score":0.228,"risk_level":"Low"},"geometry":{"type":"Point","coordinates":[86.433345,23.766017]}},{"type":"Feature","properties":{"subsidence_mm":0.01,"tilt_deg":-0.00005,"strain_ue":0.04,"x_offset_m":300,"y_offset_m":195,"source":"NCB_PFM","nearest_asset_distance_m":271,"consequence_weight":1.37,"idw_subsidence_mm":7.9,"risk_score":0.224,"risk_level":"Low"},"geometry":{"type":"Point","coordinates":[86.433345,23.766152]}},{"type":"Feature","properties":{"subsidence_mm":0.01,"tilt_deg":-0.00005,"strain_ue":0.04,"x_offset_m":300,"y_offset_m":210,"source":"NCB_PFM","nearest_asset_distance_m":278,"consequence_weight":1.33,"idw_subsidence_mm":7.9,"risk_score":0.221,"risk_level":"Low"},"geometry":{"type":"Point","coordinates":[86.433345,23.766286]}},{"type":"Feature","properties":{"subsidence_mm":0.01,"tilt_deg":-0.00005,"strain_ue":0.04,"x_offset_m":300,"y_offset_m":225,"source":"NCB_PFM","nearest_asset_distance_m":286,"consequence_weight":1.28,"idw_subsidence_mm":7.9,"risk_score":0.218,"risk_level":"Low"},"geometry":{"type":"Point","coordinates":[86.433345,23.766421]}},{"type":"Feature","properties":{"subsidence_mm":0.01,"tilt_deg":-0.00005,"strain_ue":0.04,"x_offset_m":300,"y_offset_m":240,"source":"NCB_PFM","nearest_asset_distance_m":295,"consequence_weight":1.23,"idw_subsidence_mm":7.9,"risk_score":0.214,"risk_level":"Low"},"geometry":{"type":"Point","coordinates":[86.433345,23.766556]}},{"type":"Feature","properties":{"subsidence_mm":0.01,"tilt_deg":-0.00005,"strain_ue":0.04,"x_offset_m":300,"y_offset_m":255,"source":"NCB_PFM","nearest_asset_distance_m":304,"consequence_weight":1.18,"idw_subsidence_mm":7.9,"risk_score":0.211,"risk_level":"Low"},"geometry":{"type":"Point","coordinates":[86.433345,23.766691]}},{"type":"Feature","properties":{"subsidence_mm":0.01,"tilt_deg":-0.00005,"strain_ue":0.04,"x_offset_m":300,"y_offset_m":270,"source":"NCB_PFM","nearest_asset_distance_m":313,"consequence_weight":1.12,"idw_subsidence_mm":6,"risk_score":0.144,"risk_level":"Low"},"geometry":{"type":"Point","coordinates":[86.433345,23.766825]}},{"type":"Feature","properties":{"subsidence_mm":0.01,"tilt_deg":-0.00005,"strain_ue":0.04,"x_offset_m":300,"y_offset_m":285,"source":"NCB_PFM","nearest_asset_distance_m":323,"consequence_weight":1.06,"idw_subsidence_mm":6,"risk_score":0.139,"risk_level":"Low"},"geometry":{"type":"Point","coordinates":[86.433345,23.76696]}},{"type":"Feature","properties":{"subsidence_mm":0.01,"tilt_deg":-0.00005,"strain_ue":0.04,"x_offset_m":300,"y_offset_m":300,"source":"NCB_PFM","nearest_asset_distance_m":333,"consequence_weight":1,"idw_subsidence_mm":6,"risk_score":0.135,"risk_level":"Low"},"geometry":{"type":"Point","coordinates":[86.433345,23.767095]}}]}