{"type":"FeatureCollection","features":[{"type":"Feature","properties":{"subsidence_mm":0.01,"tilt_deg":0.00005,"strain_ue":0.04,"x_offset_m":-300,"y_offset_m":-300,"source":"NCB_PFM","nearest_asset_distance_m":481,"consequence_weight":0.12},"geometry":{"type":"Point","coordinates":[86.427455,23.761705]}},{"type":"Feature","properties":{"subsidence_mm":0.01,"tilt_deg":0.00005,"strain_ue":0.04,"x_offset_m":-300,"y_offset_m":-285,"source":"NCB_PFM","nearest_asset_distance_m":466,"consequence_weight":0.2},"geometry":{"type":"Point","coordinates":[86.427455,23.76184]}},{"type":"Feature","properties":{"subsidence_mm":0.01,"tilt_deg":0.00005,"strain_ue":0.04,"x_offset_m":-300,"y_offset_m":-270,"source":"NCB_PFM","nearest_asset_distance_m":451,"consequence_weight":0.29},"geometry":{"type":"Point","coordinates":[86.427455,23.761975]}},{"type":"Feature","properties":{"subsidence_mm":0.01,"tilt_deg":0.00005,"strain_ue":0.04,"x_offset_m":-300,"y_offset_m":-255,"source":"NCB_PFM","nearest_asset_distance_m":436,"consequence_weight":0.38},"geometry":{"type":"Point","coordinates":[86.427455,23.762109]}},{"type":"Feature","properties":{"subsidence_mm":0.01,"tilt_deg":0.00005,"strain_ue":0.04,"x_offset_m":-300,"y_offset_m":-240,"source":"NCB_PFM","nearest_asset_distance_m":421,"consequence_weight":0.47},"geometry":{"type":"Point","coordinates":[86.427455,23.762244]}},{"type":"Feature","properties":{"subsidence_mm":0.01,"tilt_deg":0.00005,"strain_ue":0.04,"x_offset_m":-300,"y_offset_m":-225,"source":"NCB_PFM","nearest_asset_distance_m":406,"consequence_weight":0.56},"geometry":{"type":"Point","coordinates":[86.427455,23.762379]}},{"type":"Feature","properties":{"subsidence_mm":0.01,"tilt_deg":0.00005,"strain_ue":0.04,"x_offset_m":-300,"y_offset_m":-210,"source":"NCB_PFM","nearest_asset_distance_m":392,"consequence_weight":0.65},"geometry":{"type":"Point","coordinates":[86.427455,23.762514]}},{"type":"Feature","properties":{"subsidence_mm":0.01,"tilt_deg":0.00005,"strain_ue":0.04,"x_offset_m":-300,"y_offset_m":-195,"source":"NCB_PFM","nearest_asset_distance_m":377,"consequence_weight":0.74},"geometry":{"type":"Point","coordinates":[86.427455,23.762648]}},{"type":"Feature","properties":{"subsidence_mm":0.01,"tilt_deg":0.00005,"strain_ue":0.04,"x_offset_m":-300,"y_offset_m":-180,"source":"NCB_PFM","nearest_asset_distance_m":362,"consequence_weight":0.83},"geometry":{"type":"Point","coordinates":[86.427455,23.762783]}},{"type":"Feature","properties":{"subsidence_mm":0.01,"tilt_deg":0.00005,"strain_ue":0.04,"x_offset_m":-300,"y_offset_m":-165,"source":"NCB_PFM","nearest_asset_distance_m":347,"consequence_weight":0.92},"geometry":{"type":"Point","coordinates":[86.427455,23.762918]}},{"type":"Feature","properties":{"subsidence_mm":0.01,"tilt_deg":0.00005,"strain_ue":0.04,"x_offset_m":-300,"y_offset_m":-150,"source":"NCB_PFM","nearest_asset_distance_m":332,"consequence_weight":1.01},"geometry":{"type":"Point","coordinates":[86.427455,23.763053]}},{"type":"Feature","properties":{"subsidence_mm":0.01,"tilt_deg":0.00005,"strain_ue":0.04,"x_offset_m":-300,"y_offset_m":-135,"source":"NCB_PFM","nearest_asset_distance_m":318,"consequence_weight":1.09},"geometry":{"type":"Point","coordinates":[86.427455,23.763187]}},{"type":"Feature","properties":{"subsidence_mm":0.01,"tilt_deg":0.00005,"strain_ue":0.04,"x_offset_m":-300,"y_offset_m":-120,"source":"NCB_PFM","nearest_asset_distance_m":303,"consequence_weight":1.18},"geometry":{"type":"Point","coordinates":[86.427455,23.763322]}},{"type":"Feature","properties":{"subsidence_mm":0.01,"tilt_deg":0.00005,"strain_ue":0.04,"x_offset_m":-300,"y_offset_m":-105,"source":"NCB_PFM","nearest_asset_distance_m":288,"consequence_weight":1.27},"geometry":{"type":"Point","coordinates":[86.427455,23.763457]}},{"type":"Feature","properties":{"subsidence_mm":0.01,"tilt_deg":0.00005,"strain_ue":0.04,"x_offset_m":-300,"y_offset_m":-90,"source":"NCB_PFM","nearest_asset_distance_m":273,"consequence_weight":1.36},"geometry":{"type":"Point","coordinates":[86.427455,23.763592]}},{"type":"Feature","properties":{"subsidence_mm":0.01,"tilt_deg":0.00005,"strain_ue":0.04,"x_offset_m":-300,"y_offset_m":-75,"source":"NCB_PFM","nearest_asset_distance_m":259,"consequence_weight":1.45},"geometry":{"type":"Point","coordinates":[86.427455,23.763726]}},{"type":"Feature","properties":{"subsidence_mm":0.01,"tilt_deg":0.00005,"strain_ue":0.04,"x_offset_m":-300,"y_offset_m":-60,"source":"NCB_PFM","nearest_asset_distance_m":244,"consequence_weight":1.53},"geometry":{"type":"Point","coordinates":[86.427455,23.763861]}},{"type":"Feature","properties":{"subsidence_mm":0.01,"tilt_deg":0.00005,"strain_ue":0.04,"x_offset_m":-300,"y_offset_m":-45,"source":"NCB_PFM","nearest_asset_distance_m":230,"consequence_weight":1.62},"geometry":{"type":"Point","coordinates":[86.427455,23.763996]}},{"type":"Feature","properties":{"subsidence_mm":0.01,"tilt_deg":0.00005,"strain_ue":0.04,"x_offset_m":-300,"y_offset_m":-30,"source":"NCB_PFM","nearest_asset_distance_m":215,"consequence_weight":1.71},"geometry":{"type":"Point","coordinates":[86.427455,23.764131]}},{"type":"Feature","properties":{"subsidence_mm":0.01,"tilt_deg":0.00005,"strain_ue":0.04,"x_offset_m":-300,"y_offset_m":-15,"source":"NCB_PFM","nearest_asset_distance_m":201,"consequence_weight":1.8},"geometry":{"type":"Point","coordinates":[86.427455,23.764265]}},{"type":"Feature","properties":{"subsidence_mm":0.01,"tilt_deg":0.00005,"strain_ue":0.04,"x_offset_m":-300,"y_offset_m":0,"source":"NCB_PFM","nearest_asset_distance_m":186,"consequence_weight":1.88},"geometry":{"type":"Point","coordinates":[86.427455,23.7644]}},{"type":"Feature","properties":{"subsidence_mm":0.01,"tilt_deg":0.00005,"strain_ue":0.04,"x_offset_m":-300,"y_offset_m":15,"source":"NCB_PFM","nearest_asset_distance_m":172,"consequence_weight":1.97},"geometry":{"type":"Point","coordinates":[86.427455,23.764535]}},{"type":"Feature","properties":{"subsidence_mm":0.01,"tilt_deg":0.00005,"strain_ue":0.04,"x_offset_m":-300,"y_offset_m":30,"source":"NCB_PFM","nearest_asset_distance_m":158,"consequence_weight":2.05},"geometry":{"type":"Point","coordinates":[86.427455,23.764669]}},{"type":"Feature","properties":{"subsidence_mm":0.01,"tilt_deg":0.00005,"strain_ue":0.04,"x_offset_m":-300,"y_offset_m":45,"source":"NCB_PFM","nearest_asset_distance_m":144,"consequence_weight":2.14},"geometry":{"type":"Point","coordinates":[86.427455,23.764804]}},{"type":"Feature","properties":{"subsidence_mm":0.01,"tilt_deg":0.00005,"strain_ue":0.04,"x_offset_m":-300,"y_offset_m":60,"source":"NCB_PFM","nearest_asset_distance_m":130,"consequence_weight":2.22},"geometry":{"type":"Point","coordinates":[86.427455,23.764939]}},{"type":"Feature","properties":{"subsidence_mm":0.01,"tilt_deg":0.00005,"strain_ue":0.04,"x_offset_m":-300,"y_offset_m":75,"source":"NCB_PFM","nearest_asset_distance_m":117,"consequence_weight":2.3},"geometry":{"type":"Point","coordinates":[86.427455,23.765074]}},{"type":"Feature","properties":{"subsidence_mm":0.01,"tilt_deg":0.00005,"strain_ue":0.04,"x_offset_m":-300,"y_offset_m":90,"source":"NCB_PFM","nearest_asset_distance_m":104,"consequence_weight":2.38},"geometry":{"type":"Point","coordinates":[86.427455,23.765208]}},{"type":"Feature","properties":{"subsidence_mm":0.01,"tilt_deg":0.00005,"strain_ue":0.04,"x_offset_m":-300,"y_offset_m":105,"source":"NCB_PFM","nearest_asset_distance_m":92,"consequence_weight":2.45},"geometry":{"type":"Point","coordinates":[86.427455,23.765343]}},{"type":"Feature","properties":{"subsidence_mm":0.01,"tilt_deg":0.00005,"strain_ue":0.04,"x_offset_m":-300,"y_offset_m":120,"source":"NCB_PFM","nearest_asset_distance_m":80,"consequence_weight":2.52},"geometry":{"type":"Point","coordinates":[86.427455,23.765478]}},{"type":"Feature","properties":{"subsidence_mm":0.01,"tilt_deg":0.00005,"strain_ue":0.04,"x_offset_m":-300,"y_offset_m":135,"source":"NCB_PFM","nearest_asset_distance_m":70,"consequence_weight":2.58},"geometry":{"type":"Point","coordinates":[86.427455,23.765613]}},{"type":"Feature","properties":{"subsidence_mm":0.01,"tilt_deg":0.00005,"strain_ue":0.04,"x_offset_m":-300,"y_offset_m":150,"source":"NCB_PFM","nearest_asset_distance_m":62,"consequence_weight":2.63},"geometry":{"type":"Point","coordinates":[86.427455,23.765747]}},{"type":"Feature","properties":{"subsidence_mm":0.01,"tilt_deg":0.00005,"strain_ue":0.04,"x_offset_m":-300,"y_offset_m":165,"source":"NCB_PFM","nearest_asset_distance_m":57,"consequence_weight":2.66},"geometry":{"type":"Point","coordinates":[86.427455,23.765882]}},{"type":"Feature","properties":{"subsidence_mm":0.01,"tilt_deg":0.00005,"strain_ue":0.04,"x_offset_m":-300,"y_offset_m":180,"source":"NCB_PFM","nearest_asset_distance_m":55,"consequence_weight":2.67},"geometry":{"type":"Point","coordinates":[86.427455,23.766017]}},{"type":"Feature","properties":{"subsidence_mm":0.01,"tilt_deg":0.00005,"strain_ue":0.04,"x_offset_m":-300,"y_offset_m":195,"source":"NCB_PFM","nearest_asset_distance_m":58,"consequence_weight":2.65},"geometry":{"type":"Point","coordinates":[86.427455,23.766152]}},{"type":"Feature","properties":{"subsidence_mm":0.01,"tilt_deg":0.00005,"strain_ue":0.04,"x_offset_m":-300,"y_offset_m":210,"source":"NCB_PFM","nearest_asset_distance_m":64,"consequence_weight":2.62},"geometry":{"type":"Point","coordinates":[86.427455,23.766286]}},{"type":"Feature","properties":{"subsidence_mm":0.01,"tilt_deg":0.00005,"strain_ue":0.04,"x_offset_m":-300,"y_offset_m":225,"source":"NCB_PFM","nearest_asset_distance_m":73,"consequence_weight":2.56},"geometry":{"type":"Point","coordinates":[86.427455,23.766421]}},{"type":"Feature","properties":{"subsidence_mm":0.01,"tilt_deg":0.00005,"strain_ue":0.04,"x_offset_m":-300,"y_offset_m":240,"source":"NCB_PFM","nearest_asset_distance_m":83,"consequence_weight":2.5},"geometry":{"type":"Point","coordinates":[86.427455,23.766556]}},{"type":"Feature","properties":{"subsidence_mm":0.01,"tilt_deg":0.00005,"strain_ue":0.04,"x_offset_m":-300,"y_offset_m":255,"source":"NCB_PFM","nearest_asset_distance_m":95,"consequence_weight":2.43},"geometry":{"type":"Point","coordinates":[86.427455,23.766691]}},{"type":"Feature","properties":{"subsidence_mm":0.01,"tilt_deg":0.00005,"strain_ue":0.04,"x_offset_m":-300,"y_offset_m":270,"source":"NCB_PFM","nearest_asset_distance_m":107,"consequence_weight":2.36},"geometry":{"type":"Point","coordinates":[86.427455,23.766825]}},{"type":"Feature","properties":{"subsidence_mm":0.01,"tilt_deg":0.00005,"strain_ue":0.04,"x_offset_m":-300,"y_offset_m":285,"source":"NCB_PFM","nearest_asset_distance_m":120,"consequence_weight":2.28},"geometry":{"type":"Point","coordinates":[86.427455,23.76696]}},{"type":"Feature","properties":{"subsidence_mm":0.01,"tilt_deg":0.00005,"strain_ue":0.04,"x_offset_m":-300,"y_offset_m":300,"source":"NCB_PFM","nearest_asset_distance_m":134,"consequence_weight":2.2},"geometry":{"type":"Point","coordinates":[86.427455,23.767095]}},{"type":"Feature","properties":{"subsidence_mm":0.03,"tilt_deg":0.00009,"strain_ue":0.08,"x_offset_m":-285,"y_offset_m":-300,"source":"NCB_PFM","nearest_asset_distance_m":479,"consequence_weight":0.12},"geometry":{"type":"Point","coordinates":[86.427603,23.761705]}},{"type":"Feature","properties":{"subsidence_mm":0.03,"tilt_deg":0.00009,"strain_ue":0.08,"x_offset_m":-285,"y_offset_m":-285,"source":"NCB_PFM","nearest_asset_distance_m":464,"consequence_weight":0.21},"geometry":{"type":"Point","coordinates":[86.427603,23.76184]}},{"type":"Feature","properties":{"subsidence_mm":0.03,"tilt_deg":0.00009,"strain_ue":0.08,"x_offset_m":-285,"y_offset_m":-270,"source":"NCB_PFM","nearest_asset_distance_m":449,"consequence_weight":0.3},"geometry":{"type":"Point","coordinates":[86.427603,23.761975]}},{"type":"Feature","properties":{"subsidence_mm":0.03,"tilt_deg":0.00009,"strain_ue":0.08,"x_offset_m":-285,"y_offset_m":-255,"source":"NCB_PFM","nearest_asset_distance_m":435,"consequence_weight":0.39},"geometry":{"type":"Point","coordinates":[86.427603,23.762109]}},{"type":"Feature","properties":{"subsidence_mm":0.03,"tilt_deg":0.00009,"strain_ue":0.08,"x_offset_m":-285,"y_offset_m":-240,"source":"NCB_PFM","nearest_asset_distance_m":420,"consequence_weight":0.48},"geometry":{"type":"Point","coordinates":[86.427603,23.762244]}},{"type":"Feature","properties":{"subsidence_mm":0.03,"tilt_deg":0.00009,"strain_ue":0.08,"x_offset_m":-285,"y_offset_m":-225,"source":"NCB_PFM","nearest_asset_distance_m":405,"consequence_weight":0.57},"geometry":{"type":"Point","coordinates":[86.427603,23.762379]}},{"type":"Feature","properties":{"subsidence_mm":0.03,"tilt_deg":0.00009,"strain_ue":0.08,"x_offset_m":-285,"y_offset_m":-210,"source":"NCB_PFM","nearest_asset_distance_m":390,"consequence_weight":0.66},"geometry":{"type":"Point","coordinates":[86.427603,23.762514]}},{"type":"Feature","properties":{"subsidence_mm":0.03,"tilt_deg":0.00009,"strain_ue":0.08,"x_offset_m":-285,"y_offset_m":-195,"source":"NCB_PFM","nearest_asset_distance_m":375,"consequence_weight":0.75},"geometry":{"type":"Point","coordinates":[86.427603,23.762648]}},{"type":"Feature","properties":{"subsidence_mm":0.03,"tilt_deg":0.00009,"strain_ue":0.08,"x_offset_m":-285,"y_offset_m":-180,"source":"NCB_PFM","nearest_asset_distance_m":360,"consequence_weight":0.84},"geometry":{"type":"Point","coordinates":[86.427603,23.762783]}},{"type":"Feature","properties":{"subsidence_mm":0.03,"tilt_deg":0.00009,"strain_ue":0.08,"x_offset_m":-285,"y_offset_m":-165,"source":"NCB_PFM","nearest_asset_distance_m":345,"consequence_weight":0.93},"geometry":{"type":"Point","coordinates":[86.427603,23.762918]}},{"type":"Feature","properties":{"subsidence_mm":0.03,"tilt_deg":0.00009,"strain_ue":0.08,"x_offset_m":-285,"y_offset_m":-150,"source":"NCB_PFM","nearest_asset_distance_m":330,"consequence_weight":1.02},"geometry":{"type":"Point","coordinates":[86.427603,23.763053]}},{"type":"Feature","properties":{"subsidence_mm":0.03,"tilt_deg":0.00009,"strain_ue":0.08,"x_offset_m":-285,"y_offset_m":-135,"source":"NCB_PFM","nearest_asset_distance_m":315,"consequence_weight":1.11},"geometry":{"type":"Point","coordinates":[86.427603,23.763187]}},{"type":"Feature","properties":{"subsidence_mm":0.03,"tilt_deg":0.00009,"strain_ue":0.08,"x_offset_m":-285,"y_offset_m":-120,"source":"NCB_PFM","nearest_asset_distance_m":301,"consequence_weight":1.2},"geometry":{"type":"Point","coordinates":[86.427603,23.763322]}},{"type":"Feature","properties":{"subsidence_mm":0.03,"tilt_deg":0.00009,"strain_ue":0.08,"x_offset_m":-285,"y_offset_m":-105,"source":"NCB_PFM","nearest_asset_distance_m":286,"consequence_weight":1.29},"geometry":{"type":"Point","coordinates":[86.427603,23.763457]}},{"type":"Feature","properties":{"subsidence_mm":0.03,"tilt_deg":0.00009,"strain_ue":0.08,"x_offset_m":-285,"y_offset_m":-90,"source":"NCB_PFM","nearest_asset_distance_m":271,"consequence_weight":1.38},"geometry":{"type":"Point","coordinates":[86.427603,23.763592]}},{"type":"Feature","properties":{"subsidence_mm":0.03,"tilt_deg":0.00009,"strain_ue":0.08,"x_offset_m":-285,"y_offset_m":-75,"source":"NCB_PFM","nearest_asset_distance_m":256,"consequence_weight":1.46},"geometry":{"type":"Point","coordinates":[86.427603,23.763726]}},{"type":"Feature","properties":{"subsidence_mm":0.03,"tilt_deg":0.00009,"strain_ue":0.08,"x_offset_m":-285,"y_offset_m":-60,"source":"NCB_PFM","nearest_asset_distance_m":241,"consequence_weight":1.55},"geometry":{"type":"Point","coordinates":[86.427603,23.763861]}},{"type":"Feature","properties":{"subsidence_mm":0.03,"tilt_deg":0.00009,"strain_ue":0.08,"x_offset_m":-285,"y_offset_m":-45,"source":"NCB_PFM","nearest_asset_distance_m":226,"consequence_weight":1.64},"geometry":{"type":"Point","coordinates":[86.427603,23.763996]}},{"type":"Feature","properties":{"subsidence_mm":0.03,"tilt_deg":0.00009,"strain_ue":0.08,"x_offset_m":-285,"y_offset_m":-30,"source":"NCB_PFM","nearest_asset_distance_m":212,"consequence_weight":1.73},"geometry":{"type":"Point","coordinates":[86.427603,23.764131]}},{"type":"Feature","properties":{"subsidence_mm":0.03,"tilt_deg":0.00009,"strain_ue":0.08,"x_offset_m":-285,"y_offset_m":-15,"source":"NCB_PFM","nearest_asset_distance_m":197,"consequence_weight":1.82},"geometry":{"type":"Point","coordinates":[86.427603,23.764265]}},{"type":"Feature","properties":{"subsidence_mm":0.03,"tilt_deg":0.00009,"strain_ue":0.08,"x_offset_m":-285,"y_offset_m":0,"source":"NCB_PFM","nearest_asset_distance_m":182,"consequence_weight":1.91},"geometry":{"type":"Point","coordinates":[86.427603,23.7644]}},{"type":"Feature","properties":{"subsidence_mm":0.03,"tilt_deg":0.00009,"strain_ue":0.08,"x_offset_m":-285,"y_offset_m":15,"source":"NCB_PFM","nearest_asset_distance_m":168,"consequence_weight":1.99},"geometry":{"type":"Point","coordinates":[86.427603,23.764535]}},{"type":"Feature","properties":{"subsidence_mm":0.03,"tilt_deg":0.00009,"strain_ue":0.08,"x_offset_m":-285,"y_offset_m":30,"source":"NCB_PFM","nearest_asset_distance_m":153,"consequence_weight":2.08},"geometry":{"type":"Point","coordinates":[86.427603,23.764669]}},{"type":"Feature","properties":{"subsidence_mm":0.03,"tilt_deg":0.00009,"strain_ue":0.08,"x_offset_m":-285,"y_offset_m":45,"source":"NCB_PFM","nearest_asset_distance_m":139,"consequence_weight":2.17},"geometry":{"type":"Point","coordinates":[86.427603,23.764804]}},{"type":"Feature","properties":{"subsidence_mm":0.03,"tilt_deg":0.00009,"strain_ue":0.08,"x_offset_m":-285,"y_offset_m":60,"source":"NCB_PFM","nearest_asset_distance_m":125,"consequence_weight":2.25},"geometry":{"type":"Point","coordinates":[86.427603,23.764939]}},{"type":"Feature","properties":{"subsidence_mm":0.03,"tilt_deg":0.00009,"strain_ue":0.08,"x_offset_m":-285,"y_offset_m":75,"source":"NCB_PFM","nearest_asset_distance_m":111,"consequence_weight":2.34},"geometry":{"type":"Point","coordinates":[86.427603,23.765074]}},{"type":"Feature","properties":{"subsidence_mm":0.03,"tilt_deg":0.00009,"strain_ue":0.08,"x_offset_m":-285,"y_offset_m":90,"source":"NCB_PFM","nearest_asset_distance_m":97,"consequence_weight":2.42},"geometry":{"type":"Point","coordinates":[86.427603,23.765208]}},{"type":"Feature","properties":{"subsidence_mm":0.03,"tilt_deg":0.00009,"strain_ue":0.08,"x_offset_m":-285,"y_offset_m":105,"source":"NCB_PFM","nearest_asset_distance_m":83,"consequence_weight":2.5},"geometry":{"type":"Point","coordinates":[86.427603,23.765343]}},{"type":"Feature","properties":{"subsidence_mm":0.03,"tilt_deg":0.00009,"strain_ue":0.08,"x_offset_m":-285,"y_offset_m":120,"source":"NCB_PFM","nearest_asset_distance_m":71,"consequence_weight":2.58},"geometry":{"type":"Point","coordinates":[86.427603,23.765478]}},{"type":"Feature","properties":{"subsidence_mm":0.03,"tilt_deg":0.00009,"strain_ue":0.08,"x_offset_m":-285,"y_offset_m":135,"source":"NCB_PFM","nearest_asset_distance_m":59,"consequence_weight":2.65},"geometry":{"type":"Point","coordinates":[86.427603,23.765613]}},{"type":"Feature","properties":{"subsidence_mm":0.03,"tilt_deg":0.00009,"strain_ue":0.08,"x_offset_m":-285,"y_offset_m":150,"source":"NCB_PFM","nearest_asset_distance_m":49,"consequence_weight":2.7},"geometry":{"type":"Point","coordinates":[86.427603,23.765747]}},{"type":"Feature","properties":{"subsidence_mm":0.03,"tilt_deg":0.00009,"strain_ue":0.08,"x_offset_m":-285,"y_offset_m":165,"source":"NCB_PFM","nearest_asset_distance_m":42,"consequence_weight":2.75},"geometry":{"type":"Point","coordinates":[86.427603,23.765882]}},{"type":"Feature","properties":{"subsidence_mm":0.03,"tilt_deg":0.00009,"strain_ue":0.08,"x_offset_m":-285,"y_offset_m":180,"source":"NCB_PFM","nearest_asset_distance_m":40,"consequence_weight":2.76},"geometry":{"type":"Point","coordinates":[86.427603,23.766017]}},{"type":"Feature","properties":{"subsidence_mm":0.03,"tilt_deg":0.00009,"strain_ue":0.08,"x_offset_m":-285,"y_offset_m":195,"source":"NCB_PFM","nearest_asset_distance_m":44,"consequence_weight":2.74},"geometry":{"type":"Point","coordinates":[86.427603,23.766152]}},{"type":"Feature","properties":{"subsidence_mm":0.03,"tilt_deg":0.00009,"strain_ue":0.08,"x_offset_m":-285,"y_offset_m":210,"source":"NCB_PFM","nearest_asset_distance_m":51,"consequence_weight":2.69},"geometry":{"type":"Point","coordinates":[86.427603,23.766286]}},{"type":"Feature","properties":{"subsidence_mm":0.03,"tilt_deg":0.00009,"strain_ue":0.08,"x_offset_m":-285,"y_offset_m":225,"source":"NCB_PFM","nearest_asset_distance_m":62,"consequence_weight":2.63},"geometry":{"type":"Point","coordinates":[86.427603,23.766421]}},{"type":"Feature","properties":{"subsidence_mm":0.03,"tilt_deg":0.00009,"strain_ue":0.08,"x_offset_m":-285,"y_offset_m":240,"source":"NCB_PFM","nearest_asset_distance_m":74,"consequence_weight":2.56},"geometry":{"type":"Point","coordinates":[86.427603,23.766556]}},{"type":"Feature","properties":{"subsidence_mm":0.03,"tilt_deg":0.00009,"strain_ue":0.08,"x_offset_m":-285,"y_offset_m":255,"source":"NCB_PFM","nearest_asset_distance_m":87,"consequence_weight":2.48},"geometry":{"type":"Point","coordinates":[86.427603,23.766691]}},{"type":"Feature","properties":{"subsidence_mm":0.03,"tilt_deg":0.00009,"strain_ue":0.08,"x_offset_m":-285,"y_offset_m":270,"source":"NCB_PFM","nearest_asset_distance_m":100,"consequence_weight":2.4},"geometry":{"type":"Point","coordinates":[86.427603,23.766825]}},{"type":"Feature","properties":{"subsidence_mm":0.03,"tilt_deg":0.00009,"strain_ue":0.08,"x_offset_m":-285,"y_offset_m":285,"source":"NCB_PFM","nearest_asset_distance_m":114,"consequence_weight":2.32},"geometry":{"type":"Point","coordinates":[86.427603,23.76696]}},{"type":"Feature","properties":{"subsidence_mm":0.03,"tilt_deg":0.00009,"strain_ue":0.08,"x_offset_m":-285,"y_offset_m":300,"source":"NCB_PFM","nearest_asset_distance_m":128,"consequence_weight":2.23},"geometry":{"type":"Point","coordinates":[86.427603,23.767095]}},{"type":"Feature","properties":{"subsidence_mm":0.06,"tilt_deg":0.00019,"strain_ue":0.2,"x_offset_m":-270,"y_offset_m":-300,"source":"NCB_PFM","nearest_asset_distance_m":478,"consequence_weight":0.13},"geometry":{"type":"Point","coordinates":[86.42775,23.761705]}},{"type":"Feature","properties":{"subsidence_mm":0.06,"tilt_deg":0.00019,"strain_ue":0.2,"x_offset_m":-270,"y_offset_m":-285,"source":"NCB_PFM","nearest_asset_distance_m":463,"consequence_weight":0.22},"geometry":{"type":"Point","coordinates":[86.42775,23.76184]}},{"type":"Feature","properties":{"subsidence_mm":0.06,"tilt_deg":0.00019,"strain_ue":0.2,"x_offset_m":-270,"y_offset_m":-270,"source":"NCB_PFM","nearest_asset_distance_m":448,"consequence_weight":0.31},"geometry":{"type":"Point","coordinates":[86.42775,23.761975]}},{"type":"Feature","properties":{"subsidence_mm":0.06,"tilt_deg":0.00019,"strain_ue":0.2,"x_offset_m":-270,"y_offset_m":-255,"source":"NCB_PFM","nearest_asset_distance_m":433,"consequence_weight":0.4},"geometry":{"type":"Point","coordinates":[86.42775,23.762109]}},{"type":"Feature","properties":{"subsidence_mm":0.06,"tilt_deg":0.00019,"strain_ue":0.2,"x_offset_m":-270,"y_offset_m":-240,"source":"NCB_PFM","nearest_asset_distance_m":418,"consequence_weight":0.49},"geometry":{"type":"Point","coordinates":[86.42775,23.762244]}},{"type":"Feature","properties":{"subsidence_mm":0.06,"tilt_deg":0.00019,"strain_ue":0.2,"x_offset_m":-270,"y_offset_m":-225,"source":"NCB_PFM","nearest_asset_distance_m":403,"consequence_weight":0.58},"geometry":{"type":"Point","coordinates":[86.42775,23.762379]}},{"type":"Feature","properties":{"subsidence_mm":0.06,"tilt_deg":0.00019,"strain_ue":0.2,"x_offset_m":-270,"y_offset_m":-210,"source":"NCB_PFM","nearest_asset_distance_m":388,"consequence_weight":0.67},"geometry":{"type":"Point","coordinates":[86.42775,23.762514]}},{"type":"Feature","properties":{"subsidence_mm":0.06,"tilt_deg":0.00019,"strain_ue":0.2,"x_offset_m":-270,"y_offset_m":-195,"source":"NCB_PFM","nearest_asset_distance_m":374,"consequence_weight":0.76},"geometry":{"type":"Point","coordinates":[86.42775,23.762648]}},{"type":"Feature","properties":{"subsidence_mm":0.06,"tilt_deg":0.00019,"strain_ue":0.2,"x_offset_m":-270,"y_offset_m":-180,"source":"NCB_PFM","nearest_asset_distance_m":359,"consequence_weight":0.85},"geometry":{"type":"Point","coordinates":[86.42775,23.762783]}},{"type":"Feature","properties":{"subsidence_mm":0.06,"tilt_deg":0.00019,"strain_ue":0.2,"x_offset_m":-270,"y_offset_m":-165,"source":"NCB_PFM","nearest_asset_distance_m":344,"consequence_weight":0.94},"geometry":{"type":"Point","coordinates":[86.42775,23.762918]}},{"type":"Feature","properties":{"subsidence_mm":0.06,"tilt_deg":0.00019,"strain_ue":0.2,"x_offset_m":-270,"y_offset_m":-150,"source":"NCB_PFM","nearest_asset_distance_m":329,"consequence_weight":1.03},"geometry":{"type":"Point","coordinates":[86.42775,23.763053]}},{"type":"Feature","properties":{"subsidence_mm":0.06,"tilt_deg":0.00019,"strain_ue":0.2,"x_offset_m":-270,"y_offset_m":-135,"source":"NCB_PFM","nearest_asset_distance_m":314,"consequence_weight":1.12},"geometry":{"type":"Point","coordinates":[86.42775,23.763187]}},{"type":"Feature","properties":{"subsidence_mm":0.06,"tilt_deg":0.00019,"strain_ue":0.2,"x_offset_m":-270,"y_offset_m":-120,"source":"NCB_PFM","nearest_asset_distance_m":299,"consequence_weight":1.21},"geometry":{"type":"Point","coordinates":[86.42775,23.763322]}},{"type":"Feature","properties":{"subsidence_mm":0.06,"tilt_deg":0.00019,"strain_ue":0.2,"x_offset_m":-270,"y_offset_m":-105,"source":"NCB_PFM","nearest_asset_distance_m":284,"consequence_weight":1.3},"geometry":{"type":"Point","coordinates":[86.42775,23.763457]}},{"type":"Feature","properties":{"subsidence_mm":0.06,"tilt_deg":0.00019,"strain_ue":0.2,"x_offset_m":-270,"y_offset_m":-90,"source":"NCB_PFM","nearest_asset_distance_m":269,"consequence_weight":1.39},"geometry":{"type":"Point","coordinates":[86.42775,23.763592]}},{"type":"Feature","properties":{"subsidence_mm":0.06,"tilt_deg":0.00019,"strain_ue":0.2,"x_offset_m":-270,"y_offset_m":-75,"source":"NCB_PFM","nearest_asset_distance_m":254,"consequence_weight":1.48},"geometry":{"type":"Point","coordinates":[86.42775,23.763726]}},{"type":"Feature","properties":{"subsidence_mm":0.06,"tilt_deg":0.00019,"strain_ue":0.2,"x_offset_m":-270,"y_offset_m":-60,"source":"NCB_PFM","nearest_asset_distance_m":239,"consequence_weight":1.56},"geometry":{"type":"Point","coordinates":[86.42775,23.763861]}},{"type":"Feature","properties":{"subsidence_mm":0.06,"tilt_deg":0.00019,"strain_ue":0.2,"x_offset_m":-270,"y_offset_m":-45,"source":"NCB_PFM","nearest_asset_distance_m":224,"consequence_weight":1.65},"geometry":{"type":"Point","coordinates":[86.42775,23.763996]}},{"type":"Feature","properties":{"subsidence_mm":0.06,"tilt_deg":0.00019,"strain_ue":0.2,"x_offset_m":-270,"y_offset_m":-30,"source":"NCB_PFM","nearest_asset_distance_m":209,"consequence_weight":1.74},"geometry":{"type":"Point","coordinates":[86.42775,23.764131]}},{"type":"Feature","properties":{"subsidence_mm":0.06,"tilt_deg":0.00019,"strain_ue":0.2,"x_offset_m":-270,"y_offset_m":-15,"source":"NCB_PFM","nearest_asset_distance_m":195,"consequence_weight":1.83},"geometry":{"type":"Point","coordinates":[86.42775,23.764265]}},{"type":"Feature","properties":{"subsidence_mm":0.06,"tilt_deg":0.00019,"strain_ue":0.2,"x_offset_m":-270,"y_offset_m":0,"source":"NCB_PFM","nearest_asset_distance_m":180,"consequence_weight":1.92},"geometry":{"type":"Point","coordinates":[86.42775,23.7644]}},{"type":"Feature","properties":{"subsidence_mm":0.06,"tilt_deg":0.00019,"strain_ue":0.2,"x_offset_m":-270,"y_offset_m":15,"source":"NCB_PFM","nearest_asset_distance_m":165,"consequence_weight":2.01},"geometry":{"type":"Point","coordinates":[86.42775,23.764535]}},{"type":"Feature","properties":{"subsidence_mm":0.06,"tilt_deg":0.00019,"strain_ue":0.2,"x_offset_m":-270,"y_offset_m":30,"source":"NCB_PFM","nearest_asset_distance_m":150,"consequence_weight":2.1},"geometry":{"type":"Point","coordinates":[86.42775,23.764669]}},{"type":"Feature","properties":{"subsidence_mm":0.06,"tilt_deg":0.00019,"strain_ue":0.2,"x_offset_m":-270,"y_offset_m":45,"source":"NCB_PFM","nearest_asset_distance_m":135,"consequence_weight":2.19},"geometry":{"type":"Point","coordinates":[86.42775,23.764804]}},{"type":"Feature","properties":{"subsidence_mm":0.06,"tilt_deg":0.00019,"strain_ue":0.2,"x_offset_m":-270,"y_offset_m":60,"source":"NCB_PFM","nearest_asset_distance_m":121,"consequence_weight":2.28},"geometry":{"type":"Point","coordinates":[86.42775,23.764939]}},{"type":"Feature","properties":{"subsidence_mm":0.06,"tilt_deg":0.00019,"strain_ue":0.2,"x_offset_m":-270,"y_offset_m":75,"source":"NCB_PFM","nearest_asset_distance_m":106,"consequence_weight":2.36},"geometry":{"type":"Point","coordinates":[86.42775,23.765074]}},{"type":"Feature","properties":{"subsidence_mm":0.06,"tilt_deg":0.00019,"strain_ue":0.2,"x_offset_m":-270,"y_offset_m":90,"source":"NCB_PFM","nearest_asset_distance_m":92,"consequence_weight":2.45},"geometry":{"type":"Point","coordinates":[86.42775,23.765208]}},{"type":"Feature","properties":{"subsidence_mm":0.06,"tilt_deg":0.00019,"strain_ue":0.2,"x_offset_m":-270,"y_offset_m":105,"source":"NCB_PFM","nearest_asset_distance_m":77,"consequence_weight":2.54},"geometry":{"type":"Point","coordinates":[86.42775,23.765343]}},{"type":"Feature","properties":{"subsidence_mm":0.06,"tilt_deg":0.00019,"strain_ue":0.2,"x_offset_m":-270,"y_offset_m":120,"source":"NCB_PFM","nearest_asset_distance_m":63,"consequence_weight":2.62},"geometry":{"type":"Point","coordinates":[86.42775,23.765478]}},{"type":"Feature","properties":{"subsidence_mm":0.06,"tilt_deg":0.00019,"strain_ue":0.2,"x_offset_m":-270,"y_offset_m":135,"source":"NCB_PFM","nearest_asset_distance_m":50,"consequence_weight":2.7},"geometry":{"type":"Point","coordinates":[86.42775,23.765613]}},{"type":"Feature","properties":{"subsidence_mm":0.06,"tilt_deg":0.00019,"strain_ue":0.2,"x_offset_m":-270,"y_offset_m":150,"source":"NCB_PFM","nearest_asset_distance_m":38,"consequence_weight":2.77},"geometry":{"type":"Point","coordinates":[86.42775,23.765747]}},{"type":"Feature","properties":{"subsidence_mm":0.06,"tilt_deg":0.00019,"strain_ue":0.2,"x_offset_m":-270,"y_offset_m":165,"source":"NCB_PFM","nearest_asset_distance_m":29,"consequence_weight":2.83},"geometry":{"type":"Point","coordinates":[86.42775,23.765882]}},{"type":"Feature","properties":{"subsidence_mm":0.06,"tilt_deg":0.00019,"strain_ue":0.2,"x_offset_m":-270,"y_offset_m":180,"source":"NCB_PFM","nearest_asset_distance_m":26,"consequence_weight":2.85},"geometry":{"type":"Point","coordinates":[86.42775,23.766017]}},{"type":"Feature","properties":{"subsidence_mm":0.06,"tilt_deg":0.00019,"strain_ue":0.2,"x_offset_m":-270,"y_offset_m":195,"source":"NCB_PFM","nearest_asset_distance_m":31,"consequence_weight":2.82},"geometry":{"type":"Point","coordinates":[86.42775,23.766152]}},{"type":"Feature","properties":{"subsidence_mm":0.06,"tilt_deg":0.00019,"strain_ue":0.2,"x_offset_m":-270,"y_offset_m":210,"source":"NCB_PFM","nearest_asset_distance_m":41,"consequence_weight":2.76},"geometry":{"type":"Point","coordinates":[86.42775,23.766286]}},{"type":"Feature","properties":{"subsidence_mm":0.06,"tilt_deg":0.00019,"strain_ue":0.2,"x_offset_m":-270,"y_offset_m":225,"source":"NCB_PFM","nearest_asset_distance_m":53,"consequence_weight":2.68},"geometry":{"type":"Point","coordinates":[86.42775,23.766421]}},{"type":"Feature","properties":{"subsidence_mm":0.06,"tilt_deg":0.00019,"strain_ue":0.2,"x_offset_m":-270,"y_offset_m":240,"source":"NCB_PFM","nearest_asset_distance_m":67,"consequence_weight":2.6},"geometry":{"type":"Point","coordinates":[86.42775,23.766556]}},{"type":"Feature","properties":{"subsidence_mm":0.06,"tilt_deg":0.00019,"strain_ue":0.2,"x_offset_m":-270,"y_offset_m":255,"source":"NCB_PFM","nearest_asset_distance_m":81,"consequence_weight":2.51},"geometry":{"type":"Point","coordinates":[86.42775,23.766691]}},{"type":"Feature","properties":{"subsidence_mm":0.06,"tilt_deg":0.00019,"strain_ue":0.2,"x_offset_m":-270,"y_offset_m":270,"source":"NCB_PFM","nearest_asset_distance_m":95,"consequence_weight":2.43},"geometry":{"type":"Point","coordinates":[86.42775,23.766825]}},{"type":"Feature","properties":{"subsidence_mm":0.06,"tilt_deg":0.00019,"strain_ue":0.2,"x_offset_m":-270,"y_offset_m":285,"source":"NCB_PFM","nearest_asset_distance_m":110,"consequence_weight":2.34},"geometry":{"type":"Point","coordinates":[86.42775,23.76696]}},{"type":"Feature","properties":{"subsidence_mm":0.06,"tilt_deg":0.00019,"strain_ue":0.2,"x_offset_m":-270,"y_offset_m":300,"source":"NCB_PFM","nearest_asset_distance_m":124,"consequence_weight":2.25},"geometry":{"type":"Point","coordinates":[86.42775,23.767095]}},{"type":"Feature","properties":{"subsidence_mm":0.13,"tilt_deg":0.00043,"strain_ue":0.44,"x_offset_m":-255,"y_offset_m":-300,"source":"NCB_PFM","nearest_asset_distance_m":478,"consequence_weight":0.13},"geometry":{"type":"Point","coordinates":[86.427897,23.761705]}},{"type":"Feature","properties":{"subsidence_mm":0.13,"tilt_deg":0.00043,"strain_ue":0.44,"x_offset_m":-255,"y_offset_m":-285,"source":"NCB_PFM","nearest_asset_distance_m":463,"consequence_weight":0.22},"geometry":{"type":"Point","coordinates":[86.427897,23.76184]}},{"type":"Feature","properties":{"subsidence_mm":0.13,"tilt_deg":0.00043,"strain_ue":0.44,"x_offset_m":-255,"y_offset_m":-270,"source":"NCB_PFM","nearest_asset_distance_m":448,"consequence_weight":0.31},"geometry":{"type":"Point","coordinates":[86.427897,23.761975]}},{"type":"Feature","properties":{"subsidence_mm":0.13,"tilt_deg":0.00043,"strain_ue":0.44,"x_offset_m":-255,"y_offset_m":-255,"source":"NCB_PFM","nearest_asset_distance_m":433,"consequence_weight":0.4},"geometry":{"type":"Point","coordinates":[86.427897,23.762109]}},{"type":"Feature","properties":{"subsidence_mm":0.13,"tilt_deg":0.00043,"strain_ue":0.44,"x_offset_m":-255,"y_offset_m":-240,"source":"NCB_PFM","nearest_asset_distance_m":418,"consequence_weight":0.49},"geometry":{"type":"Point","coordinates":[86.427897,23.762244]}},{"type":"Feature","properties":{"subsidence_mm":0.13,"tilt_deg":0.00043,"strain_ue":0.44,"x_offset_m":-255,"y_offset_m":-225,"source":"NCB_PFM","nearest_asset_distance_m":403,"consequence_weight":0.58},"geometry":{"type":"Point","coordinates":[86.427897,23.762379]}},{"type":"Feature","properties":{"subsidence_mm":0.13,"tilt_deg":0.00043,"strain_ue":0.44,"x_offset_m":-255,"y_offset_m":-210,"source":"NCB_PFM","nearest_asset_distance_m":388,"consequence_weight":0.67},"geometry":{"type":"Point","coordinates":[86.427897,23.762514]}},{"type":"Feature","properties":{"subsidence_mm":0.13,"tilt_deg":0.00043,"strain_ue":0.44,"x_offset_m":-255,"y_offset_m":-195,"source":"NCB_PFM","nearest_asset_distance_m":373,"consequence_weight":0.76},"geometry":{"type":"Point","coordinates":[86.427897,23.762648]}},{"type":"Feature","properties":{"subsidence_mm":0.13,"tilt_deg":0.00043,"strain_ue":0.44,"x_offset_m":-255,"y_offset_m":-180,"source":"NCB_PFM","nearest_asset_distance_m":358,"consequence_weight":0.85},"geometry":{"type":"Point","coordinates":[86.427897,23.762783]}},{"type":"Feature","properties":{"subsidence_mm":0.13,"tilt_deg":0.00043,"strain_ue":0.44,"x_offset_m":-255,"y_offset_m":-165,"source":"NCB_PFM","nearest_asset_distance_m":343,"consequence_weight":0.94},"geometry":{"type":"Point","coordinates":[86.427897,23.762918]}},{"type":"Feature","properties":{"subsidence_mm":0.13,"tilt_deg":0.00043,"strain_ue":0.44,"x_offset_m":-255,"y_offset_m":-150,"source":"NCB_PFM","nearest_asset_distance_m":328,"consequence_weight":1.03},"geometry":{"type":"Point","coordinates":[86.427897,23.763053]}},{"type":"Feature","properties":{"subsidence_mm":0.13,"tilt_deg":0.00043,"strain_ue":0.44,"x_offset_m":-255,"y_offset_m":-135,"source":"NCB_PFM","nearest_asset_distance_m":313,"consequence_weight":1.12},"geometry":{"type":"Point","coordinates":[86.427897,23.763187]}},{"type":"Feature","properties":{"subsidence_mm":0.13,"tilt_deg":0.00043,"strain_ue":0.44,"x_offset_m":-255,"y_offset_m":-120,"source":"NCB_PFM","nearest_asset_distance_m":298,"consequence_weight":1.21},"geometry":{"type":"Point","coordinates":[86.427897,23.763322]}},{"type":"Feature","properties":{"subsidence_mm":0.13,"tilt_deg":0.00043,"strain_ue":0.44,"x_offset_m":-255,"y_offset_m":-105,"source":"NCB_PFM","nearest_asset_distance_m":283,"consequence_weight":1.3},"geometry":{"type":"Point","coordinates":[86.427897,23.763457]}},{"type":"Feature","properties":{"subsidence_mm":0.13,"tilt_deg":0.00043,"strain_ue":0.44,"x_offset_m":-255,"y_offset_m":-90,"source":"NCB_PFM","nearest_asset_distance_m":268,"consequence_weight":1.39},"geometry":{"type":"Point","coordinates":[86.427897,23.763592]}},{"type":"Feature","properties":{"subsidence_mm":0.13,"tilt_deg":0.00043,"strain_ue":0.44,"x_offset_m":-255,"y_offset_m":-75,"source":"NCB_PFM","nearest_asset_distance_m":253,"consequence_weight":1.48},"geometry":{"type":"Point","coordinates":[86.427897,23.763726]}},{"type":"Feature","properties":{"subsidence_mm":0.13,"tilt_deg":0.00043,"strain_ue":0.44,"x_offset_m":-255,"y_offset_m":-60,"source":"NCB_PFM","nearest_asset_distance_m":238,"consequence_weight":1.57},"geometry":{"type":"Point","coordinates":[86.427897,23.763861]}},{"type":"Feature","properties":{"subsidence_mm":0.13,"tilt_deg":0.00043,"strain_ue":0.44,"x_offset_m":-255,"y_offset_m":-45,"source":"NCB_PFM","nearest_asset_distance_m":223,"consequence_weight":1.66},"geometry":{"type":"Point","coordinates":[86.427897,23.763996]}},{"type":"Feature","properties":{"subsidence_mm":0.13,"tilt_deg":0.00043,"strain_ue":0.44,"x_offset_m":-255,"y_offset_m":-30,"source":"NCB_PFM","nearest_asset_distance_m":208,"consequence_weight":1.75},"geometry":{"type":"Point","coordinates":[86.427897,23.764131]}},{"type":"Feature","properties":{"subsidence_mm":0.13,"tilt_deg":0.00043,"strain_ue":0.44,"x_offset_m":-255,"y_offset_m":-15,"source":"NCB_PFM","nearest_asset_distance_m":193,"consequence_weight":1.84},"geometry":{"type":"Point","coordinates":[86.427897,23.764265]}},{"type":"Feature","properties":{"subsidence_mm":0.13,"tilt_deg":0.00043,"strain_ue":0.44,"x_offset_m":-255,"y_offset_m":0,"source":"NCB_PFM","nearest_asset_distance_m":178,"consequence_weight":1.93},"geometry":{"type":"Point","coordinates":[86.427897,23.7644]}},{"type":"Feature","properties":{"subsidence_mm":0.13,"tilt_deg":0.00043,"strain_ue":0.44,"x_offset_m":-255,"y_offset_m":15,"source":"NCB_PFM","nearest_asset_distance_m":163,"consequence_weight":2.02},"geometry":{"type":"Point","coordinates":[86.427897,23.764535]}},{"type":"Feature","properties":{"subsidence_mm":0.13,"tilt_deg":0.00043,"strain_ue":0.44,"x_offset_m":-255,"y_offset_m":30,"source":"NCB_PFM","nearest_asset_distance_m":148,"consequence_weight":2.11},"geometry":{"type":"Point","coordinates":[86.427897,23.764669]}},{"type":"Feature","properties":{"subsidence_mm":0.13,"tilt_deg":0.00043,"strain_ue":0.44,"x_offset_m":-255,"y_offset_m":45,"source":"NCB_PFM","nearest_asset_distance_m":133,"consequence_weight":2.2},"geometry":{"type":"Point","coordinates":[86.427897,23.764804]}},{"type":"Feature","properties":{"subsidence_mm":0.13,"tilt_deg":0.00043,"strain_ue":0.44,"x_offset_m":-255,"y_offset_m":60,"source":"NCB_PFM","nearest_asset_distance_m":118,"consequence_weight":2.29},"geometry":{"type":"Point","coordinates":[86.427897,23.764939]}},{"type":"Feature","properties":{"subsidence_mm":0.13,"tilt_deg":0.00043,"strain_ue":0.44,"x_offset_m":-255,"y_offset_m":75,"source":"NCB_PFM","nearest_asset_distance_m":103,"consequence_weight":2.38},"geometry":{"type":"Point","coordinates":[86.427897,23.765074]}},{"type":"Feature","properties":{"subsidence_mm":0.13,"tilt_deg":0.00043,"strain_ue":0.44,"x_offset_m":-255,"y_offset_m":90,"source":"NCB_PFM","nearest_asset_distance_m":89,"consequence_weight":2.47},"geometry":{"type":"Point","coordinates":[86.427897,23.765208]}},{"type":"Feature","properties":{"subsidence_mm":0.13,"tilt_deg":0.00043,"strain_ue":0.44,"x_offset_m":-255,"y_offset_m":105,"source":"NCB_PFM","nearest_asset_distance_m":74,"consequence_weight":2.56},"geometry":{"type":"Point","coordinates":[86.427897,23.765343]}},{"type":"Feature","properties":{"subsidence_mm":0.13,"tilt_deg":0.00043,"strain_ue":0.44,"x_offset_m":-255,"y_offset_m":120,"source":"NCB_PFM","nearest_asset_distance_m":59,"consequence_weight":2.65},"geometry":{"type":"Point","coordinates":[86.427897,23.765478]}},{"type":"Feature","properties":{"subsidence_mm":0.13,"tilt_deg":0.00043,"strain_ue":0.44,"x_offset_m":-255,"y_offset_m":135,"source":"NCB_PFM","nearest_asset_distance_m":44,"consequence_weight":2.73},"geometry":{"type":"Point","coordinates":[86.427897,23.765613]}},{"type":"Feature","properties":{"subsidence_mm":0.13,"tilt_deg":0.00043,"strain_ue":0.44,"x_offset_m":-255,"y_offset_m":150,"source":"NCB_PFM","nearest_asset_distance_m":30,"consequence_weight":2.82},"geometry":{"type":"Point","coordinates":[86.427897,23.765747]}},{"type":"Feature","properties":{"subsidence_mm":0.13,"tilt_deg":0.00043,"strain_ue":0.44,"x_offset_m":-255,"y_offset_m":165,"source":"NCB_PFM","nearest_asset_distance_m":17,"consequence_weight":2.9},"geometry":{"type":"Point","coordinates":[86.427897,23.765882]}},{"type":"Feature","properties":{"subsidence_mm":0.13,"tilt_deg":0.00043,"strain_ue":0.44,"x_offset_m":-255,"y_offset_m":180,"source":"NCB_PFM","nearest_asset_distance_m":11,"consequence_weight":2.94},"geometry":{"type":"Point","coordinates":[86.427897,23.766017]}},{"type":"Feature","properties":{"subsidence_mm":0.13,"tilt_deg":0.00043,"strain_ue":0.44,"x_offset_m":-255,"y_offset_m":195,"source":"NCB_PFM","nearest_asset_distance_m":20,"consequence_weight":2.88},"geometry":{"type":"Point","coordinates":[86.427897,23.766152]}},{"type":"Feature","properties":{"subsidence_mm":0.13,"tilt_deg":0.00043,"strain_ue":0.44,"x_offset_m":-255,"y_offset_m":210,"source":"NCB_PFM","nearest_asset_distance_m":33,"consequence_weight":2.8},"geometry":{"type":"Point","coordinates":[86.427897,23.766286]}},{"type":"Feature","properties":{"subsidence_mm":0.13,"tilt_deg":0.00043,"strain_ue":0.44,"x_offset_m":-255,"y_offset_m":225,"source":"NCB_PFM","nearest_asset_distance_m":48,"consequence_weight":2.71},"geometry":{"type":"Point","coordinates":[86.427897,23.766421]}},{"type":"Feature","properties":{"subsidence_mm":0.13,"tilt_deg":0.00043,"strain_ue":0.44,"x_offset_m":-255,"y_offset_m":240,"source":"NCB_PFM","nearest_asset_distance_m":63,"consequence_weight":2.62},"geometry":{"type":"Point","coordinates":[86.427897,23.766556]}},{"type":"Feature","properties":{"subsidence_mm":0.13,"tilt_deg":0.00043,"strain_ue":0.44,"x_offset_m":-255,"y_offset_m":255,"source":"NCB_PFM","nearest_asset_distance_m":78,"consequence_weight":2.53},"geometry":{"type":"Point","coordinates":[86.427897,23.766691]}},{"type":"Feature","properties":{"subsidence_mm":0.13,"tilt_deg":0.00043,"strain_ue":0.44,"x_offset_m":-255,"y_offset_m":270,"source":"NCB_PFM","nearest_asset_distance_m":92,"consequence_weight":2.45},"geometry":{"type":"Point","coordinates":[86.427897,23.766825]}},{"type":"Feature","properties":{"subsidence_mm":0.13,"tilt_deg":0.00043,"strain_ue":0.44,"x_offset_m":-255,"y_offset_m":285,"source":"NCB_PFM","nearest_asset_distance_m":107,"consequence_weight":2.36},"geometry":{"type":"Point","coordinates":[86.427897,23.76696]}},{"type":"Feature","properties":{"subsidence_mm":0.13,"tilt_deg":0.00043,"strain_ue":0.44,"x_offset_m":-255,"y_offset_m":300,"source":"NCB_PFM","nearest_asset_distance_m":122,"consequence_weight":2.27},"geometry":{"type":"Point","coordinates":[86.427897,23.767095]}},{"type":"Feature","properties":{"subsidence_mm":0.28,"tilt_deg":0.00096,"strain_ue":0.99,"x_offset_m":-240,"y_offset_m":-300,"source":"NCB_PFM","nearest_asset_distance_m":474,"consequence_weight":0.16},"geometry":{"type":"Point","coordinates":[86.428044,23.761705]}},{"type":"Feature","properties":{"subsidence_mm":0.28,"tilt_deg":0.00096,"strain_ue":0.99,"x_offset_m":-240,"y_offset_m":-285,"source":"NCB_PFM","nearest_asset_distance_m":463,"consequence_weight":0.22},"geometry":{"type":"Point","coordinates":[86.428044,23.76184]}},{"type":"Feature","properties":{"subsidence_mm":0.28,"tilt_deg":0.00096,"strain_ue":0.99,"x_offset_m":-240,"y_offset_m":-270,"source":"NCB_PFM","nearest_asset_distance_m":448,"consequence_weight":0.31},"geometry":{"type":"Point","coordinates":[86.428044,23.761975]}},{"type":"Feature","properties":{"subsidence_mm":0.28,"tilt_deg":0.00096,"strain_ue":0.99,"x_offset_m":-240,"y_offset_m":-255,"source":"NCB_PFM","nearest_asset_distance_m":433,"consequence_weight":0.4},"geometry":{"type":"Point","coordinates":[86.428044,23.762109]}},{"type":"Feature","properties":{"subsidence_mm":0.28,"tilt_deg":0.00096,"strain_ue":0.99,"x_offset_m":-240,"y_offset_m":-240,"source":"NCB_PFM","nearest_asset_distance_m":418,"consequence_weight":0.49},"geometry":{"type":"Point","coordinates":[86.428044,23.762244]}},{"type":"Feature","properties":{"subsidence_mm":0.28,"tilt_deg":0.00096,"strain_ue":0.99,"x_offset_m":-240,"y_offset_m":-225,"source":"NCB_PFM","nearest_asset_distance_m":403,"consequence_weight":0.58},"geometry":{"type":"Point","coordinates":[86.428044,23.762379]}},{"type":"Feature","properties":{"subsidence_mm":0.28,"tilt_deg":0.00096,"strain_ue":0.99,"x_offset_m":-240,"y_offset_m":-210,"source":"NCB_PFM","nearest_asset_distance_m":388,"consequence_weight":0.67},"geometry":{"type":"Point","coordinates":[86.428044,23.762514]}},{"type":"Feature","properties":{"subsidence_mm":0.28,"tilt_deg":0.00096,"strain_ue":0.99,"x_offset_m":-240,"y_offset_m":-195,"source":"NCB_PFM","nearest_asset_distance_m":373,"consequence_weight":0.76},"geometry":{"type":"Point","coordinates":[86.428044,23.762648]}},{"type":"Feature","properties":{"subsidence_mm":0.28,"tilt_deg":0.00096,"strain_ue":0.99,"x_offset_m":-240,"y_offset_m":-180,"source":"NCB_PFM","nearest_asset_distance_m":358,"consequence_weight":0.85},"geometry":{"type":"Point","coordinates":[86.428044,23.762783]}},{"type":"Feature","properties":{"subsidence_mm":0.28,"tilt_deg":0.00096,"strain_ue":0.99,"x_offset_m":-240,"y_offset_m":-165,"source":"NCB_PFM","nearest_asset_distance_m":343,"consequence_weight":0.94},"geometry":{"type":"Point","coordinates":[86.428044,23.762918]}},{"type":"Feature","properties":{"subsidence_mm":0.28,"tilt_deg":0.00096,"strain_ue":0.99,"x_offset_m":-240,"y_offset_m":-150,"source":"NCB_PFM","nearest_asset_distance_m":328,"consequence_weight":1.03},"geometry":{"type":"Point","coordinates":[86.428044,23.763053]}},{"type":"Feature","properties":{"subsidence_mm":0.28,"tilt_deg":0.00096,"strain_ue":0.99,"x_offset_m":-240,"y_offset_m":-135,"source":"NCB_PFM","nearest_asset_distance_m":313,"consequence_weight":1.12},"geometry":{"type":"Point","coordinates":[86.428044,23.763187]}},{"type":"Feature","properties":{"subsidence_mm":0.28,"tilt_deg":0.00096,"strain_ue":0.99,"x_offset_m":-240,"y_offset_m":-120,"source":"NCB_PFM","nearest_asset_distance_m":298,"consequence_weight":1.21},"geometry":{"type":"Point","coordinates":[86.428044,23.763322]}},{"type":"Feature","properties":{"subsidence_mm":0.28,"tilt_deg":0.00096,"strain_ue":0.99,"x_offset_m":-240,"y_offset_m":-105,"source":"NCB_PFM","nearest_asset_distance_m":283,"consequence_weight":1.3},"geometry":{"type":"Point","coordinates":[86.428044,23.763457]}},{"type":"Feature","properties":{"subsidence_mm":0.28,"tilt_deg":0.00096,"strain_ue":0.99,"x_offset_m":-240,"y_offset_m":-90,"source":"NCB_PFM","nearest_asset_distance_m":268,"consequence_weight":1.39},"geometry":{"type":"Point","coordinates":[86.428044,23.763592]}},{"type":"Feature","properties":{"subsidence_mm":0.28,"tilt_deg":0.00096,"strain_ue":0.99,"x_offset_m":-240,"y_offset_m":-75,"source":"NCB_PFM","nearest_asset_distance_m":253,"consequence_weight":1.48},"geometry":{"type":"Point","coordinates":[86.428044,23.763726]}},{"type":"Feature","properties":{"subsidence_mm":0.28,"tilt_deg":0.00096,"strain_ue":0.99,"x_offset_m":-240,"y_offset_m":-60,"source":"NCB_PFM","nearest_asset_distance_m":238,"consequence_weight":1.57},"geometry":{"type":"Point","coordinates":[86.428044,23.763861]}},{"type":"Feature","properties":{"subsidence_mm":0.28,"tilt_deg":0.00096,"strain_ue":0.99,"x_offset_m":-240,"y_offset_m":-45,"source":"NCB_PFM","nearest_asset_distance_m":223,"consequence_weight":1.66},"geometry":{"type":"Point","coordinates":[86.428044,23.763996]}},{"type":"Feature","properties":{"subsidence_mm":0.28,"tilt_deg":0.00096,"strain_ue":0.99,"x_offset_m":-240,"y_offset_m":-30,"source":"NCB_PFM","nearest_asset_distance_m":208,"consequence_weight":1.75},"geometry":{"type":"Point","coordinates":[86.428044,23.764131]}},{"type":"Feature","properties":{"subsidence_mm":0.28,"tilt_deg":0.00096,"strain_ue":0.99,"x_offset_m":-240,"y_offset_m":-15,"source":"NCB_PFM","nearest_asset_distance_m":193,"consequence_weight":1.84},"geometry":{"type":"Point","coordinates":[86.428044,23.764265]}},{"type":"Feature","properties":{"subsidence_mm":0.28,"tilt_deg":0.00096,"strain_ue":0.99,"x_offset_m":-240,"y_offset_m":0,"source":"NCB_PFM","nearest_asset_distance_m":178,"consequence_weight":1.93},"geometry":{"type":"Point","coordinates":[86.428044,23.7644]}},{"type":"Feature","properties":{"subsidence_mm":0.28,"tilt_deg":0.00096,"strain_ue":0.99,"x_offset_m":-240,"y_offset_m":15,"source":"NCB_PFM","nearest_asset_distance_m":163,"consequence_weight":2.02},"geometry":{"type":"Point","coordinates":[86.428044,23.764535]}},{"type":"Feature","properties":{"subsidence_mm":0.28,"tilt_deg":0.00096,"strain_ue":0.99,"x_offset_m":-240,"y_offset_m":30,"source":"NCB_PFM","nearest_asset_distance_m":148,"consequence_weight":2.11},"geometry":{"type":"Point","coordinates":[86.428044,23.764669]}},{"type":"Feature","properties":{"subsidence_mm":0.28,"tilt_deg":0.00096,"strain_ue":0.99,"x_offset_m":-240,"y_offset_m":45,"source":"NCB_PFM","nearest_asset_distance_m":133,"consequence_weight":2.2},"geometry":{"type":"Point","coordinates":[86.428044,23.764804]}},{"type":"Feature","properties":{"subsidence_mm":0.28,"tilt_deg":0.00096,"strain_ue":0.99,"x_offset_m":-240,"y_offset_m":60,"source":"NCB_PFM","nearest_asset_distance_m":118,"consequence_weight":2.29},"geometry":{"type":"Point","coordinates":[86.428044,23.764939]}},{"type":"Feature","properties":{"subsidence_mm":0.28,"tilt_deg":0.00096,"strain_ue":0.99,"x_offset_m":-240,"y_offset_m":75,"source":"NCB_PFM","nearest_asset_distance_m":103,"consequence_weight":2.38},"geometry":{"type":"Point","coordinates":[86.428044,23.765074]}},{"type":"Feature","properties":{"subsidence_mm":0.28,"tilt_deg":0.00096,"strain_ue":0.99,"x_offset_m":-240,"y_offset_m":90,"source":"NCB_PFM","nearest_asset_distance_m":88,"consequence_weight":2.47},"geometry":{"type":"Point","coordinates":[86.428044,23.765208]}},{"type":"Feature","properties":{"subsidence_mm":0.28,"tilt_deg":0.00096,"strain_ue":0.99,"x_offset_m":-240,"y_offset_m":105,"source":"NCB_PFM","nearest_asset_distance_m":73,"consequence_weight":2.56},"geometry":{"type":"Point","coordinates":[86.428044,23.765343]}},{"type":"Feature","properties":{"subsidence_mm":0.28,"tilt_deg":0.00096,"strain_ue":0.99,"x_offset_m":-240,"y_offset_m":120,"source":"NCB_PFM","nearest_asset_distance_m":58,"consequence_weight":2.65},"geometry":{"type":"Point","coordinates":[86.428044,23.765478]}},{"type":"Feature","properties":{"subsidence_mm":0.28,"tilt_deg":0.00096,"strain_ue":0.99,"x_offset_m":-240,"y_offset_m":135,"source":"NCB_PFM","nearest_asset_distance_m":43,"consequence_weight":2.74},"geometry":{"type":"Point","coordinates":[86.428044,23.765613]}},{"type":"Feature","properties":{"subsidence_mm":0.28,"tilt_deg":0.00096,"strain_ue":0.99,"x_offset_m":-240,"y_offset_m":150,"source":"NCB_PFM","nearest_asset_distance_m":28,"consequence_weight":2.83},"geometry":{"type":"Point","coordinates":[86.428044,23.765747]}},{"type":"Feature","properties":{"subsidence_mm":0.28,"tilt_deg":0.00096,"strain_ue":0.99,"x_offset_m":-240,"y_offset_m":165,"source":"NCB_PFM","nearest_asset_distance_m":14,"consequence_weight":2.92},"geometry":{"type":"Point","coordinates":[86.428044,23.765882]}},{"type":"Feature","properties":{"subsidence_mm":0.28,"tilt_deg":0.00096,"strain_ue":0.99,"x_offset_m":-240,"y_offset_m":180,"source":"NCB_PFM","nearest_asset_distance_m":5,"consequence_weight":2.97},"geometry":{"type":"Point","coordinates":[86.428044,23.766017]}},{"type":"Feature","properties":{"subsidence_mm":0.28,"tilt_deg":0.00096,"strain_ue":0.99,"x_offset_m":-240,"y_offset_m":195,"source":"NCB_PFM","nearest_asset_distance_m":17,"consequence_weight":2.9},"geometry":{"type":"Point","coordinates":[86.428044,23.766152]}},{"type":"Feature","properties":{"subsidence_mm":0.28,"tilt_deg":0.00096,"strain_ue":0.99,"x_offset_m":-240,"y_offset_m":210,"source":"NCB_PFM","nearest_asset_distance_m":32,"consequence_weight":2.81},"geometry":{"type":"Point","coordinates":[86.428044,23.766286]}},{"type":"Feature","properties":{"subsidence_mm":0.28,"tilt_deg":0.00096,"strain_ue":0.99,"x_offset_m":-240,"y_offset_m":225,"source":"NCB_PFM","nearest_asset_distance_m":47,"consequence_weight":2.72},"geometry":{"type":"Point","coordinates":[86.428044,23.766421]}},{"type":"Feature","properties":{"subsidence_mm":0.28,"tilt_deg":0.00096,"strain_ue":0.99,"x_offset_m":-240,"y_offset_m":240,"source":"NCB_PFM","nearest_asset_distance_m":62,"consequence_weight":2.63},"geometry":{"type":"Point","coordinates":[86.428044,23.766556]}},{"type":"Feature","properties":{"subsidence_mm":0.28,"tilt_deg":0.00096,"strain_ue":0.99,"x_offset_m":-240,"y_offset_m":255,"source":"NCB_PFM","nearest_asset_distance_m":77,"consequence_weight":2.54},"geometry":{"type":"Point","coordinates":[86.428044,23.766691]}},{"type":"Feature","properties":{"subsidence_mm":0.28,"tilt_deg":0.00096,"strain_ue":0.99,"x_offset_m":-240,"y_offset_m":270,"source":"NCB_PFM","nearest_asset_distance_m":92,"consequence_weight":2.45},"geometry":{"type":"Point","coordinates":[86.428044,23.766825]}},{"type":"Feature","properties":{"subsidence_mm":0.28,"tilt_deg":0.00096,"strain_ue":0.99,"x_offset_m":-240,"y_offset_m":285,"source":"NCB_PFM","nearest_asset_distance_m":107,"consequence_weight":2.36},"geometry":{"type":"Point","coordinates":[86.428044,23.76696]}},{"type":"Feature","properties":{"subsidence_mm":0.28,"tilt_deg":0.00096,"strain_ue":0.99,"x_offset_m":-240,"y_offset_m":300,"source":"NCB_PFM","nearest_asset_distance_m":122,"consequence_weight":2.27},"geometry":{"type":"Point","coordinates":[86.428044,23.767095]}},{"type":"Feature","properties":{"subsidence_mm":0.63,"tilt_deg":0.00213,"strain_ue":2.2,"x_offset_m":-225,"y_offset_m":-300,"source":"NCB_PFM","nearest_asset_distance_m":465,"consequence_weight":0.21},"geometry":{"type":"Point","coordinates":[86.428192,23.761705]}},{"type":"Feature","properties":{"subsidence_mm":0.63,"tilt_deg":0.00213,"strain_ue":2.2,"x_offset_m":-225,"y_offset_m":-285,"source":"NCB_PFM","nearest_asset_distance_m":453,"consequence_weight":0.28},"geometry":{"type":"Point","coordinates":[86.428192,23.76184]}},{"type":"Feature","properties":{"subsidence_mm":0.63,"tilt_deg":0.00213,"strain_ue":2.2,"x_offset_m":-225,"y_offset_m":-270,"source":"NCB_PFM","nearest_asset_distance_m":441,"consequence_weight":0.35},"geometry":{"type":"Point","coordinates":[86.428192,23.761975]}},{"type":"Feature","properties":{"subsidence_mm":0.63,"tilt_deg":0.00213,"strain_ue":2.2,"x_offset_m":-225,"y_offset_m":-255,"source":"NCB_PFM","nearest_asset_distance_m":430,"consequence_weight":0.42},"geometry":{"type":"Point","coordinates":[86.428192,23.762109]}},{"type":"Feature","properties":{"subsidence_mm":0.63,"tilt_deg":0.00213,"strain_ue":2.2,"x_offset_m":-225,"y_offset_m":-240,"source":"NCB_PFM","nearest_asset_distance_m":418,"consequence_weight":0.49},"geometry":{"type":"Point","coordinates":[86.428192,23.762244]}},{"type":"Feature","properties":{"subsidence_mm":0.63,"tilt_deg":0.00213,"strain_ue":2.2,"x_offset_m":-225,"y_offset_m":-225,"source":"NCB_PFM","nearest_asset_distance_m":403,"consequence_weight":0.58},"geometry":{"type":"Point","coordinates":[86.428192,23.762379]}},{"type":"Feature","properties":{"subsidence_mm":0.63,"tilt_deg":0.00213,"strain_ue":2.2,"x_offset_m":-225,"y_offset_m":-210,"source":"NCB_PFM","nearest_asset_distance_m":388,"consequence_weight":0.67},"geometry":{"type":"Point","coordinates":[86.428192,23.762514]}},{"type":"Feature","properties":{"subsidence_mm":0.63,"tilt_deg":0.00213,"strain_ue":2.2,"x_offset_m":-225,"y_offset_m":-195,"source":"NCB_PFM","nearest_asset_distance_m":373,"consequence_weight":0.76},"geometry":{"type":"Point","coordinates":[86.428192,23.762648]}},{"type":"Feature","properties":{"subsidence_mm":0.63,"tilt_deg":0.00213,"strain_ue":2.2,"x_offset_m":-225,"y_offset_m":-180,"source":"NCB_PFM","nearest_asset_distance_m":358,"consequence_weight":0.85},"geometry":{"type":"Point","coordinates":[86.428192,23.762783]}},{"type":"Feature","properties":{"subsidence_mm":0.63,"tilt_deg":0.00213,"strain_ue":2.2,"x_offset_m":-225,"y_offset_m":-165,"source":"NCB_PFM","nearest_asset_distance_m":343,"consequence_weight":0.94},"geometry":{"type":"Point","coordinates":[86.428192,23.762918]}},{"type":"Feature","properties":{"subsidence_mm":0.63,"tilt_deg":0.00213,"strain_ue":2.2,"x_offset_m":-225,"y_offset_m":-150,"source":"NCB_PFM","nearest_asset_distance_m":328,"consequence_weight":1.03},"geometry":{"type":"Point","coordinates":[86.428192,23.763053]}},{"type":"Feature","properties":{"subsidence_mm":0.63,"tilt_deg":0.00213,"strain_ue":2.2,"x_offset_m":-225,"y_offset_m":-135,"source":"NCB_PFM","nearest_asset_distance_m":313,"consequence_weight":1.12},"geometry":{"type":"Point","coordinates":[86.428192,23.763187]}},{"type":"Feature","properties":{"subsidence_mm":0.63,"tilt_deg":0.00213,"strain_ue":2.2,"x_offset_m":-225,"y_offset_m":-120,"source":"NCB_PFM","nearest_asset_distance_m":298,"consequence_weight":1.21},"geometry":{"type":"Point","coordinates":[86.428192,23.763322]}},{"type":"Feature","properties":{"subsidence_mm":0.63,"tilt_deg":0.00213,"strain_ue":2.2,"x_offset_m":-225,"y_offset_m":-105,"source":"NCB_PFM","nearest_asset_distance_m":283,"consequence_weight":1.3},"geometry":{"type":"Point","coordinates":[86.428192,23.763457]}},{"type":"Feature","properties":{"subsidence_mm":0.63,"tilt_deg":0.00213,"strain_ue":2.2,"x_offset_m":-225,"y_offset_m":-90,"source":"NCB_PFM","nearest_asset_distance_m":268,"consequence_weight":1.39},"geometry":{"type":"Point","coordinates":[86.428192,23.763592]}},{"type":"Feature","properties":{"subsidence_mm":0.63,"tilt_deg":0.00213,"strain_ue":2.2,"x_offset_m":-225,"y_offset_m":-75,"source":"NCB_PFM","nearest_asset_distance_m":254,"consequence_weight":1.48},"geometry":{"type":"Point","coordinates":[86.428192,23.763726]}},{"type":"Feature","properties":{"subsidence_mm":0.63,"tilt_deg":0.00213,"strain_ue":2.2,"x_offset_m":-225,"y_offset_m":-60,"source":"NCB_PFM","nearest_asset_distance_m":239,"consequence_weight":1.57},"geometry":{"type":"Point","coordinates":[86.428192,23.763861]}},{"type":"Feature","properties":{"subsidence_mm":0.63,"tilt_deg":0.00213,"strain_ue":2.2,"x_offset_m":-225,"y_offset_m":-45,"source":"NCB_PFM","nearest_asset_distance_m":224,"consequence_weight":1.66},"geometry":{"type":"Point","coordinates":[86.428192,23.763996]}},{"type":"Feature","properties":{"subsidence_mm":0.63,"tilt_deg":0.00213,"strain_ue":2.2,"x_offset_m":-225,"y_offset_m":-30,"source":"NCB_PFM","nearest_asset_distance_m":209,"consequence_weight":1.75},"geometry":{"type":"Point","coordinates":[86.428192,23.764131]}},{"type":"Feature","properties":{"subsidence_mm":0.63,"tilt_deg":0.00213,"strain_ue":2.2,"x_offset_m":-225,"y_offset_m":-15,"source":"NCB_PFM","nearest_asset_distance_m":194,"consequence_weight":1.84},"geometry":{"type":"Point","coordinates":[86.428192,23.764265]}},{"type":"Feature","properties":{"subsidence_mm":0.63,"tilt_deg":0.00213,"strain_ue":2.2,"x_offset_m":-225,"y_offset_m":0,"source":"NCB_PFM","nearest_asset_distance_m":179,"consequence_weight":1.93},"geometry":{"type":"Point","coordinates":[86.428192,23.7644]}},{"type":"Feature","properties":{"subsidence_mm":0.63,"tilt_deg":0.00213,"strain_ue":2.2,"x_offset_m":-225,"y_offset_m":15,"source":"NCB_PFM","nearest_asset_distance_m":164,"consequence_weight":2.02},"geometry":{"type":"Point","coordinates":[86.428192,23.764535]}},{"type":"Feature","properties":{"subsidence_mm":0.63,"tilt_deg":0.00213,"strain_ue":2.2,"x_offset_m":-225,"y_offset_m":30,"source":"NCB_PFM","nearest_asset_distance_m":149,"consequence_weight":2.1},"geometry":{"type":"Point","coordinates":[86.428192,23.764669]}},{"type":"Feature","properties":{"subsidence_mm":0.63,"tilt_deg":0.00213,"strain_ue":2.2,"x_offset_m":-225,"y_offset_m":45,"source":"NCB_PFM","nearest_asset_distance_m":134,"consequence_weight":2.19},"geometry":{"type":"Point","coordinates":[86.428192,23.764804]}},{"type":"Feature","properties":{"subsidence_mm":0.63,"tilt_deg":0.00213,"strain_ue":2.2,"x_offset_m":-225,"y_offset_m":60,"source":"NCB_PFM","nearest_asset_distance_m":120,"consequence_weight":2.28},"geometry":{"type":"Point","coordinates":[86.428192,23.764939]}},{"type":"Feature","properties":{"subsidence_mm":0.63,"tilt_deg":0.00213,"strain_ue":2.2,"x_offset_m":-225,"y_offset_m":75,"source":"NCB_PFM","nearest_asset_distance_m":105,"consequence_weight":2.37},"geometry":{"type":"Point","coordinates":[86.428192,23.765074]}},{"type":"Feature","properties":{"subsidence_mm":0.63,"tilt_deg":0.00213,"strain_ue":2.2,"x_offset_m":-225,"y_offset_m":90,"source":"NCB_PFM","nearest_asset_distance_m":90,"consequence_weight":2.46},"geometry":{"type":"Point","coordinates":[86.428192,23.765208]}},{"type":"Feature","properties":{"subsidence_mm":0.63,"tilt_deg":0.00213,"strain_ue":2.2,"x_offset_m":-225,"y_offset_m":105,"source":"NCB_PFM","nearest_asset_distance_m":76,"consequence_weight":2.55},"geometry":{"type":"Point","coordinates":[86.428192,23.765343]}},{"type":"Feature","properties":{"subsidence_mm":0.63,"tilt_deg":0.00213,"strain_ue":2.2,"x_offset_m":-225,"y_offset_m":120,"source":"NCB_PFM","nearest_asset_distance_m":61,"consequence_weight":2.63},"geometry":{"type":"Point","coordinates":[86.428192,23.765478]}},{"type":"Feature","properties":{"subsidence_mm":0.63,"tilt_deg":0.00213,"strain_ue":2.2,"x_offset_m":-225,"y_offset_m":135,"source":"NCB_PFM","nearest_asset_distance_m":47,"consequence_weight":2.72},"geometry":{"type":"Point","coordinates":[86.428192,23.765613]}},{"type":"Feature","properties":{"subsidence_mm":0.63,"tilt_deg":0.00213,"strain_ue":2.2,"x_offset_m":-225,"y_offset_m":150,"source":"NCB_PFM","nearest_asset_distance_m":34,"consequence_weight":2.79},"geometry":{"type":"Point","coordinates":[86.428192,23.765747]}},{"type":"Feature","properties":{"subsidence_mm":0.63,"tilt_deg":0.00213,"strain_ue":2.2,"x_offset_m":-225,"y_offset_m":165,"source":"NCB_PFM","nearest_asset_distance_m":24,"consequence_weight":2.86},"geometry":{"type":"Point","coordinates":[86.428192,23.765882]}},{"type":"Feature","properties":{"subsidence_mm":0.63,"tilt_deg":0.00213,"strain_ue":2.2,"x_offset_m":-225,"y_offset_m":180,"source":"NCB_PFM","nearest_asset_distance_m":20,"consequence_weight":2.88},"geometry":{"type":"Point","coordinates":[86.428192,23.766017]}},{"type":"Feature","properties":{"subsidence_mm":0.63,"tilt_deg":0.00213,"strain_ue":2.2,"x_offset_m":-225,"y_offset_m":195,"source":"NCB_PFM","nearest_asset_distance_m":26,"consequence_weight":2.84},"geometry":{"type":"Point","coordinates":[86.428192,23.766152]}},{"type":"Feature","properties":{"subsidence_mm":0.63,"tilt_deg":0.00213,"strain_ue":2.2,"x_offset_m":-225,"y_offset_m":210,"source":"NCB_PFM","nearest_asset_distance_m":37,"consequence_weight":2.78},"geometry":{"type":"Point","coordinates":[86.428192,23.766286]}},{"type":"Feature","properties":{"subsidence_mm":0.63,"tilt_deg":0.00213,"strain_ue":2.2,"x_offset_m":-225,"y_offset_m":225,"source":"NCB_PFM","nearest_asset_distance_m":51,"consequence_weight":2.7},"geometry":{"type":"Point","coordinates":[86.428192,23.766421]}},{"type":"Feature","properties":{"subsidence_mm":0.63,"tilt_deg":0.00213,"strain_ue":2.2,"x_offset_m":-225,"y_offset_m":240,"source":"NCB_PFM","nearest_asset_distance_m":65,"consequence_weight":2.61},"geometry":{"type":"Point","coordinates":[86.428192,23.766556]}},{"type":"Feature","properties":{"subsidence_mm":0.63,"tilt_deg":0.00213,"strain_ue":2.2,"x_offset_m":-225,"y_offset_m":255,"source":"NCB_PFM","nearest_asset_distance_m":79,"consequence_weight":2.52},"geometry":{"type":"Point","coordinates":[86.428192,23.766691]}},{"type":"Feature","properties":{"subsidence_mm":0.63,"tilt_deg":0.00213,"strain_ue":2.2,"x_offset_m":-225,"y_offset_m":270,"source":"NCB_PFM","nearest_asset_distance_m":94,"consequence_weight":2.44},"geometry":{"type":"Point","coordinates":[86.428192,23.766825]}},{"type":"Feature","properties":{"subsidence_mm":0.63,"tilt_deg":0.00213,"strain_ue":2.2,"x_offset_m":-225,"y_offset_m":285,"source":"NCB_PFM","nearest_asset_distance_m":109,"consequence_weight":2.35},"geometry":{"type":"Point","coordinates":[86.428192,23.76696]}},{"type":"Feature","properties":{"subsidence_mm":0.63,"tilt_deg":0.00213,"strain_ue":2.2,"x_offset_m":-225,"y_offset_m":300,"source":"NCB_PFM","nearest_asset_distance_m":123,"consequence_weight":2.26},"geometry":{"type":"Point","coordinates":[86.428192,23.767095]}},{"type":"Feature","properties":{"subsidence_mm":1.4,"tilt_deg":0.00474,"strain_ue":4.88,"x_offset_m":-210,"y_offset_m":-300,"source":"NCB_PFM","nearest_asset_distance_m":456,"consequence_weight":0.27},"geometry":{"type":"Point","coordinates":[86.428339,23.761705]}},{"type":"Feature","properties":{"subsidence_mm":1.4,"tilt_deg":0.00474,"strain_ue":4.88,"x_offset_m":-210,"y_offset_m":-285,"source":"NCB_PFM","nearest_asset_distance_m":444,"consequence_weight":0.34},"geometry":{"type":"Point","coordinates":[86.428339,23.76184]}},{"type":"Feature","properties":{"subsidence_mm":1.4,"tilt_deg":0.00474,"strain_ue":4.88,"x_offset_m":-210,"y_offset_m":-270,"source":"NCB_PFM","nearest_asset_distance_m":432,"consequence_weight":0.41},"geometry":{"type":"Point","coordinates":[86.428339,23.761975]}},{"type":"Feature","properties":{"subsidence_mm":1.4,"tilt_deg":0.00474,"strain_ue":4.88,"x_offset_m":-210,"y_offset_m":-255,"source":"NCB_PFM","nearest_asset_distance_m":420,"consequence_weight":0.48},"geometry":{"type":"Point","coordinates":[86.428339,23.762109]}},{"type":"Feature","properties":{"subsidence_mm":1.4,"tilt_deg":0.00474,"strain_ue":4.88,"x_offset_m":-210,"y_offset_m":-240,"source":"NCB_PFM","nearest_asset_distance_m":409,"consequence_weight":0.55},"geometry":{"type":"Point","coordinates":[86.428339,23.762244]}},{"type":"Feature","properties":{"subsidence_mm":1.4,"tilt_deg":0.00474,"strain_ue":4.88,"x_offset_m":-210,"y_offset_m":-225,"source":"NCB_PFM","nearest_asset_distance_m":398,"consequence_weight":0.61},"geometry":{"type":"Point","coordinates":[86.428339,23.762379]}},{"type":"Feature","properties":{"subsidence_mm":1.4,"tilt_deg":0.00474,"strain_ue":4.88,"x_offset_m":-210,"y_offset_m":-210,"source":"NCB_PFM","nearest_asset_distance_m":387,"consequence_weight":0.68},"geometry":{"type":"Point","coordinates":[86.428339,23.762514]}},{"type":"Feature","properties":{"subsidence_mm":1.4,"tilt_deg":0.00474,"strain_ue":4.88,"x_offset_m":-210,"y_offset_m":-195,"source":"NCB_PFM","nearest_asset_distance_m":374,"consequence_weight":0.75},"geometry":{"type":"Point","coordinates":[86.428339,23.762648]}},{"type":"Feature","properties":{"subsidence_mm":1.4,"tilt_deg":0.00474,"strain_ue":4.88,"x_offset_m":-210,"y_offset_m":-180,"source":"NCB_PFM","nearest_asset_distance_m":359,"consequence_weight":0.84},"geometry":{"type":"Point","coordinates":[86.428339,23.762783]}},{"type":"Feature","properties":{"subsidence_mm":1.4,"tilt_deg":0.00474,"strain_ue":4.88,"x_offset_m":-210,"y_offset_m":-165,"source":"NCB_PFM","nearest_asset_distance_m":344,"consequence_weight":0.93},"geometry":{"type":"Point","coordinates":[86.428339,23.762918]}},{"type":"Feature","properties":{"subsidence_mm":1.4,"tilt_deg":0.00474,"strain_ue":4.88,"x_offset_m":-210,"y_offset_m":-150,"source":"NCB_PFM","nearest_asset_distance_m":330,"consequence_weight":1.02},"geometry":{"type":"Point","coordinates":[86.428339,23.763053]}},{"type":"Feature","properties":{"subsidence_mm":1.4,"tilt_deg":0.00474,"strain_ue":4.88,"x_offset_m":-210,"y_offset_m":-135,"source":"NCB_PFM","nearest_asset_distance_m":315,"consequence_weight":1.11},"geometry":{"type":"Point","coordinates":[86.428339,23.763187]}},{"type":"Feature","properties":{"subsidence_mm":1.4,"tilt_deg":0.00474,"strain_ue":4.88,"x_offset_m":-210,"y_offset_m":-120,"source":"NCB_PFM","nearest_asset_distance_m":300,"consequence_weight":1.2},"geometry":{"type":"Point","coordinates":[86.428339,23.763322]}},{"type":"Feature","properties":{"subsidence_mm":1.4,"tilt_deg":0.00474,"strain_ue":4.88,"x_offset_m":-210,"y_offset_m":-105,"source":"NCB_PFM","nearest_asset_distance_m":285,"consequence_weight":1.29},"geometry":{"type":"Point","coordinates":[86.428339,23.763457]}},{"type":"Feature","properties":{"subsidence_mm":1.4,"tilt_deg":0.00474,"strain_ue":4.88,"x_offset_m":-210,"y_offset_m":-90,"source":"NCB_PFM","nearest_asset_distance_m":270,"consequence_weight":1.38},"geometry":{"type":"Point","coordinates":[86.428339,23.763592]}},{"type":"Feature","properties":{"subsidence_mm":1.4,"tilt_deg":0.00474,"strain_ue":4.88,"x_offset_m":-210,"y_offset_m":-75,"source":"NCB_PFM","nearest_asset_distance_m":255,"consequence_weight":1.47},"geometry":{"type":"Point","coordinates":[86.428339,23.763726]}},{"type":"Feature","properties":{"subsidence_mm":1.4,"tilt_deg":0.00474,"strain_ue":4.88,"x_offset_m":-210,"y_offset_m":-60,"source":"NCB_PFM","nearest_asset_distance_m":240,"consequence_weight":1.56},"geometry":{"type":"Point","coordinates":[86.428339,23.763861]}},{"type":"Feature","properties":{"subsidence_mm":1.4,"tilt_deg":0.00474,"strain_ue":4.88,"x_offset_m":-210,"y_offset_m":-45,"source":"NCB_PFM","nearest_asset_distance_m":225,"consequence_weight":1.65},"geometry":{"type":"Point","coordinates":[86.428339,23.763996]}},{"type":"Feature","properties":{"subsidence_mm":1.4,"tilt_deg":0.00474,"strain_ue":4.88,"x_offset_m":-210,"y_offset_m":-30,"source":"NCB_PFM","nearest_asset_distance_m":211,"consequence_weight":1.74},"geometry":{"type":"Point","coordinates":[86.428339,23.764131]}},{"type":"Feature","properties":{"subsidence_mm":1.4,"tilt_deg":0.00474,"strain_ue":4.88,"x_offset_m":-210,"y_offset_m":-15,"source":"NCB_PFM","nearest_asset_distance_m":196,"consequence_weight":1.82},"geometry":{"type":"Point","coordinates":[86.428339,23.764265]}},{"type":"Feature","properties":{"subsidence_mm":1.4,"tilt_deg":0.00474,"strain_ue":4.88,"x_offset_m":-210,"y_offset_m":0,"source":"NCB_PFM","nearest_asset_distance_m":181,"consequence_weight":1.91},"geometry":{"type":"Point","coordinates":[86.428339,23.7644]}},{"type":"Feature","properties":{"subsidence_mm":1.4,"tilt_deg":0.00474,"strain_ue":4.88,"x_offset_m":-210,"y_offset_m":15,"source":"NCB_PFM","nearest_asset_distance_m":167,"consequence_weight":2},"geometry":{"type":"Point","coordinates":[86.428339,23.764535]}},{"type":"Feature","properties":{"subsidence_mm":1.4,"tilt_deg":0.00474,"strain_ue":4.88,"x_offset_m":-210,"y_offset_m":30,"source":"NCB_PFM","nearest_asset_distance_m":152,"consequence_weight":2.09},"geometry":{"type":"Point","coordinates":[86.428339,23.764669]}},{"type":"Feature","properties":{"subsidence_mm":1.4,"tilt_deg":0.00474,"strain_ue":4.88,"x_offset_m":-210,"y_offset_m":45,"source":"NCB_PFM","nearest_asset_distance_m":137,"consequence_weight":2.18},"geometry":{"type":"Point","coordinates":[86.428339,23.764804]}},{"type":"Feature","properties":{"subsidence_mm":1.4,"tilt_deg":0.00474,"strain_ue":4.88,"x_offset_m":-210,"y_offset_m":60,"source":"NCB_PFM","nearest_asset_distance_m":123,"consequence_weight":2.26},"geometry":{"type":"Point","coordinates":[86.428339,23.764939]}},{"type":"Feature","properties":{"subsidence_mm":1.4,"tilt_deg":0.00474,"strain_ue":4.88,"x_offset_m":-210,"y_offset_m":75,"source":"NCB_PFM","nearest_asset_distance_m":109,"consequence_weight":2.35},"geometry":{"type":"Point","coordinates":[86.428339,23.765074]}},{"type":"Feature","properties":{"subsidence_mm":1.4,"tilt_deg":0.00474,"strain_ue":4.88,"x_offset_m":-210,"y_offset_m":90,"source":"NCB_PFM","nearest_asset_distance_m":95,"consequence_weight":2.43},"geometry":{"type":"Point","coordinates":[86.428339,23.765208]}},{"type":"Feature","properties":{"subsidence_mm":1.4,"tilt_deg":0.00474,"strain_ue":4.88,"x_offset_m":-210,"y_offset_m":105,"source":"NCB_PFM","nearest_asset_distance_m":81,"consequence_weight":2.52},"geometry":{"type":"Point","coordinates":[86.428339,23.765343]}},{"type":"Feature","properties":{"subsidence_mm":1.4,"tilt_deg":0.00474,"strain_ue":4.88,"x_offset_m":-210,"y_offset_m":120,"source":"NCB_PFM","nearest_asset_distance_m":68,"consequence_weight":2.59},"geometry":{"type":"Point","coordinates":[86.428339,23.765478]}},{"type":"Feature","properties":{"subsidence_mm":1.4,"tilt_deg":0.00474,"strain_ue":4.88,"x_offset_m":-210,"y_offset_m":135,"source":"NCB_PFM","nearest_asset_distance_m":55,"consequence_weight":2.67},"geometry":{"type":"Point","coordinates":[86.428339,23.765613]}},{"type":"Feature","properties":{"subsidence_mm":1.4,"tilt_deg":0.00474,"strain_ue":4.88,"x_offset_m":-210,"y_offset_m":150,"source":"NCB_PFM","nearest_asset_distance_m":45,"consequence_weight":2.73},"geometry":{"type":"Point","coordinates":[86.428339,23.765747]}},{"type":"Feature","properties":{"subsidence_mm":1.4,"tilt_deg":0.00474,"strain_ue":4.88,"x_offset_m":-210,"y_offset_m":165,"source":"NCB_PFM","nearest_asset_distance_m":37,"consequence_weight":2.78},"geometry":{"type":"Point","coordinates":[86.428339,23.765882]}},{"type":"Feature","properties":{"subsidence_mm":1.4,"tilt_deg":0.00474,"strain_ue":4.88,"x_offset_m":-210,"y_offset_m":180,"source":"NCB_PFM","nearest_asset_distance_m":35,"consequence_weight":2.79},"geometry":{"type":"Point","coordinates":[86.428339,23.766017]}},{"type":"Feature","properties":{"subsidence_mm":1.4,"tilt_deg":0.00474,"strain_ue":4.88,"x_offset_m":-210,"y_offset_m":195,"source":"NCB_PFM","nearest_asset_distance_m":38,"consequence_weight":2.77},"geometry":{"type":"Point","coordinates":[86.428339,23.766152]}},{"type":"Feature","properties":{"subsidence_mm":1.4,"tilt_deg":0.00474,"strain_ue":4.88,"x_offset_m":-210,"y_offset_m":210,"source":"NCB_PFM","nearest_asset_distance_m":47,"consequence_weight":2.72},"geometry":{"type":"Point","coordinates":[86.428339,23.766286]}},{"type":"Feature","properties":{"subsidence_mm":1.4,"tilt_deg":0.00474,"strain_ue":4.88,"x_offset_m":-210,"y_offset_m":225,"source":"NCB_PFM","nearest_asset_distance_m":58,"consequence_weight":2.65},"geometry":{"type":"Point","coordinates":[86.428339,23.766421]}},{"type":"Feature","properties":{"subsidence_mm":1.4,"tilt_deg":0.00474,"strain_ue":4.88,"x_offset_m":-210,"y_offset_m":240,"source":"NCB_PFM","nearest_asset_distance_m":71,"consequence_weight":2.58},"geometry":{"type":"Point","coordinates":[86.428339,23.766556]}},{"type":"Feature","properties":{"subsidence_mm":1.4,"tilt_deg":0.00474,"strain_ue":4.88,"x_offset_m":-210,"y_offset_m":255,"source":"NCB_PFM","nearest_asset_distance_m":84,"consequence_weight":2.49},"geometry":{"type":"Point","coordinates":[86.428339,23.766691]}},{"type":"Feature","properties":{"subsidence_mm":1.4,"tilt_deg":0.00474,"strain_ue":4.88,"x_offset_m":-210,"y_offset_m":270,"source":"NCB_PFM","nearest_asset_distance_m":98,"consequence_weight":2.41},"geometry":{"type":"Point","coordinates":[86.428339,23.766825]}},{"type":"Feature","properties":{"subsidence_mm":1.4,"tilt_deg":0.00474,"strain_ue":4.88,"x_offset_m":-210,"y_offset_m":285,"source":"NCB_PFM","nearest_asset_distance_m":112,"consequence_weight":2.33},"geometry":{"type":"Point","coordinates":[86.428339,23.76696]}},{"type":"Feature","properties":{"subsidence_mm":1.4,"tilt_deg":0.00474,"strain_ue":4.88,"x_offset_m":-210,"y_offset_m":300,"source":"NCB_PFM","nearest_asset_distance_m":127,"consequence_weight":2.24},"geometry":{"type":"Point","coordinates":[86.428339,23.767095]}},{"type":"Feature","properties":{"subsidence_mm":3.11,"tilt_deg":0.01052,"strain_ue":10.79,"x_offset_m":-195,"y_offset_m":-300,"source":"NCB_PFM","nearest_asset_distance_m":447,"consequence_weight":0.32},"geometry":{"type":"Point","coordinates":[86.428486,23.761705]}},{"type":"Feature","properties":{"subsidence_mm":3.11,"tilt_deg":0.01052,"strain_ue":10.79,"x_offset_m":-195,"y_offset_m":-285,"source":"NCB_PFM","nearest_asset_distance_m":435,"consequence_weight":0.39},"geometry":{"type":"Point","coordinates":[86.428486,23.76184]}},{"type":"Feature","properties":{"subsidence_mm":3.11,"tilt_deg":0.01052,"strain_ue":10.79,"x_offset_m":-195,"y_offset_m":-270,"source":"NCB_PFM","nearest_asset_distance_m":423,"consequence_weight":0.46},"geometry":{"type":"Point","coordinates":[86.428486,23.761975]}},{"type":"Feature","properties":{"subsidence_mm":3.11,"tilt_deg":0.01052,"strain_ue":10.79,"x_offset_m":-195,"y_offset_m":-255,"source":"NCB_PFM","nearest_asset_distance_m":411,"consequence_weight":0.53},"geometry":{"type":"Point","coordinates":[86.428486,23.762109]}},{"type":"Feature","properties":{"subsidence_mm":3.11,"tilt_deg":0.01052,"strain_ue":10.79,"x_offset_m":-195,"y_offset_m":-240,"source":"NCB_PFM","nearest_asset_distance_m":399,"consequence_weight":0.6},"geometry":{"type":"Point","coordinates":[86.428486,23.762244]}},{"type":"Feature","properties":{"subsidence_mm":3.11,"tilt_deg":0.01052,"strain_ue":10.79,"x_offset_m":-195,"y_offset_m":-225,"source":"NCB_PFM","nearest_asset_distance_m":388,"consequence_weight":0.67},"geometry":{"type":"Point","coordinates":[86.428486,23.762379]}},{"type":"Feature","properties":{"subsidence_mm":3.11,"tilt_deg":0.01052,"strain_ue":10.79,"x_offset_m":-195,"y_offset_m":-210,"source":"NCB_PFM","nearest_asset_distance_m":377,"consequence_weight":0.74},"geometry":{"type":"Point","coordinates":[86.428486,23.762514]}},{"type":"Feature","properties":{"subsidence_mm":3.11,"tilt_deg":0.01052,"strain_ue":10.79,"x_offset_m":-195,"y_offset_m":-195,"source":"NCB_PFM","nearest_asset_distance_m":366,"consequence_weight":0.8},"geometry":{"type":"Point","coordinates":[86.428486,23.762648]}},{"type":"Feature","properties":{"subsidence_mm":3.11,"tilt_deg":0.01052,"strain_ue":10.79,"x_offset_m":-195,"y_offset_m":-180,"source":"NCB_PFM","nearest_asset_distance_m":355,"consequence_weight":0.87},"geometry":{"type":"Point","coordinates":[86.428486,23.762783]}},{"type":"Feature","properties":{"subsidence_mm":3.11,"tilt_deg":0.01052,"strain_ue":10.79,"x_offset_m":-195,"y_offset_m":-165,"source":"NCB_PFM","nearest_asset_distance_m":345,"consequence_weight":0.93},"geometry":{"type":"Point","coordinates":[86.428486,23.762918]}},{"type":"Feature","properties":{"subsidence_mm":3.11,"tilt_deg":0.01052,"strain_ue":10.79,"x_offset_m":-195,"y_offset_m":-150,"source":"NCB_PFM","nearest_asset_distance_m":331,"consequence_weight":1.01},"geometry":{"type":"Point","coordinates":[86.428486,23.763053]}},{"type":"Feature","properties":{"subsidence_mm":3.11,"tilt_deg":0.01052,"strain_ue":10.79,"x_offset_m":-195,"y_offset_m":-135,"source":"NCB_PFM","nearest_asset_distance_m":317,"consequence_weight":1.1},"geometry":{"type":"Point","coordinates":[86.428486,23.763187]}},{"type":"Feature","properties":{"subsidence_mm":3.11,"tilt_deg":0.01052,"strain_ue":10.79,"x_offset_m":-195,"y_offset_m":-120,"source":"NCB_PFM","nearest_asset_distance_m":302,"consequence_weight":1.19},"geometry":{"type":"Point","coordinates":[86.428486,23.763322]}},{"type":"Feature","properties":{"subsidence_mm":3.11,"tilt_deg":0.01052,"strain_ue":10.79,"x_offset_m":-195,"y_offset_m":-105,"source":"NCB_PFM","nearest_asset_distance_m":287,"consequence_weight":1.28},"geometry":{"type":"Point","coordinates":[86.428486,23.763457]}},{"type":"Feature","properties":{"subsidence_mm":3.11,"tilt_deg":0.01052,"strain_ue":10.79,"x_offset_m":-195,"y_offset_m":-90,"source":"NCB_PFM","nearest_asset_distance_m":272,"consequence_weight":1.37},"geometry":{"type":"Point","coordinates":[86.428486,23.763592]}},{"type":"Feature","properties":{"subsidence_mm":3.11,"tilt_deg":0.01052,"strain_ue":10.79,"x_offset_m":-195,"y_offset_m":-75,"source":"NCB_PFM","nearest_asset_distance_m":258,"consequence_weight":1.45},"geometry":{"type":"Point","coordinates":[86.428486,23.763726]}},{"type":"Feature","properties":{"subsidence_mm":3.11,"tilt_deg":0.01052,"strain_ue":10.79,"x_offset_m":-195,"y_offset_m":-60,"source":"NCB_PFM","nearest_asset_distance_m":243,"consequence_weight":1.54},"geometry":{"type":"Point","coordinates":[86.428486,23.763861]}},{"type":"Feature","properties":{"subsidence_mm":3.11,"tilt_deg":0.01052,"strain_ue":10.79,"x_offset_m":-195,"y_offset_m":-45,"source":"NCB_PFM","nearest_asset_distance_m":228,"consequence_weight":1.63},"geometry":{"type":"Point","coordinates":[86.428486,23.763996]}},{"type":"Feature","properties":{"subsidence_mm":3.11,"tilt_deg":0.01052,"strain_ue":10.79,"x_offset_m":-195,"y_offset_m":-30,"source":"NCB_PFM","nearest_asset_distance_m":214,"consequence_weight":1.72},"geometry":{"type":"Point","coordinates":[86.428486,23.764131]}},{"type":"Feature","properties":{"subsidence_mm":3.11,"tilt_deg":0.01052,"strain_ue":10.79,"x_offset_m":-195,"y_offset_m":-15,"source":"NCB_PFM","nearest_asset_distance_m":199,"consequence_weight":1.81},"geometry":{"type":"Point","coordinates":[86.428486,23.764265]}},{"type":"Feature","properties":{"subsidence_mm":3.11,"tilt_deg":0.01052,"strain_ue":10.79,"x_offset_m":-195,"y_offset_m":0,"source":"NCB_PFM","nearest_asset_distance_m":185,"consequence_weight":1.89},"geometry":{"type":"Point","coordinates":[86.428486,23.7644]}},{"type":"Feature","properties":{"subsidence_mm":3.11,"tilt_deg":0.01052,"strain_ue":10.79,"x_offset_m":-195,"y_offset_m":15,"source":"NCB_PFM","nearest_asset_distance_m":170,"consequence_weight":1.98},"geometry":{"type":"Point","coordinates":[86.428486,23.764535]}},{"type":"Feature","properties":{"subsidence_mm":3.11,"tilt_deg":0.01052,"strain_ue":10.79,"x_offset_m":-195,"y_offset_m":30,"source":"NCB_PFM","nearest_asset_distance_m":156,"consequence_weight":2.06},"geometry":{"type":"Point","coordinates":[86.428486,23.764669]}},{"type":"Feature","properties":{"subsidence_mm":3.11,"tilt_deg":0.01052,"strain_ue":10.79,"x_offset_m":-195,"y_offset_m":45,"source":"NCB_PFM","nearest_asset_distance_m":142,"consequence_weight":2.15},"geometry":{"type":"Point","coordinates":[86.428486,23.764804]}},{"type":"Feature","properties":{"subsidence_mm":3.11,"tilt_deg":0.01052,"strain_ue":10.79,"x_offset_m":-195,"y_offset_m":60,"source":"NCB_PFM","nearest_asset_distance_m":128,"consequence_weight":2.23},"geometry":{"type":"Point","coordinates":[86.428486,23.764939]}},{"type":"Feature","properties":{"subsidence_mm":3.11,"tilt_deg":0.01052,"strain_ue":10.79,"x_offset_m":-195,"y_offset_m":75,"source":"NCB_PFM","nearest_asset_distance_m":114,"consequence_weight":2.31},"geometry":{"type":"Point","coordinates":[86.428486,23.765074]}},{"type":"Feature","properties":{"subsidence_mm":3.11,"tilt_deg":0.01052,"strain_ue":10.79,"x_offset_m":-195,"y_offset_m":90,"source":"NCB_PFM","nearest_asset_distance_m":101,"consequence_weight":2.39},"geometry":{"type":"Point","coordinates":[86.428486,23.765208]}},{"type":"Feature","properties":{"subsidence_mm":3.11,"tilt_deg":0.01052,"strain_ue":10.79,"x_offset_m":-195,"y_offset_m":105,"source":"NCB_PFM","nearest_asset_distance_m":88,"consequence_weight":2.47},"geometry":{"type":"Point","coordinates":[86.428486,23.765343]}},{"type":"Feature","properties":{"subsidence_mm":3.11,"tilt_deg":0.01052,"strain_ue":10.79,"x_offset_m":-195,"y_offset_m":120,"source":"NCB_PFM","nearest_asset_distance_m":76,"consequence_weight":2.54},"geometry":{"type":"Point","coordinates":[86.428486,23.765478]}},{"type":"Feature","properties":{"subsidence_mm":3.11,"tilt_deg":0.01052,"strain_ue":10.79,"x_offset_m":-195,"y_offset_m":135,"source":"NCB_PFM","nearest_asset_distance_m":66,"consequence_weight":2.61},"geometry":{"type":"Point","coordinates":[86.428486,23.765613]}},{"type":"Feature","properties":{"subsidence_mm":3.11,"tilt_deg":0.01052,"strain_ue":10.79,"x_offset_m":-195,"y_offset_m":150,"source":"NCB_PFM","nearest_asset_distance_m":57,"consequence_weight":2.66},"geometry":{"type":"Point","coordinates":[86.428486,23.765747]}},{"type":"Feature","properties":{"subsidence_mm":3.11,"tilt_deg":0.01052,"strain_ue":10.79,"x_offset_m":-195,"y_offset_m":165,"source":"NCB_PFM","nearest_asset_distance_m":51,"consequence_weight":2.69},"geometry":{"type":"Point","coordinates":[86.428486,23.765882]}},{"type":"Feature","properties":{"subsidence_mm":3.11,"tilt_deg":0.01052,"strain_ue":10.79,"x_offset_m":-195,"y_offset_m":180,"source":"NCB_PFM","nearest_asset_distance_m":49,"consequence_weight":2.7},"geometry":{"type":"Point","coordinates":[86.428486,23.766017]}},{"type":"Feature","properties":{"subsidence_mm":3.11,"tilt_deg":0.01052,"strain_ue":10.79,"x_offset_m":-195,"y_offset_m":195,"source":"NCB_PFM","nearest_asset_distance_m":52,"consequence_weight":2.69},"geometry":{"type":"Point","coordinates":[86.428486,23.766152]}},{"type":"Feature","properties":{"subsidence_mm":3.11,"tilt_deg":0.01052,"strain_ue":10.79,"x_offset_m":-195,"y_offset_m":210,"source":"NCB_PFM","nearest_asset_distance_m":59,"consequence_weight":2.65},"geometry":{"type":"Point","coordinates":[86.428486,23.766286]}},{"type":"Feature","properties":{"subsidence_mm":3.11,"tilt_deg":0.01052,"strain_ue":10.79,"x_offset_m":-195,"y_offset_m":225,"source":"NCB_PFM","nearest_asset_distance_m":68,"consequence_weight":2.59},"geometry":{"type":"Point","coordinates":[86.428486,23.766421]}},{"type":"Feature","properties":{"subsidence_mm":3.11,"tilt_deg":0.01052,"strain_ue":10.79,"x_offset_m":-195,"y_offset_m":240,"source":"NCB_PFM","nearest_asset_distance_m":79,"consequence_weight":2.52},"geometry":{"type":"Point","coordinates":[86.428486,23.766556]}},{"type":"Feature","properties":{"subsidence_mm":3.11,"tilt_deg":0.01052,"strain_ue":10.79,"x_offset_m":-195,"y_offset_m":255,"source":"NCB_PFM","nearest_asset_distance_m":91,"consequence_weight":2.45},"geometry":{"type":"Point","coordinates":[86.428486,23.766691]}},{"type":"Feature","properties":{"subsidence_mm":3.11,"tilt_deg":0.01052,"strain_ue":10.79,"x_offset_m":-195,"y_offset_m":270,"source":"NCB_PFM","nearest_asset_distance_m":104,"consequence_weight":2.37},"geometry":{"type":"Point","coordinates":[86.428486,23.766825]}},{"type":"Feature","properties":{"subsidence_mm":3.11,"tilt_deg":0.01052,"strain_ue":10.79,"x_offset_m":-195,"y_offset_m":285,"source":"NCB_PFM","nearest_asset_distance_m":118,"consequence_weight":2.29},"geometry":{"type":"Point","coordinates":[86.428486,23.76696]}},{"type":"Feature","properties":{"subsidence_mm":3.11,"tilt_deg":0.01052,"strain_ue":10.79,"x_offset_m":-195,"y_offset_m":300,"source":"NCB_PFM","nearest_asset_distance_m":131,"consequence_weight":2.21},"geometry":{"type":"Point","coordinates":[86.428486,23.767095]}},{"type":"Feature","properties":{"subsidence_mm":6.91,"tilt_deg":0.02328,"strain_ue":23.67,"x_offset_m":-180,"y_offset_m":-300,"source":"NCB_PFM","nearest_asset_distance_m":438,"consequence_weight":0.37},"geometry":{"type":"Point","coordinates":[86.428633,23.761705]}},{"type":"Feature","properties":{"subsidence_mm":6.91,"tilt_deg":0.02328,"strain_ue":23.67,"x_offset_m":-180,"y_offset_m":-285,"source":"NCB_PFM","nearest_asset_distance_m":426,"consequence_weight":0.44},"geometry":{"type":"Point","coordinates":[86.428633,23.76184]}},{"type":"Feature","properties":{"subsidence_mm":6.91,"tilt_deg":0.02328,"strain_ue":23.67,"x_offset_m":-180,"y_offset_m":-270,"source":"NCB_PFM","nearest_asset_distance_m":414,"consequence_weight":0.52},"geometry":{"type":"Point","coordinates":[86.428633,23.761975]}},{"type":"Feature","properties":{"subsidence_mm":6.91,"tilt_deg":0.02328,"strain_ue":23.67,"x_offset_m":-180,"y_offset_m":-255,"source":"NCB_PFM","nearest_asset_distance_m":402,"consequence_weight":0.59},"geometry":{"type":"Point","coordinates":[86.428633,23.762109]}},{"type":"Feature","properties":{"subsidence_mm":6.91,"tilt_deg":0.02328,"strain_ue":23.67,"x_offset_m":-180,"y_offset_m":-240,"source":"NCB_PFM","nearest_asset_distance_m":390,"consequence_weight":0.66},"geometry":{"type":"Point","coordinates":[86.428633,23.762244]}},{"type":"Feature","properties":{"subsidence_mm":6.91,"tilt_deg":0.02328,"strain_ue":23.67,"x_offset_m":-180,"y_offset_m":-225,"source":"NCB_PFM","nearest_asset_distance_m":378,"consequence_weight":0.73},"geometry":{"type":"Point","coordinates":[86.428633,23.762379]}},{"type":"Feature","properties":{"subsidence_mm":6.91,"tilt_deg":0.02328,"strain_ue":23.67,"x_offset_m":-180,"y_offset_m":-210,"source":"NCB_PFM","nearest_asset_distance_m":367,"consequence_weight":0.8},"geometry":{"type":"Point","coordinates":[86.428633,23.762514]}},{"type":"Feature","properties":{"subsidence_mm":6.91,"tilt_deg":0.02328,"strain_ue":23.67,"x_offset_m":-180,"y_offset_m":-195,"source":"NCB_PFM","nearest_asset_distance_m":356,"consequence_weight":0.87},"geometry":{"type":"Point","coordinates":[86.428633,23.762648]}},{"type":"Feature","properties":{"subsidence_mm":6.91,"tilt_deg":0.02328,"strain_ue":23.67,"x_offset_m":-180,"y_offset_m":-180,"source":"NCB_PFM","nearest_asset_distance_m":345,"consequence_weight":0.93},"geometry":{"type":"Point","coordinates":[86.428633,23.762783]}},{"type":"Feature","properties":{"subsidence_mm":6.91,"tilt_deg":0.02328,"strain_ue":23.67,"x_offset_m":-180,"y_offset_m":-165,"source":"NCB_PFM","nearest_asset_distance_m":334,"consequence_weight":1},"geometry":{"type":"Point","coordinates":[86.428633,23.762918]}},{"type":"Feature","properties":{"subsidence_mm":6.91,"tilt_deg":0.02328,"strain_ue":23.67,"x_offset_m":-180,"y_offset_m":-150,"source":"NCB_PFM","nearest_asset_distance_m":324,"consequence_weight":1.06},"geometry":{"type":"Point","coordinates":[86.428633,23.763053]}},{"type":"Feature","properties":{"subsidence_mm":6.91,"tilt_deg":0.02328,"strain_ue":23.67,"x_offset_m":-180,"y_offset_m":-135,"source":"NCB_PFM","nearest_asset_distance_m":314,"consequence_weight":1.12},"geometry":{"type":"Point","coordinates":[86.428633,23.763187]}},{"type":"Feature","properties":{"subsidence_mm":6.91,"tilt_deg":0.02328,"strain_ue":23.67,"x_offset_m":-180,"y_offset_m":-120,"source":"NCB_PFM","nearest_asset_distance_m":305,"consequence_weight":1.17},"geometry":{"type":"Point","coordinates":[86.428633,23.763322]}},{"type":"Feature","properties":{"subsidence_mm":6.91,"tilt_deg":0.02328,"strain_ue":23.67,"x_offset_m":-180,"y_offset_m":-105,"source":"NCB_PFM","nearest_asset_distance_m":290,"consequence_weight":1.26},"geometry":{"type":"Point","coordinates":[86.428633,23.763457]}},{"type":"Feature","properties":{"subsidence_mm":6.91,"tilt_deg":0.02328,"strain_ue":23.67,"x_offset_m":-180,"y_offset_m":-90,"source":"NCB_PFM","nearest_asset_distance_m":275,"consequence_weight":1.35},"geometry":{"type":"Point","coordinates":[86.428633,23.763592]}},{"type":"Feature","properties":{"subsidence_mm":6.91,"tilt_deg":0.02328,"strain_ue":23.67,"x_offset_m":-180,"y_offset_m":-75,"source":"NCB_PFM","nearest_asset_distance_m":261,"consequence_weight":1.43},"geometry":{"type":"Point","coordinates":[86.428633,23.763726]}},{"type":"Feature","properties":{"subsidence_mm":6.91,"tilt_deg":0.02328,"strain_ue":23.67,"x_offset_m":-180,"y_offset_m":-60,"source":"NCB_PFM","nearest_asset_distance_m":246,"consequence_weight":1.52},"geometry":{"type":"Point","coordinates":[86.428633,23.763861]}},{"type":"Feature","properties":{"subsidence_mm":6.91,"tilt_deg":0.02328,"strain_ue":23.67,"x_offset_m":-180,"y_offset_m":-45,"source":"NCB_PFM","nearest_asset_distance_m":232,"consequence_weight":1.61},"geometry":{"type":"Point","coordinates":[86.428633,23.763996]}},{"type":"Feature","properties":{"subsidence_mm":6.91,"tilt_deg":0.02328,"strain_ue":23.67,"x_offset_m":-180,"y_offset_m":-30,"source":"NCB_PFM","nearest_asset_distance_m":218,"consequence_weight":1.69},"geometry":{"type":"Point","coordinates":[86.428633,23.764131]}},{"type":"Feature","properties":{"subsidence_mm":6.91,"tilt_deg":0.02328,"strain_ue":23.67,"x_offset_m":-180,"y_offset_m":-15,"source":"NCB_PFM","nearest_asset_distance_m":203,"consequence_weight":1.78},"geometry":{"type":"Point","coordinates":[86.428633,23.764265]}},{"type":"Feature","properties":{"subsidence_mm":6.91,"tilt_deg":0.02328,"strain_ue":23.67,"x_offset_m":-180,"y_offset_m":0,"source":"NCB_PFM","nearest_asset_distance_m":189,"consequence_weight":1.86},"geometry":{"type":"Point","coordinates":[86.428633,23.7644]}},{"type":"Feature","properties":{"subsidence_mm":6.91,"tilt_deg":0.02328,"strain_ue":23.67,"x_offset_m":-180,"y_offset_m":15,"source":"NCB_PFM","nearest_asset_distance_m":175,"consequence_weight":1.95},"geometry":{"type":"Point","coordinates":[86.428633,23.764535]}},{"type":"Feature","properties":{"subsidence_mm":6.91,"tilt_deg":0.02328,"strain_ue":23.67,"x_offset_m":-180,"y_offset_m":30,"source":"NCB_PFM","nearest_asset_distance_m":161,"consequence_weight":2.03},"geometry":{"type":"Point","coordinates":[86.428633,23.764669]}},{"type":"Feature","properties":{"subsidence_mm":6.91,"tilt_deg":0.02328,"strain_ue":23.67,"x_offset_m":-180,"y_offset_m":45,"source":"NCB_PFM","nearest_asset_distance_m":148,"consequence_weight":2.11},"geometry":{"type":"Point","coordinates":[86.428633,23.764804]}},{"type":"Feature","properties":{"subsidence_mm":6.91,"tilt_deg":0.02328,"strain_ue":23.67,"x_offset_m":-180,"y_offset_m":60,"source":"NCB_PFM","nearest_asset_distance_m":134,"consequence_weight":2.19},"geometry":{"type":"Point","coordinates":[86.428633,23.764939]}},{"type":"Feature","properties":{"subsidence_mm":6.91,"tilt_deg":0.02328,"strain_ue":23.67,"x_offset_m":-180,"y_offset_m":75,"source":"NCB_PFM","nearest_asset_distance_m":121,"consequence_weight":2.27},"geometry":{"type":"Point","coordinates":[86.428633,23.765074]}},{"type":"Feature","properties":{"subsidence_mm":6.91,"tilt_deg":0.02328,"strain_ue":23.67,"x_offset_m":-180,"y_offset_m":90,"source":"NCB_PFM","nearest_asset_distance_m":109,"consequence_weight":2.35},"geometry":{"type":"Point","coordinates":[86.428633,23.765208]}},{"type":"Feature","properties":{"subsidence_mm":6.91,"tilt_deg":0.02328,"strain_ue":23.67,"x_offset_m":-180,"y_offset_m":105,"source":"NCB_PFM","nearest_asset_distance_m":97,"consequence_weight":2.42},"geometry":{"type":"Point","coordinates":[86.428633,23.765343]}},{"type":"Feature","properties":{"subsidence_mm":6.91,"tilt_deg":0.02328,"strain_ue":23.67,"x_offset_m":-180,"y_offset_m":120,"source":"NCB_PFM","nearest_asset_distance_m":87,"consequence_weight":2.48},"geometry":{"type":"Point","coordinates":[86.428633,23.765478]}},{"type":"Feature","properties":{"subsidence_mm":6.91,"tilt_deg":0.02328,"strain_ue":23.67,"x_offset_m":-180,"y_offset_m":135,"source":"NCB_PFM","nearest_asset_distance_m":77,"consequence_weight":2.54},"geometry":{"type":"Point","coordinates":[86.428633,23.765613]}},{"type":"Feature","properties":{"subsidence_mm":6.91,"tilt_deg":0.02328,"strain_ue":23.67,"x_offset_m":-180,"y_offset_m":150,"source":"NCB_PFM","nearest_asset_distance_m":70,"consequence_weight":2.58},"geometry":{"type":"Point","coordinates":[86.428633,23.765747]}},{"type":"Feature","properties":{"subsidence_mm":6.91,"tilt_deg":0.02328,"strain_ue":23.67,"x_offset_m":-180,"y_offset_m":165,"source":"NCB_PFM","nearest_asset_distance_m":66,"consequence_weight":2.61},"geometry":{"type":"Point","coordinates":[86.428633,23.765882]}},{"type":"Feature","properties":{"subsidence_mm":6.91,"tilt_deg":0.02328,"strain_ue":23.67,"x_offset_m":-180,"y_offset_m":180,"source":"NCB_PFM","nearest_asset_distance_m":64,"consequence_weight":2.61},"geometry":{"type":"Point","coordinates":[86.428633,23.766017]}},{"type":"Feature","properties":{"subsidence_mm":6.91,"tilt_deg":0.02328,"strain_ue":23.67,"x_offset_m":-180,"y_offset_m":195,"source":"NCB_PFM","nearest_asset_distance_m":67,"consequence_weight":2.6},"geometry":{"type":"Point","coordinates":[86.428633,23.766152]}},{"type":"Feature","properties":{"subsidence_mm":6.91,"tilt_deg":0.02328,"strain_ue":23.67,"x_offset_m":-180,"y_offset_m":210,"source":"NCB_PFM","nearest_asset_distance_m":72,"consequence_weight":2.57},"geometry":{"type":"Point","coordinates":[86.428633,23.766286]}},{"type":"Feature","properties":{"subsidence_mm":6.91,"tilt_deg":0.02328,"strain_ue":23.67,"x_offset_m":-180,"y_offset_m":225,"source":"NCB_PFM","nearest_asset_distance_m":80,"consequence_weight":2.52},"geometry":{"type":"Point","coordinates":[86.428633,23.766421]}},{"type":"Feature","properties":{"subsidence_mm":6.91,"tilt_deg":0.02328,"strain_ue":23.67,"x_offset_m":-180,"y_offset_m":240,"source":"NCB_PFM","nearest_asset_distance_m":89,"consequence_weight":2.46},"geometry":{"type":"Point","coordinates":[86.428633,23.766556]}},{"type":"Feature","properties":{"subsidence_mm":6.91,"tilt_deg":0.02328,"strain_ue":23.67,"x_offset_m":-180,"y_offset_m":255,"source":"NCB_PFM","nearest_asset_distance_m":100,"consequence_weight":2.4},"geometry":{"type":"Point","coordinates":[86.428633,23.766691]}},{"type":"Feature","properties":{"subsidence_mm":6.91,"tilt_deg":0.02328,"strain_ue":23.67,"x_offset_m":-180,"y_offset_m":270,"source":"NCB_PFM","nearest_asset_distance_m":112,"consequence_weight":2.33},"geometry":{"type":"Point","coordinates":[86.428633,23.766825]}},{"type":"Feature","properties":{"subsidence_mm":6.91,"tilt_deg":0.02328,"strain_ue":23.67,"x_offset_m":-180,"y_offset_m":285,"source":"NCB_PFM","nearest_asset_distance_m":125,"consequence_weight":2.25},"geometry":{"type":"Point","coordinates":[86.428633,23.76696]}},{"type":"Feature","properties":{"subsidence_mm":6.91,"tilt_deg":0.02328,"strain_ue":23.67,"x_offset_m":-180,"y_offset_m":300,"source":"NCB_PFM","nearest_asset_distance_m":138,"consequence_weight":2.17},"geometry":{"type":"Point","coordinates":[86.428633,23.767095]}},{"type":"Feature","properties":{"subsidence_mm":15.3,"tilt_deg":0.0512,"strain_ue":51.02,"x_offset_m":-165,"y_offset_m":-300,"source":"NCB_PFM","nearest_asset_distance_m":430,"consequence_weight":0.42},"geometry":{"type":"Point","coordinates":[86.42878,23.761705]}},{"type":"Feature","properties":{"subsidence_mm":15.3,"tilt_deg":0.0512,"strain_ue":51.02,"x_offset_m":-165,"y_offset_m":-285,"source":"NCB_PFM","nearest_asset_distance_m":418,"consequence_weight":0.49},"geometry":{"type":"Point","coordinates":[86.42878,23.76184]}},{"type":"Feature","properties":{"subsidence_mm":15.3,"tilt_deg":0.0512,"strain_ue":51.02,"x_offset_m":-165,"y_offset_m":-270,"source":"NCB_PFM","nearest_asset_distance_m":405,"consequence_weight":0.57},"geometry":{"type":"Point","coordinates":[86.42878,23.761975]}},{"type":"Feature","properties":{"subsidence_mm":15.3,"tilt_deg":0.0512,"strain_ue":51.02,"x_offset_m":-165,"y_offset_m":-255,"source":"NCB_PFM","nearest_asset_distance_m":393,"consequence_weight":0.64},"geometry":{"type":"Point","coordinates":[86.42878,23.762109]}},{"type":"Feature","properties":{"subsidence_mm":15.3,"tilt_deg":0.0512,"strain_ue":51.02,"x_offset_m":-165,"y_offset_m":-240,"source":"NCB_PFM","nearest_asset_distance_m":381,"consequence_weight":0.72},"geometry":{"type":"Point","coordinates":[86.42878,23.762244]}},{"type":"Feature","properties":{"subsidence_mm":15.3,"tilt_deg":0.0512,"strain_ue":51.02,"x_offset_m":-165,"y_offset_m":-225,"source":"NCB_PFM","nearest_asset_distance_m":369,"consequence_weight":0.79},"geometry":{"type":"Point","coordinates":[86.42878,23.762379]}},{"type":"Feature","properties":{"subsidence_mm":15.3,"tilt_deg":0.0512,"strain_ue":51.02,"x_offset_m":-165,"y_offset_m":-210,"source":"NCB_PFM","nearest_asset_distance_m":357,"consequence_weight":0.86},"geometry":{"type":"Point","coordinates":[86.42878,23.762514]}},{"type":"Feature","properties":{"subsidence_mm":15.3,"tilt_deg":0.0512,"strain_ue":51.02,"x_offset_m":-165,"y_offset_m":-195,"source":"NCB_PFM","nearest_asset_distance_m":346,"consequence_weight":0.93},"geometry":{"type":"Point","coordinates":[86.42878,23.762648]}},{"type":"Feature","properties":{"subsidence_mm":15.3,"tilt_deg":0.0512,"strain_ue":51.02,"x_offset_m":-165,"y_offset_m":-180,"source":"NCB_PFM","nearest_asset_distance_m":334,"consequence_weight":0.99},"geometry":{"type":"Point","coordinates":[86.42878,23.762783]}},{"type":"Feature","properties":{"subsidence_mm":15.3,"tilt_deg":0.0512,"strain_ue":51.02,"x_offset_m":-165,"y_offset_m":-165,"source":"NCB_PFM","nearest_asset_distance_m":323,"consequence_weight":1.06},"geometry":{"type":"Point","coordinates":[86.42878,23.762918]}},{"type":"Feature","properties":{"subsidence_mm":15.3,"tilt_deg":0.0512,"strain_ue":51.02,"x_offset_m":-165,"y_offset_m":-150,"source":"NCB_PFM","nearest_asset_distance_m":313,"consequence_weight":1.12},"geometry":{"type":"Point","coordinates":[86.42878,23.763053]}},{"type":"Feature","properties":{"subsidence_mm":15.3,"tilt_deg":0.0512,"strain_ue":51.02,"x_offset_m":-165,"y_offset_m":-135,"source":"NCB_PFM","nearest_asset_distance_m":303,"consequence_weight":1.18},"geometry":{"type":"Point","coordinates":[86.42878,23.763187]}},{"type":"Feature","properties":{"subsidence_mm":15.3,"tilt_deg":0.0512,"strain_ue":51.02,"x_offset_m":-165,"y_offset_m":-120,"source":"NCB_PFM","nearest_asset_distance_m":293,"consequence_weight":1.24},"geometry":{"type":"Point","coordinates":[86.42878,23.763322]}},{"type":"Feature","properties":{"subsidence_mm":15.3,"tilt_deg":0.0512,"strain_ue":51.02,"x_offset_m":-165,"y_offset_m":-105,"source":"NCB_PFM","nearest_asset_distance_m":284,"consequence_weight":1.3},"geometry":{"type":"Point","coordinates":[86.42878,23.763457]}},{"type":"Feature","properties":{"subsidence_mm":15.3,"tilt_deg":0.0512,"strain_ue":51.02,"x_offset_m":-165,"y_offset_m":-90,"source":"NCB_PFM","nearest_asset_distance_m":275,"consequence_weight":1.35},"geometry":{"type":"Point","coordinates":[86.42878,23.763592]}},{"type":"Feature","properties":{"subsidence_mm":15.3,"tilt_deg":0.0512,"strain_ue":51.02,"x_offset_m":-165,"y_offset_m":-75,"source":"NCB_PFM","nearest_asset_distance_m":265,"consequence_weight":1.41},"geometry":{"type":"Point","coordinates":[86.42878,23.763726]}},{"type":"Feature","properties":{"subsidence_mm":15.3,"tilt_deg":0.0512,"strain_ue":51.02,"x_offset_m":-165,"y_offset_m":-60,"source":"NCB_PFM","nearest_asset_distance_m":251,"consequence_weight":1.5},"geometry":{"type":"Point","coordinates":[86.42878,23.763861]}},{"type":"Feature","properties":{"subsidence_mm":15.3,"tilt_deg":0.0512,"strain_ue":51.02,"x_offset_m":-165,"y_offset_m":-45,"source":"NCB_PFM","nearest_asset_distance_m":237,"consequence_weight":1.58},"geometry":{"type":"Point","coordinates":[86.42878,23.763996]}},{"type":"Feature","properties":{"subsidence_mm":15.3,"tilt_deg":0.0512,"strain_ue":51.02,"x_offset_m":-165,"y_offset_m":-30,"source":"NCB_PFM","nearest_asset_distance_m":222,"consequence_weight":1.67},"geometry":{"type":"Point","coordinates":[86.42878,23.764131]}},{"type":"Feature","properties":{"subsidence_mm":15.3,"tilt_deg":0.0512,"strain_ue":51.02,"x_offset_m":-165,"y_offset_m":-15,"source":"NCB_PFM","nearest_asset_distance_m":209,"consequence_weight":1.75},"geometry":{"type":"Point","coordinates":[86.42878,23.764265]}},{"type":"Feature","properties":{"subsidence_mm":15.3,"tilt_deg":0.0512,"strain_ue":51.02,"x_offset_m":-165,"y_offset_m":0,"source":"NCB_PFM","nearest_asset_distance_m":195,"consequence_weight":1.83},"geometry":{"type":"Point","coordinates":[86.42878,23.7644]}},{"type":"Feature","properties":{"subsidence_mm":15.3,"tilt_deg":0.0512,"strain_ue":51.02,"x_offset_m":-165,"y_offset_m":15,"source":"NCB_PFM","nearest_asset_distance_m":181,"consequence_weight":1.91},"geometry":{"type":"Point","coordinates":[86.42878,23.764535]}},{"type":"Feature","properties":{"subsidence_mm":15.3,"tilt_deg":0.0512,"strain_ue":51.02,"x_offset_m":-165,"y_offset_m":30,"source":"NCB_PFM","nearest_asset_distance_m":168,"consequence_weight":1.99},"geometry":{"type":"Point","coordinates":[86.42878,23.764669]}},{"type":"Feature","properties":{"subsidence_mm":15.3,"tilt_deg":0.0512,"strain_ue":51.02,"x_offset_m":-165,"y_offset_m":45,"source":"NCB_PFM","nearest_asset_distance_m":155,"consequence_weight":2.07},"geometry":{"type":"Point","coordinates":[86.42878,23.764804]}},{"type":"Feature","properties":{"subsidence_mm":15.3,"tilt_deg":0.0512,"strain_ue":51.02,"x_offset_m":-165,"y_offset_m":60,"source":"NCB_PFM","nearest_asset_distance_m":142,"consequence_weight":2.15},"geometry":{"type":"Point","coordinates":[86.42878,23.764939]}},{"type":"Feature","properties":{"subsidence_mm":15.3,"tilt_deg":0.0512,"strain_ue":51.02,"x_offset_m":-165,"y_offset_m":75,"source":"NCB_PFM","nearest_asset_distance_m":130,"consequence_weight":2.22},"geometry":{"type":"Point","coordinates":[86.42878,23.765074]}},{"type":"Feature","properties":{"subsidence_mm":15.3,"tilt_deg":0.0512,"strain_ue":51.02,"x_offset_m":-165,"y_offset_m":90,"source":"NCB_PFM","nearest_asset_distance_m":119,"consequence_weight":2.29},"geometry":{"type":"Point","coordinates":[86.42878,23.765208]}},{"type":"Feature","properties":{"subsidence_mm":15.3,"tilt_deg":0.0512,"strain_ue":51.02,"x_offset_m":-165,"y_offset_m":105,"source":"NCB_PFM","nearest_asset_distance_m":108,"consequence_weight":2.35},"geometry":{"type":"Point","coordinates":[86.42878,23.765343]}},{"type":"Feature","properties":{"subsidence_mm":15.3,"tilt_deg":0.0512,"strain_ue":51.02,"x_offset_m":-165,"y_offset_m":120,"source":"NCB_PFM","nearest_asset_distance_m":98,"consequence_weight":2.41},"geometry":{"type":"Point","coordinates":[86.42878,23.765478]}},{"type":"Feature","properties":{"subsidence_mm":15.3,"tilt_deg":0.0512,"strain_ue":51.02,"x_offset_m":-165,"y_offset_m":135,"source":"NCB_PFM","nearest_asset_distance_m":90,"consequence_weight":2.46},"geometry":{"type":"Point","coordinates":[86.42878,23.765613]}},{"type":"Feature","properties":{"subsidence_mm":15.3,"tilt_deg":0.0512,"strain_ue":51.02,"x_offset_m":-165,"y_offset_m":150,"source":"NCB_PFM","nearest_asset_distance_m":84,"consequence_weight":2.49},"geometry":{"type":"Point","coordinates":[86.42878,23.765747]}},{"type":"Feature","properties":{"subsidence_mm":15.3,"tilt_deg":0.0512,"strain_ue":51.02,"x_offset_m":-165,"y_offset_m":165,"source":"NCB_PFM","nearest_asset_distance_m":80,"consequence_weight":2.52},"geometry":{"type":"Point","coordinates":[86.42878,23.765882]}},{"type":"Feature","properties":{"subsidence_mm":15.3,"tilt_deg":0.0512,"strain_ue":51.02,"x_offset_m":-165,"y_offset_m":180,"source":"NCB_PFM","nearest_asset_distance_m":79,"consequence_weight":2.52},"geometry":{"type":"Point","coordinates":[86.42878,23.766017]}},{"type":"Feature","properties":{"subsidence_mm":15.3,"tilt_deg":0.0512,"strain_ue":51.02,"x_offset_m":-165,"y_offset_m":195,"source":"NCB_PFM","nearest_asset_distance_m":81,"consequence_weight":2.51},"geometry":{"type":"Point","coordinates":[86.42878,23.766152]}},{"type":"Feature","properties":{"subsidence_mm":15.3,"tilt_deg":0.0512,"strain_ue":51.02,"x_offset_m":-165,"y_offset_m":210,"source":"NCB_PFM","nearest_asset_distance_m":86,"consequence_weight":2.49},"geometry":{"type":"Point","coordinates":[86.42878,23.766286]}},{"type":"Feature","properties":{"subsidence_mm":15.3,"tilt_deg":0.0512,"strain_ue":51.02,"x_offset_m":-165,"y_offset_m":225,"source":"NCB_PFM","nearest_asset_distance_m":92,"consequence_weight":2.45},"geometry":{"type":"Point","coordinates":[86.42878,23.766421]}},{"type":"Feature","properties":{"subsidence_mm":15.3,"tilt_deg":0.0512,"strain_ue":51.02,"x_offset_m":-165,"y_offset_m":240,"source":"NCB_PFM","nearest_asset_distance_m":101,"consequence_weight":2.4},"geometry":{"type":"Point","coordinates":[86.42878,23.766556]}},{"type":"Feature","properties":{"subsidence_mm":15.3,"tilt_deg":0.0512,"strain_ue":51.02,"x_offset_m":-165,"y_offset_m":255,"source":"NCB_PFM","nearest_asset_distance_m":110,"consequence_weight":2.34},"geometry":{"type":"Point","coordinates":[86.42878,23.766691]}},{"type":"Feature","properties":{"subsidence_mm":15.3,"tilt_deg":0.0512,"strain_ue":51.02,"x_offset_m":-165,"y_offset_m":270,"source":"NCB_PFM","nearest_asset_distance_m":121,"consequence_weight":2.27},"geometry":{"type":"Point","coordinates":[86.42878,23.766825]}},{"type":"Feature","properties":{"subsidence_mm":15.3,"tilt_deg":0.0512,"strain_ue":51.02,"x_offset_m":-165,"y_offset_m":285,"source":"NCB_PFM","nearest_asset_distance_m":133,"consequence_weight":2.2},"geometry":{"type":"Point","coordinates":[86.42878,23.76696]}},{"type":"Feature","properties":{"subsidence_mm":15.3,"tilt_deg":0.0512,"strain_ue":51.02,"x_offset_m":-165,"y_offset_m":300,"source":"NCB_PFM","nearest_asset_distance_m":145,"consequence_weight":2.13},"geometry":{"type":"Point","coordinates":[86.42878,23.767095]}},{"type":"Feature","properties":{"subsidence_mm":33.71,"tilt_deg":0.11098,"strain_ue":105.97,"x_offset_m":-150,"y_offset_m":-300,"source":"NCB_PFM","nearest_asset_distance_m":423,"consequence_weight":0.46},"geometry":{"type":"Point","coordinates":[86.428928,23.761705]}},{"type":"Feature","properties":{"subsidence_mm":33.71,"tilt_deg":0.11098,"strain_ue":105.97,"x_offset_m":-150,"y_offset_m":-285,"source":"NCB_PFM","nearest_asset_distance_m":410,"consequence_weight":0.54},"geometry":{"type":"Point","coordinates":[86.428928,23.76184]}},{"type":"Feature","properties":{"subsidence_mm":33.71,"tilt_deg":0.11098,"strain_ue":105.97,"x_offset_m":-150,"y_offset_m":-270,"source":"NCB_PFM","nearest_asset_distance_m":397,"consequence_weight":0.62},"geometry":{"type":"Point","coordinates":[86.428928,23.761975]}},{"type":"Feature","properties":{"subsidence_mm":33.71,"tilt_deg":0.11098,"strain_ue":105.97,"x_offset_m":-150,"y_offset_m":-255,"source":"NCB_PFM","nearest_asset_distance_m":384,"consequence_weight":0.69},"geometry":{"type":"Point","coordinates":[86.428928,23.762109]}},{"type":"Feature","properties":{"subsidence_mm":33.71,"tilt_deg":0.11098,"strain_ue":105.97,"x_offset_m":-150,"y_offset_m":-240,"source":"NCB_PFM","nearest_asset_distance_m":372,"consequence_weight":0.77},"geometry":{"type":"Point","coordinates":[86.428928,23.762244]}},{"type":"Feature","properties":{"subsidence_mm":33.71,"tilt_deg":0.11098,"strain_ue":105.97,"x_offset_m":-150,"y_offset_m":-225,"source":"NCB_PFM","nearest_asset_distance_m":360,"consequence_weight":0.84},"geometry":{"type":"Point","coordinates":[86.428928,23.762379]}},{"type":"Feature","properties":{"subsidence_mm":33.71,"tilt_deg":0.11098,"strain_ue":105.97,"x_offset_m":-150,"y_offset_m":-210,"source":"NCB_PFM","nearest_asset_distance_m":348,"consequence_weight":0.91},"geometry":{"type":"Point","coordinates":[86.428928,23.762514]}},{"type":"Feature","properties":{"subsidence_mm":33.71,"tilt_deg":0.11098,"strain_ue":105.97,"x_offset_m":-150,"y_offset_m":-195,"source":"NCB_PFM","nearest_asset_distance_m":336,"consequence_weight":0.98},"geometry":{"type":"Point","coordinates":[86.428928,23.762648]}},{"type":"Feature","properties":{"subsidence_mm":33.71,"tilt_deg":0.11098,"strain_ue":105.97,"x_offset_m":-150,"y_offset_m":-180,"source":"NCB_PFM","nearest_asset_distance_m":324,"consequence_weight":1.05},"geometry":{"type":"Point","coordinates":[86.428928,23.762783]}},{"type":"Feature","properties":{"subsidence_mm":33.71,"tilt_deg":0.11098,"strain_ue":105.97,"x_offset_m":-150,"y_offset_m":-165,"source":"NCB_PFM","nearest_asset_distance_m":313,"consequence_weight":1.12},"geometry":{"type":"Point","coordinates":[86.428928,23.762918]}},{"type":"Feature","properties":{"subsidence_mm":33.71,"tilt_deg":0.11098,"strain_ue":105.97,"x_offset_m":-150,"y_offset_m":-150,"source":"NCB_PFM","nearest_asset_distance_m":302,"consequence_weight":1.19},"geometry":{"type":"Point","coordinates":[86.428928,23.763053]}},{"type":"Feature","properties":{"subsidence_mm":33.71,"tilt_deg":0.11098,"strain_ue":105.97,"x_offset_m":-150,"y_offset_m":-135,"source":"NCB_PFM","nearest_asset_distance_m":292,"consequence_weight":1.25},"geometry":{"type":"Point","coordinates":[86.428928,23.763187]}},{"type":"Feature","properties":{"subsidence_mm":33.71,"tilt_deg":0.11098,"strain_ue":105.97,"x_offset_m":-150,"y_offset_m":-120,"source":"NCB_PFM","nearest_asset_distance_m":282,"consequence_weight":1.31},"geometry":{"type":"Point","coordinates":[86.428928,23.763322]}},{"type":"Feature","properties":{"subsidence_mm":33.71,"tilt_deg":0.11098,"strain_ue":105.97,"x_offset_m":-150,"y_offset_m":-105,"source":"NCB_PFM","nearest_asset_distance_m":272,"consequence_weight":1.37},"geometry":{"type":"Point","coordinates":[86.428928,23.763457]}},{"type":"Feature","properties":{"subsidence_mm":33.71,"tilt_deg":0.11098,"strain_ue":105.97,"x_offset_m":-150,"y_offset_m":-90,"source":"NCB_PFM","nearest_asset_distance_m":263,"consequence_weight":1.42},"geometry":{"type":"Point","coordinates":[86.428928,23.763592]}},{"type":"Feature","properties":{"subsidence_mm":33.71,"tilt_deg":0.11098,"strain_ue":105.97,"x_offset_m":-150,"y_offset_m":-75,"source":"NCB_PFM","nearest_asset_distance_m":254,"consequence_weight":1.48},"geometry":{"type":"Point","coordinates":[86.428928,23.763726]}},{"type":"Feature","properties":{"subsidence_mm":33.71,"tilt_deg":0.11098,"strain_ue":105.97,"x_offset_m":-150,"y_offset_m":-60,"source":"NCB_PFM","nearest_asset_distance_m":246,"consequence_weight":1.52},"geometry":{"type":"Point","coordinates":[86.428928,23.763861]}},{"type":"Feature","properties":{"subsidence_mm":33.71,"tilt_deg":0.11098,"strain_ue":105.97,"x_offset_m":-150,"y_offset_m":-45,"source":"NCB_PFM","nearest_asset_distance_m":239,"consequence_weight":1.57},"geometry":{"type":"Point","coordinates":[86.428928,23.763996]}},{"type":"Feature","properties":{"subsidence_mm":33.71,"tilt_deg":0.11098,"strain_ue":105.97,"x_offset_m":-150,"y_offset_m":-30,"source":"NCB_PFM","nearest_asset_distance_m":228,"consequence_weight":1.63},"geometry":{"type":"Point","coordinates":[86.428928,23.764131]}},{"type":"Feature","properties":{"subsidence_mm":33.71,"tilt_deg":0.11098,"strain_ue":105.97,"x_offset_m":-150,"y_offset_m":-15,"source":"NCB_PFM","nearest_asset_distance_m":215,"consequence_weight":1.71},"geometry":{"type":"Point","coordinates":[86.428928,23.764265]}},{"type":"Feature","properties":{"subsidence_mm":33.71,"tilt_deg":0.11098,"strain_ue":105.97,"x_offset_m":-150,"y_offset_m":0,"source":"NCB_PFM","nearest_asset_distance_m":201,"consequence_weight":1.79},"geometry":{"type":"Point","coordinates":[86.428928,23.7644]}},{"type":"Feature","properties":{"subsidence_mm":33.71,"tilt_deg":0.11098,"strain_ue":105.97,"x_offset_m":-150,"y_offset_m":15,"source":"NCB_PFM","nearest_asset_distance_m":188,"consequence_weight":1.87},"geometry":{"type":"Point","coordinates":[86.428928,23.764535]}},{"type":"Feature","properties":{"subsidence_mm":33.71,"tilt_deg":0.11098,"strain_ue":105.97,"x_offset_m":-150,"y_offset_m":30,"source":"NCB_PFM","nearest_asset_distance_m":176,"consequence_weight":1.95},"geometry":{"type":"Point","coordinates":[86.428928,23.764669]}},{"type":"Feature","properties":{"subsidence_mm":33.71,"tilt_deg":0.11098,"strain_ue":105.97,"x_offset_m":-150,"y_offset_m":45,"source":"NCB_PFM","nearest_asset_distance_m":163,"consequence_weight":2.02},"geometry":{"type":"Point","coordinates":[86.428928,23.764804]}},{"type":"Feature","properties":{"subsidence_mm":33.71,"tilt_deg":0.11098,"strain_ue":105.97,"x_offset_m":-150,"y_offset_m":60,"source":"NCB_PFM","nearest_asset_distance_m":151,"consequence_weight":2.09},"geometry":{"type":"Point","coordinates":[86.428928,23.764939]}},{"type":"Feature","properties":{"subsidence_mm":33.71,"tilt_deg":0.11098,"strain_ue":105.97,"x_offset_m":-150,"y_offset_m":75,"source":"NCB_PFM","nearest_asset_distance_m":140,"consequence_weight":2.16},"geometry":{"type":"Point","coordinates":[86.428928,23.765074]}},{"type":"Feature","properties":{"subsidence_mm":33.71,"tilt_deg":0.11098,"strain_ue":105.97,"x_offset_m":-150,"y_offset_m":90,"source":"NCB_PFM","nearest_asset_distance_m":129,"consequence_weight":2.23},"geometry":{"type":"Point","coordinates":[86.428928,23.765208]}},{"type":"Feature","properties":{"subsidence_mm":33.71,"tilt_deg":0.11098,"strain_ue":105.97,"x_offset_m":-150,"y_offset_m":105,"source":"NCB_PFM","nearest_asset_distance_m":119,"consequence_weight":2.28},"geometry":{"type":"Point","coordinates":[86.428928,23.765343]}},{"type":"Feature","properties":{"subsidence_mm":33.71,"tilt_deg":0.11098,"strain_ue":105.97,"x_offset_m":-150,"y_offset_m":120,"source":"NCB_PFM","nearest_asset_distance_m":111,"consequence_weight":2.33},"geometry":{"type":"Point","coordinates":[86.428928,23.765478]}},{"type":"Feature","properties":{"subsidence_mm":33.71,"tilt_deg":0.11098,"strain_ue":105.97,"x_offset_m":-150,"y_offset_m":135,"source":"NCB_PFM","nearest_asset_distance_m":104,"consequence_weight":2.38},"geometry":{"type":"Point","coordinates":[86.428928,23.765613]}},{"type":"Feature","properties":{"subsidence_mm":33.71,"tilt_deg":0.11098,"strain_ue":105.97,"x_offset_m":-150,"y_offset_m":150,"source":"NCB_PFM","nearest_asset_distance_m":99,"consequence_weight":2.41},"geometry":{"type":"Point","coordinates":[86.428928,23.765747]}},{"type":"Feature","properties":{"subsidence_mm":33.71,"tilt_deg":0.11098,"strain_ue":105.97,"x_offset_m":-150,"y_offset_m":165,"source":"NCB_PFM","nearest_asset_distance_m":95,"consequence_weight":2.43},"geometry":{"type":"Point","coordinates":[86.428928,23.765882]}},{"type":"Feature","properties":{"subsidence_mm":33.71,"tilt_deg":0.11098,"strain_ue":105.97,"x_offset_m":-150,"y_offset_m":180,"source":"NCB_PFM","nearest_asset_distance_m":94,"consequence_weight":2.43},"geometry":{"type":"Point","coordinates":[86.428928,23.766017]}},{"type":"Feature","properties":{"subsidence_mm":33.71,"tilt_deg":0.11098,"strain_ue":105.97,"x_offset_m":-150,"y_offset_m":195,"source":"NCB_PFM","nearest_asset_distance_m":96,"consequence_weight":2.42},"geometry":{"type":"Point","coordinates":[86.428928,23.766152]}},{"type":"Feature","properties":{"subsidence_mm":33.71,"tilt_deg":0.11098,"strain_ue":105.97,"x_offset_m":-150,"y_offset_m":210,"source":"NCB_PFM","nearest_asset_distance_m":100,"consequence_weight":2.4},"geometry":{"type":"Point","coordinates":[86.428928,23.766286]}},{"type":"Feature","properties":{"subsidence_mm":33.71,"tilt_deg":0.11098,"strain_ue":105.97,"x_offset_m":-150,"y_offset_m":225,"source":"NCB_PFM","nearest_asset_distance_m":105,"consequence_weight":2.37},"geometry":{"type":"Point","coordinates":[86.428928,23.766421]}},{"type":"Feature","properties":{"subsidence_mm":33.71,"tilt_deg":0.11098,"strain_ue":105.97,"x_offset_m":-150,"y_offset_m":240,"source":"NCB_PFM","nearest_asset_distance_m":113,"consequence_weight":2.32},"geometry":{"type":"Point","coordinates":[86.428928,23.766556]}},{"type":"Feature","properties":{"subsidence_mm":33.71,"tilt_deg":0.11098,"strain_ue":105.97,"x_offset_m":-150,"y_offset_m":255,"source":"NCB_PFM","nearest_asset_distance_m":122,"consequence_weight":2.27},"geometry":{"type":"Point","coordinates":[86.428928,23.766691]}},{"type":"Feature","properties":{"subsidence_mm":33.71,"tilt_deg":0.11098,"strain_ue":105.97,"x_offset_m":-150,"y_offset_m":270,"source":"NCB_PFM","nearest_asset_distance_m":132,"consequence_weight":2.21},"geometry":{"type":"Point","coordinates":[86.428928,23.766825]}},{"type":"Feature","properties":{"subsidence_mm":33.71,"tilt_deg":0.11098,"strain_ue":105.97,"x_offset_m":-150,"y_offset_m":285,"source":"NCB_PFM","nearest_asset_distance_m":143,"consequence_weight":2.14},"geometry":{"type":"Point","coordinates":[86.428928,23.76696]}},{"type":"Feature","properties":{"subsidence_mm":33.71,"tilt_deg":0.11098,"strain_ue":105.97,"x_offset_m":-150,"y_offset_m":300,"source":"NCB_PFM","nearest_asset_distance_m":154,"consequence_weight":2.08},"geometry":{"type":"Point","coordinates":[86.428928,23.767095]}},{"type":"Feature","properties":{"subsidence_mm":73.41,"tilt_deg":0.23334,"strain_ue":203.69,"x_offset_m":-135,"y_offset_m":-300,"source":"NCB_PFM","nearest_asset_distance_m":415,"consequence_weight":0.51},"geometry":{"type":"Point","coordinates":[86.429075,23.761705]}},{"type":"Feature","properties":{"subsidence_mm":73.41,"tilt_deg":0.23334,"strain_ue":203.69,"x_offset_m":-135,"y_offset_m":-285,"source":"NCB_PFM","nearest_asset_distance_m":402,"consequence_weight":0.59},"geometry":{"type":"Point","coordinates":[86.429075,23.76184]}},{"type":"Feature","properties":{"subsidence_mm":73.41,"tilt_deg":0.23334,"strain_ue":203.69,"x_offset_m":-135,"y_offset_m":-270,"source":"NCB_PFM","nearest_asset_distance_m":389,"consequence_weight":0.66},"geometry":{"type":"Point","coordinates":[86.429075,23.761975]}},{"type":"Feature","properties":{"subsidence_mm":73.41,"tilt_deg":0.23334,"strain_ue":203.69,"x_offset_m":-135,"y_offset_m":-255,"source":"NCB_PFM","nearest_asset_distance_m":376,"consequence_weight":0.74},"geometry":{"type":"Point","coordinates":[86.429075,23.762109]}},{"type":"Feature","properties":{"subsidence_mm":73.41,"tilt_deg":0.23334,"strain_ue":203.69,"x_offset_m":-135,"y_offset_m":-240,"source":"NCB_PFM","nearest_asset_distance_m":364,"consequence_weight":0.82},"geometry":{"type":"Point","coordinates":[86.429075,23.762244]}},{"type":"Feature","properties":{"subsidence_mm":73.41,"tilt_deg":0.23334,"strain_ue":203.69,"x_offset_m":-135,"y_offset_m":-225,"source":"NCB_PFM","nearest_asset_distance_m":351,"consequence_weight":0.89},"geometry":{"type":"Point","coordinates":[86.429075,23.762379]}},{"type":"Feature","properties":{"subsidence_mm":73.41,"tilt_deg":0.23334,"strain_ue":203.69,"x_offset_m":-135,"y_offset_m":-210,"source":"NCB_PFM","nearest_asset_distance_m":339,"consequence_weight":0.97},"geometry":{"type":"Point","coordinates":[86.429075,23.762514]}},{"type":"Feature","properties":{"subsidence_mm":73.41,"tilt_deg":0.23334,"strain_ue":203.69,"x_offset_m":-135,"y_offset_m":-195,"source":"NCB_PFM","nearest_asset_distance_m":327,"consequence_weight":1.04},"geometry":{"type":"Point","coordinates":[86.429075,23.762648]}},{"type":"Feature","properties":{"subsidence_mm":73.41,"tilt_deg":0.23334,"strain_ue":203.69,"x_offset_m":-135,"y_offset_m":-180,"source":"NCB_PFM","nearest_asset_distance_m":315,"consequence_weight":1.11},"geometry":{"type":"Point","coordinates":[86.429075,23.762783]}},{"type":"Feature","properties":{"subsidence_mm":73.41,"tilt_deg":0.23334,"strain_ue":203.69,"x_offset_m":-135,"y_offset_m":-165,"source":"NCB_PFM","nearest_asset_distance_m":303,"consequence_weight":1.18},"geometry":{"type":"Point","coordinates":[86.429075,23.762918]}},{"type":"Feature","properties":{"subsidence_mm":73.41,"tilt_deg":0.23334,"strain_ue":203.69,"x_offset_m":-135,"y_offset_m":-150,"source":"NCB_PFM","nearest_asset_distance_m":292,"consequence_weight":1.25},"geometry":{"type":"Point","coordinates":[86.429075,23.763053]}},{"type":"Feature","properties":{"subsidence_mm":73.41,"tilt_deg":0.23334,"strain_ue":203.69,"x_offset_m":-135,"y_offset_m":-135,"source":"NCB_PFM","nearest_asset_distance_m":281,"consequence_weight":1.31},"geometry":{"type":"Point","coordinates":[86.429075,23.763187]}},{"type":"Feature","properties":{"subsidence_mm":73.41,"tilt_deg":0.23334,"strain_ue":203.69,"x_offset_m":-135,"y_offset_m":-120,"source":"NCB_PFM","nearest_asset_distance_m":271,"consequence_weight":1.38},"geometry":{"type":"Point","coordinates":[86.429075,23.763322]}},{"type":"Feature","properties":{"subsidence_mm":73.41,"tilt_deg":0.23334,"strain_ue":203.69,"x_offset_m":-135,"y_offset_m":-105,"source":"NCB_PFM","nearest_asset_distance_m":260,"consequence_weight":1.44},"geometry":{"type":"Point","coordinates":[86.429075,23.763457]}},{"type":"Feature","properties":{"subsidence_mm":73.41,"tilt_deg":0.23334,"strain_ue":203.69,"x_offset_m":-135,"y_offset_m":-90,"source":"NCB_PFM","nearest_asset_distance_m":251,"consequence_weight":1.5},"geometry":{"type":"Point","coordinates":[86.429075,23.763592]}},{"type":"Feature","properties":{"subsidence_mm":73.41,"tilt_deg":0.23334,"strain_ue":203.69,"x_offset_m":-135,"y_offset_m":-75,"source":"NCB_PFM","nearest_asset_distance_m":242,"consequence_weight":1.55},"geometry":{"type":"Point","coordinates":[86.429075,23.763726]}},{"type":"Feature","properties":{"subsidence_mm":73.41,"tilt_deg":0.23334,"strain_ue":203.69,"x_offset_m":-135,"y_offset_m":-60,"source":"NCB_PFM","nearest_asset_distance_m":233,"consequence_weight":1.6},"geometry":{"type":"Point","coordinates":[86.429075,23.763861]}},{"type":"Feature","properties":{"subsidence_mm":73.41,"tilt_deg":0.23334,"strain_ue":203.69,"x_offset_m":-135,"y_offset_m":-45,"source":"NCB_PFM","nearest_asset_distance_m":225,"consequence_weight":1.65},"geometry":{"type":"Point","coordinates":[86.429075,23.763996]}},{"type":"Feature","properties":{"subsidence_mm":73.41,"tilt_deg":0.23334,"strain_ue":203.69,"x_offset_m":-135,"y_offset_m":-30,"source":"NCB_PFM","nearest_asset_distance_m":218,"consequence_weight":1.69},"geometry":{"type":"Point","coordinates":[86.429075,23.764131]}},{"type":"Feature","properties":{"subsidence_mm":73.41,"tilt_deg":0.23334,"strain_ue":203.69,"x_offset_m":-135,"y_offset_m":-15,"source":"NCB_PFM","nearest_asset_distance_m":212,"consequence_weight":1.73},"geometry":{"type":"Point","coordinates":[86.429075,23.764265]}},{"type":"Feature","properties":{"subsidence_mm":73.41,"tilt_deg":0.23334,"strain_ue":203.69,"x_offset_m":-135,"y_offset_m":0,"source":"NCB_PFM","nearest_asset_distance_m":207,"consequence_weight":1.76},"geometry":{"type":"Point","coordinates":[86.429075,23.7644]}},{"type":"Feature","properties":{"subsidence_mm":73.41,"tilt_deg":0.23334,"strain_ue":203.69,"x_offset_m":-135,"y_offset_m":15,"source":"NCB_PFM","nearest_asset_distance_m":196,"consequence_weight":1.82},"geometry":{"type":"Point","coordinates":[86.429075,23.764535]}},{"type":"Feature","properties":{"subsidence_mm":73.41,"tilt_deg":0.23334,"strain_ue":203.69,"x_offset_m":-135,"y_offset_m":30,"source":"NCB_PFM","nearest_asset_distance_m":184,"consequence_weight":1.9},"geometry":{"type":"Point","coordinates":[86.429075,23.764669]}},{"type":"Feature","properties":{"subsidence_mm":73.41,"tilt_deg":0.23334,"strain_ue":203.69,"x_offset_m":-135,"y_offset_m":45,"source":"NCB_PFM","nearest_asset_distance_m":172,"consequence_weight":1.97},"geometry":{"type":"Point","coordinates":[86.429075,23.764804]}},{"type":"Feature","properties":{"subsidence_mm":73.41,"tilt_deg":0.23334,"strain_ue":203.69,"x_offset_m":-135,"y_offset_m":60,"source":"NCB_PFM","nearest_asset_distance_m":161,"consequence_weight":2.03},"geometry":{"type":"Point","coordinates":[86.429075,23.764939]}},{"type":"Feature","properties":{"subsidence_mm":73.41,"tilt_deg":0.23334,"strain_ue":203.69,"x_offset_m":-135,"y_offset_m":75,"source":"NCB_PFM","nearest_asset_distance_m":150,"consequence_weight":2.1},"geometry":{"type":"Point","coordinates":[86.429075,23.765074]}},{"type":"Feature","properties":{"subsidence_mm":73.41,"tilt_deg":0.23334,"strain_ue":203.69,"x_offset_m":-135,"y_offset_m":90,"source":"NCB_PFM","nearest_asset_distance_m":140,"consequence_weight":2.16},"geometry":{"type":"Point","coordinates":[86.429075,23.765208]}},{"type":"Feature","properties":{"subsidence_mm":73.41,"tilt_deg":0.23334,"strain_ue":203.69,"x_offset_m":-135,"y_offset_m":105,"source":"NCB_PFM","nearest_asset_distance_m":132,"consequence_weight":2.21},"geometry":{"type":"Point","coordinates":[86.429075,23.765343]}},{"type":"Feature","properties":{"subsidence_mm":73.41,"tilt_deg":0.23334,"strain_ue":203.69,"x_offset_m":-135,"y_offset_m":120,"source":"NCB_PFM","nearest_asset_distance_m":124,"consequence_weight":2.26},"geometry":{"type":"Point","coordinates":[86.429075,23.765478]}},{"type":"Feature","properties":{"subsidence_mm":73.41,"tilt_deg":0.23334,"strain_ue":203.69,"x_offset_m":-135,"y_offset_m":135,"source":"NCB_PFM","nearest_asset_distance_m":118,"consequence_weight":2.29},"geometry":{"type":"Point","coordinates":[86.429075,23.765613]}},{"type":"Feature","properties":{"subsidence_mm":73.41,"tilt_deg":0.23334,"strain_ue":203.69,"x_offset_m":-135,"y_offset_m":150,"source":"NCB_PFM","nearest_asset_distance_m":113,"consequence_weight":2.32},"geometry":{"type":"Point","coordinates":[86.429075,23.765747]}},{"type":"Feature","properties":{"subsidence_mm":73.41,"tilt_deg":0.23334,"strain_ue":203.69,"x_offset_m":-135,"y_offset_m":165,"source":"NCB_PFM","nearest_asset_distance_m":110,"consequence_weight":2.34},"geometry":{"type":"Point","coordinates":[86.429075,23.765882]}},{"type":"Feature","properties":{"subsidence_mm":73.41,"tilt_deg":0.23334,"strain_ue":203.69,"x_offset_m":-135,"y_offset_m":180,"source":"NCB_PFM","nearest_asset_distance_m":109,"consequence_weight":2.34},"geometry":{"type":"Point","coordinates":[86.429075,23.766017]}},{"type":"Feature","properties":{"subsidence_mm":73.41,"tilt_deg":0.23334,"strain_ue":203.69,"x_offset_m":-135,"y_offset_m":195,"source":"NCB_PFM","nearest_asset_distance_m":111,"consequence_weight":2.34},"geometry":{"type":"Point","coordinates":[86.429075,23.766152]}},{"type":"Feature","properties":{"subsidence_mm":73.41,"tilt_deg":0.23334,"strain_ue":203.69,"x_offset_m":-135,"y_offset_m":210,"source":"NCB_PFM","nearest_asset_distance_m":114,"consequence_weight":2.32},"geometry":{"type":"Point","coordinates":[86.429075,23.766286]}},{"type":"Feature","properties":{"subsidence_mm":73.41,"tilt_deg":0.23334,"strain_ue":203.69,"x_offset_m":-135,"y_offset_m":225,"source":"NCB_PFM","nearest_asset_distance_m":119,"consequence_weight":2.29},"geometry":{"type":"Point","coordinates":[86.429075,23.766421]}},{"type":"Feature","properties":{"subsidence_mm":73.41,"tilt_deg":0.23334,"strain_ue":203.69,"x_offset_m":-135,"y_offset_m":240,"source":"NCB_PFM","nearest_asset_distance_m":126,"consequence_weight":2.25},"geometry":{"type":"Point","coordinates":[86.429075,23.766556]}},{"type":"Feature","properties":{"subsidence_mm":73.41,"tilt_deg":0.23334,"strain_ue":203.69,"x_offset_m":-135,"y_offset_m":255,"source":"NCB_PFM","nearest_asset_distance_m":134,"consequence_weight":2.2},"geometry":{"type":"Point","coordinates":[86.429075,23.766691]}},{"type":"Feature","properties":{"subsidence_mm":73.41,"tilt_deg":0.23334,"strain_ue":203.69,"x_offset_m":-135,"y_offset_m":270,"source":"NCB_PFM","nearest_asset_distance_m":143,"consequence_weight":2.14},"geometry":{"type":"Point","coordinates":[86.429075,23.766825]}},{"type":"Feature","properties":{"subsidence_mm":73.41,"tilt_deg":0.23334,"strain_ue":203.69,"x_offset_m":-135,"y_offset_m":285,"source":"NCB_PFM","nearest_asset_distance_m":153,"consequence_weight":2.08},"geometry":{"type":"Point","coordinates":[86.429075,23.76696]}},{"type":"Feature","properties":{"subsidence_mm":73.41,"tilt_deg":0.23334,"strain_ue":203.69,"x_offset_m":-135,"y_offset_m":300,"source":"NCB_PFM","nearest_asset_distance_m":164,"consequence_weight":2.02},"geometry":{"type":"Point","coordinates":[86.429075,23.767095]}},{"type":"Feature","properties":{"subsidence_mm":155.89,"tilt_deg":0.46109,"strain_ue":336.6,"x_offset_m":-120,"y_offset_m":-300,"source":"NCB_PFM","nearest_asset_distance_m":409,"consequence_weight":0.55},"geometry":{"type":"Point","coordinates":[86.429222,23.761705]}},{"type":"Feature","properties":{"subsidence_mm":155.89,"tilt_deg":0.46109,"strain_ue":336.6,"x_offset_m":-120,"y_offset_m":-285,"source":"NCB_PFM","nearest_asset_distance_m":395,"consequence_weight":0.63},"geometry":{"type":"Point","coordinates":[86.429222,23.76184]}},{"type":"Feature","properties":{"subsidence_mm":155.89,"tilt_deg":0.46109,"strain_ue":336.6,"x_offset_m":-120,"y_offset_m":-270,"source":"NCB_PFM","nearest_asset_distance_m":382,"consequence_weight":0.71},"geometry":{"type":"Point","coordinates":[86.429222,23.761975]}},{"type":"Feature","properties":{"subsidence_mm":155.89,"tilt_deg":0.46109,"strain_ue":336.6,"x_offset_m":-120,"y_offset_m":-255,"source":"NCB_PFM","nearest_asset_distance_m":369,"consequence_weight":0.79},"geometry":{"type":"Point","coordinates":[86.429222,23.762109]}},{"type":"Feature","properties":{"subsidence_mm":155.89,"tilt_deg":0.46109,"strain_ue":336.6,"x_offset_m":-120,"y_offset_m":-240,"source":"NCB_PFM","nearest_asset_distance_m":356,"consequence_weight":0.86},"geometry":{"type":"Point","coordinates":[86.429222,23.762244]}},{"type":"Feature","properties":{"subsidence_mm":155.89,"tilt_deg":0.46109,"strain_ue":336.6,"x_offset_m":-120,"y_offset_m":-225,"source":"NCB_PFM","nearest_asset_distance_m":343,"consequence_weight":0.94},"geometry":{"type":"Point","coordinates":[86.429222,23.762379]}},{"type":"Feature","properties":{"subsidence_mm":155.89,"tilt_deg":0.46109,"strain_ue":336.6,"x_offset_m":-120,"y_offset_m":-210,"source":"NCB_PFM","nearest_asset_distance_m":330,"consequence_weight":1.02},"geometry":{"type":"Point","coordinates":[86.429222,23.762514]}},{"type":"Feature","properties":{"subsidence_mm":155.89,"tilt_deg":0.46109,"strain_ue":336.6,"x_offset_m":-120,"y_offset_m":-195,"source":"NCB_PFM","nearest_asset_distance_m":318,"consequence_weight":1.09},"geometry":{"type":"Point","coordinates":[86.429222,23.762648]}},{"type":"Feature","properties":{"subsidence_mm":155.89,"tilt_deg":0.46109,"strain_ue":336.6,"x_offset_m":-120,"y_offset_m":-180,"source":"NCB_PFM","nearest_asset_distance_m":306,"consequence_weight":1.17},"geometry":{"type":"Point","coordinates":[86.429222,23.762783]}},{"type":"Feature","properties":{"subsidence_mm":155.89,"tilt_deg":0.46109,"strain_ue":336.6,"x_offset_m":-120,"y_offset_m":-165,"source":"NCB_PFM","nearest_asset_distance_m":294,"consequence_weight":1.24},"geometry":{"type":"Point","coordinates":[86.429222,23.762918]}},{"type":"Feature","properties":{"subsidence_mm":155.89,"tilt_deg":0.46109,"strain_ue":336.6,"x_offset_m":-120,"y_offset_m":-150,"source":"NCB_PFM","nearest_asset_distance_m":282,"consequence_weight":1.31},"geometry":{"type":"Point","coordinates":[86.429222,23.763053]}},{"type":"Feature","properties":{"subsidence_mm":155.89,"tilt_deg":0.46109,"strain_ue":336.6,"x_offset_m":-120,"y_offset_m":-135,"source":"NCB_PFM","nearest_asset_distance_m":271,"consequence_weight":1.37},"geometry":{"type":"Point","coordinates":[86.429222,23.763187]}},{"type":"Feature","properties":{"subsidence_mm":155.89,"tilt_deg":0.46109,"strain_ue":336.6,"x_offset_m":-120,"y_offset_m":-120,"source":"NCB_PFM","nearest_asset_distance_m":260,"consequence_weight":1.44},"geometry":{"type":"Point","coordinates":[86.429222,23.763322]}},{"type":"Feature","properties":{"subsidence_mm":155.89,"tilt_deg":0.46109,"strain_ue":336.6,"x_offset_m":-120,"y_offset_m":-105,"source":"NCB_PFM","nearest_asset_distance_m":249,"consequence_weight":1.5},"geometry":{"type":"Point","coordinates":[86.429222,23.763457]}},{"type":"Feature","properties":{"subsidence_mm":155.89,"tilt_deg":0.46109,"strain_ue":336.6,"x_offset_m":-120,"y_offset_m":-90,"source":"NCB_PFM","nearest_asset_distance_m":239,"consequence_weight":1.56},"geometry":{"type":"Point","coordinates":[86.429222,23.763592]}},{"type":"Feature","properties":{"subsidence_mm":155.89,"tilt_deg":0.46109,"strain_ue":336.6,"x_offset_m":-120,"y_offset_m":-75,"source":"NCB_PFM","nearest_asset_distance_m":230,"consequence_weight":1.62},"geometry":{"type":"Point","coordinates":[86.429222,23.763726]}},{"type":"Feature","properties":{"subsidence_mm":155.89,"tilt_deg":0.46109,"strain_ue":336.6,"x_offset_m":-120,"y_offset_m":-60,"source":"NCB_PFM","nearest_asset_distance_m":221,"consequence_weight":1.67},"geometry":{"type":"Point","coordinates":[86.429222,23.763861]}},{"type":"Feature","properties":{"subsidence_mm":155.89,"tilt_deg":0.46109,"strain_ue":336.6,"x_offset_m":-120,"y_offset_m":-45,"source":"NCB_PFM","nearest_asset_distance_m":213,"consequence_weight":1.72},"geometry":{"type":"Point","coordinates":[86.429222,23.763996]}},{"type":"Feature","properties":{"subsidence_mm":155.89,"tilt_deg":0.46109,"strain_ue":336.6,"x_offset_m":-120,"y_offset_m":-30,"source":"NCB_PFM","nearest_asset_distance_m":205,"consequence_weight":1.77},"geometry":{"type":"Point","coordinates":[86.429222,23.764131]}},{"type":"Feature","properties":{"subsidence_mm":155.89,"tilt_deg":0.46109,"strain_ue":336.6,"x_offset_m":-120,"y_offset_m":-15,"source":"NCB_PFM","nearest_asset_distance_m":199,"consequence_weight":1.81},"geometry":{"type":"Point","coordinates":[86.429222,23.764265]}},{"type":"Feature","properties":{"subsidence_mm":155.89,"tilt_deg":0.46109,"strain_ue":336.6,"x_offset_m":-120,"y_offset_m":0,"source":"NCB_PFM","nearest_asset_distance_m":193,"consequence_weight":1.84},"geometry":{"type":"Point","coordinates":[86.429222,23.7644]}},{"type":"Feature","properties":{"subsidence_mm":155.89,"tilt_deg":0.46109,"strain_ue":336.6,"x_offset_m":-120,"y_offset_m":15,"source":"NCB_PFM","nearest_asset_distance_m":188,"consequence_weight":1.87},"geometry":{"type":"Point","coordinates":[86.429222,23.764535]}},{"type":"Feature","properties":{"subsidence_mm":155.89,"tilt_deg":0.46109,"strain_ue":336.6,"x_offset_m":-120,"y_offset_m":30,"source":"NCB_PFM","nearest_asset_distance_m":185,"consequence_weight":1.89},"geometry":{"type":"Point","coordinates":[86.429222,23.764669]}},{"type":"Feature","properties":{"subsidence_mm":155.89,"tilt_deg":0.46109,"strain_ue":336.6,"x_offset_m":-120,"y_offset_m":45,"source":"NCB_PFM","nearest_asset_distance_m":182,"consequence_weight":1.91},"geometry":{"type":"Point","coordinates":[86.429222,23.764804]}},{"type":"Feature","properties":{"subsidence_mm":155.89,"tilt_deg":0.46109,"strain_ue":336.6,"x_offset_m":-120,"y_offset_m":60,"source":"NCB_PFM","nearest_asset_distance_m":171,"consequence_weight":1.97},"geometry":{"type":"Point","coordinates":[86.429222,23.764939]}},{"type":"Feature","properties":{"subsidence_mm":155.89,"tilt_deg":0.46109,"strain_ue":336.6,"x_offset_m":-120,"y_offset_m":75,"source":"NCB_PFM","nearest_asset_distance_m":161,"consequence_weight":2.03},"geometry":{"type":"Point","coordinates":[86.429222,23.765074]}},{"type":"Feature","properties":{"subsidence_mm":155.89,"tilt_deg":0.46109,"strain_ue":336.6,"x_offset_m":-120,"y_offset_m":90,"source":"NCB_PFM","nearest_asset_distance_m":152,"consequence_weight":2.09},"geometry":{"type":"Point","coordinates":[86.429222,23.765208]}},{"type":"Feature","properties":{"subsidence_mm":155.89,"tilt_deg":0.46109,"strain_ue":336.6,"x_offset_m":-120,"y_offset_m":105,"source":"NCB_PFM","nearest_asset_distance_m":144,"consequence_weight":2.13},"geometry":{"type":"Point","coordinates":[86.429222,23.765343]}},{"type":"Feature","properties":{"subsidence_mm":155.89,"tilt_deg":0.46109,"strain_ue":336.6,"x_offset_m":-120,"y_offset_m":120,"source":"NCB_PFM","nearest_asset_distance_m":137,"consequence_weight":2.18},"geometry":{"type":"Point","coordinates":[86.429222,23.765478]}},{"type":"Feature","properties":{"subsidence_mm":155.89,"tilt_deg":0.46109,"strain_ue":336.6,"x_offset_m":-120,"y_offset_m":135,"source":"NCB_PFM","nearest_asset_distance_m":132,"consequence_weight":2.21},"geometry":{"type":"Point","coordinates":[86.429222,23.765613]}},{"type":"Feature","properties":{"subsidence_mm":155.89,"tilt_deg":0.46109,"strain_ue":336.6,"x_offset_m":-120,"y_offset_m":150,"source":"NCB_PFM","nearest_asset_distance_m":128,"consequence_weight":2.23},"geometry":{"type":"Point","coordinates":[86.429222,23.765747]}},{"type":"Feature","properties":{"subsidence_mm":155.89,"tilt_deg":0.46109,"strain_ue":336.6,"x_offset_m":-120,"y_offset_m":165,"source":"NCB_PFM","nearest_asset_distance_m":125,"consequence_weight":2.25},"geometry":{"type":"Point","coordinates":[86.429222,23.765882]}},{"type":"Feature","properties":{"subsidence_mm":155.89,"tilt_deg":0.46109,"strain_ue":336.6,"x_offset_m":-120,"y_offset_m":180,"source":"NCB_PFM","nearest_asset_distance_m":124,"consequence_weight":2.25},"geometry":{"type":"Point","coordinates":[86.429222,23.766017]}},{"type":"Feature","properties":{"subsidence_mm":155.89,"tilt_deg":0.46109,"strain_ue":336.6,"x_offset_m":-120,"y_offset_m":195,"source":"NCB_PFM","nearest_asset_distance_m":126,"consequence_weight":2.25},"geometry":{"type":"Point","coordinates":[86.429222,23.766152]}},{"type":"Feature","properties":{"subsidence_mm":155.89,"tilt_deg":0.46109,"strain_ue":336.6,"x_offset_m":-120,"y_offset_m":210,"source":"NCB_PFM","nearest_asset_distance_m":128,"consequence_weight":2.23},"geometry":{"type":"Point","coordinates":[86.429222,23.766286]}},{"type":"Feature","properties":{"subsidence_mm":155.89,"tilt_deg":0.46109,"strain_ue":336.6,"x_offset_m":-120,"y_offset_m":225,"source":"NCB_PFM","nearest_asset_distance_m":133,"consequence_weight":2.2},"geometry":{"type":"Point","coordinates":[86.429222,23.766421]}},{"type":"Feature","properties":{"subsidence_mm":155.89,"tilt_deg":0.46109,"strain_ue":336.6,"x_offset_m":-120,"y_offset_m":240,"source":"NCB_PFM","nearest_asset_distance_m":139,"consequence_weight":2.17},"geometry":{"type":"Point","coordinates":[86.429222,23.766556]}},{"type":"Feature","properties":{"subsidence_mm":155.89,"tilt_deg":0.46109,"strain_ue":336.6,"x_offset_m":-120,"y_offset_m":255,"source":"NCB_PFM","nearest_asset_distance_m":146,"consequence_weight":2.12},"geometry":{"type":"Point","coordinates":[86.429222,23.766691]}},{"type":"Feature","properties":{"subsidence_mm":155.89,"tilt_deg":0.46109,"strain_ue":336.6,"x_offset_m":-120,"y_offset_m":270,"source":"NCB_PFM","nearest_asset_distance_m":155,"consequence_weight":2.07},"geometry":{"type":"Point","coordinates":[86.429222,23.766825]}},{"type":"Feature","properties":{"subsidence_mm":155.89,"tilt_deg":0.46109,"strain_ue":336.6,"x_offset_m":-120,"y_offset_m":285,"source":"NCB_PFM","nearest_asset_distance_m":164,"consequence_weight":2.02},"geometry":{"type":"Point","coordinates":[86.429222,23.76696]}},{"type":"Feature","properties":{"subsidence_mm":155.89,"tilt_deg":0.46109,"strain_ue":336.6,"x_offset_m":-120,"y_offset_m":300,"source":"NCB_PFM","nearest_asset_distance_m":174,"consequence_weight":1.96},"geometry":{"type":"Point","coordinates":[86.429222,23.767095]}},{"type":"Feature","properties":{"subsidence_mm":314.84,"tilt_deg":0.81193,"strain_ue":422.89,"x_offset_m":-105,"y_offset_m":-300,"source":"NCB_PFM","nearest_asset_distance_m":397,"consequence_weight":0.41},"geometry":{"type":"Point","coordinates":[86.429369,23.761705]}},{"type":"Feature","properties":{"subsidence_mm":314.84,"tilt_deg":0.81193,"strain_ue":422.89,"x_offset_m":-105,"y_offset_m":-285,"source":"NCB_PFM","nearest_asset_distance_m":389,"consequence_weight":0.67},"geometry":{"type":"Point","coordinates":[86.429369,23.76184]}},{"type":"Feature","properties":{"subsidence_mm":314.84,"tilt_deg":0.81193,"strain_ue":422.89,"x_offset_m":-105,"y_offset_m":-270,"source":"NCB_PFM","nearest_asset_distance_m":375,"consequence_weight":0.75},"geometry":{"type":"Point","coordinates":[86.429369,23.761975]}},{"type":"Feature","properties":{"subsidence_mm":314.84,"tilt_deg":0.81193,"strain_ue":422.89,"x_offset_m":-105,"y_offset_m":-255,"source":"NCB_PFM","nearest_asset_distance_m":362,"consequence_weight":0.83},"geometry":{"type":"Point","coordinates":[86.429369,23.762109]}},{"type":"Feature","properties":{"subsidence_mm":314.84,"tilt_deg":0.81193,"strain_ue":422.89,"x_offset_m":-105,"y_offset_m":-240,"source":"NCB_PFM","nearest_asset_distance_m":349,"consequence_weight":0.91},"geometry":{"type":"Point","coordinates":[86.429369,23.762244]}},{"type":"Feature","properties":{"subsidence_mm":314.84,"tilt_deg":0.81193,"strain_ue":422.89,"x_offset_m":-105,"y_offset_m":-225,"source":"NCB_PFM","nearest_asset_distance_m":335,"consequence_weight":0.99},"geometry":{"type":"Point","coordinates":[86.429369,23.762379]}},{"type":"Feature","properties":{"subsidence_mm":314.84,"tilt_deg":0.81193,"strain_ue":422.89,"x_offset_m":-105,"y_offset_m":-210,"source":"NCB_PFM","nearest_asset_distance_m":322,"consequence_weight":1.07},"geometry":{"type":"Point","coordinates":[86.429369,23.762514]}},{"type":"Feature","properties":{"subsidence_mm":314.84,"tilt_deg":0.81193,"strain_ue":422.89,"x_offset_m":-105,"y_offset_m":-195,"source":"NCB_PFM","nearest_asset_distance_m":310,"consequence_weight":1.14},"geometry":{"type":"Point","coordinates":[86.429369,23.762648]}},{"type":"Feature","properties":{"subsidence_mm":314.84,"tilt_deg":0.81193,"strain_ue":422.89,"x_offset_m":-105,"y_offset_m":-180,"source":"NCB_PFM","nearest_asset_distance_m":297,"consequence_weight":1.22},"geometry":{"type":"Point","coordinates":[86.429369,23.762783]}},{"type":"Feature","properties":{"subsidence_mm":314.84,"tilt_deg":0.81193,"strain_ue":422.89,"x_offset_m":-105,"y_offset_m":-165,"source":"NCB_PFM","nearest_asset_distance_m":285,"consequence_weight":1.29},"geometry":{"type":"Point","coordinates":[86.429369,23.762918]}},{"type":"Feature","properties":{"subsidence_mm":314.84,"tilt_deg":0.81193,"strain_ue":422.89,"x_offset_m":-105,"y_offset_m":-150,"source":"NCB_PFM","nearest_asset_distance_m":273,"consequence_weight":1.36},"geometry":{"type":"Point","coordinates":[86.429369,23.763053]}},{"type":"Feature","properties":{"subsidence_mm":314.84,"tilt_deg":0.81193,"strain_ue":422.89,"x_offset_m":-105,"y_offset_m":-135,"source":"NCB_PFM","nearest_asset_distance_m":261,"consequence_weight":1.43},"geometry":{"type":"Point","coordinates":[86.429369,23.763187]}},{"type":"Feature","properties":{"subsidence_mm":314.84,"tilt_deg":0.81193,"strain_ue":422.89,"x_offset_m":-105,"y_offset_m":-120,"source":"NCB_PFM","nearest_asset_distance_m":250,"consequence_weight":1.5},"geometry":{"type":"Point","coordinates":[86.429369,23.763322]}},{"type":"Feature","properties":{"subsidence_mm":314.84,"tilt_deg":0.81193,"strain_ue":422.89,"x_offset_m":-105,"y_offset_m":-105,"source":"NCB_PFM","nearest_asset_distance_m":239,"consequence_weight":1.57},"geometry":{"type":"Point","coordinates":[86.429369,23.763457]}},{"type":"Feature","properties":{"subsidence_mm":314.84,"tilt_deg":0.81193,"strain_ue":422.89,"x_offset_m":-105,"y_offset_m":-90,"source":"NCB_PFM","nearest_asset_distance_m":228,"consequence_weight":1.63},"geometry":{"type":"Point","coordinates":[86.429369,23.763592]}},{"type":"Feature","properties":{"subsidence_mm":314.84,"tilt_deg":0.81193,"strain_ue":422.89,"x_offset_m":-105,"y_offset_m":-75,"source":"NCB_PFM","nearest_asset_distance_m":218,"consequence_weight":1.69},"geometry":{"type":"Point","coordinates":[86.429369,23.763726]}},{"type":"Feature","properties":{"subsidence_mm":314.84,"tilt_deg":0.81193,"strain_ue":422.89,"x_offset_m":-105,"y_offset_m":-60,"source":"NCB_PFM","nearest_asset_distance_m":209,"consequence_weight":1.75},"geometry":{"type":"Point","coordinates":[86.429369,23.763861]}},{"type":"Feature","properties":{"subsidence_mm":314.84,"tilt_deg":0.81193,"strain_ue":422.89,"x_offset_m":-105,"y_offset_m":-45,"source":"NCB_PFM","nearest_asset_distance_m":200,"consequence_weight":1.8},"geometry":{"type":"Point","coordinates":[86.429369,23.763996]}},{"type":"Feature","properties":{"subsidence_mm":314.84,"tilt_deg":0.81193,"strain_ue":422.89,"x_offset_m":-105,"y_offset_m":-30,"source":"NCB_PFM","nearest_asset_distance_m":192,"consequence_weight":1.85},"geometry":{"type":"Point","coordinates":[86.429369,23.764131]}},{"type":"Feature","properties":{"subsidence_mm":314.84,"tilt_deg":0.81193,"strain_ue":422.89,"x_offset_m":-105,"y_offset_m":-15,"source":"NCB_PFM","nearest_asset_distance_m":185,"consequence_weight":1.89},"geometry":{"type":"Point","coordinates":[86.429369,23.764265]}},{"type":"Feature","properties":{"subsidence_mm":314.84,"tilt_deg":0.81193,"strain_ue":422.89,"x_offset_m":-105,"y_offset_m":0,"source":"NCB_PFM","nearest_asset_distance_m":179,"consequence_weight":1.93},"geometry":{"type":"Point","coordinates":[86.429369,23.7644]}},{"type":"Feature","properties":{"subsidence_mm":314.84,"tilt_deg":0.81193,"strain_ue":422.89,"x_offset_m":-105,"y_offset_m":15,"source":"NCB_PFM","nearest_asset_distance_m":174,"consequence_weight":1.96},"geometry":{"type":"Point","coordinates":[86.429369,23.764535]}},{"type":"Feature","properties":{"subsidence_mm":314.84,"tilt_deg":0.81193,"strain_ue":422.89,"x_offset_m":-105,"y_offset_m":30,"source":"NCB_PFM","nearest_asset_distance_m":170,"consequence_weight":1.98},"geometry":{"type":"Point","coordinates":[86.429369,23.764669]}},{"type":"Feature","properties":{"subsidence_mm":314.84,"tilt_deg":0.81193,"strain_ue":422.89,"x_offset_m":-105,"y_offset_m":45,"source":"NCB_PFM","nearest_asset_distance_m":167,"consequence_weight":2},"geometry":{"type":"Point","coordinates":[86.429369,23.764804]}},{"type":"Feature","properties":{"subsidence_mm":314.84,"tilt_deg":0.81193,"strain_ue":422.89,"x_offset_m":-105,"y_offset_m":60,"source":"NCB_PFM","nearest_asset_distance_m":166,"consequence_weight":2},"geometry":{"type":"Point","coordinates":[86.429369,23.764939]}},{"type":"Feature","properties":{"subsidence_mm":314.84,"tilt_deg":0.81193,"strain_ue":422.89,"x_offset_m":-105,"y_offset_m":75,"source":"NCB_PFM","nearest_asset_distance_m":166,"consequence_weight":2},"geometry":{"type":"Point","coordinates":[86.429369,23.765074]}},{"type":"Feature","properties":{"subsidence_mm":314.84,"tilt_deg":0.81193,"strain_ue":422.89,"x_offset_m":-105,"y_offset_m":90,"source":"NCB_PFM","nearest_asset_distance_m":165,"consequence_weight":2.01},"geometry":{"type":"Point","coordinates":[86.429369,23.765208]}},{"type":"Feature","properties":{"subsidence_mm":314.84,"tilt_deg":0.81193,"strain_ue":422.89,"x_offset_m":-105,"y_offset_m":105,"source":"NCB_PFM","nearest_asset_distance_m":157,"consequence_weight":2.06},"geometry":{"type":"Point","coordinates":[86.429369,23.765343]}},{"type":"Feature","properties":{"subsidence_mm":314.84,"tilt_deg":0.81193,"strain_ue":422.89,"x_offset_m":-105,"y_offset_m":120,"source":"NCB_PFM","nearest_asset_distance_m":151,"consequence_weight":2.09},"geometry":{"type":"Point","coordinates":[86.429369,23.765478]}},{"type":"Feature","properties":{"subsidence_mm":314.84,"tilt_deg":0.81193,"strain_ue":422.89,"x_offset_m":-105,"y_offset_m":135,"source":"NCB_PFM","nearest_asset_distance_m":146,"consequence_weight":2.13},"geometry":{"type":"Point","coordinates":[86.429369,23.765613]}},{"type":"Feature","properties":{"subsidence_mm":314.84,"tilt_deg":0.81193,"strain_ue":422.89,"x_offset_m":-105,"y_offset_m":150,"source":"NCB_PFM","nearest_asset_distance_m":142,"consequence_weight":2.15},"geometry":{"type":"Point","coordinates":[86.429369,23.765747]}},{"type":"Feature","properties":{"subsidence_mm":314.84,"tilt_deg":0.81193,"strain_ue":422.89,"x_offset_m":-105,"y_offset_m":165,"source":"NCB_PFM","nearest_asset_distance_m":140,"consequence_weight":2.16},"geometry":{"type":"Point","coordinates":[86.429369,23.765882]}},{"type":"Feature","properties":{"subsidence_mm":314.84,"tilt_deg":0.81193,"strain_ue":422.89,"x_offset_m":-105,"y_offset_m":180,"source":"NCB_PFM","nearest_asset_distance_m":139,"consequence_weight":2.16},"geometry":{"type":"Point","coordinates":[86.429369,23.766017]}},{"type":"Feature","properties":{"subsidence_mm":314.84,"tilt_deg":0.81193,"strain_ue":422.89,"x_offset_m":-105,"y_offset_m":195,"source":"NCB_PFM","nearest_asset_distance_m":140,"consequence_weight":2.16},"geometry":{"type":"Point","coordinates":[86.429369,23.766152]}},{"type":"Feature","properties":{"subsidence_mm":314.84,"tilt_deg":0.81193,"strain_ue":422.89,"x_offset_m":-105,"y_offset_m":210,"source":"NCB_PFM","nearest_asset_distance_m":143,"consequence_weight":2.14},"geometry":{"type":"Point","coordinates":[86.429369,23.766286]}},{"type":"Feature","properties":{"subsidence_mm":314.84,"tilt_deg":0.81193,"strain_ue":422.89,"x_offset_m":-105,"y_offset_m":225,"source":"NCB_PFM","nearest_asset_distance_m":147,"consequence_weight":2.12},"geometry":{"type":"Point","coordinates":[86.429369,23.766421]}},{"type":"Feature","properties":{"subsidence_mm":314.84,"tilt_deg":0.81193,"strain_ue":422.89,"x_offset_m":-105,"y_offset_m":240,"source":"NCB_PFM","nearest_asset_distance_m":152,"consequence_weight":2.09},"geometry":{"type":"Point","coordinates":[86.429369,23.766556]}},{"type":"Feature","properties":{"subsidence_mm":314.84,"tilt_deg":0.81193,"strain_ue":422.89,"x_offset_m":-105,"y_offset_m":255,"source":"NCB_PFM","nearest_asset_distance_m":159,"consequence_weight":2.05},"geometry":{"type":"Point","coordinates":[86.429369,23.766691]}},{"type":"Feature","properties":{"subsidence_mm":314.84,"tilt_deg":0.81193,"strain_ue":422.89,"x_offset_m":-105,"y_offset_m":270,"source":"NCB_PFM","nearest_asset_distance_m":167,"consequence_weight":2},"geometry":{"type":"Point","coordinates":[86.429369,23.766825]}},{"type":"Feature","properties":{"subsidence_mm":314.84,"tilt_deg":0.81193,"strain_ue":422.89,"x_offset_m":-105,"y_offset_m":285,"source":"NCB_PFM","nearest_asset_distance_m":176,"consequence_weight":1.95},"geometry":{"type":"Point","coordinates":[86.429369,23.76696]}},{"type":"Feature","properties":{"subsidence_mm":314.84,"tilt_deg":0.81193,"strain_ue":422.89,"x_offset_m":-105,"y_offset_m":300,"source":"NCB_PFM","nearest_asset_distance_m":185,"consequence_weight":1.89},"geometry":{"type":"Point","coordinates":[86.429369,23.767095]}},{"type":"Feature","properties":{"subsidence_mm":581.02,"tilt_deg":1.18799,"strain_ue":317.96,"x_offset_m":-90,"y_offset_m":-300,"source":"NCB_PFM","nearest_asset_distance_m":383,"consequence_weight":0.47},"geometry":{"type":"Point","coordinates":[86.429517,23.761705]}},{"type":"Feature","properties":{"subsidence_mm":581.02,"tilt_deg":1.18799,"strain_ue":317.96,"x_offset_m":-90,"y_offset_m":-285,"source":"NCB_PFM","nearest_asset_distance_m":377,"consequence_weight":0.49},"geometry":{"type":"Point","coordinates":[86.429517,23.76184]}},{"type":"Feature","properties":{"subsidence_mm":581.02,"tilt_deg":1.18799,"strain_ue":317.96,"x_offset_m":-90,"y_offset_m":-270,"source":"NCB_PFM","nearest_asset_distance_m":369,"consequence_weight":0.79},"geometry":{"type":"Point","coordinates":[86.429517,23.761975]}},{"type":"Feature","properties":{"subsidence_mm":581.02,"tilt_deg":1.18799,"strain_ue":317.96,"x_offset_m":-90,"y_offset_m":-255,"source":"NCB_PFM","nearest_asset_distance_m":355,"consequence_weight":0.87},"geometry":{"type":"Point","coordinates":[86.429517,23.762109]}},{"type":"Feature","properties":{"subsidence_mm":581.02,"tilt_deg":1.18799,"strain_ue":317.96,"x_offset_m":-90,"y_offset_m":-240,"source":"NCB_PFM","nearest_asset_distance_m":342,"consequence_weight":0.95},"geometry":{"type":"Point","coordinates":[86.429517,23.762244]}},{"type":"Feature","properties":{"subsidence_mm":581.02,"tilt_deg":1.18799,"strain_ue":317.96,"x_offset_m":-90,"y_offset_m":-225,"source":"NCB_PFM","nearest_asset_distance_m":328,"consequence_weight":1.03},"geometry":{"type":"Point","coordinates":[86.429517,23.762379]}},{"type":"Feature","properties":{"subsidence_mm":581.02,"tilt_deg":1.18799,"strain_ue":317.96,"x_offset_m":-90,"y_offset_m":-210,"source":"NCB_PFM","nearest_asset_distance_m":315,"consequence_weight":1.11},"geometry":{"type":"Point","coordinates":[86.429517,23.762514]}},{"type":"Feature","properties":{"subsidence_mm":581.02,"tilt_deg":1.18799,"strain_ue":317.96,"x_offset_m":-90,"y_offset_m":-195,"source":"NCB_PFM","nearest_asset_distance_m":302,"consequence_weight":1.19},"geometry":{"type":"Point","coordinates":[86.429517,23.762648]}},{"type":"Feature","properties":{"subsidence_mm":581.02,"tilt_deg":1.18799,"strain_ue":317.96,"x_offset_m":-90,"y_offset_m":-180,"source":"NCB_PFM","nearest_asset_distance_m":289,"consequence_weight":1.27},"geometry":{"type":"Point","coordinates":[86.429517,23.762783]}},{"type":"Feature","properties":{"subsidence_mm":581.02,"tilt_deg":1.18799,"strain_ue":317.96,"x_offset_m":-90,"y_offset_m":-165,"source":"NCB_PFM","nearest_asset_distance_m":276,"consequence_weight":1.34},"geometry":{"type":"Point","coordinates":[86.429517,23.762918]}},{"type":"Feature","properties":{"subsidence_mm":581.02,"tilt_deg":1.18799,"strain_ue":317.96,"x_offset_m":-90,"y_offset_m":-150,"source":"NCB_PFM","nearest_asset_distance_m":264,"consequence_weight":1.42},"geometry":{"type":"Point","coordinates":[86.429517,23.763053]}},{"type":"Feature","properties":{"subsidence_mm":581.02,"tilt_deg":1.18799,"strain_ue":317.96,"x_offset_m":-90,"y_offset_m":-135,"source":"NCB_PFM","nearest_asset_distance_m":252,"consequence_weight":1.49},"geometry":{"type":"Point","coordinates":[86.429517,23.763187]}},{"type":"Feature","properties":{"subsidence_mm":581.02,"tilt_deg":1.18799,"strain_ue":317.96,"x_offset_m":-90,"y_offset_m":-120,"source":"NCB_PFM","nearest_asset_distance_m":240,"consequence_weight":1.56},"geometry":{"type":"Point","coordinates":[86.429517,23.763322]}},{"type":"Feature","properties":{"subsidence_mm":581.02,"tilt_deg":1.18799,"strain_ue":317.96,"x_offset_m":-90,"y_offset_m":-105,"source":"NCB_PFM","nearest_asset_distance_m":229,"consequence_weight":1.63},"geometry":{"type":"Point","coordinates":[86.429517,23.763457]}},{"type":"Feature","properties":{"subsidence_mm":581.02,"tilt_deg":1.18799,"strain_ue":317.96,"x_offset_m":-90,"y_offset_m":-90,"source":"NCB_PFM","nearest_asset_distance_m":217,"consequence_weight":1.7},"geometry":{"type":"Point","coordinates":[86.429517,23.763592]}},{"type":"Feature","properties":{"subsidence_mm":581.02,"tilt_deg":1.18799,"strain_ue":317.96,"x_offset_m":-90,"y_offset_m":-75,"source":"NCB_PFM","nearest_asset_distance_m":207,"consequence_weight":1.76},"geometry":{"type":"Point","coordinates":[86.429517,23.763726]}},{"type":"Feature","properties":{"subsidence_mm":581.02,"tilt_deg":1.18799,"strain_ue":317.96,"x_offset_m":-90,"y_offset_m":-60,"source":"NCB_PFM","nearest_asset_distance_m":197,"consequence_weight":1.82},"geometry":{"type":"Point","coordinates":[86.429517,23.763861]}},{"type":"Feature","properties":{"subsidence_mm":581.02,"tilt_deg":1.18799,"strain_ue":317.96,"x_offset_m":-90,"y_offset_m":-45,"source":"NCB_PFM","nearest_asset_distance_m":188,"consequence_weight":1.87},"geometry":{"type":"Point","coordinates":[86.429517,23.763996]}},{"type":"Feature","properties":{"subsidence_mm":581.02,"tilt_deg":1.18799,"strain_ue":317.96,"x_offset_m":-90,"y_offset_m":-30,"source":"NCB_PFM","nearest_asset_distance_m":179,"consequence_weight":1.92},"geometry":{"type":"Point","coordinates":[86.429517,23.764131]}},{"type":"Feature","properties":{"subsidence_mm":581.02,"tilt_deg":1.18799,"strain_ue":317.96,"x_offset_m":-90,"y_offset_m":-15,"source":"NCB_PFM","nearest_asset_distance_m":172,"consequence_weight":1.97},"geometry":{"type":"Point","coordinates":[86.429517,23.764265]}},{"type":"Feature","properties":{"subsidence_mm":581.02,"tilt_deg":1.18799,"strain_ue":317.96,"x_offset_m":-90,"y_offset_m":0,"source":"NCB_PFM","nearest_asset_distance_m":165,"consequence_weight":2.01},"geometry":{"type":"Point","coordinates":[86.429517,23.7644]}},{"type":"Feature","properties":{"subsidence_mm":581.02,"tilt_deg":1.18799,"strain_ue":317.96,"x_offset_m":-90,"y_offset_m":15,"source":"NCB_PFM","nearest_asset_distance_m":160,"consequence_weight":2.04},"geometry":{"type":"Point","coordinates":[86.429517,23.764535]}},{"type":"Feature","properties":{"subsidence_mm":581.02,"tilt_deg":1.18799,"strain_ue":317.96,"x_offset_m":-90,"y_offset_m":30,"source":"NCB_PFM","nearest_asset_distance_m":155,"consequence_weight":2.07},"geometry":{"type":"Point","coordinates":[86.429517,23.764669]}},{"type":"Feature","properties":{"subsidence_mm":581.02,"tilt_deg":1.18799,"strain_ue":317.96,"x_offset_m":-90,"y_offset_m":45,"source":"NCB_PFM","nearest_asset_distance_m":152,"consequence_weight":2.09},"geometry":{"type":"Point","coordinates":[86.429517,23.764804]}},{"type":"Feature","properties":{"subsidence_mm":581.02,"tilt_deg":1.18799,"strain_ue":317.96,"x_offset_m":-90,"y_offset_m":60,"source":"NCB_PFM","nearest_asset_distance_m":151,"consequence_weight":2.09},"geometry":{"type":"Point","coordinates":[86.429517,23.764939]}},{"type":"Feature","properties":{"subsidence_mm":581.02,"tilt_deg":1.18799,"strain_ue":317.96,"x_offset_m":-90,"y_offset_m":75,"source":"NCB_PFM","nearest_asset_distance_m":151,"consequence_weight":2.09},"geometry":{"type":"Point","coordinates":[86.429517,23.765074]}},{"type":"Feature","properties":{"subsidence_mm":581.02,"tilt_deg":1.18799,"strain_ue":317.96,"x_offset_m":-90,"y_offset_m":90,"source":"NCB_PFM","nearest_asset_distance_m":153,"consequence_weight":2.08},"geometry":{"type":"Point","coordinates":[86.429517,23.765208]}},{"type":"Feature","properties":{"subsidence_mm":581.02,"tilt_deg":1.18799,"strain_ue":317.96,"x_offset_m":-90,"y_offset_m":105,"source":"NCB_PFM","nearest_asset_distance_m":156,"consequence_weight":2.07},"geometry":{"type":"Point","coordinates":[86.429517,23.765343]}},{"type":"Feature","properties":{"subsidence_mm":581.02,"tilt_deg":1.18799,"strain_ue":317.96,"x_offset_m":-90,"y_offset_m":120,"source":"NCB_PFM","nearest_asset_distance_m":160,"consequence_weight":2.04},"geometry":{"type":"Point","coordinates":[86.429517,23.765478]}},{"type":"Feature","properties":{"subsidence_mm":581.02,"tilt_deg":1.18799,"strain_ue":317.96,"x_offset_m":-90,"y_offset_m":135,"source":"NCB_PFM","nearest_asset_distance_m":160,"consequence_weight":2.04},"geometry":{"type":"Point","coordinates":[86.429517,23.765613]}},{"type":"Feature","properties":{"subsidence_mm":581.02,"tilt_deg":1.18799,"strain_ue":317.96,"x_offset_m":-90,"y_offset_m":150,"source":"NCB_PFM","nearest_asset_distance_m":157,"consequence_weight":2.06},"geometry":{"type":"Point","coordinates":[86.429517,23.765747]}},{"type":"Feature","properties":{"subsidence_mm":581.02,"tilt_deg":1.18799,"strain_ue":317.96,"x_offset_m":-90,"y_offset_m":165,"source":"NCB_PFM","nearest_asset_distance_m":155,"consequence_weight":2.07},"geometry":{"type":"Point","coordinates":[86.429517,23.765882]}},{"type":"Feature","properties":{"subsidence_mm":581.02,"tilt_deg":1.18799,"strain_ue":317.96,"x_offset_m":-90,"y_offset_m":180,"source":"NCB_PFM","nearest_asset_distance_m":154,"consequence_weight":2.07},"geometry":{"type":"Point","coordinates":[86.429517,23.766017]}},{"type":"Feature","properties":{"subsidence_mm":581.02,"tilt_deg":1.18799,"strain_ue":317.96,"x_offset_m":-90,"y_offset_m":195,"source":"NCB_PFM","nearest_asset_distance_m":155,"consequence_weight":2.07},"geometry":{"type":"Point","coordinates":[86.429517,23.766152]}},{"type":"Feature","properties":{"subsidence_mm":581.02,"tilt_deg":1.18799,"strain_ue":317.96,"x_offset_m":-90,"y_offset_m":210,"source":"NCB_PFM","nearest_asset_distance_m":158,"consequence_weight":2.05},"geometry":{"type":"Point","coordinates":[86.429517,23.766286]}},{"type":"Feature","properties":{"subsidence_mm":581.02,"tilt_deg":1.18799,"strain_ue":317.96,"x_offset_m":-90,"y_offset_m":225,"source":"NCB_PFM","nearest_asset_distance_m":161,"consequence_weight":2.03},"geometry":{"type":"Point","coordinates":[86.429517,23.766421]}},{"type":"Feature","properties":{"subsidence_mm":581.02,"tilt_deg":1.18799,"strain_ue":317.96,"x_offset_m":-90,"y_offset_m":240,"source":"NCB_PFM","nearest_asset_distance_m":166,"consequence_weight":2},"geometry":{"type":"Point","coordinates":[86.429517,23.766556]}},{"type":"Feature","properties":{"subsidence_mm":581.02,"tilt_deg":1.18799,"strain_ue":317.96,"x_offset_m":-90,"y_offset_m":255,"source":"NCB_PFM","nearest_asset_distance_m":172,"consequence_weight":1.97},"geometry":{"type":"Point","coordinates":[86.429517,23.766691]}},{"type":"Feature","properties":{"subsidence_mm":581.02,"tilt_deg":1.18799,"strain_ue":317.96,"x_offset_m":-90,"y_offset_m":270,"source":"NCB_PFM","nearest_asset_distance_m":180,"consequence_weight":1.92},"geometry":{"type":"Point","coordinates":[86.429517,23.766825]}},{"type":"Feature","properties":{"subsidence_mm":581.02,"tilt_deg":1.18799,"strain_ue":317.96,"x_offset_m":-90,"y_offset_m":285,"source":"NCB_PFM","nearest_asset_distance_m":188,"consequence_weight":1.87},"geometry":{"type":"Point","coordinates":[86.429517,23.76696]}},{"type":"Feature","properties":{"subsidence_mm":581.02,"tilt_deg":1.18799,"strain_ue":317.96,"x_offset_m":-90,"y_offset_m":300,"source":"NCB_PFM","nearest_asset_distance_m":197,"consequence_weight":1.82},"geometry":{"type":"Point","coordinates":[86.429517,23.767095]}},{"type":"Feature","properties":{"subsidence_mm":936.87,"tilt_deg":1.35846,"strain_ue":-2.2,"x_offset_m":-75,"y_offset_m":-300,"source":"NCB_PFM","nearest_asset_distance_m":369,"consequence_weight":0.52},"geometry":{"type":"Point","coordinates":[86.429664,23.761705]}},{"type":"Feature","properties":{"subsidence_mm":936.87,"tilt_deg":1.35846,"strain_ue":-2.2,"x_offset_m":-75,"y_offset_m":-285,"source":"NCB_PFM","nearest_asset_distance_m":363,"consequence_weight":0.55},"geometry":{"type":"Point","coordinates":[86.429664,23.76184]}},{"type":"Feature","properties":{"subsidence_mm":936.87,"tilt_deg":1.35846,"strain_ue":-2.2,"x_offset_m":-75,"y_offset_m":-270,"source":"NCB_PFM","nearest_asset_distance_m":358,"consequence_weight":0.57},"geometry":{"type":"Point","coordinates":[86.429664,23.761975]}},{"type":"Feature","properties":{"subsidence_mm":936.87,"tilt_deg":1.35846,"strain_ue":-2.2,"x_offset_m":-75,"y_offset_m":-255,"source":"NCB_PFM","nearest_asset_distance_m":349,"consequence_weight":0.91},"geometry":{"type":"Point","coordinates":[86.429664,23.762109]}},{"type":"Feature","properties":{"subsidence_mm":936.87,"tilt_deg":1.35846,"strain_ue":-2.2,"x_offset_m":-75,"y_offset_m":-240,"source":"NCB_PFM","nearest_asset_distance_m":335,"consequence_weight":0.99},"geometry":{"type":"Point","coordinates":[86.429664,23.762244]}},{"type":"Feature","properties":{"subsidence_mm":936.87,"tilt_deg":1.35846,"strain_ue":-2.2,"x_offset_m":-75,"y_offset_m":-225,"source":"NCB_PFM","nearest_asset_distance_m":322,"consequence_weight":1.07},"geometry":{"type":"Point","coordinates":[86.429664,23.762379]}},{"type":"Feature","properties":{"subsidence_mm":936.87,"tilt_deg":1.35846,"strain_ue":-2.2,"x_offset_m":-75,"y_offset_m":-210,"source":"NCB_PFM","nearest_asset_distance_m":308,"consequence_weight":1.15},"geometry":{"type":"Point","coordinates":[86.429664,23.762514]}},{"type":"Feature","properties":{"subsidence_mm":936.87,"tilt_deg":1.35846,"strain_ue":-2.2,"x_offset_m":-75,"y_offset_m":-195,"source":"NCB_PFM","nearest_asset_distance_m":295,"consequence_weight":1.23},"geometry":{"type":"Point","coordinates":[86.429664,23.762648]}},{"type":"Feature","properties":{"subsidence_mm":936.87,"tilt_deg":1.35846,"strain_ue":-2.2,"x_offset_m":-75,"y_offset_m":-180,"source":"NCB_PFM","nearest_asset_distance_m":282,"consequence_weight":1.31},"geometry":{"type":"Point","coordinates":[86.429664,23.762783]}},{"type":"Feature","properties":{"subsidence_mm":936.87,"tilt_deg":1.35846,"strain_ue":-2.2,"x_offset_m":-75,"y_offset_m":-165,"source":"NCB_PFM","nearest_asset_distance_m":268,"consequence_weight":1.39},"geometry":{"type":"Point","coordinates":[86.429664,23.762918]}},{"type":"Feature","properties":{"subsidence_mm":936.87,"tilt_deg":1.35846,"strain_ue":-2.2,"x_offset_m":-75,"y_offset_m":-150,"source":"NCB_PFM","nearest_asset_distance_m":256,"consequence_weight":1.47},"geometry":{"type":"Point","coordinates":[86.429664,23.763053]}},{"type":"Feature","properties":{"subsidence_mm":936.87,"tilt_deg":1.35846,"strain_ue":-2.2,"x_offset_m":-75,"y_offset_m":-135,"source":"NCB_PFM","nearest_asset_distance_m":243,"consequence_weight":1.54},"geometry":{"type":"Point","coordinates":[86.429664,23.763187]}},{"type":"Feature","properties":{"subsidence_mm":936.87,"tilt_deg":1.35846,"strain_ue":-2.2,"x_offset_m":-75,"y_offset_m":-120,"source":"NCB_PFM","nearest_asset_distance_m":231,"consequence_weight":1.61},"geometry":{"type":"Point","coordinates":[86.429664,23.763322]}},{"type":"Feature","properties":{"subsidence_mm":936.87,"tilt_deg":1.35846,"strain_ue":-2.2,"x_offset_m":-75,"y_offset_m":-105,"source":"NCB_PFM","nearest_asset_distance_m":219,"consequence_weight":1.69},"geometry":{"type":"Point","coordinates":[86.429664,23.763457]}},{"type":"Feature","properties":{"subsidence_mm":936.87,"tilt_deg":1.35846,"strain_ue":-2.2,"x_offset_m":-75,"y_offset_m":-90,"source":"NCB_PFM","nearest_asset_distance_m":207,"consequence_weight":1.76},"geometry":{"type":"Point","coordinates":[86.429664,23.763592]}},{"type":"Feature","properties":{"subsidence_mm":936.87,"tilt_deg":1.35846,"strain_ue":-2.2,"x_offset_m":-75,"y_offset_m":-75,"source":"NCB_PFM","nearest_asset_distance_m":196,"consequence_weight":1.82},"geometry":{"type":"Point","coordinates":[86.429664,23.763726]}},{"type":"Feature","properties":{"subsidence_mm":936.87,"tilt_deg":1.35846,"strain_ue":-2.2,"x_offset_m":-75,"y_offset_m":-60,"source":"NCB_PFM","nearest_asset_distance_m":186,"consequence_weight":1.89},"geometry":{"type":"Point","coordinates":[86.429664,23.763861]}},{"type":"Feature","properties":{"subsidence_mm":936.87,"tilt_deg":1.35846,"strain_ue":-2.2,"x_offset_m":-75,"y_offset_m":-45,"source":"NCB_PFM","nearest_asset_distance_m":176,"consequence_weight":1.94},"geometry":{"type":"Point","coordinates":[86.429664,23.763996]}},{"type":"Feature","properties":{"subsidence_mm":936.87,"tilt_deg":1.35846,"strain_ue":-2.2,"x_offset_m":-75,"y_offset_m":-30,"source":"NCB_PFM","nearest_asset_distance_m":167,"consequence_weight":2},"geometry":{"type":"Point","coordinates":[86.429664,23.764131]}},{"type":"Feature","properties":{"subsidence_mm":936.87,"tilt_deg":1.35846,"strain_ue":-2.2,"x_offset_m":-75,"y_offset_m":-15,"source":"NCB_PFM","nearest_asset_distance_m":159,"consequence_weight":2.05},"geometry":{"type":"Point","coordinates":[86.429664,23.764265]}},{"type":"Feature","properties":{"subsidence_mm":936.87,"tilt_deg":1.35846,"strain_ue":-2.2,"x_offset_m":-75,"y_offset_m":0,"source":"NCB_PFM","nearest_asset_distance_m":151,"consequence_weight":2.09},"geometry":{"type":"Point","coordinates":[86.429664,23.7644]}},{"type":"Feature","properties":{"subsidence_mm":936.87,"tilt_deg":1.35846,"strain_ue":-2.2,"x_offset_m":-75,"y_offset_m":15,"source":"NCB_PFM","nearest_asset_distance_m":145,"consequence_weight":2.13},"geometry":{"type":"Point","coordinates":[86.429664,23.764535]}},{"type":"Feature","properties":{"subsidence_mm":936.87,"tilt_deg":1.35846,"strain_ue":-2.2,"x_offset_m":-75,"y_offset_m":30,"source":"NCB_PFM","nearest_asset_distance_m":141,"consequence_weight":2.15},"geometry":{"type":"Point","coordinates":[86.429664,23.764669]}},{"type":"Feature","properties":{"subsidence_mm":936.87,"tilt_deg":1.35846,"strain_ue":-2.2,"x_offset_m":-75,"y_offset_m":45,"source":"NCB_PFM","nearest_asset_distance_m":138,"consequence_weight":2.17},"geometry":{"type":"Point","coordinates":[86.429664,23.764804]}},{"type":"Feature","properties":{"subsidence_mm":936.87,"tilt_deg":1.35846,"strain_ue":-2.2,"x_offset_m":-75,"y_offset_m":60,"source":"NCB_PFM","nearest_asset_distance_m":136,"consequence_weight":2.18},"geometry":{"type":"Point","coordinates":[86.429664,23.764939]}},{"type":"Feature","properties":{"subsidence_mm":936.87,"tilt_deg":1.35846,"strain_ue":-2.2,"x_offset_m":-75,"y_offset_m":75,"source":"NCB_PFM","nearest_asset_distance_m":136,"consequence_weight":2.18},"geometry":{"type":"Point","coordinates":[86.429664,23.765074]}},{"type":"Feature","properties":{"subsidence_mm":936.87,"tilt_deg":1.35846,"strain_ue":-2.2,"x_offset_m":-75,"y_offset_m":90,"source":"NCB_PFM","nearest_asset_distance_m":138,"consequence_weight":2.17},"geometry":{"type":"Point","coordinates":[86.429664,23.765208]}},{"type":"Feature","properties":{"subsidence_mm":936.87,"tilt_deg":1.35846,"strain_ue":-2.2,"x_offset_m":-75,"y_offset_m":105,"source":"NCB_PFM","nearest_asset_distance_m":141,"consequence_weight":2.15},"geometry":{"type":"Point","coordinates":[86.429664,23.765343]}},{"type":"Feature","properties":{"subsidence_mm":936.87,"tilt_deg":1.35846,"strain_ue":-2.2,"x_offset_m":-75,"y_offset_m":120,"source":"NCB_PFM","nearest_asset_distance_m":146,"consequence_weight":2.12},"geometry":{"type":"Point","coordinates":[86.429664,23.765478]}},{"type":"Feature","properties":{"subsidence_mm":936.87,"tilt_deg":1.35846,"strain_ue":-2.2,"x_offset_m":-75,"y_offset_m":135,"source":"NCB_PFM","nearest_asset_distance_m":152,"consequence_weight":2.09},"geometry":{"type":"Point","coordinates":[86.429664,23.765613]}},{"type":"Feature","properties":{"subsidence_mm":936.87,"tilt_deg":1.35846,"strain_ue":-2.2,"x_offset_m":-75,"y_offset_m":150,"source":"NCB_PFM","nearest_asset_distance_m":159,"consequence_weight":2.04},"geometry":{"type":"Point","coordinates":[86.429664,23.765747]}},{"type":"Feature","properties":{"subsidence_mm":936.87,"tilt_deg":1.35846,"strain_ue":-2.2,"x_offset_m":-75,"y_offset_m":165,"source":"NCB_PFM","nearest_asset_distance_m":168,"consequence_weight":1.99},"geometry":{"type":"Point","coordinates":[86.429664,23.765882]}},{"type":"Feature","properties":{"subsidence_mm":936.87,"tilt_deg":1.35846,"strain_ue":-2.2,"x_offset_m":-75,"y_offset_m":180,"source":"NCB_PFM","nearest_asset_distance_m":169,"consequence_weight":1.98},"geometry":{"type":"Point","coordinates":[86.429664,23.766017]}},{"type":"Feature","properties":{"subsidence_mm":936.87,"tilt_deg":1.35846,"strain_ue":-2.2,"x_offset_m":-75,"y_offset_m":195,"source":"NCB_PFM","nearest_asset_distance_m":170,"consequence_weight":1.98},"geometry":{"type":"Point","coordinates":[86.429664,23.766152]}},{"type":"Feature","properties":{"subsidence_mm":936.87,"tilt_deg":1.35846,"strain_ue":-2.2,"x_offset_m":-75,"y_offset_m":210,"source":"NCB_PFM","nearest_asset_distance_m":172,"consequence_weight":1.97},"geometry":{"type":"Point","coordinates":[86.429664,23.766286]}},{"type":"Feature","properties":{"subsidence_mm":936.87,"tilt_deg":1.35846,"strain_ue":-2.2,"x_offset_m":-75,"y_offset_m":225,"source":"NCB_PFM","nearest_asset_distance_m":176,"consequence_weight":1.95},"geometry":{"type":"Point","coordinates":[86.429664,23.766421]}},{"type":"Feature","properties":{"subsidence_mm":936.87,"tilt_deg":1.35846,"strain_ue":-2.2,"x_offset_m":-75,"y_offset_m":240,"source":"NCB_PFM","nearest_asset_distance_m":180,"consequence_weight":1.92},"geometry":{"type":"Point","coordinates":[86.429664,23.766556]}},{"type":"Feature","properties":{"subsidence_mm":936.87,"tilt_deg":1.35846,"strain_ue":-2.2,"x_offset_m":-75,"y_offset_m":255,"source":"NCB_PFM","nearest_asset_distance_m":186,"consequence_weight":1.88},"geometry":{"type":"Point","coordinates":[86.429664,23.766691]}},{"type":"Feature","properties":{"subsidence_mm":936.87,"tilt_deg":1.35846,"strain_ue":-2.2,"x_offset_m":-75,"y_offset_m":270,"source":"NCB_PFM","nearest_asset_distance_m":193,"consequence_weight":1.84},"geometry":{"type":"Point","coordinates":[86.429664,23.766825]}},{"type":"Feature","properties":{"subsidence_mm":936.87,"tilt_deg":1.35846,"strain_ue":-2.2,"x_offset_m":-75,"y_offset_m":285,"source":"NCB_PFM","nearest_asset_distance_m":200,"consequence_weight":1.8},"geometry":{"type":"Point","coordinates":[86.429664,23.76696]}},{"type":"Feature","properties":{"subsidence_mm":936.87,"tilt_deg":1.35846,"strain_ue":-2.2,"x_offset_m":-75,"y_offset_m":300,"source":"NCB_PFM","nearest_asset_distance_m":209,"consequence_weight":1.75},"geometry":{"type":"Point","coordinates":[86.429664,23.767095]}},{"type":"Feature","properties":{"subsidence_mm":1292.3,"tilt_deg":1.18421,"strain_ue":-323.83,"x_offset_m":-60,"y_offset_m":-300,"source":"NCB_PFM","nearest_asset_distance_m":355,"consequence_weight":0.58},"geometry":{"type":"Point","coordinates":[86.429811,23.761705]}},{"type":"Feature","properties":{"subsidence_mm":1292.3,"tilt_deg":1.18421,"strain_ue":-323.83,"x_offset_m":-60,"y_offset_m":-285,"source":"NCB_PFM","nearest_asset_distance_m":349,"consequence_weight":0.6},"geometry":{"type":"Point","coordinates":[86.429811,23.76184]}},{"type":"Feature","properties":{"subsidence_mm":1292.3,"tilt_deg":1.18421,"strain_ue":-323.83,"x_offset_m":-60,"y_offset_m":-270,"source":"NCB_PFM","nearest_asset_distance_m":344,"consequence_weight":0.62},"geometry":{"type":"Point","coordinates":[86.429811,23.761975]}},{"type":"Feature","properties":{"subsidence_mm":1292.3,"tilt_deg":1.18421,"strain_ue":-323.83,"x_offset_m":-60,"y_offset_m":-255,"source":"NCB_PFM","nearest_asset_distance_m":339,"consequence_weight":0.64},"geometry":{"type":"Point","coordinates":[86.429811,23.762109]}},{"type":"Feature","properties":{"subsidence_mm":1292.3,"tilt_deg":1.18421,"strain_ue":-323.83,"x_offset_m":-60,"y_offset_m":-240,"source":"NCB_PFM","nearest_asset_distance_m":329,"consequence_weight":1.02},"geometry":{"type":"Point","coordinates":[86.429811,23.762244]}},{"type":"Feature","properties":{"subsidence_mm":1292.3,"tilt_deg":1.18421,"strain_ue":-323.83,"x_offset_m":-60,"y_offset_m":-225,"source":"NCB_PFM","nearest_asset_distance_m":316,"consequence_weight":1.11},"geometry":{"type":"Point","coordinates":[86.429811,23.762379]}},{"type":"Feature","properties":{"subsidence_mm":1292.3,"tilt_deg":1.18421,"strain_ue":-323.83,"x_offset_m":-60,"y_offset_m":-210,"source":"NCB_PFM","nearest_asset_distance_m":302,"consequence_weight":1.19},"geometry":{"type":"Point","coordinates":[86.429811,23.762514]}},{"type":"Feature","properties":{"subsidence_mm":1292.3,"tilt_deg":1.18421,"strain_ue":-323.83,"x_offset_m":-60,"y_offset_m":-195,"source":"NCB_PFM","nearest_asset_distance_m":288,"consequence_weight":1.27},"geometry":{"type":"Point","coordinates":[86.429811,23.762648]}},{"type":"Feature","properties":{"subsidence_mm":1292.3,"tilt_deg":1.18421,"strain_ue":-323.83,"x_offset_m":-60,"y_offset_m":-180,"source":"NCB_PFM","nearest_asset_distance_m":275,"consequence_weight":1.35},"geometry":{"type":"Point","coordinates":[86.429811,23.762783]}},{"type":"Feature","properties":{"subsidence_mm":1292.3,"tilt_deg":1.18421,"strain_ue":-323.83,"x_offset_m":-60,"y_offset_m":-165,"source":"NCB_PFM","nearest_asset_distance_m":261,"consequence_weight":1.43},"geometry":{"type":"Point","coordinates":[86.429811,23.762918]}},{"type":"Feature","properties":{"subsidence_mm":1292.3,"tilt_deg":1.18421,"strain_ue":-323.83,"x_offset_m":-60,"y_offset_m":-150,"source":"NCB_PFM","nearest_asset_distance_m":248,"consequence_weight":1.51},"geometry":{"type":"Point","coordinates":[86.429811,23.763053]}},{"type":"Feature","properties":{"subsidence_mm":1292.3,"tilt_deg":1.18421,"strain_ue":-323.83,"x_offset_m":-60,"y_offset_m":-135,"source":"NCB_PFM","nearest_asset_distance_m":235,"consequence_weight":1.59},"geometry":{"type":"Point","coordinates":[86.429811,23.763187]}},{"type":"Feature","properties":{"subsidence_mm":1292.3,"tilt_deg":1.18421,"strain_ue":-323.83,"x_offset_m":-60,"y_offset_m":-120,"source":"NCB_PFM","nearest_asset_distance_m":222,"consequence_weight":1.67},"geometry":{"type":"Point","coordinates":[86.429811,23.763322]}},{"type":"Feature","properties":{"subsidence_mm":1292.3,"tilt_deg":1.18421,"strain_ue":-323.83,"x_offset_m":-60,"y_offset_m":-105,"source":"NCB_PFM","nearest_asset_distance_m":210,"consequence_weight":1.74},"geometry":{"type":"Point","coordinates":[86.429811,23.763457]}},{"type":"Feature","properties":{"subsidence_mm":1292.3,"tilt_deg":1.18421,"strain_ue":-323.83,"x_offset_m":-60,"y_offset_m":-90,"source":"NCB_PFM","nearest_asset_distance_m":198,"consequence_weight":1.81},"geometry":{"type":"Point","coordinates":[86.429811,23.763592]}},{"type":"Feature","properties":{"subsidence_mm":1292.3,"tilt_deg":1.18421,"strain_ue":-323.83,"x_offset_m":-60,"y_offset_m":-75,"source":"NCB_PFM","nearest_asset_distance_m":186,"consequence_weight":1.88},"geometry":{"type":"Point","coordinates":[86.429811,23.763726]}},{"type":"Feature","properties":{"subsidence_mm":1292.3,"tilt_deg":1.18421,"strain_ue":-323.83,"x_offset_m":-60,"y_offset_m":-60,"source":"NCB_PFM","nearest_asset_distance_m":175,"consequence_weight":1.95},"geometry":{"type":"Point","coordinates":[86.429811,23.763861]}},{"type":"Feature","properties":{"subsidence_mm":1292.3,"tilt_deg":1.18421,"strain_ue":-323.83,"x_offset_m":-60,"y_offset_m":-45,"source":"NCB_PFM","nearest_asset_distance_m":165,"consequence_weight":2.01},"geometry":{"type":"Point","coordinates":[86.429811,23.763996]}},{"type":"Feature","properties":{"subsidence_mm":1292.3,"tilt_deg":1.18421,"strain_ue":-323.83,"x_offset_m":-60,"y_offset_m":-30,"source":"NCB_PFM","nearest_asset_distance_m":155,"consequence_weight":2.07},"geometry":{"type":"Point","coordinates":[86.429811,23.764131]}},{"type":"Feature","properties":{"subsidence_mm":1292.3,"tilt_deg":1.18421,"strain_ue":-323.83,"x_offset_m":-60,"y_offset_m":-15,"source":"NCB_PFM","nearest_asset_distance_m":146,"consequence_weight":2.12},"geometry":{"type":"Point","coordinates":[86.429811,23.764265]}},{"type":"Feature","properties":{"subsidence_mm":1292.3,"tilt_deg":1.18421,"strain_ue":-323.83,"x_offset_m":-60,"y_offset_m":0,"source":"NCB_PFM","nearest_asset_distance_m":138,"consequence_weight":2.17},"geometry":{"type":"Point","coordinates":[86.429811,23.7644]}},{"type":"Feature","properties":{"subsidence_mm":1292.3,"tilt_deg":1.18421,"strain_ue":-323.83,"x_offset_m":-60,"y_offset_m":15,"source":"NCB_PFM","nearest_asset_distance_m":132,"consequence_weight":2.21},"geometry":{"type":"Point","coordinates":[86.429811,23.764535]}},{"type":"Feature","properties":{"subsidence_mm":1292.3,"tilt_deg":1.18421,"strain_ue":-323.83,"x_offset_m":-60,"y_offset_m":30,"source":"NCB_PFM","nearest_asset_distance_m":126,"consequence_weight":2.24},"geometry":{"type":"Point","coordinates":[86.429811,23.764669]}},{"type":"Feature","properties":{"subsidence_mm":1292.3,"tilt_deg":1.18421,"strain_ue":-323.83,"x_offset_m":-60,"y_offset_m":45,"source":"NCB_PFM","nearest_asset_distance_m":123,"consequence_weight":2.26},"geometry":{"type":"Point","coordinates":[86.429811,23.764804]}},{"type":"Feature","properties":{"subsidence_mm":1292.3,"tilt_deg":1.18421,"strain_ue":-323.83,"x_offset_m":-60,"y_offset_m":60,"source":"NCB_PFM","nearest_asset_distance_m":121,"consequence_weight":2.27},"geometry":{"type":"Point","coordinates":[86.429811,23.764939]}},{"type":"Feature","properties":{"subsidence_mm":1292.3,"tilt_deg":1.18421,"strain_ue":-323.83,"x_offset_m":-60,"y_offset_m":75,"source":"NCB_PFM","nearest_asset_distance_m":121,"consequence_weight":2.27},"geometry":{"type":"Point","coordinates":[86.429811,23.765074]}},{"type":"Feature","properties":{"subsidence_mm":1292.3,"tilt_deg":1.18421,"strain_ue":-323.83,"x_offset_m":-60,"y_offset_m":90,"source":"NCB_PFM","nearest_asset_distance_m":123,"consequence_weight":2.26},"geometry":{"type":"Point","coordinates":[86.429811,23.765208]}},{"type":"Feature","properties":{"subsidence_mm":1292.3,"tilt_deg":1.18421,"strain_ue":-323.83,"x_offset_m":-60,"y_offset_m":105,"source":"NCB_PFM","nearest_asset_distance_m":127,"consequence_weight":2.24},"geometry":{"type":"Point","coordinates":[86.429811,23.765343]}},{"type":"Feature","properties":{"subsidence_mm":1292.3,"tilt_deg":1.18421,"strain_ue":-323.83,"x_offset_m":-60,"y_offset_m":120,"source":"NCB_PFM","nearest_asset_distance_m":132,"consequence_weight":2.21},"geometry":{"type":"Point","coordinates":[86.429811,23.765478]}},{"type":"Feature","properties":{"subsidence_mm":1292.3,"tilt_deg":1.18421,"strain_ue":-323.83,"x_offset_m":-60,"y_offset_m":135,"source":"NCB_PFM","nearest_asset_distance_m":139,"consequence_weight":2.17},"geometry":{"type":"Point","coordinates":[86.429811,23.765613]}},{"type":"Feature","properties":{"subsidence_mm":1292.3,"tilt_deg":1.18421,"strain_ue":-323.83,"x_offset_m":-60,"y_offset_m":150,"source":"NCB_PFM","nearest_asset_distance_m":147,"consequence_weight":2.12},"geometry":{"type":"Point","coordinates":[86.429811,23.765747]}},{"type":"Feature","properties":{"subsidence_mm":1292.3,"tilt_deg":1.18421,"strain_ue":-323.83,"x_offset_m":-60,"y_offset_m":165,"source":"NCB_PFM","nearest_asset_distance_m":156,"consequence_weight":2.07},"geometry":{"type":"Point","coordinates":[86.429811,23.765882]}},{"type":"Feature","properties":{"subsidence_mm":1292.3,"tilt_deg":1.18421,"strain_ue":-323.83,"x_offset_m":-60,"y_offset_m":180,"source":"NCB_PFM","nearest_asset_distance_m":166,"consequence_weight":2.01},"geometry":{"type":"Point","coordinates":[86.429811,23.766017]}},{"type":"Feature","properties":{"subsidence_mm":1292.3,"tilt_deg":1.18421,"strain_ue":-323.83,"x_offset_m":-60,"y_offset_m":195,"source":"NCB_PFM","nearest_asset_distance_m":176,"consequence_weight":1.94},"geometry":{"type":"Point","coordinates":[86.429811,23.766152]}},{"type":"Feature","properties":{"subsidence_mm":1292.3,"tilt_deg":1.18421,"strain_ue":-323.83,"x_offset_m":-60,"y_offset_m":210,"source":"NCB_PFM","nearest_asset_distance_m":187,"consequence_weight":1.88},"geometry":{"type":"Point","coordinates":[86.429811,23.766286]}},{"type":"Feature","properties":{"subsidence_mm":1292.3,"tilt_deg":1.18421,"strain_ue":-323.83,"x_offset_m":-60,"y_offset_m":225,"source":"NCB_PFM","nearest_asset_distance_m":190,"consequence_weight":1.86},"geometry":{"type":"Point","coordinates":[86.429811,23.766421]}},{"type":"Feature","properties":{"subsidence_mm":1292.3,"tilt_deg":1.18421,"strain_ue":-323.83,"x_offset_m":-60,"y_offset_m":240,"source":"NCB_PFM","nearest_asset_distance_m":194,"consequence_weight":1.83},"geometry":{"type":"Point","coordinates":[86.429811,23.766556]}},{"type":"Feature","properties":{"subsidence_mm":1292.3,"tilt_deg":1.18421,"strain_ue":-323.83,"x_offset_m":-60,"y_offset_m":255,"source":"NCB_PFM","nearest_asset_distance_m":200,"consequence_weight":1.8},"geometry":{"type":"Point","coordinates":[86.429811,23.766691]}},{"type":"Feature","properties":{"subsidence_mm":1292.3,"tilt_deg":1.18421,"strain_ue":-323.83,"x_offset_m":-60,"y_offset_m":270,"source":"NCB_PFM","nearest_asset_distance_m":206,"consequence_weight":1.76},"geometry":{"type":"Point","coordinates":[86.429811,23.766825]}},{"type":"Feature","properties":{"subsidence_mm":1292.3,"tilt_deg":1.18421,"strain_ue":-323.83,"x_offset_m":-60,"y_offset_m":285,"source":"NCB_PFM","nearest_asset_distance_m":213,"consequence_weight":1.72},"geometry":{"type":"Point","coordinates":[86.429811,23.76696]}},{"type":"Feature","properties":{"subsidence_mm":1292.3,"tilt_deg":1.18421,"strain_ue":-323.83,"x_offset_m":-60,"y_offset_m":300,"source":"NCB_PFM","nearest_asset_distance_m":221,"consequence_weight":1.67},"geometry":{"type":"Point","coordinates":[86.429811,23.767095]}},{"type":"Feature","properties":{"subsidence_mm":1556.92,"tilt_deg":0.80184,"strain_ue":-434.13,"x_offset_m":-45,"y_offset_m":-300,"source":"NCB_PFM","nearest_asset_distance_m":341,"consequence_weight":0.63},"geometry":{"type":"Point","coordinates":[86.429958,23.761705]}},{"type":"Feature","properties":{"subsidence_mm":1556.92,"tilt_deg":0.80184,"strain_ue":-434.13,"x_offset_m":-45,"y_offset_m":-285,"source":"NCB_PFM","nearest_asset_distance_m":335,"consequence_weight":0.66},"geometry":{"type":"Point","coordinates":[86.429958,23.76184]}},{"type":"Feature","properties":{"subsidence_mm":1556.92,"tilt_deg":0.80184,"strain_ue":-434.13,"x_offset_m":-45,"y_offset_m":-270,"source":"NCB_PFM","nearest_asset_distance_m":330,"consequence_weight":0.68},"geometry":{"type":"Point","coordinates":[86.429958,23.761975]}},{"type":"Feature","properties":{"subsidence_mm":1556.92,"tilt_deg":0.80184,"strain_ue":-434.13,"x_offset_m":-45,"y_offset_m":-255,"source":"NCB_PFM","nearest_asset_distance_m":325,"consequence_weight":0.7},"geometry":{"type":"Point","coordinates":[86.429958,23.762109]}},{"type":"Feature","properties":{"subsidence_mm":1556.92,"tilt_deg":0.80184,"strain_ue":-434.13,"x_offset_m":-45,"y_offset_m":-240,"source":"NCB_PFM","nearest_asset_distance_m":321,"consequence_weight":0.72},"geometry":{"type":"Point","coordinates":[86.429958,23.762244]}},{"type":"Feature","properties":{"subsidence_mm":1556.92,"tilt_deg":0.80184,"strain_ue":-434.13,"x_offset_m":-45,"y_offset_m":-225,"source":"NCB_PFM","nearest_asset_distance_m":310,"consequence_weight":1.14},"geometry":{"type":"Point","coordinates":[86.429958,23.762379]}},{"type":"Feature","properties":{"subsidence_mm":1556.92,"tilt_deg":0.80184,"strain_ue":-434.13,"x_offset_m":-45,"y_offset_m":-210,"source":"NCB_PFM","nearest_asset_distance_m":296,"consequence_weight":1.22},"geometry":{"type":"Point","coordinates":[86.429958,23.762514]}},{"type":"Feature","properties":{"subsidence_mm":1556.92,"tilt_deg":0.80184,"strain_ue":-434.13,"x_offset_m":-45,"y_offset_m":-195,"source":"NCB_PFM","nearest_asset_distance_m":282,"consequence_weight":1.31},"geometry":{"type":"Point","coordinates":[86.429958,23.762648]}},{"type":"Feature","properties":{"subsidence_mm":1556.92,"tilt_deg":0.80184,"strain_ue":-434.13,"x_offset_m":-45,"y_offset_m":-180,"source":"NCB_PFM","nearest_asset_distance_m":268,"consequence_weight":1.39},"geometry":{"type":"Point","coordinates":[86.429958,23.762783]}},{"type":"Feature","properties":{"subsidence_mm":1556.92,"tilt_deg":0.80184,"strain_ue":-434.13,"x_offset_m":-45,"y_offset_m":-165,"source":"NCB_PFM","nearest_asset_distance_m":255,"consequence_weight":1.47},"geometry":{"type":"Point","coordinates":[86.429958,23.762918]}},{"type":"Feature","properties":{"subsidence_mm":1556.92,"tilt_deg":0.80184,"strain_ue":-434.13,"x_offset_m":-45,"y_offset_m":-150,"source":"NCB_PFM","nearest_asset_distance_m":241,"consequence_weight":1.55},"geometry":{"type":"Point","coordinates":[86.429958,23.763053]}},{"type":"Feature","properties":{"subsidence_mm":1556.92,"tilt_deg":0.80184,"strain_ue":-434.13,"x_offset_m":-45,"y_offset_m":-135,"source":"NCB_PFM","nearest_asset_distance_m":228,"consequence_weight":1.63},"geometry":{"type":"Point","coordinates":[86.429958,23.763187]}},{"type":"Feature","properties":{"subsidence_mm":1556.92,"tilt_deg":0.80184,"strain_ue":-434.13,"x_offset_m":-45,"y_offset_m":-120,"source":"NCB_PFM","nearest_asset_distance_m":215,"consequence_weight":1.71},"geometry":{"type":"Point","coordinates":[86.429958,23.763322]}},{"type":"Feature","properties":{"subsidence_mm":1556.92,"tilt_deg":0.80184,"strain_ue":-434.13,"x_offset_m":-45,"y_offset_m":-105,"source":"NCB_PFM","nearest_asset_distance_m":202,"consequence_weight":1.79},"geometry":{"type":"Point","coordinates":[86.429958,23.763457]}},{"type":"Feature","properties":{"subsidence_mm":1556.92,"tilt_deg":0.80184,"strain_ue":-434.13,"x_offset_m":-45,"y_offset_m":-90,"source":"NCB_PFM","nearest_asset_distance_m":189,"consequence_weight":1.87},"geometry":{"type":"Point","coordinates":[86.429958,23.763592]}},{"type":"Feature","properties":{"subsidence_mm":1556.92,"tilt_deg":0.80184,"strain_ue":-434.13,"x_offset_m":-45,"y_offset_m":-75,"source":"NCB_PFM","nearest_asset_distance_m":177,"consequence_weight":1.94},"geometry":{"type":"Point","coordinates":[86.429958,23.763726]}},{"type":"Feature","properties":{"subsidence_mm":1556.92,"tilt_deg":0.80184,"strain_ue":-434.13,"x_offset_m":-45,"y_offset_m":-60,"source":"NCB_PFM","nearest_asset_distance_m":165,"consequence_weight":2.01},"geometry":{"type":"Point","coordinates":[86.429958,23.763861]}},{"type":"Feature","properties":{"subsidence_mm":1556.92,"tilt_deg":0.80184,"strain_ue":-434.13,"x_offset_m":-45,"y_offset_m":-45,"source":"NCB_PFM","nearest_asset_distance_m":154,"consequence_weight":2.08},"geometry":{"type":"Point","coordinates":[86.429958,23.763996]}},{"type":"Feature","properties":{"subsidence_mm":1556.92,"tilt_deg":0.80184,"strain_ue":-434.13,"x_offset_m":-45,"y_offset_m":-30,"source":"NCB_PFM","nearest_asset_distance_m":143,"consequence_weight":2.14},"geometry":{"type":"Point","coordinates":[86.429958,23.764131]}},{"type":"Feature","properties":{"subsidence_mm":1556.92,"tilt_deg":0.80184,"strain_ue":-434.13,"x_offset_m":-45,"y_offset_m":-15,"source":"NCB_PFM","nearest_asset_distance_m":134,"consequence_weight":2.2},"geometry":{"type":"Point","coordinates":[86.429958,23.764265]}},{"type":"Feature","properties":{"subsidence_mm":1556.92,"tilt_deg":0.80184,"strain_ue":-434.13,"x_offset_m":-45,"y_offset_m":0,"source":"NCB_PFM","nearest_asset_distance_m":125,"consequence_weight":2.25},"geometry":{"type":"Point","coordinates":[86.429958,23.7644]}},{"type":"Feature","properties":{"subsidence_mm":1556.92,"tilt_deg":0.80184,"strain_ue":-434.13,"x_offset_m":-45,"y_offset_m":15,"source":"NCB_PFM","nearest_asset_distance_m":118,"consequence_weight":2.29},"geometry":{"type":"Point","coordinates":[86.429958,23.764535]}},{"type":"Feature","properties":{"subsidence_mm":1556.92,"tilt_deg":0.80184,"strain_ue":-434.13,"x_offset_m":-45,"y_offset_m":30,"source":"NCB_PFM","nearest_asset_distance_m":112,"consequence_weight":2.33},"geometry":{"type":"Point","coordinates":[86.429958,23.764669]}},{"type":"Feature","properties":{"subsidence_mm":1556.92,"tilt_deg":0.80184,"strain_ue":-434.13,"x_offset_m":-45,"y_offset_m":45,"source":"NCB_PFM","nearest_asset_distance_m":108,"consequence_weight":2.35},"geometry":{"type":"Point","coordinates":[86.429958,23.764804]}},{"type":"Feature","properties":{"subsidence_mm":1556.92,"tilt_deg":0.80184,"strain_ue":-434.13,"x_offset_m":-45,"y_offset_m":60,"source":"NCB_PFM","nearest_asset_distance_m":106,"consequence_weight":2.36},"geometry":{"type":"Point","coordinates":[86.429958,23.764939]}},{"type":"Feature","properties":{"subsidence_mm":1556.92,"tilt_deg":0.80184,"strain_ue":-434.13,"x_offset_m":-45,"y_offset_m":75,"source":"NCB_PFM","nearest_asset_distance_m":106,"consequence_weight":2.36},"geometry":{"type":"Point","coordinates":[86.429958,23.765074]}},{"type":"Feature","properties":{"subsidence_mm":1556.92,"tilt_deg":0.80184,"strain_ue":-434.13,"x_offset_m":-45,"y_offset_m":90,"source":"NCB_PFM","nearest_asset_distance_m":109,"consequence_weight":2.35},"geometry":{"type":"Point","coordinates":[86.429958,23.765208]}},{"type":"Feature","properties":{"subsidence_mm":1556.92,"tilt_deg":0.80184,"strain_ue":-434.13,"x_offset_m":-45,"y_offset_m":105,"source":"NCB_PFM","nearest_asset_distance_m":113,"consequence_weight":2.32},"geometry":{"type":"Point","coordinates":[86.429958,23.765343]}},{"type":"Feature","properties":{"subsidence_mm":1556.92,"tilt_deg":0.80184,"strain_ue":-434.13,"x_offset_m":-45,"y_offset_m":120,"source":"NCB_PFM","nearest_asset_distance_m":119,"consequence_weight":2.29},"geometry":{"type":"Point","coordinates":[86.429958,23.765478]}},{"type":"Feature","properties":{"subsidence_mm":1556.92,"tilt_deg":0.80184,"strain_ue":-434.13,"x_offset_m":-45,"y_offset_m":135,"source":"NCB_PFM","nearest_asset_distance_m":126,"consequence_weight":2.24},"geometry":{"type":"Point","coordinates":[86.429958,23.765613]}},{"type":"Feature","properties":{"subsidence_mm":1556.92,"tilt_deg":0.80184,"strain_ue":-434.13,"x_offset_m":-45,"y_offset_m":150,"source":"NCB_PFM","nearest_asset_distance_m":135,"consequence_weight":2.19},"geometry":{"type":"Point","coordinates":[86.429958,23.765747]}},{"type":"Feature","properties":{"subsidence_mm":1556.92,"tilt_deg":0.80184,"strain_ue":-434.13,"x_offset_m":-45,"y_offset_m":165,"source":"NCB_PFM","nearest_asset_distance_m":144,"consequence_weight":2.13},"geometry":{"type":"Point","coordinates":[86.429958,23.765882]}},{"type":"Feature","properties":{"subsidence_mm":1556.92,"tilt_deg":0.80184,"strain_ue":-434.13,"x_offset_m":-45,"y_offset_m":180,"source":"NCB_PFM","nearest_asset_distance_m":155,"consequence_weight":2.07},"geometry":{"type":"Point","coordinates":[86.429958,23.766017]}},{"type":"Feature","properties":{"subsidence_mm":1556.92,"tilt_deg":0.80184,"strain_ue":-434.13,"x_offset_m":-45,"y_offset_m":195,"source":"NCB_PFM","nearest_asset_distance_m":166,"consequence_weight":2},"geometry":{"type":"Point","coordinates":[86.429958,23.766152]}},{"type":"Feature","properties":{"subsidence_mm":1556.92,"tilt_deg":0.80184,"strain_ue":-434.13,"x_offset_m":-45,"y_offset_m":210,"source":"NCB_PFM","nearest_asset_distance_m":178,"consequence_weight":1.93},"geometry":{"type":"Point","coordinates":[86.429958,23.766286]}},{"type":"Feature","properties":{"subsidence_mm":1556.92,"tilt_deg":0.80184,"strain_ue":-434.13,"x_offset_m":-45,"y_offset_m":225,"source":"NCB_PFM","nearest_asset_distance_m":190,"consequence_weight":1.86},"geometry":{"type":"Point","coordinates":[86.429958,23.766421]}},{"type":"Feature","properties":{"subsidence_mm":1556.92,"tilt_deg":0.80184,"strain_ue":-434.13,"x_offset_m":-45,"y_offset_m":240,"source":"NCB_PFM","nearest_asset_distance_m":203,"consequence_weight":1.78},"geometry":{"type":"Point","coordinates":[86.429958,23.766556]}},{"type":"Feature","properties":{"subsidence_mm":1556.92,"tilt_deg":0.80184,"strain_ue":-434.13,"x_offset_m":-45,"y_offset_m":255,"source":"NCB_PFM","nearest_asset_distance_m":214,"consequence_weight":1.72},"geometry":{"type":"Point","coordinates":[86.429958,23.766691]}},{"type":"Feature","properties":{"subsidence_mm":1556.92,"tilt_deg":0.80184,"strain_ue":-434.13,"x_offset_m":-45,"y_offset_m":270,"source":"NCB_PFM","nearest_asset_distance_m":219,"consequence_weight":1.68},"geometry":{"type":"Point","coordinates":[86.429958,23.766825]}},{"type":"Feature","properties":{"subsidence_mm":1556.92,"tilt_deg":0.80184,"strain_ue":-434.13,"x_offset_m":-45,"y_offset_m":285,"source":"NCB_PFM","nearest_asset_distance_m":226,"consequence_weight":1.64},"geometry":{"type":"Point","coordinates":[86.429958,23.76696]}},{"type":"Feature","properties":{"subsidence_mm":1556.92,"tilt_deg":0.80184,"strain_ue":-434.13,"x_offset_m":-45,"y_offset_m":300,"source":"NCB_PFM","nearest_asset_distance_m":234,"consequence_weight":1.6},"geometry":{"type":"Point","coordinates":[86.429958,23.767095]}},{"type":"Feature","properties":{"subsidence_mm":1712.14,"tilt_deg":0.438,"strain_ue":-360.48,"x_offset_m":-30,"y_offset_m":-300,"source":"NCB_PFM","nearest_asset_distance_m":328,"consequence_weight":0.69},"geometry":{"type":"Point","coordinates":[86.430106,23.761705]}},{"type":"Feature","properties":{"subsidence_mm":1712.14,"tilt_deg":0.438,"strain_ue":-360.48,"x_offset_m":-30,"y_offset_m":-285,"source":"NCB_PFM","nearest_asset_distance_m":322,"consequence_weight":0.71},"geometry":{"type":"Point","coordinates":[86.430106,23.76184]}},{"type":"Feature","properties":{"subsidence_mm":1712.14,"tilt_deg":0.438,"strain_ue":-360.48,"x_offset_m":-30,"y_offset_m":-270,"source":"NCB_PFM","nearest_asset_distance_m":316,"consequence_weight":0.74},"geometry":{"type":"Point","coordinates":[86.430106,23.761975]}},{"type":"Feature","properties":{"subsidence_mm":1712.14,"tilt_deg":0.438,"strain_ue":-360.48,"x_offset_m":-30,"y_offset_m":-255,"source":"NCB_PFM","nearest_asset_distance_m":311,"consequence_weight":0.76},"geometry":{"type":"Point","coordinates":[86.430106,23.762109]}},{"type":"Feature","properties":{"subsidence_mm":1712.14,"tilt_deg":0.438,"strain_ue":-360.48,"x_offset_m":-30,"y_offset_m":-240,"source":"NCB_PFM","nearest_asset_distance_m":306,"consequence_weight":0.77},"geometry":{"type":"Point","coordinates":[86.430106,23.762244]}},{"type":"Feature","properties":{"subsidence_mm":1712.14,"tilt_deg":0.438,"strain_ue":-360.48,"x_offset_m":-30,"y_offset_m":-225,"source":"NCB_PFM","nearest_asset_distance_m":303,"consequence_weight":0.79},"geometry":{"type":"Point","coordinates":[86.430106,23.762379]}},{"type":"Feature","properties":{"subsidence_mm":1712.14,"tilt_deg":0.438,"strain_ue":-360.48,"x_offset_m":-30,"y_offset_m":-210,"source":"NCB_PFM","nearest_asset_distance_m":291,"consequence_weight":1.25},"geometry":{"type":"Point","coordinates":[86.430106,23.762514]}},{"type":"Feature","properties":{"subsidence_mm":1712.14,"tilt_deg":0.438,"strain_ue":-360.48,"x_offset_m":-30,"y_offset_m":-195,"source":"NCB_PFM","nearest_asset_distance_m":277,"consequence_weight":1.34},"geometry":{"type":"Point","coordinates":[86.430106,23.762648]}},{"type":"Feature","properties":{"subsidence_mm":1712.14,"tilt_deg":0.438,"strain_ue":-360.48,"x_offset_m":-30,"y_offset_m":-180,"source":"NCB_PFM","nearest_asset_distance_m":263,"consequence_weight":1.42},"geometry":{"type":"Point","coordinates":[86.430106,23.762783]}},{"type":"Feature","properties":{"subsidence_mm":1712.14,"tilt_deg":0.438,"strain_ue":-360.48,"x_offset_m":-30,"y_offset_m":-165,"source":"NCB_PFM","nearest_asset_distance_m":249,"consequence_weight":1.51},"geometry":{"type":"Point","coordinates":[86.430106,23.762918]}},{"type":"Feature","properties":{"subsidence_mm":1712.14,"tilt_deg":0.438,"strain_ue":-360.48,"x_offset_m":-30,"y_offset_m":-150,"source":"NCB_PFM","nearest_asset_distance_m":235,"consequence_weight":1.59},"geometry":{"type":"Point","coordinates":[86.430106,23.763053]}},{"type":"Feature","properties":{"subsidence_mm":1712.14,"tilt_deg":0.438,"strain_ue":-360.48,"x_offset_m":-30,"y_offset_m":-135,"source":"NCB_PFM","nearest_asset_distance_m":221,"consequence_weight":1.67},"geometry":{"type":"Point","coordinates":[86.430106,23.763187]}},{"type":"Feature","properties":{"subsidence_mm":1712.14,"tilt_deg":0.438,"strain_ue":-360.48,"x_offset_m":-30,"y_offset_m":-120,"source":"NCB_PFM","nearest_asset_distance_m":208,"consequence_weight":1.75},"geometry":{"type":"Point","coordinates":[86.430106,23.763322]}},{"type":"Feature","properties":{"subsidence_mm":1712.14,"tilt_deg":0.438,"strain_ue":-360.48,"x_offset_m":-30,"y_offset_m":-105,"source":"NCB_PFM","nearest_asset_distance_m":194,"consequence_weight":1.83},"geometry":{"type":"Point","coordinates":[86.430106,23.763457]}},{"type":"Feature","properties":{"subsidence_mm":1712.14,"tilt_deg":0.438,"strain_ue":-360.48,"x_offset_m":-30,"y_offset_m":-90,"source":"NCB_PFM","nearest_asset_distance_m":181,"consequence_weight":1.91},"geometry":{"type":"Point","coordinates":[86.430106,23.763592]}},{"type":"Feature","properties":{"subsidence_mm":1712.14,"tilt_deg":0.438,"strain_ue":-360.48,"x_offset_m":-30,"y_offset_m":-75,"source":"NCB_PFM","nearest_asset_distance_m":168,"consequence_weight":1.99},"geometry":{"type":"Point","coordinates":[86.430106,23.763726]}},{"type":"Feature","properties":{"subsidence_mm":1712.14,"tilt_deg":0.438,"strain_ue":-360.48,"x_offset_m":-30,"y_offset_m":-60,"source":"NCB_PFM","nearest_asset_distance_m":156,"consequence_weight":2.06},"geometry":{"type":"Point","coordinates":[86.430106,23.763861]}},{"type":"Feature","properties":{"subsidence_mm":1712.14,"tilt_deg":0.438,"strain_ue":-360.48,"x_offset_m":-30,"y_offset_m":-45,"source":"NCB_PFM","nearest_asset_distance_m":144,"consequence_weight":2.14},"geometry":{"type":"Point","coordinates":[86.430106,23.763996]}},{"type":"Feature","properties":{"subsidence_mm":1712.14,"tilt_deg":0.438,"strain_ue":-360.48,"x_offset_m":-30,"y_offset_m":-30,"source":"NCB_PFM","nearest_asset_distance_m":133,"consequence_weight":2.2},"geometry":{"type":"Point","coordinates":[86.430106,23.764131]}},{"type":"Feature","properties":{"subsidence_mm":1712.14,"tilt_deg":0.438,"strain_ue":-360.48,"x_offset_m":-30,"y_offset_m":-15,"source":"NCB_PFM","nearest_asset_distance_m":122,"consequence_weight":2.27},"geometry":{"type":"Point","coordinates":[86.430106,23.764265]}},{"type":"Feature","properties":{"subsidence_mm":1712.14,"tilt_deg":0.438,"strain_ue":-360.48,"x_offset_m":-30,"y_offset_m":0,"source":"NCB_PFM","nearest_asset_distance_m":113,"consequence_weight":2.32},"geometry":{"type":"Point","coordinates":[86.430106,23.7644]}},{"type":"Feature","properties":{"subsidence_mm":1712.14,"tilt_deg":0.438,"strain_ue":-360.48,"x_offset_m":-30,"y_offset_m":15,"source":"NCB_PFM","nearest_asset_distance_m":105,"consequence_weight":2.37},"geometry":{"type":"Point","coordinates":[86.430106,23.764535]}},{"type":"Feature","properties":{"subsidence_mm":1712.14,"tilt_deg":0.438,"strain_ue":-360.48,"x_offset_m":-30,"y_offset_m":30,"source":"NCB_PFM","nearest_asset_distance_m":98,"consequence_weight":2.41},"geometry":{"type":"Point","coordinates":[86.430106,23.764669]}},{"type":"Feature","properties":{"subsidence_mm":1712.14,"tilt_deg":0.438,"strain_ue":-360.48,"x_offset_m":-30,"y_offset_m":45,"source":"NCB_PFM","nearest_asset_distance_m":94,"consequence_weight":2.44},"geometry":{"type":"Point","coordinates":[86.430106,23.764804]}},{"type":"Feature","properties":{"subsidence_mm":1712.14,"tilt_deg":0.438,"strain_ue":-360.48,"x_offset_m":-30,"y_offset_m":60,"source":"NCB_PFM","nearest_asset_distance_m":91,"consequence_weight":2.45},"geometry":{"type":"Point","coordinates":[86.430106,23.764939]}},{"type":"Feature","properties":{"subsidence_mm":1712.14,"tilt_deg":0.438,"strain_ue":-360.48,"x_offset_m":-30,"y_offset_m":75,"source":"NCB_PFM","nearest_asset_distance_m":91,"consequence_weight":2.45},"geometry":{"type":"Point","coordinates":[86.430106,23.765074]}},{"type":"Feature","properties":{"subsidence_mm":1712.14,"tilt_deg":0.438,"strain_ue":-360.48,"x_offset_m":-30,"y_offset_m":90,"source":"NCB_PFM","nearest_asset_distance_m":94,"consequence_weight":2.44},"geometry":{"type":"Point","coordinates":[86.430106,23.765208]}},{"type":"Feature","properties":{"subsidence_mm":1712.14,"tilt_deg":0.438,"strain_ue":-360.48,"x_offset_m":-30,"y_offset_m":105,"source":"NCB_PFM","nearest_asset_distance_m":99,"consequence_weight":2.41},"geometry":{"type":"Point","coordinates":[86.430106,23.765343]}},{"type":"Feature","properties":{"subsidence_mm":1712.14,"tilt_deg":0.438,"strain_ue":-360.48,"x_offset_m":-30,"y_offset_m":120,"source":"NCB_PFM","nearest_asset_distance_m":105,"consequence_weight":2.37},"geometry":{"type":"Point","coordinates":[86.430106,23.765478]}},{"type":"Feature","properties":{"subsidence_mm":1712.14,"tilt_deg":0.438,"strain_ue":-360.48,"x_offset_m":-30,"y_offset_m":135,"source":"NCB_PFM","nearest_asset_distance_m":114,"consequence_weight":2.32},"geometry":{"type":"Point","coordinates":[86.430106,23.765613]}},{"type":"Feature","properties":{"subsidence_mm":1712.14,"tilt_deg":0.438,"strain_ue":-360.48,"x_offset_m":-30,"y_offset_m":150,"source":"NCB_PFM","nearest_asset_distance_m":123,"consequence_weight":2.26},"geometry":{"type":"Point","coordinates":[86.430106,23.765747]}},{"type":"Feature","properties":{"subsidence_mm":1712.14,"tilt_deg":0.438,"strain_ue":-360.48,"x_offset_m":-30,"y_offset_m":165,"source":"NCB_PFM","nearest_asset_distance_m":134,"consequence_weight":2.2},"geometry":{"type":"Point","coordinates":[86.430106,23.765882]}},{"type":"Feature","properties":{"subsidence_mm":1712.14,"tilt_deg":0.438,"strain_ue":-360.48,"x_offset_m":-30,"y_offset_m":180,"source":"NCB_PFM","nearest_asset_distance_m":145,"consequence_weight":2.13},"geometry":{"type":"Point","coordinates":[86.430106,23.766017]}},{"type":"Feature","properties":{"subsidence_mm":1712.14,"tilt_deg":0.438,"strain_ue":-360.48,"x_offset_m":-30,"y_offset_m":195,"source":"NCB_PFM","nearest_asset_distance_m":157,"consequence_weight":2.06},"geometry":{"type":"Point","coordinates":[86.430106,23.766152]}},{"type":"Feature","properties":{"subsidence_mm":1712.14,"tilt_deg":0.438,"strain_ue":-360.48,"x_offset_m":-30,"y_offset_m":210,"source":"NCB_PFM","nearest_asset_distance_m":169,"consequence_weight":1.98},"geometry":{"type":"Point","coordinates":[86.430106,23.766286]}},{"type":"Feature","properties":{"subsidence_mm":1712.14,"tilt_deg":0.438,"strain_ue":-360.48,"x_offset_m":-30,"y_offset_m":225,"source":"NCB_PFM","nearest_asset_distance_m":182,"consequence_weight":1.91},"geometry":{"type":"Point","coordinates":[86.430106,23.766421]}},{"type":"Feature","properties":{"subsidence_mm":1712.14,"tilt_deg":0.438,"strain_ue":-360.48,"x_offset_m":-30,"y_offset_m":240,"source":"NCB_PFM","nearest_asset_distance_m":195,"consequence_weight":1.83},"geometry":{"type":"Point","coordinates":[86.430106,23.766556]}},{"type":"Feature","properties":{"subsidence_mm":1712.14,"tilt_deg":0.438,"strain_ue":-360.48,"x_offset_m":-30,"y_offset_m":255,"source":"NCB_PFM","nearest_asset_distance_m":209,"consequence_weight":1.75},"geometry":{"type":"Point","coordinates":[86.430106,23.766691]}},{"type":"Feature","properties":{"subsidence_mm":1712.14,"tilt_deg":0.438,"strain_ue":-360.48,"x_offset_m":-30,"y_offset_m":270,"source":"NCB_PFM","nearest_asset_distance_m":222,"consequence_weight":1.67},"geometry":{"type":"Point","coordinates":[86.430106,23.766825]}},{"type":"Feature","properties":{"subsidence_mm":1712.14,"tilt_deg":0.438,"strain_ue":-360.48,"x_offset_m":-30,"y_offset_m":285,"source":"NCB_PFM","nearest_asset_distance_m":236,"consequence_weight":1.58},"geometry":{"type":"Point","coordinates":[86.430106,23.76696]}},{"type":"Feature","properties":{"subsidence_mm":1712.14,"tilt_deg":0.438,"strain_ue":-360.48,"x_offset_m":-30,"y_offset_m":300,"source":"NCB_PFM","nearest_asset_distance_m":246,"consequence_weight":1.52},"geometry":{"type":"Point","coordinates":[86.430106,23.767095]}},{"type":"Feature","properties":{"subsidence_mm":1786.26,"tilt_deg":0.18222,"strain_ue":-254.82,"x_offset_m":-15,"y_offset_m":-300,"source":"NCB_PFM","nearest_asset_distance_m":314,"consequence_weight":0.74},"geometry":{"type":"Point","coordinates":[86.430253,23.761705]}},{"type":"Feature","properties":{"subsidence_mm":1786.26,"tilt_deg":0.18222,"strain_ue":-254.82,"x_offset_m":-15,"y_offset_m":-285,"source":"NCB_PFM","nearest_asset_distance_m":308,"consequence_weight":0.77},"geometry":{"type":"Point","coordinates":[86.430253,23.76184]}},{"type":"Feature","properties":{"subsidence_mm":1786.26,"tilt_deg":0.18222,"strain_ue":-254.82,"x_offset_m":-15,"y_offset_m":-270,"source":"NCB_PFM","nearest_asset_distance_m":302,"consequence_weight":0.79},"geometry":{"type":"Point","coordinates":[86.430253,23.761975]}},{"type":"Feature","properties":{"subsidence_mm":1786.26,"tilt_deg":0.18222,"strain_ue":-254.82,"x_offset_m":-15,"y_offset_m":-255,"source":"NCB_PFM","nearest_asset_distance_m":297,"consequence_weight":0.81},"geometry":{"type":"Point","coordinates":[86.430253,23.762109]}},{"type":"Feature","properties":{"subsidence_mm":1786.26,"tilt_deg":0.18222,"strain_ue":-254.82,"x_offset_m":-15,"y_offset_m":-240,"source":"NCB_PFM","nearest_asset_distance_m":292,"consequence_weight":0.83},"geometry":{"type":"Point","coordinates":[86.430253,23.762244]}},{"type":"Feature","properties":{"subsidence_mm":1786.26,"tilt_deg":0.18222,"strain_ue":-254.82,"x_offset_m":-15,"y_offset_m":-225,"source":"NCB_PFM","nearest_asset_distance_m":288,"consequence_weight":0.85},"geometry":{"type":"Point","coordinates":[86.430253,23.762379]}},{"type":"Feature","properties":{"subsidence_mm":1786.26,"tilt_deg":0.18222,"strain_ue":-254.82,"x_offset_m":-15,"y_offset_m":-210,"source":"NCB_PFM","nearest_asset_distance_m":285,"consequence_weight":0.86},"geometry":{"type":"Point","coordinates":[86.430253,23.762514]}},{"type":"Feature","properties":{"subsidence_mm":1786.26,"tilt_deg":0.18222,"strain_ue":-254.82,"x_offset_m":-15,"y_offset_m":-195,"source":"NCB_PFM","nearest_asset_distance_m":272,"consequence_weight":1.37},"geometry":{"type":"Point","coordinates":[86.430253,23.762648]}},{"type":"Feature","properties":{"subsidence_mm":1786.26,"tilt_deg":0.18222,"strain_ue":-254.82,"x_offset_m":-15,"y_offset_m":-180,"source":"NCB_PFM","nearest_asset_distance_m":258,"consequence_weight":1.45},"geometry":{"type":"Point","coordinates":[86.430253,23.762783]}},{"type":"Feature","properties":{"subsidence_mm":1786.26,"tilt_deg":0.18222,"strain_ue":-254.82,"x_offset_m":-15,"y_offset_m":-165,"source":"NCB_PFM","nearest_asset_distance_m":244,"consequence_weight":1.54},"geometry":{"type":"Point","coordinates":[86.430253,23.762918]}},{"type":"Feature","properties":{"subsidence_mm":1786.26,"tilt_deg":0.18222,"strain_ue":-254.82,"x_offset_m":-15,"y_offset_m":-150,"source":"NCB_PFM","nearest_asset_distance_m":229,"consequence_weight":1.62},"geometry":{"type":"Point","coordinates":[86.430253,23.763053]}},{"type":"Feature","properties":{"subsidence_mm":1786.26,"tilt_deg":0.18222,"strain_ue":-254.82,"x_offset_m":-15,"y_offset_m":-135,"source":"NCB_PFM","nearest_asset_distance_m":215,"consequence_weight":1.71},"geometry":{"type":"Point","coordinates":[86.430253,23.763187]}},{"type":"Feature","properties":{"subsidence_mm":1786.26,"tilt_deg":0.18222,"strain_ue":-254.82,"x_offset_m":-15,"y_offset_m":-120,"source":"NCB_PFM","nearest_asset_distance_m":201,"consequence_weight":1.79},"geometry":{"type":"Point","coordinates":[86.430253,23.763322]}},{"type":"Feature","properties":{"subsidence_mm":1786.26,"tilt_deg":0.18222,"strain_ue":-254.82,"x_offset_m":-15,"y_offset_m":-105,"source":"NCB_PFM","nearest_asset_distance_m":188,"consequence_weight":1.87},"geometry":{"type":"Point","coordinates":[86.430253,23.763457]}},{"type":"Feature","properties":{"subsidence_mm":1786.26,"tilt_deg":0.18222,"strain_ue":-254.82,"x_offset_m":-15,"y_offset_m":-90,"source":"NCB_PFM","nearest_asset_distance_m":174,"consequence_weight":1.96},"geometry":{"type":"Point","coordinates":[86.430253,23.763592]}},{"type":"Feature","properties":{"subsidence_mm":1786.26,"tilt_deg":0.18222,"strain_ue":-254.82,"x_offset_m":-15,"y_offset_m":-75,"source":"NCB_PFM","nearest_asset_distance_m":161,"consequence_weight":2.04},"geometry":{"type":"Point","coordinates":[86.430253,23.763726]}},{"type":"Feature","properties":{"subsidence_mm":1786.26,"tilt_deg":0.18222,"strain_ue":-254.82,"x_offset_m":-15,"y_offset_m":-60,"source":"NCB_PFM","nearest_asset_distance_m":148,"consequence_weight":2.11},"geometry":{"type":"Point","coordinates":[86.430253,23.763861]}},{"type":"Feature","properties":{"subsidence_mm":1786.26,"tilt_deg":0.18222,"strain_ue":-254.82,"x_offset_m":-15,"y_offset_m":-45,"source":"NCB_PFM","nearest_asset_distance_m":135,"consequence_weight":2.19},"geometry":{"type":"Point","coordinates":[86.430253,23.763996]}},{"type":"Feature","properties":{"subsidence_mm":1786.26,"tilt_deg":0.18222,"strain_ue":-254.82,"x_offset_m":-15,"y_offset_m":-30,"source":"NCB_PFM","nearest_asset_distance_m":123,"consequence_weight":2.26},"geometry":{"type":"Point","coordinates":[86.430253,23.764131]}},{"type":"Feature","properties":{"subsidence_mm":1786.26,"tilt_deg":0.18222,"strain_ue":-254.82,"x_offset_m":-15,"y_offset_m":-15,"source":"NCB_PFM","nearest_asset_distance_m":112,"consequence_weight":2.33},"geometry":{"type":"Point","coordinates":[86.430253,23.764265]}},{"type":"Feature","properties":{"subsidence_mm":1786.26,"tilt_deg":0.18222,"strain_ue":-254.82,"x_offset_m":-15,"y_offset_m":0,"source":"NCB_PFM","nearest_asset_distance_m":101,"consequence_weight":2.39},"geometry":{"type":"Point","coordinates":[86.430253,23.7644]}},{"type":"Feature","properties":{"subsidence_mm":1786.26,"tilt_deg":0.18222,"strain_ue":-254.82,"x_offset_m":-15,"y_offset_m":15,"source":"NCB_PFM","nearest_asset_distance_m":92,"consequence_weight":2.45},"geometry":{"type":"Point","coordinates":[86.430253,23.764535]}},{"type":"Feature","properties":{"subsidence_mm":1786.26,"tilt_deg":0.18222,"strain_ue":-254.82,"x_offset_m":-15,"y_offset_m":30,"source":"NCB_PFM","nearest_asset_distance_m":84,"consequence_weight":2.49},"geometry":{"type":"Point","coordinates":[86.430253,23.764669]}},{"type":"Feature","properties":{"subsidence_mm":1786.26,"tilt_deg":0.18222,"strain_ue":-254.82,"x_offset_m":-15,"y_offset_m":45,"source":"NCB_PFM","nearest_asset_distance_m":79,"consequence_weight":2.53},"geometry":{"type":"Point","coordinates":[86.430253,23.764804]}},{"type":"Feature","properties":{"subsidence_mm":1786.26,"tilt_deg":0.18222,"strain_ue":-254.82,"x_offset_m":-15,"y_offset_m":60,"source":"NCB_PFM","nearest_asset_distance_m":76,"consequence_weight":2.54},"geometry":{"type":"Point","coordinates":[86.430253,23.764939]}},{"type":"Feature","properties":{"subsidence_mm":1786.26,"tilt_deg":0.18222,"strain_ue":-254.82,"x_offset_m":-15,"y_offset_m":75,"source":"NCB_PFM","nearest_asset_distance_m":76,"consequence_weight":2.54},"geometry":{"type":"Point","coordinates":[86.430253,23.765074]}},{"type":"Feature","properties":{"subsidence_mm":1786.26,"tilt_deg":0.18222,"strain_ue":-254.82,"x_offset_m":-15,"y_offset_m":90,"source":"NCB_PFM","nearest_asset_distance_m":79,"consequence_weight":2.52},"geometry":{"type":"Point","coordinates":[86.430253,23.765208]}},{"type":"Feature","properties":{"subsidence_mm":1786.26,"tilt_deg":0.18222,"strain_ue":-254.82,"x_offset_m":-15,"y_offset_m":105,"source":"NCB_PFM","nearest_asset_distance_m":85,"consequence_weight":2.49},"geometry":{"type":"Point","coordinates":[86.430253,23.765343]}},{"type":"Feature","properties":{"subsidence_mm":1786.26,"tilt_deg":0.18222,"strain_ue":-254.82,"x_offset_m":-15,"y_offset_m":120,"source":"NCB_PFM","nearest_asset_distance_m":93,"consequence_weight":2.44},"geometry":{"type":"Point","coordinates":[86.430253,23.765478]}},{"type":"Feature","properties":{"subsidence_mm":1786.26,"tilt_deg":0.18222,"strain_ue":-254.82,"x_offset_m":-15,"y_offset_m":135,"source":"NCB_PFM","nearest_asset_distance_m":102,"consequence_weight":2.39},"geometry":{"type":"Point","coordinates":[86.430253,23.765613]}},{"type":"Feature","properties":{"subsidence_mm":1786.26,"tilt_deg":0.18222,"strain_ue":-254.82,"x_offset_m":-15,"y_offset_m":150,"source":"NCB_PFM","nearest_asset_distance_m":113,"consequence_weight":2.32},"geometry":{"type":"Point","coordinates":[86.430253,23.765747]}},{"type":"Feature","properties":{"subsidence_mm":1786.26,"tilt_deg":0.18222,"strain_ue":-254.82,"x_offset_m":-15,"y_offset_m":165,"source":"NCB_PFM","nearest_asset_distance_m":124,"consequence_weight":2.26},"geometry":{"type":"Point","coordinates":[86.430253,23.765882]}},{"type":"Feature","properties":{"subsidence_mm":1786.26,"tilt_deg":0.18222,"strain_ue":-254.82,"x_offset_m":-15,"y_offset_m":180,"source":"NCB_PFM","nearest_asset_distance_m":136,"consequence_weight":2.18},"geometry":{"type":"Point","coordinates":[86.430253,23.766017]}},{"type":"Feature","properties":{"subsidence_mm":1786.26,"tilt_deg":0.18222,"strain_ue":-254.82,"x_offset_m":-15,"y_offset_m":195,"source":"NCB_PFM","nearest_asset_distance_m":149,"consequence_weight":2.11},"geometry":{"type":"Point","coordinates":[86.430253,23.766152]}},{"type":"Feature","properties":{"subsidence_mm":1786.26,"tilt_deg":0.18222,"strain_ue":-254.82,"x_offset_m":-15,"y_offset_m":210,"source":"NCB_PFM","nearest_asset_distance_m":162,"consequence_weight":2.03},"geometry":{"type":"Point","coordinates":[86.430253,23.766286]}},{"type":"Feature","properties":{"subsidence_mm":1786.26,"tilt_deg":0.18222,"strain_ue":-254.82,"x_offset_m":-15,"y_offset_m":225,"source":"NCB_PFM","nearest_asset_distance_m":175,"consequence_weight":1.95},"geometry":{"type":"Point","coordinates":[86.430253,23.766421]}},{"type":"Feature","properties":{"subsidence_mm":1786.26,"tilt_deg":0.18222,"strain_ue":-254.82,"x_offset_m":-15,"y_offset_m":240,"source":"NCB_PFM","nearest_asset_distance_m":189,"consequence_weight":1.87},"geometry":{"type":"Point","coordinates":[86.430253,23.766556]}},{"type":"Feature","properties":{"subsidence_mm":1786.26,"tilt_deg":0.18222,"strain_ue":-254.82,"x_offset_m":-15,"y_offset_m":255,"source":"NCB_PFM","nearest_asset_distance_m":203,"consequence_weight":1.78},"geometry":{"type":"Point","coordinates":[86.430253,23.766691]}},{"type":"Feature","properties":{"subsidence_mm":1786.26,"tilt_deg":0.18222,"strain_ue":-254.82,"x_offset_m":-15,"y_offset_m":270,"source":"NCB_PFM","nearest_asset_distance_m":217,"consequence_weight":1.7},"geometry":{"type":"Point","coordinates":[86.430253,23.766825]}},{"type":"Feature","properties":{"subsidence_mm":1786.26,"tilt_deg":0.18222,"strain_ue":-254.82,"x_offset_m":-15,"y_offset_m":285,"source":"NCB_PFM","nearest_asset_distance_m":231,"consequence_weight":1.62},"geometry":{"type":"Point","coordinates":[86.430253,23.76696]}},{"type":"Feature","properties":{"subsidence_mm":1786.26,"tilt_deg":0.18222,"strain_ue":-254.82,"x_offset_m":-15,"y_offset_m":300,"source":"NCB_PFM","nearest_asset_distance_m":245,"consequence_weight":1.53},"geometry":{"type":"Point","coordinates":[86.430253,23.767095]}},{"type":"Feature","properties":{"subsidence_mm":1807.55,"tilt_deg":0,"strain_ue":-212.02,"x_offset_m":0,"y_offset_m":-300,"source":"NCB_PFM","nearest_asset_distance_m":301,"consequence_weight":0.8},"geometry":{"type":"Point","coordinates":[86.4304,23.761705]}},{"type":"Feature","properties":{"subsidence_mm":1807.55,"tilt_deg":0,"strain_ue":-212.02,"x_offset_m":0,"y_offset_m":-285,"source":"NCB_PFM","nearest_asset_distance_m":294,"consequence_weight":0.82},"geometry":{"type":"Point","coordinates":[86.4304,23.76184]}},{"type":"Feature","properties":{"subsidence_mm":1807.55,"tilt_deg":0,"strain_ue":-212.02,"x_offset_m":0,"y_offset_m":-270,"source":"NCB_PFM","nearest_asset_distance_m":288,"consequence_weight":0.85},"geometry":{"type":"Point","coordinates":[86.4304,23.761975]}},{"type":"Feature","properties":{"subsidence_mm":1807.55,"tilt_deg":0,"strain_ue":-212.02,"x_offset_m":0,"y_offset_m":-255,"source":"NCB_PFM","nearest_asset_distance_m":283,"consequence_weight":0.87},"geometry":{"type":"Point","coordinates":[86.4304,23.762109]}},{"type":"Feature","properties":{"subsidence_mm":1807.55,"tilt_deg":0,"strain_ue":-212.02,"x_offset_m":0,"y_offset_m":-240,"source":"NCB_PFM","nearest_asset_distance_m":278,"consequence_weight":0.89},"geometry":{"type":"Point","coordinates":[86.4304,23.762244]}},{"type":"Feature","properties":{"subsidence_mm":1807.55,"tilt_deg":0,"strain_ue":-212.02,"x_offset_m":0,"y_offset_m":-225,"source":"NCB_PFM","nearest_asset_distance_m":273,"consequence_weight":0.91},"geometry":{"type":"Point","coordinates":[86.4304,23.762379]}},{"type":"Feature","properties":{"subsidence_mm":1807.55,"tilt_deg":0,"strain_ue":-212.02,"x_offset_m":0,"y_offset_m":-210,"source":"NCB_PFM","nearest_asset_distance_m":270,"consequence_weight":0.92},"geometry":{"type":"Point","coordinates":[86.4304,23.762514]}},{"type":"Feature","properties":{"subsidence_mm":1807.55,"tilt_deg":0,"strain_ue":-212.02,"x_offset_m":0,"y_offset_m":-195,"source":"NCB_PFM","nearest_asset_distance_m":267,"consequence_weight":0.93},"geometry":{"type":"Point","coordinates":[86.4304,23.762648]}},{"type":"Feature","properties":{"subsidence_mm":1807.55,"tilt_deg":0,"strain_ue":-212.02,"x_offset_m":0,"y_offset_m":-180,"source":"NCB_PFM","nearest_asset_distance_m":254,"consequence_weight":1.48},"geometry":{"type":"Point","coordinates":[86.4304,23.762783]}},{"type":"Feature","properties":{"subsidence_mm":1807.55,"tilt_deg":0,"strain_ue":-212.02,"x_offset_m":0,"y_offset_m":-165,"source":"NCB_PFM","nearest_asset_distance_m":239,"consequence_weight":1.56},"geometry":{"type":"Point","coordinates":[86.4304,23.762918]}},{"type":"Feature","properties":{"subsidence_mm":1807.55,"tilt_deg":0,"strain_ue":-212.02,"x_offset_m":0,"y_offset_m":-150,"source":"NCB_PFM","nearest_asset_distance_m":225,"consequence_weight":1.65},"geometry":{"type":"Point","coordinates":[86.4304,23.763053]}},{"type":"Feature","properties":{"subsidence_mm":1807.55,"tilt_deg":0,"strain_ue":-212.02,"x_offset_m":0,"y_offset_m":-135,"source":"NCB_PFM","nearest_asset_distance_m":211,"consequence_weight":1.74},"geometry":{"type":"Point","coordinates":[86.4304,23.763187]}},{"type":"Feature","properties":{"subsidence_mm":1807.55,"tilt_deg":0,"strain_ue":-212.02,"x_offset_m":0,"y_offset_m":-120,"source":"NCB_PFM","nearest_asset_distance_m":196,"consequence_weight":1.82},"geometry":{"type":"Point","coordinates":[86.4304,23.763322]}},{"type":"Feature","properties":{"subsidence_mm":1807.55,"tilt_deg":0,"strain_ue":-212.02,"x_offset_m":0,"y_offset_m":-105,"source":"NCB_PFM","nearest_asset_distance_m":182,"consequence_weight":1.91},"geometry":{"type":"Point","coordinates":[86.4304,23.763457]}},{"type":"Feature","properties":{"subsidence_mm":1807.55,"tilt_deg":0,"strain_ue":-212.02,"x_offset_m":0,"y_offset_m":-90,"source":"NCB_PFM","nearest_asset_distance_m":168,"consequence_weight":1.99},"geometry":{"type":"Point","coordinates":[86.4304,23.763592]}},{"type":"Feature","properties":{"subsidence_mm":1807.55,"tilt_deg":0,"strain_ue":-212.02,"x_offset_m":0,"y_offset_m":-75,"source":"NCB_PFM","nearest_asset_distance_m":154,"consequence_weight":2.07},"geometry":{"type":"Point","coordinates":[86.4304,23.763726]}},{"type":"Feature","properties":{"subsidence_mm":1807.55,"tilt_deg":0,"strain_ue":-212.02,"x_offset_m":0,"y_offset_m":-60,"source":"NCB_PFM","nearest_asset_distance_m":141,"consequence_weight":2.16},"geometry":{"type":"Point","coordinates":[86.4304,23.763861]}},{"type":"Feature","properties":{"subsidence_mm":1807.55,"tilt_deg":0,"strain_ue":-212.02,"x_offset_m":0,"y_offset_m":-45,"source":"NCB_PFM","nearest_asset_distance_m":127,"consequence_weight":2.24},"geometry":{"type":"Point","coordinates":[86.4304,23.763996]}},{"type":"Feature","properties":{"subsidence_mm":1807.55,"tilt_deg":0,"strain_ue":-212.02,"x_offset_m":0,"y_offset_m":-30,"source":"NCB_PFM","nearest_asset_distance_m":114,"consequence_weight":2.31},"geometry":{"type":"Point","coordinates":[86.4304,23.764131]}},{"type":"Feature","properties":{"subsidence_mm":1807.55,"tilt_deg":0,"strain_ue":-212.02,"x_offset_m":0,"y_offset_m":-15,"source":"NCB_PFM","nearest_asset_distance_m":102,"consequence_weight":2.39},"geometry":{"type":"Point","coordinates":[86.4304,23.764265]}},{"type":"Feature","properties":{"subsidence_mm":1807.55,"tilt_deg":0,"strain_ue":-212.02,"x_offset_m":0,"y_offset_m":0,"source":"NCB_PFM","nearest_asset_distance_m":90,"consequence_weight":2.46},"geometry":{"type":"Point","coordinates":[86.4304,23.7644]}},{"type":"Feature","properties":{"subsidence_mm":1807.55,"tilt_deg":0,"strain_ue":-212.02,"x_offset_m":0,"y_offset_m":15,"source":"NCB_PFM","nearest_asset_distance_m":80,"consequence_weight":2.52},"geometry":{"type":"Point","coordinates":[86.4304,23.764535]}},{"type":"Feature","properties":{"subsidence_mm":1807.55,"tilt_deg":0,"strain_ue":-212.02,"x_offset_m":0,"y_offset_m":30,"source":"NCB_PFM","nearest_asset_distance_m":71,"consequence_weight":2.57},"geometry":{"type":"Point","coordinates":[86.4304,23.764669]}},{"type":"Feature","properties":{"subsidence_mm":1807.55,"tilt_deg":0,"strain_ue":-212.02,"x_offset_m":0,"y_offset_m":45,"source":"NCB_PFM","nearest_asset_distance_m":65,"consequence_weight":2.61},"geometry":{"type":"Point","coordinates":[86.4304,23.764804]}},{"type":"Feature","properties":{"subsidence_mm":1807.55,"tilt_deg":0,"strain_ue":-212.02,"x_offset_m":0,"y_offset_m":60,"source":"NCB_PFM","nearest_asset_distance_m":61,"consequence_weight":2.63},"geometry":{"type":"Point","coordinates":[86.4304,23.764939]}},{"type":"Feature","properties":{"subsidence_mm":1807.55,"tilt_deg":0,"strain_ue":-212.02,"x_offset_m":0,"y_offset_m":75,"source":"NCB_PFM","nearest_asset_distance_m":62,"consequence_weight":2.63},"geometry":{"type":"Point","coordinates":[86.4304,23.765074]}},{"type":"Feature","properties":{"subsidence_mm":1807.55,"tilt_deg":0,"strain_ue":-212.02,"x_offset_m":0,"y_offset_m":90,"source":"NCB_PFM","nearest_asset_distance_m":65,"consequence_weight":2.61},"geometry":{"type":"Point","coordinates":[86.4304,23.765208]}},{"type":"Feature","properties":{"subsidence_mm":1807.55,"tilt_deg":0,"strain_ue":-212.02,"x_offset_m":0,"y_offset_m":105,"source":"NCB_PFM","nearest_asset_distance_m":72,"consequence_weight":2.57},"geometry":{"type":"Point","coordinates":[86.4304,23.765343]}},{"type":"Feature","properties":{"subsidence_mm":1807.55,"tilt_deg":0,"strain_ue":-212.02,"x_offset_m":0,"y_offset_m":120,"source":"NCB_PFM","nearest_asset_distance_m":81,"consequence_weight":2.51},"geometry":{"type":"Point","coordinates":[86.4304,23.765478]}},{"type":"Feature","properties":{"subsidence_mm":1807.55,"tilt_deg":0,"strain_ue":-212.02,"x_offset_m":0,"y_offset_m":135,"source":"NCB_PFM","nearest_asset_distance_m":92,"consequence_weight":2.45},"geometry":{"type":"Point","coordinates":[86.4304,23.765613]}},{"type":"Feature","properties":{"subsidence_mm":1807.55,"tilt_deg":0,"strain_ue":-212.02,"x_offset_m":0,"y_offset_m":150,"source":"NCB_PFM","nearest_asset_distance_m":103,"consequence_weight":2.38},"geometry":{"type":"Point","coordinates":[86.4304,23.765747]}},{"type":"Feature","properties":{"subsidence_mm":1807.55,"tilt_deg":0,"strain_ue":-212.02,"x_offset_m":0,"y_offset_m":165,"source":"NCB_PFM","nearest_asset_distance_m":116,"consequence_weight":2.31},"geometry":{"type":"Point","coordinates":[86.4304,23.765882]}},{"type":"Feature","properties":{"subsidence_mm":1807.55,"tilt_deg":0,"strain_ue":-212.02,"x_offset_m":0,"y_offset_m":180,"source":"NCB_PFM","nearest_asset_distance_m":129,"consequence_weight":2.23},"geometry":{"type":"Point","coordinates":[86.4304,23.766017]}},{"type":"Feature","properties":{"subsidence_mm":1807.55,"tilt_deg":0,"strain_ue":-212.02,"x_offset_m":0,"y_offset_m":195,"source":"NCB_PFM","nearest_asset_distance_m":142,"consequence_weight":2.15},"geometry":{"type":"Point","coordinates":[86.4304,23.766152]}},{"type":"Feature","properties":{"subsidence_mm":1807.55,"tilt_deg":0,"strain_ue":-212.02,"x_offset_m":0,"y_offset_m":210,"source":"NCB_PFM","nearest_asset_distance_m":155,"consequence_weight":2.07},"geometry":{"type":"Point","coordinates":[86.4304,23.766286]}},{"type":"Feature","properties":{"subsidence_mm":1807.55,"tilt_deg":0,"strain_ue":-212.02,"x_offset_m":0,"y_offset_m":225,"source":"NCB_PFM","nearest_asset_distance_m":169,"consequence_weight":1.98},"geometry":{"type":"Point","coordinates":[86.4304,23.766421]}},{"type":"Feature","properties":{"subsidence_mm":1807.55,"tilt_deg":0,"strain_ue":-212.02,"x_offset_m":0,"y_offset_m":240,"source":"NCB_PFM","nearest_asset_distance_m":183,"consequence_weight":1.9},"geometry":{"type":"Point","coordinates":[86.4304,23.766556]}},{"type":"Feature","properties":{"subsidence_mm":1807.55,"tilt_deg":0,"strain_ue":-212.02,"x_offset_m":0,"y_offset_m":255,"source":"NCB_PFM","nearest_asset_distance_m":198,"consequence_weight":1.81},"geometry":{"type":"Point","coordinates":[86.4304,23.766691]}},{"type":"Feature","properties":{"subsidence_mm":1807.55,"tilt_deg":0,"strain_ue":-212.02,"x_offset_m":0,"y_offset_m":270,"source":"NCB_PFM","nearest_asset_distance_m":212,"consequence_weight":1.73},"geometry":{"type":"Point","coordinates":[86.4304,23.766825]}},{"type":"Feature","properties":{"subsidence_mm":1807.55,"tilt_deg":0,"strain_ue":-212.02,"x_offset_m":0,"y_offset_m":285,"source":"NCB_PFM","nearest_asset_distance_m":226,"consequence_weight":1.64},"geometry":{"type":"Point","coordinates":[86.4304,23.76696]}},{"type":"Feature","properties":{"subsidence_mm":1807.55,"tilt_deg":0,"strain_ue":-212.02,"x_offset_m":0,"y_offset_m":300,"source":"NCB_PFM","nearest_asset_distance_m":241,"consequence_weight":1.56},"geometry":{"type":"Point","coordinates":[86.4304,23.767095]}},{"type":"Feature","properties":{"subsidence_mm":1786.26,"tilt_deg":-0.18222,"strain_ue":-254.82,"x_offset_m":15,"y_offset_m":-300,"source":"NCB_PFM","nearest_asset_distance_m":288,"consequence_weight":0.85},"geometry":{"type":"Point","coordinates":[86.430547,23.761705]}},{"type":"Feature","properties":{"subsidence_mm":1786.26,"tilt_deg":-0.18222,"strain_ue":-254.82,"x_offset_m":15,"y_offset_m":-285,"source":"NCB_PFM","nearest_asset_distance_m":281,"consequence_weight":0.88},"geometry":{"type":"Point","coordinates":[86.430547,23.76184]}},{"type":"Feature","properties":{"subsidence_mm":1786.26,"tilt_deg":-0.18222,"strain_ue":-254.82,"x_offset_m":15,"y_offset_m":-270,"source":"NCB_PFM","nearest_asset_distance_m":274,"consequence_weight":0.9},"geometry":{"type":"Point","coordinates":[86.430547,23.761975]}},{"type":"Feature","properties":{"subsidence_mm":1786.26,"tilt_deg":-0.18222,"strain_ue":-254.82,"x_offset_m":15,"y_offset_m":-255,"source":"NCB_PFM","nearest_asset_distance_m":269,"consequence_weight":0.93},"geometry":{"type":"Point","coordinates":[86.430547,23.762109]}},{"type":"Feature","properties":{"subsidence_mm":1786.26,"tilt_deg":-0.18222,"strain_ue":-254.82,"x_offset_m":15,"y_offset_m":-240,"source":"NCB_PFM","nearest_asset_distance_m":263,"consequence_weight":0.95},"geometry":{"type":"Point","coordinates":[86.430547,23.762244]}},{"type":"Feature","properties":{"subsidence_mm":1786.26,"tilt_deg":-0.18222,"strain_ue":-254.82,"x_offset_m":15,"y_offset_m":-225,"source":"NCB_PFM","nearest_asset_distance_m":259,"consequence_weight":0.96},"geometry":{"type":"Point","coordinates":[86.430547,23.762379]}},{"type":"Feature","properties":{"subsidence_mm":1786.26,"tilt_deg":-0.18222,"strain_ue":-254.82,"x_offset_m":15,"y_offset_m":-210,"source":"NCB_PFM","nearest_asset_distance_m":255,"consequence_weight":0.98},"geometry":{"type":"Point","coordinates":[86.430547,23.762514]}},{"type":"Feature","properties":{"subsidence_mm":1786.26,"tilt_deg":-0.18222,"strain_ue":-254.82,"x_offset_m":15,"y_offset_m":-195,"source":"NCB_PFM","nearest_asset_distance_m":253,"consequence_weight":0.99},"geometry":{"type":"Point","coordinates":[86.430547,23.762648]}},{"type":"Feature","properties":{"subsidence_mm":1786.26,"tilt_deg":-0.18222,"strain_ue":-254.82,"x_offset_m":15,"y_offset_m":-180,"source":"NCB_PFM","nearest_asset_distance_m":251,"consequence_weight":1.5},"geometry":{"type":"Point","coordinates":[86.430547,23.762783]}},{"type":"Feature","properties":{"subsidence_mm":1786.26,"tilt_deg":-0.18222,"strain_ue":-254.82,"x_offset_m":15,"y_offset_m":-165,"source":"NCB_PFM","nearest_asset_distance_m":236,"consequence_weight":1.58},"geometry":{"type":"Point","coordinates":[86.430547,23.762918]}},{"type":"Feature","properties":{"subsidence_mm":1786.26,"tilt_deg":-0.18222,"strain_ue":-254.82,"x_offset_m":15,"y_offset_m":-150,"source":"NCB_PFM","nearest_asset_distance_m":221,"consequence_weight":1.67},"geometry":{"type":"Point","coordinates":[86.430547,23.763053]}},{"type":"Feature","properties":{"subsidence_mm":1786.26,"tilt_deg":-0.18222,"strain_ue":-254.82,"x_offset_m":15,"y_offset_m":-135,"source":"NCB_PFM","nearest_asset_distance_m":207,"consequence_weight":1.76},"geometry":{"type":"Point","coordinates":[86.430547,23.763187]}},{"type":"Feature","properties":{"subsidence_mm":1786.26,"tilt_deg":-0.18222,"strain_ue":-254.82,"x_offset_m":15,"y_offset_m":-120,"source":"NCB_PFM","nearest_asset_distance_m":192,"consequence_weight":1.85},"geometry":{"type":"Point","coordinates":[86.430547,23.763322]}},{"type":"Feature","properties":{"subsidence_mm":1786.26,"tilt_deg":-0.18222,"strain_ue":-254.82,"x_offset_m":15,"y_offset_m":-105,"source":"NCB_PFM","nearest_asset_distance_m":178,"consequence_weight":1.93},"geometry":{"type":"Point","coordinates":[86.430547,23.763457]}},{"type":"Feature","properties":{"subsidence_mm":1786.26,"tilt_deg":-0.18222,"strain_ue":-254.82,"x_offset_m":15,"y_offset_m":-90,"source":"NCB_PFM","nearest_asset_distance_m":163,"consequence_weight":2.02},"geometry":{"type":"Point","coordinates":[86.430547,23.763592]}},{"type":"Feature","properties":{"subsidence_mm":1786.26,"tilt_deg":-0.18222,"strain_ue":-254.82,"x_offset_m":15,"y_offset_m":-75,"source":"NCB_PFM","nearest_asset_distance_m":149,"consequence_weight":2.11},"geometry":{"type":"Point","coordinates":[86.430547,23.763726]}},{"type":"Feature","properties":{"subsidence_mm":1786.26,"tilt_deg":-0.18222,"strain_ue":-254.82,"x_offset_m":15,"y_offset_m":-60,"source":"NCB_PFM","nearest_asset_distance_m":135,"consequence_weight":2.19},"geometry":{"type":"Point","coordinates":[86.430547,23.763861]}},{"type":"Feature","properties":{"subsidence_mm":1786.26,"tilt_deg":-0.18222,"strain_ue":-254.82,"x_offset_m":15,"y_offset_m":-45,"source":"NCB_PFM","nearest_asset_distance_m":121,"consequence_weight":2.28},"geometry":{"type":"Point","coordinates":[86.430547,23.763996]}},{"type":"Feature","properties":{"subsidence_mm":1786.26,"tilt_deg":-0.18222,"strain_ue":-254.82,"x_offset_m":15,"y_offset_m":-30,"source":"NCB_PFM","nearest_asset_distance_m":107,"consequence_weight":2.36},"geometry":{"type":"Point","coordinates":[86.430547,23.764131]}},{"type":"Feature","properties":{"subsidence_mm":1786.26,"tilt_deg":-0.18222,"strain_ue":-254.82,"x_offset_m":15,"y_offset_m":-15,"source":"NCB_PFM","nearest_asset_distance_m":94,"consequence_weight":2.44},"geometry":{"type":"Point","coordinates":[86.430547,23.764265]}},{"type":"Feature","properties":{"subsidence_mm":1786.26,"tilt_deg":-0.18222,"strain_ue":-254.82,"x_offset_m":15,"y_offset_m":0,"source":"NCB_PFM","nearest_asset_distance_m":81,"consequence_weight":2.51},"geometry":{"type":"Point","coordinates":[86.430547,23.7644]}},{"type":"Feature","properties":{"subsidence_mm":1786.26,"tilt_deg":-0.18222,"strain_ue":-254.82,"x_offset_m":15,"y_offset_m":15,"source":"NCB_PFM","nearest_asset_distance_m":69,"consequence_weight":2.58},"geometry":{"type":"Point","coordinates":[86.430547,23.764535]}},{"type":"Feature","properties":{"subsidence_mm":1786.26,"tilt_deg":-0.18222,"strain_ue":-254.82,"x_offset_m":15,"y_offset_m":30,"source":"NCB_PFM","nearest_asset_distance_m":59,"consequence_weight":2.65},"geometry":{"type":"Point","coordinates":[86.430547,23.764669]}},{"type":"Feature","properties":{"subsidence_mm":1786.26,"tilt_deg":-0.18222,"strain_ue":-254.82,"x_offset_m":15,"y_offset_m":45,"source":"NCB_PFM","nearest_asset_distance_m":51,"consequence_weight":2.69},"geometry":{"type":"Point","coordinates":[86.430547,23.764804]}},{"type":"Feature","properties":{"subsidence_mm":1786.26,"tilt_deg":-0.18222,"strain_ue":-254.82,"x_offset_m":15,"y_offset_m":60,"source":"NCB_PFM","nearest_asset_distance_m":47,"consequence_weight":2.72},"geometry":{"type":"Point","coordinates":[86.430547,23.764939]}},{"type":"Feature","properties":{"subsidence_mm":1786.26,"tilt_deg":-0.18222,"strain_ue":-254.82,"x_offset_m":15,"y_offset_m":75,"source":"NCB_PFM","nearest_asset_distance_m":47,"consequence_weight":2.72},"geometry":{"type":"Point","coordinates":[86.430547,23.765074]}},{"type":"Feature","properties":{"subsidence_mm":1786.26,"tilt_deg":-0.18222,"strain_ue":-254.82,"x_offset_m":15,"y_offset_m":90,"source":"NCB_PFM","nearest_asset_distance_m":52,"consequence_weight":2.69},"geometry":{"type":"Point","coordinates":[86.430547,23.765208]}},{"type":"Feature","properties":{"subsidence_mm":1786.26,"tilt_deg":-0.18222,"strain_ue":-254.82,"x_offset_m":15,"y_offset_m":105,"source":"NCB_PFM","nearest_asset_distance_m":60,"consequence_weight":2.64},"geometry":{"type":"Point","coordinates":[86.430547,23.765343]}},{"type":"Feature","properties":{"subsidence_mm":1786.26,"tilt_deg":-0.18222,"strain_ue":-254.82,"x_offset_m":15,"y_offset_m":120,"source":"NCB_PFM","nearest_asset_distance_m":70,"consequence_weight":2.58},"geometry":{"type":"Point","coordinates":[86.430547,23.765478]}},{"type":"Feature","properties":{"subsidence_mm":1786.26,"tilt_deg":-0.18222,"strain_ue":-254.82,"x_offset_m":15,"y_offset_m":135,"source":"NCB_PFM","nearest_asset_distance_m":82,"consequence_weight":2.51},"geometry":{"type":"Point","coordinates":[86.430547,23.765613]}},{"type":"Feature","properties":{"subsidence_mm":1786.26,"tilt_deg":-0.18222,"strain_ue":-254.82,"x_offset_m":15,"y_offset_m":150,"source":"NCB_PFM","nearest_asset_distance_m":95,"consequence_weight":2.43},"geometry":{"type":"Point","coordinates":[86.430547,23.765747]}},{"type":"Feature","properties":{"subsidence_mm":1786.26,"tilt_deg":-0.18222,"strain_ue":-254.82,"x_offset_m":15,"y_offset_m":165,"source":"NCB_PFM","nearest_asset_distance_m":108,"consequence_weight":2.35},"geometry":{"type":"Point","coordinates":[86.430547,23.765882]}},{"type":"Feature","properties":{"subsidence_mm":1786.26,"tilt_deg":-0.18222,"strain_ue":-254.82,"x_offset_m":15,"y_offset_m":180,"source":"NCB_PFM","nearest_asset_distance_m":122,"consequence_weight":2.27},"geometry":{"type":"Point","coordinates":[86.430547,23.766017]}},{"type":"Feature","properties":{"subsidence_mm":1786.26,"tilt_deg":-0.18222,"strain_ue":-254.82,"x_offset_m":15,"y_offset_m":195,"source":"NCB_PFM","nearest_asset_distance_m":136,"consequence_weight":2.18},"geometry":{"type":"Point","coordinates":[86.430547,23.766152]}},{"type":"Feature","properties":{"subsidence_mm":1786.26,"tilt_deg":-0.18222,"strain_ue":-254.82,"x_offset_m":15,"y_offset_m":210,"source":"NCB_PFM","nearest_asset_distance_m":150,"consequence_weight":2.1},"geometry":{"type":"Point","coordinates":[86.430547,23.766286]}},{"type":"Feature","properties":{"subsidence_mm":1786.26,"tilt_deg":-0.18222,"strain_ue":-254.82,"x_offset_m":15,"y_offset_m":225,"source":"NCB_PFM","nearest_asset_distance_m":165,"consequence_weight":2.01},"geometry":{"type":"Point","coordinates":[86.430547,23.766421]}},{"type":"Feature","properties":{"subsidence_mm":1786.26,"tilt_deg":-0.18222,"strain_ue":-254.82,"x_offset_m":15,"y_offset_m":240,"source":"NCB_PFM","nearest_asset_distance_m":179,"consequence_weight":1.93},"geometry":{"type":"Point","coordinates":[86.430547,23.766556]}},{"type":"Feature","properties":{"subsidence_mm":1786.26,"tilt_deg":-0.18222,"strain_ue":-254.82,"x_offset_m":15,"y_offset_m":255,"source":"NCB_PFM","nearest_asset_distance_m":194,"consequence_weight":1.84},"geometry":{"type":"Point","coordinates":[86.430547,23.766691]}},{"type":"Feature","properties":{"subsidence_mm":1786.26,"tilt_deg":-0.18222,"strain_ue":-254.82,"x_offset_m":15,"y_offset_m":270,"source":"NCB_PFM","nearest_asset_distance_m":208,"consequence_weight":1.75},"geometry":{"type":"Point","coordinates":[86.430547,23.766825]}},{"type":"Feature","properties":{"subsidence_mm":1786.26,"tilt_deg":-0.18222,"strain_ue":-254.82,"x_offset_m":15,"y_offset_m":285,"source":"NCB_PFM","nearest_asset_distance_m":223,"consequence_weight":1.66},"geometry":{"type":"Point","coordinates":[86.430547,23.76696]}},{"type":"Feature","properties":{"subsidence_mm":1786.26,"tilt_deg":-0.18222,"strain_ue":-254.82,"x_offset_m":15,"y_offset_m":300,"source":"NCB_PFM","nearest_asset_distance_m":237,"consequence_weight":1.58},"geometry":{"type":"Point","coordinates":[86.430547,23.767095]}},{"type":"Feature","properties":{"subsidence_mm":1712.14,"tilt_deg":-0.438,"strain_ue":-360.48,"x_offset_m":30,"y_offset_m":-300,"source":"NCB_PFM","nearest_asset_distance_m":275,"consequence_weight":0.9},"geometry":{"type":"Point","coordinates":[86.430694,23.761705]}},{"type":"Feature","properties":{"subsidence_mm":1712.14,"tilt_deg":-0.438,"strain_ue":-360.48,"x_offset_m":30,"y_offset_m":-285,"source":"NCB_PFM","nearest_asset_distance_m":268,"consequence_weight":0.93},"geometry":{"type":"Point","coordinates":[86.430694,23.76184]}},{"type":"Feature","properties":{"subsidence_mm":1712.14,"tilt_deg":-0.438,"strain_ue":-360.48,"x_offset_m":30,"y_offset_m":-270,"source":"NCB_PFM","nearest_asset_distance_m":261,"consequence_weight":0.96},"geometry":{"type":"Point","coordinates":[86.430694,23.761975]}},{"type":"Feature","properties":{"subsidence_mm":1712.14,"tilt_deg":-0.438,"strain_ue":-360.48,"x_offset_m":30,"y_offset_m":-255,"source":"NCB_PFM","nearest_asset_distance_m":255,"consequence_weight":0.98},"geometry":{"type":"Point","coordinates":[86.430694,23.762109]}},{"type":"Feature","properties":{"subsidence_mm":1712.14,"tilt_deg":-0.438,"strain_ue":-360.48,"x_offset_m":30,"y_offset_m":-240,"source":"NCB_PFM","nearest_asset_distance_m":249,"consequence_weight":1},"geometry":{"type":"Point","coordinates":[86.430694,23.762244]}},{"type":"Feature","properties":{"subsidence_mm":1712.14,"tilt_deg":-0.438,"strain_ue":-360.48,"x_offset_m":30,"y_offset_m":-225,"source":"NCB_PFM","nearest_asset_distance_m":245,"consequence_weight":1.02},"geometry":{"type":"Point","coordinates":[86.430694,23.762379]}},{"type":"Feature","properties":{"subsidence_mm":1712.14,"tilt_deg":-0.438,"strain_ue":-360.48,"x_offset_m":30,"y_offset_m":-210,"source":"NCB_PFM","nearest_asset_distance_m":241,"consequence_weight":1.04},"geometry":{"type":"Point","coordinates":[86.430694,23.762514]}},{"type":"Feature","properties":{"subsidence_mm":1712.14,"tilt_deg":-0.438,"strain_ue":-360.48,"x_offset_m":30,"y_offset_m":-195,"source":"NCB_PFM","nearest_asset_distance_m":238,"consequence_weight":1.05},"geometry":{"type":"Point","coordinates":[86.430694,23.762648]}},{"type":"Feature","properties":{"subsidence_mm":1712.14,"tilt_deg":-0.438,"strain_ue":-360.48,"x_offset_m":30,"y_offset_m":-180,"source":"NCB_PFM","nearest_asset_distance_m":236,"consequence_weight":1.06},"geometry":{"type":"Point","coordinates":[86.430694,23.762783]}},{"type":"Feature","properties":{"subsidence_mm":1712.14,"tilt_deg":-0.438,"strain_ue":-360.48,"x_offset_m":30,"y_offset_m":-165,"source":"NCB_PFM","nearest_asset_distance_m":234,"consequence_weight":1.6},"geometry":{"type":"Point","coordinates":[86.430694,23.762918]}},{"type":"Feature","properties":{"subsidence_mm":1712.14,"tilt_deg":-0.438,"strain_ue":-360.48,"x_offset_m":30,"y_offset_m":-150,"source":"NCB_PFM","nearest_asset_distance_m":219,"consequence_weight":1.69},"geometry":{"type":"Point","coordinates":[86.430694,23.763053]}},{"type":"Feature","properties":{"subsidence_mm":1712.14,"tilt_deg":-0.438,"strain_ue":-360.48,"x_offset_m":30,"y_offset_m":-135,"source":"NCB_PFM","nearest_asset_distance_m":204,"consequence_weight":1.78},"geometry":{"type":"Point","coordinates":[86.430694,23.763187]}},{"type":"Feature","properties":{"subsidence_mm":1712.14,"tilt_deg":-0.438,"strain_ue":-360.48,"x_offset_m":30,"y_offset_m":-120,"source":"NCB_PFM","nearest_asset_distance_m":189,"consequence_weight":1.87},"geometry":{"type":"Point","coordinates":[86.430694,23.763322]}},{"type":"Feature","properties":{"subsidence_mm":1712.14,"tilt_deg":-0.438,"strain_ue":-360.48,"x_offset_m":30,"y_offset_m":-105,"source":"NCB_PFM","nearest_asset_distance_m":174,"consequence_weight":1.95},"geometry":{"type":"Point","coordinates":[86.430694,23.763457]}},{"type":"Feature","properties":{"subsidence_mm":1712.14,"tilt_deg":-0.438,"strain_ue":-360.48,"x_offset_m":30,"y_offset_m":-90,"source":"NCB_PFM","nearest_asset_distance_m":160,"consequence_weight":2.04},"geometry":{"type":"Point","coordinates":[86.430694,23.763592]}},{"type":"Feature","properties":{"subsidence_mm":1712.14,"tilt_deg":-0.438,"strain_ue":-360.48,"x_offset_m":30,"y_offset_m":-75,"source":"NCB_PFM","nearest_asset_distance_m":145,"consequence_weight":2.13},"geometry":{"type":"Point","coordinates":[86.430694,23.763726]}},{"type":"Feature","properties":{"subsidence_mm":1712.14,"tilt_deg":-0.438,"strain_ue":-360.48,"x_offset_m":30,"y_offset_m":-60,"source":"NCB_PFM","nearest_asset_distance_m":130,"consequence_weight":2.22},"geometry":{"type":"Point","coordinates":[86.430694,23.763861]}},{"type":"Feature","properties":{"subsidence_mm":1712.14,"tilt_deg":-0.438,"strain_ue":-360.48,"x_offset_m":30,"y_offset_m":-45,"source":"NCB_PFM","nearest_asset_distance_m":116,"consequence_weight":2.3},"geometry":{"type":"Point","coordinates":[86.430694,23.763996]}},{"type":"Feature","properties":{"subsidence_mm":1712.14,"tilt_deg":-0.438,"strain_ue":-360.48,"x_offset_m":30,"y_offset_m":-30,"source":"NCB_PFM","nearest_asset_distance_m":102,"consequence_weight":2.39},"geometry":{"type":"Point","coordinates":[86.430694,23.764131]}},{"type":"Feature","properties":{"subsidence_mm":1712.14,"tilt_deg":-0.438,"strain_ue":-360.48,"x_offset_m":30,"y_offset_m":-15,"source":"NCB_PFM","nearest_asset_distance_m":87,"consequence_weight":2.48},"geometry":{"type":"Point","coordinates":[86.430694,23.764265]}},{"type":"Feature","properties":{"subsidence_mm":1712.14,"tilt_deg":-0.438,"strain_ue":-360.48,"x_offset_m":30,"y_offset_m":0,"source":"NCB_PFM","nearest_asset_distance_m":74,"consequence_weight":2.56},"geometry":{"type":"Point","coordinates":[86.430694,23.7644]}},{"type":"Feature","properties":{"subsidence_mm":1712.14,"tilt_deg":-0.438,"strain_ue":-360.48,"x_offset_m":30,"y_offset_m":15,"source":"NCB_PFM","nearest_asset_distance_m":60,"consequence_weight":2.64},"geometry":{"type":"Point","coordinates":[86.430694,23.764535]}},{"type":"Feature","properties":{"subsidence_mm":1712.14,"tilt_deg":-0.438,"strain_ue":-360.48,"x_offset_m":30,"y_offset_m":30,"source":"NCB_PFM","nearest_asset_distance_m":48,"consequence_weight":2.71},"geometry":{"type":"Point","coordinates":[86.430694,23.764669]}},{"type":"Feature","properties":{"subsidence_mm":1712.14,"tilt_deg":-0.438,"strain_ue":-360.48,"x_offset_m":30,"y_offset_m":45,"source":"NCB_PFM","nearest_asset_distance_m":38,"consequence_weight":2.77},"geometry":{"type":"Point","coordinates":[86.430694,23.764804]}},{"type":"Feature","properties":{"subsidence_mm":1712.14,"tilt_deg":-0.438,"strain_ue":-360.48,"x_offset_m":30,"y_offset_m":60,"source":"NCB_PFM","nearest_asset_distance_m":32,"consequence_weight":2.81},"geometry":{"type":"Point","coordinates":[86.430694,23.764939]}},{"type":"Feature","properties":{"subsidence_mm":1712.14,"tilt_deg":-0.438,"strain_ue":-360.48,"x_offset_m":30,"y_offset_m":75,"source":"NCB_PFM","nearest_asset_distance_m":32,"consequence_weight":2.81},"geometry":{"type":"Point","coordinates":[86.430694,23.765074]}},{"type":"Feature","properties":{"subsidence_mm":1712.14,"tilt_deg":-0.438,"strain_ue":-360.48,"x_offset_m":30,"y_offset_m":90,"source":"NCB_PFM","nearest_asset_distance_m":39,"consequence_weight":2.77},"geometry":{"type":"Point","coordinates":[86.430694,23.765208]}},{"type":"Feature","properties":{"subsidence_mm":1712.14,"tilt_deg":-0.438,"strain_ue":-360.48,"x_offset_m":30,"y_offset_m":105,"source":"NCB_PFM","nearest_asset_distance_m":49,"consequence_weight":2.7},"geometry":{"type":"Point","coordinates":[86.430694,23.765343]}},{"type":"Feature","properties":{"subsidence_mm":1712.14,"tilt_deg":-0.438,"strain_ue":-360.48,"x_offset_m":30,"y_offset_m":120,"source":"NCB_PFM","nearest_asset_distance_m":62,"consequence_weight":2.63},"geometry":{"type":"Point","coordinates":[86.430694,23.765478]}},{"type":"Feature","properties":{"subsidence_mm":1712.14,"tilt_deg":-0.438,"strain_ue":-360.48,"x_offset_m":30,"y_offset_m":135,"source":"NCB_PFM","nearest_asset_distance_m":75,"consequence_weight":2.55},"geometry":{"type":"Point","coordinates":[86.430694,23.765613]}},{"type":"Feature","properties":{"subsidence_mm":1712.14,"tilt_deg":-0.438,"strain_ue":-360.48,"x_offset_m":30,"y_offset_m":150,"source":"NCB_PFM","nearest_asset_distance_m":89,"consequence_weight":2.47},"geometry":{"type":"Point","coordinates":[86.430694,23.765747]}},{"type":"Feature","properties":{"subsidence_mm":1712.14,"tilt_deg":-0.438,"strain_ue":-360.48,"x_offset_m":30,"y_offset_m":165,"source":"NCB_PFM","nearest_asset_distance_m":103,"consequence_weight":2.38},"geometry":{"type":"Point","coordinates":[86.430694,23.765882]}},{"type":"Feature","properties":{"subsidence_mm":1712.14,"tilt_deg":-0.438,"strain_ue":-360.48,"x_offset_m":30,"y_offset_m":180,"source":"NCB_PFM","nearest_asset_distance_m":117,"consequence_weight":2.3},"geometry":{"type":"Point","coordinates":[86.430694,23.766017]}},{"type":"Feature","properties":{"subsidence_mm":1712.14,"tilt_deg":-0.438,"strain_ue":-360.48,"x_offset_m":30,"y_offset_m":195,"source":"NCB_PFM","nearest_asset_distance_m":132,"consequence_weight":2.21},"geometry":{"type":"Point","coordinates":[86.430694,23.766152]}},{"type":"Feature","properties":{"subsidence_mm":1712.14,"tilt_deg":-0.438,"strain_ue":-360.48,"x_offset_m":30,"y_offset_m":210,"source":"NCB_PFM","nearest_asset_distance_m":146,"consequence_weight":2.12},"geometry":{"type":"Point","coordinates":[86.430694,23.766286]}},{"type":"Feature","properties":{"subsidence_mm":1712.14,"tilt_deg":-0.438,"strain_ue":-360.48,"x_offset_m":30,"y_offset_m":225,"source":"NCB_PFM","nearest_asset_distance_m":161,"consequence_weight":2.03},"geometry":{"type":"Point","coordinates":[86.430694,23.766421]}},{"type":"Feature","properties":{"subsidence_mm":1712.14,"tilt_deg":-0.438,"strain_ue":-360.48,"x_offset_m":30,"y_offset_m":240,"source":"NCB_PFM","nearest_asset_distance_m":176,"consequence_weight":1.95},"geometry":{"type":"Point","coordinates":[86.430694,23.766556]}},{"type":"Feature","properties":{"subsidence_mm":1712.14,"tilt_deg":-0.438,"strain_ue":-360.48,"x_offset_m":30,"y_offset_m":255,"source":"NCB_PFM","nearest_asset_distance_m":191,"consequence_weight":1.86},"geometry":{"type":"Point","coordinates":[86.430694,23.766691]}},{"type":"Feature","properties":{"subsidence_mm":1712.14,"tilt_deg":-0.438,"strain_ue":-360.48,"x_offset_m":30,"y_offset_m":270,"source":"NCB_PFM","nearest_asset_distance_m":205,"consequence_weight":1.77},"geometry":{"type":"Point","coordinates":[86.430694,23.766825]}},{"type":"Feature","properties":{"subsidence_mm":1712.14,"tilt_deg":-0.438,"strain_ue":-360.48,"x_offset_m":30,"y_offset_m":285,"source":"NCB_PFM","nearest_asset_distance_m":220,"consequence_weight":1.68},"geometry":{"type":"Point","coordinates":[86.430694,23.76696]}},{"type":"Feature","properties":{"subsidence_mm":1712.14,"tilt_deg":-0.438,"strain_ue":-360.48,"x_offset_m":30,"y_offset_m":300,"source":"NCB_PFM","nearest_asset_distance_m":235,"consequence_weight":1.59},"geometry":{"type":"Point","coordinates":[86.430694,23.767095]}},{"type":"Feature","properties":{"subsidence_mm":1556.92,"tilt_deg":-0.80184,"strain_ue":-434.13,"x_offset_m":45,"y_offset_m":-300,"source":"NCB_PFM","nearest_asset_distance_m":263,"consequence_weight":0.95},"geometry":{"type":"Point","coordinates":[86.430842,23.761705]}},{"type":"Feature","properties":{"subsidence_mm":1556.92,"tilt_deg":-0.80184,"strain_ue":-434.13,"x_offset_m":45,"y_offset_m":-285,"source":"NCB_PFM","nearest_asset_distance_m":255,"consequence_weight":0.98},"geometry":{"type":"Point","coordinates":[86.430842,23.76184]}},{"type":"Feature","properties":{"subsidence_mm":1556.92,"tilt_deg":-0.80184,"strain_ue":-434.13,"x_offset_m":45,"y_offset_m":-270,"source":"NCB_PFM","nearest_asset_distance_m":247,"consequence_weight":1.01},"geometry":{"type":"Point","coordinates":[86.430842,23.761975]}},{"type":"Feature","properties":{"subsidence_mm":1556.92,"tilt_deg":-0.80184,"strain_ue":-434.13,"x_offset_m":45,"y_offset_m":-255,"source":"NCB_PFM","nearest_asset_distance_m":241,"consequence_weight":1.04},"geometry":{"type":"Point","coordinates":[86.430842,23.762109]}},{"type":"Feature","properties":{"subsidence_mm":1556.92,"tilt_deg":-0.80184,"strain_ue":-434.13,"x_offset_m":45,"y_offset_m":-240,"source":"NCB_PFM","nearest_asset_distance_m":235,"consequence_weight":1.06},"geometry":{"type":"Point","coordinates":[86.430842,23.762244]}},{"type":"Feature","properties":{"subsidence_mm":1556.92,"tilt_deg":-0.80184,"strain_ue":-434.13,"x_offset_m":45,"y_offset_m":-225,"source":"NCB_PFM","nearest_asset_distance_m":230,"consequence_weight":1.08},"geometry":{"type":"Point","coordinates":[86.430842,23.762379]}},{"type":"Feature","properties":{"subsidence_mm":1556.92,"tilt_deg":-0.80184,"strain_ue":-434.13,"x_offset_m":45,"y_offset_m":-210,"source":"NCB_PFM","nearest_asset_distance_m":226,"consequence_weight":1.1},"geometry":{"type":"Point","coordinates":[86.430842,23.762514]}},{"type":"Feature","properties":{"subsidence_mm":1556.92,"tilt_deg":-0.80184,"strain_ue":-434.13,"x_offset_m":45,"y_offset_m":-195,"source":"NCB_PFM","nearest_asset_distance_m":223,"consequence_weight":1.11},"geometry":{"type":"Point","coordinates":[86.430842,23.762648]}},{"type":"Feature","properties":{"subsidence_mm":1556.92,"tilt_deg":-0.80184,"strain_ue":-434.13,"x_offset_m":45,"y_offset_m":-180,"source":"NCB_PFM","nearest_asset_distance_m":221,"consequence_weight":1.12},"geometry":{"type":"Point","coordinates":[86.430842,23.762783]}},{"type":"Feature","properties":{"subsidence_mm":1556.92,"tilt_deg":-0.80184,"strain_ue":-434.13,"x_offset_m":45,"y_offset_m":-165,"source":"NCB_PFM","nearest_asset_distance_m":220,"consequence_weight":1.12},"geometry":{"type":"Point","coordinates":[86.430842,23.762918]}},{"type":"Feature","properties":{"subsidence_mm":1556.92,"tilt_deg":-0.80184,"strain_ue":-434.13,"x_offset_m":45,"y_offset_m":-150,"source":"NCB_PFM","nearest_asset_distance_m":217,"consequence_weight":1.7},"geometry":{"type":"Point","coordinates":[86.430842,23.763053]}},{"type":"Feature","properties":{"subsidence_mm":1556.92,"tilt_deg":-0.80184,"strain_ue":-434.13,"x_offset_m":45,"y_offset_m":-135,"source":"NCB_PFM","nearest_asset_distance_m":202,"consequence_weight":1.79},"geometry":{"type":"Point","coordinates":[86.430842,23.763187]}},{"type":"Feature","properties":{"subsidence_mm":1556.92,"tilt_deg":-0.80184,"strain_ue":-434.13,"x_offset_m":45,"y_offset_m":-120,"source":"NCB_PFM","nearest_asset_distance_m":187,"consequence_weight":1.88},"geometry":{"type":"Point","coordinates":[86.430842,23.763322]}},{"type":"Feature","properties":{"subsidence_mm":1556.92,"tilt_deg":-0.80184,"strain_ue":-434.13,"x_offset_m":45,"y_offset_m":-105,"source":"NCB_PFM","nearest_asset_distance_m":172,"consequence_weight":1.97},"geometry":{"type":"Point","coordinates":[86.430842,23.763457]}},{"type":"Feature","properties":{"subsidence_mm":1556.92,"tilt_deg":-0.80184,"strain_ue":-434.13,"x_offset_m":45,"y_offset_m":-90,"source":"NCB_PFM","nearest_asset_distance_m":157,"consequence_weight":2.06},"geometry":{"type":"Point","coordinates":[86.430842,23.763592]}},{"type":"Feature","properties":{"subsidence_mm":1556.92,"tilt_deg":-0.80184,"strain_ue":-434.13,"x_offset_m":45,"y_offset_m":-75,"source":"NCB_PFM","nearest_asset_distance_m":143,"consequence_weight":2.14},"geometry":{"type":"Point","coordinates":[86.430842,23.763726]}},{"type":"Feature","properties":{"subsidence_mm":1556.92,"tilt_deg":-0.80184,"strain_ue":-434.13,"x_offset_m":45,"y_offset_m":-60,"source":"NCB_PFM","nearest_asset_distance_m":128,"consequence_weight":2.23},"geometry":{"type":"Point","coordinates":[86.430842,23.763861]}},{"type":"Feature","properties":{"subsidence_mm":1556.92,"tilt_deg":-0.80184,"strain_ue":-434.13,"x_offset_m":45,"y_offset_m":-45,"source":"NCB_PFM","nearest_asset_distance_m":113,"consequence_weight":2.32},"geometry":{"type":"Point","coordinates":[86.430842,23.763996]}},{"type":"Feature","properties":{"subsidence_mm":1556.92,"tilt_deg":-0.80184,"strain_ue":-434.13,"x_offset_m":45,"y_offset_m":-30,"source":"NCB_PFM","nearest_asset_distance_m":98,"consequence_weight":2.41},"geometry":{"type":"Point","coordinates":[86.430842,23.764131]}},{"type":"Feature","properties":{"subsidence_mm":1556.92,"tilt_deg":-0.80184,"strain_ue":-434.13,"x_offset_m":45,"y_offset_m":-15,"source":"NCB_PFM","nearest_asset_distance_m":83,"consequence_weight":2.5},"geometry":{"type":"Point","coordinates":[86.430842,23.764265]}},{"type":"Feature","properties":{"subsidence_mm":1556.92,"tilt_deg":-0.80184,"strain_ue":-434.13,"x_offset_m":45,"y_offset_m":0,"source":"NCB_PFM","nearest_asset_distance_m":69,"consequence_weight":2.59},"geometry":{"type":"Point","coordinates":[86.430842,23.7644]}},{"type":"Feature","properties":{"subsidence_mm":1556.92,"tilt_deg":-0.80184,"strain_ue":-434.13,"x_offset_m":45,"y_offset_m":15,"source":"NCB_PFM","nearest_asset_distance_m":54,"consequence_weight":2.68},"geometry":{"type":"Point","coordinates":[86.430842,23.764535]}},{"type":"Feature","properties":{"subsidence_mm":1556.92,"tilt_deg":-0.80184,"strain_ue":-434.13,"x_offset_m":45,"y_offset_m":30,"source":"NCB_PFM","nearest_asset_distance_m":40,"consequence_weight":2.76},"geometry":{"type":"Point","coordinates":[86.430842,23.764669]}},{"type":"Feature","properties":{"subsidence_mm":1556.92,"tilt_deg":-0.80184,"strain_ue":-434.13,"x_offset_m":45,"y_offset_m":45,"source":"NCB_PFM","nearest_asset_distance_m":27,"consequence_weight":2.84},"geometry":{"type":"Point","coordinates":[86.430842,23.764804]}},{"type":"Feature","properties":{"subsidence_mm":1556.92,"tilt_deg":-0.80184,"strain_ue":-434.13,"x_offset_m":45,"y_offset_m":60,"source":"NCB_PFM","nearest_asset_distance_m":17,"consequence_weight":2.9},"geometry":{"type":"Point","coordinates":[86.430842,23.764939]}},{"type":"Feature","properties":{"subsidence_mm":1556.92,"tilt_deg":-0.80184,"strain_ue":-434.13,"x_offset_m":45,"y_offset_m":75,"source":"NCB_PFM","nearest_asset_distance_m":18,"consequence_weight":2.89},"geometry":{"type":"Point","coordinates":[86.430842,23.765074]}},{"type":"Feature","properties":{"subsidence_mm":1556.92,"tilt_deg":-0.80184,"strain_ue":-434.13,"x_offset_m":45,"y_offset_m":90,"source":"NCB_PFM","nearest_asset_distance_m":28,"consequence_weight":2.83},"geometry":{"type":"Point","coordinates":[86.430842,23.765208]}},{"type":"Feature","properties":{"subsidence_mm":1556.92,"tilt_deg":-0.80184,"strain_ue":-434.13,"x_offset_m":45,"y_offset_m":105,"source":"NCB_PFM","nearest_asset_distance_m":41,"consequence_weight":2.75},"geometry":{"type":"Point","coordinates":[86.430842,23.765343]}},{"type":"Feature","properties":{"subsidence_mm":1556.92,"tilt_deg":-0.80184,"strain_ue":-434.13,"x_offset_m":45,"y_offset_m":120,"source":"NCB_PFM","nearest_asset_distance_m":56,"consequence_weight":2.67},"geometry":{"type":"Point","coordinates":[86.430842,23.765478]}},{"type":"Feature","properties":{"subsidence_mm":1556.92,"tilt_deg":-0.80184,"strain_ue":-434.13,"x_offset_m":45,"y_offset_m":135,"source":"NCB_PFM","nearest_asset_distance_m":70,"consequence_weight":2.58},"geometry":{"type":"Point","coordinates":[86.430842,23.765613]}},{"type":"Feature","properties":{"subsidence_mm":1556.92,"tilt_deg":-0.80184,"strain_ue":-434.13,"x_offset_m":45,"y_offset_m":150,"source":"NCB_PFM","nearest_asset_distance_m":85,"consequence_weight":2.49},"geometry":{"type":"Point","coordinates":[86.430842,23.765747]}},{"type":"Feature","properties":{"subsidence_mm":1556.92,"tilt_deg":-0.80184,"strain_ue":-434.13,"x_offset_m":45,"y_offset_m":165,"source":"NCB_PFM","nearest_asset_distance_m":99,"consequence_weight":2.4},"geometry":{"type":"Point","coordinates":[86.430842,23.765882]}},{"type":"Feature","properties":{"subsidence_mm":1556.92,"tilt_deg":-0.80184,"strain_ue":-434.13,"x_offset_m":45,"y_offset_m":180,"source":"NCB_PFM","nearest_asset_distance_m":114,"consequence_weight":2.31},"geometry":{"type":"Point","coordinates":[86.430842,23.766017]}},{"type":"Feature","properties":{"subsidence_mm":1556.92,"tilt_deg":-0.80184,"strain_ue":-434.13,"x_offset_m":45,"y_offset_m":195,"source":"NCB_PFM","nearest_asset_distance_m":129,"consequence_weight":2.23},"geometry":{"type":"Point","coordinates":[86.430842,23.766152]}},{"type":"Feature","properties":{"subsidence_mm":1556.92,"tilt_deg":-0.80184,"strain_ue":-434.13,"x_offset_m":45,"y_offset_m":210,"source":"NCB_PFM","nearest_asset_distance_m":144,"consequence_weight":2.14},"geometry":{"type":"Point","coordinates":[86.430842,23.766286]}},{"type":"Feature","properties":{"subsidence_mm":1556.92,"tilt_deg":-0.80184,"strain_ue":-434.13,"x_offset_m":45,"y_offset_m":225,"source":"NCB_PFM","nearest_asset_distance_m":159,"consequence_weight":2.05},"geometry":{"type":"Point","coordinates":[86.430842,23.766421]}},{"type":"Feature","properties":{"subsidence_mm":1556.92,"tilt_deg":-0.80184,"strain_ue":-434.13,"x_offset_m":45,"y_offset_m":240,"source":"NCB_PFM","nearest_asset_distance_m":174,"consequence_weight":1.96},"geometry":{"type":"Point","coordinates":[86.430842,23.766556]}},{"type":"Feature","properties":{"subsidence_mm":1556.92,"tilt_deg":-0.80184,"strain_ue":-434.13,"x_offset_m":45,"y_offset_m":255,"source":"NCB_PFM","nearest_asset_distance_m":189,"consequence_weight":1.87},"geometry":{"type":"Point","coordinates":[86.430842,23.766691]}},{"type":"Feature","properties":{"subsidence_mm":1556.92,"tilt_deg":-0.80184,"strain_ue":-434.13,"x_offset_m":45,"y_offset_m":270,"source":"NCB_PFM","nearest_asset_distance_m":204,"consequence_weight":1.78},"geometry":{"type":"Point","coordinates":[86.430842,23.766825]}},{"type":"Feature","properties":{"subsidence_mm":1556.92,"tilt_deg":-0.80184,"strain_ue":-434.13,"x_offset_m":45,"y_offset_m":285,"source":"NCB_PFM","nearest_asset_distance_m":219,"consequence_weight":1.69},"geometry":{"type":"Point","coordinates":[86.430842,23.76696]}},{"type":"Feature","properties":{"subsidence_mm":1556.92,"tilt_deg":-0.80184,"strain_ue":-434.13,"x_offset_m":45,"y_offset_m":300,"source":"NCB_PFM","nearest_asset_distance_m":234,"consequence_weight":1.6},"geometry":{"type":"Point","coordinates":[86.430842,23.767095]}},{"type":"Feature","properties":{"subsidence_mm":1292.3,"tilt_deg":-1.18421,"strain_ue":-323.83,"x_offset_m":60,"y_offset_m":-300,"source":"NCB_PFM","nearest_asset_distance_m":250,"consequence_weight":1},"geometry":{"type":"Point","coordinates":[86.430989,23.761705]}},{"type":"Feature","properties":{"subsidence_mm":1292.3,"tilt_deg":-1.18421,"strain_ue":-323.83,"x_offset_m":60,"y_offset_m":-285,"source":"NCB_PFM","nearest_asset_distance_m":242,"consequence_weight":1.03},"geometry":{"type":"Point","coordinates":[86.430989,23.76184]}},{"type":"Feature","properties":{"subsidence_mm":1292.3,"tilt_deg":-1.18421,"strain_ue":-323.83,"x_offset_m":60,"y_offset_m":-270,"source":"NCB_PFM","nearest_asset_distance_m":234,"consequence_weight":1.06},"geometry":{"type":"Point","coordinates":[86.430989,23.761975]}},{"type":"Feature","properties":{"subsidence_mm":1292.3,"tilt_deg":-1.18421,"strain_ue":-323.83,"x_offset_m":60,"y_offset_m":-255,"source":"NCB_PFM","nearest_asset_distance_m":227,"consequence_weight":1.09},"geometry":{"type":"Point","coordinates":[86.430989,23.762109]}},{"type":"Feature","properties":{"subsidence_mm":1292.3,"tilt_deg":-1.18421,"strain_ue":-323.83,"x_offset_m":60,"y_offset_m":-240,"source":"NCB_PFM","nearest_asset_distance_m":221,"consequence_weight":1.12},"geometry":{"type":"Point","coordinates":[86.430989,23.762244]}},{"type":"Feature","properties":{"subsidence_mm":1292.3,"tilt_deg":-1.18421,"strain_ue":-323.83,"x_offset_m":60,"y_offset_m":-225,"source":"NCB_PFM","nearest_asset_distance_m":216,"consequence_weight":1.14},"geometry":{"type":"Point","coordinates":[86.430989,23.762379]}},{"type":"Feature","properties":{"subsidence_mm":1292.3,"tilt_deg":-1.18421,"strain_ue":-323.83,"x_offset_m":60,"y_offset_m":-210,"source":"NCB_PFM","nearest_asset_distance_m":212,"consequence_weight":1.15},"geometry":{"type":"Point","coordinates":[86.430989,23.762514]}},{"type":"Feature","properties":{"subsidence_mm":1292.3,"tilt_deg":-1.18421,"strain_ue":-323.83,"x_offset_m":60,"y_offset_m":-195,"source":"NCB_PFM","nearest_asset_distance_m":208,"consequence_weight":1.17},"geometry":{"type":"Point","coordinates":[86.430989,23.762648]}},{"type":"Feature","properties":{"subsidence_mm":1292.3,"tilt_deg":-1.18421,"strain_ue":-323.83,"x_offset_m":60,"y_offset_m":-180,"source":"NCB_PFM","nearest_asset_distance_m":206,"consequence_weight":1.18},"geometry":{"type":"Point","coordinates":[86.430989,23.762783]}},{"type":"Feature","properties":{"subsidence_mm":1292.3,"tilt_deg":-1.18421,"strain_ue":-323.83,"x_offset_m":60,"y_offset_m":-165,"source":"NCB_PFM","nearest_asset_distance_m":205,"consequence_weight":1.18},"geometry":{"type":"Point","coordinates":[86.430989,23.762918]}},{"type":"Feature","properties":{"subsidence_mm":1292.3,"tilt_deg":-1.18421,"strain_ue":-323.83,"x_offset_m":60,"y_offset_m":-150,"source":"NCB_PFM","nearest_asset_distance_m":205,"consequence_weight":1.18},"geometry":{"type":"Point","coordinates":[86.430989,23.763053]}},{"type":"Feature","properties":{"subsidence_mm":1292.3,"tilt_deg":-1.18421,"strain_ue":-323.83,"x_offset_m":60,"y_offset_m":-135,"source":"NCB_PFM","nearest_asset_distance_m":202,"consequence_weight":1.79},"geometry":{"type":"Point","coordinates":[86.430989,23.763187]}},{"type":"Feature","properties":{"subsidence_mm":1292.3,"tilt_deg":-1.18421,"strain_ue":-323.83,"x_offset_m":60,"y_offset_m":-120,"source":"NCB_PFM","nearest_asset_distance_m":187,"consequence_weight":1.88},"geometry":{"type":"Point","coordinates":[86.430989,23.763322]}},{"type":"Feature","properties":{"subsidence_mm":1292.3,"tilt_deg":-1.18421,"strain_ue":-323.83,"x_offset_m":60,"y_offset_m":-105,"source":"NCB_PFM","nearest_asset_distance_m":172,"consequence_weight":1.97},"geometry":{"type":"Point","coordinates":[86.430989,23.763457]}},{"type":"Feature","properties":{"subsidence_mm":1292.3,"tilt_deg":-1.18421,"strain_ue":-323.83,"x_offset_m":60,"y_offset_m":-90,"source":"NCB_PFM","nearest_asset_distance_m":157,"consequence_weight":2.06},"geometry":{"type":"Point","coordinates":[86.430989,23.763592]}},{"type":"Feature","properties":{"subsidence_mm":1292.3,"tilt_deg":-1.18421,"strain_ue":-323.83,"x_offset_m":60,"y_offset_m":-75,"source":"NCB_PFM","nearest_asset_distance_m":142,"consequence_weight":2.15},"geometry":{"type":"Point","coordinates":[86.430989,23.763726]}},{"type":"Feature","properties":{"subsidence_mm":1292.3,"tilt_deg":-1.18421,"strain_ue":-323.83,"x_offset_m":60,"y_offset_m":-60,"source":"NCB_PFM","nearest_asset_distance_m":127,"consequence_weight":2.24},"geometry":{"type":"Point","coordinates":[86.430989,23.763861]}},{"type":"Feature","properties":{"subsidence_mm":1292.3,"tilt_deg":-1.18421,"strain_ue":-323.83,"x_offset_m":60,"y_offset_m":-45,"source":"NCB_PFM","nearest_asset_distance_m":112,"consequence_weight":2.33},"geometry":{"type":"Point","coordinates":[86.430989,23.763996]}},{"type":"Feature","properties":{"subsidence_mm":1292.3,"tilt_deg":-1.18421,"strain_ue":-323.83,"x_offset_m":60,"y_offset_m":-30,"source":"NCB_PFM","nearest_asset_distance_m":97,"consequence_weight":2.42},"geometry":{"type":"Point","coordinates":[86.430989,23.764131]}},{"type":"Feature","properties":{"subsidence_mm":1292.3,"tilt_deg":-1.18421,"strain_ue":-323.83,"x_offset_m":60,"y_offset_m":-15,"source":"NCB_PFM","nearest_asset_distance_m":82,"consequence_weight":2.51},"geometry":{"type":"Point","coordinates":[86.430989,23.764265]}},{"type":"Feature","properties":{"subsidence_mm":1292.3,"tilt_deg":-1.18421,"strain_ue":-323.83,"x_offset_m":60,"y_offset_m":0,"source":"NCB_PFM","nearest_asset_distance_m":67,"consequence_weight":2.6},"geometry":{"type":"Point","coordinates":[86.430989,23.7644]}},{"type":"Feature","properties":{"subsidence_mm":1292.3,"tilt_deg":-1.18421,"strain_ue":-323.83,"x_offset_m":60,"y_offset_m":15,"source":"NCB_PFM","nearest_asset_distance_m":52,"consequence_weight":2.69},"geometry":{"type":"Point","coordinates":[86.430989,23.764535]}},{"type":"Feature","properties":{"subsidence_mm":1292.3,"tilt_deg":-1.18421,"strain_ue":-323.83,"x_offset_m":60,"y_offset_m":30,"source":"NCB_PFM","nearest_asset_distance_m":37,"consequence_weight":2.78},"geometry":{"type":"Point","coordinates":[86.430989,23.764669]}},{"type":"Feature","properties":{"subsidence_mm":1292.3,"tilt_deg":-1.18421,"strain_ue":-323.83,"x_offset_m":60,"y_offset_m":45,"source":"NCB_PFM","nearest_asset_distance_m":22,"consequence_weight":2.87},"geometry":{"type":"Point","coordinates":[86.430989,23.764804]}},{"type":"Feature","properties":{"subsidence_mm":1292.3,"tilt_deg":-1.18421,"strain_ue":-323.83,"x_offset_m":60,"y_offset_m":60,"source":"NCB_PFM","nearest_asset_distance_m":7,"consequence_weight":2.96},"geometry":{"type":"Point","coordinates":[86.430989,23.764939]}},{"type":"Feature","properties":{"subsidence_mm":1292.3,"tilt_deg":-1.18421,"strain_ue":-323.83,"x_offset_m":60,"y_offset_m":75,"source":"NCB_PFM","nearest_asset_distance_m":8,"consequence_weight":2.95},"geometry":{"type":"Point","coordinates":[86.430989,23.765074]}},{"type":"Feature","properties":{"subsidence_mm":1292.3,"tilt_deg":-1.18421,"strain_ue":-323.83,"x_offset_m":60,"y_offset_m":90,"source":"NCB_PFM","nearest_asset_distance_m":23,"consequence_weight":2.86},"geometry":{"type":"Point","coordinates":[86.430989,23.765208]}},{"type":"Feature","properties":{"subsidence_mm":1292.3,"tilt_deg":-1.18421,"strain_ue":-323.83,"x_offset_m":60,"y_offset_m":105,"source":"NCB_PFM","nearest_asset_distance_m":38,"consequence_weight":2.77},"geometry":{"type":"Point","coordinates":[86.430989,23.765343]}},{"type":"Feature","properties":{"subsidence_mm":1292.3,"tilt_deg":-1.18421,"strain_ue":-323.83,"x_offset_m":60,"y_offset_m":120,"source":"NCB_PFM","nearest_asset_distance_m":53,"consequence_weight":2.68},"geometry":{"type":"Point","coordinates":[86.430989,23.765478]}},{"type":"Feature","properties":{"subsidence_mm":1292.3,"tilt_deg":-1.18421,"strain_ue":-323.83,"x_offset_m":60,"y_offset_m":135,"source":"NCB_PFM","nearest_asset_distance_m":68,"consequence_weight":2.59},"geometry":{"type":"Point","coordinates":[86.430989,23.765613]}},{"type":"Feature","properties":{"subsidence_mm":1292.3,"tilt_deg":-1.18421,"strain_ue":-323.83,"x_offset_m":60,"y_offset_m":150,"source":"NCB_PFM","nearest_asset_distance_m":83,"consequence_weight":2.5},"geometry":{"type":"Point","coordinates":[86.430989,23.765747]}},{"type":"Feature","properties":{"subsidence_mm":1292.3,"tilt_deg":-1.18421,"strain_ue":-323.83,"x_offset_m":60,"y_offset_m":165,"source":"NCB_PFM","nearest_asset_distance_m":98,"consequence_weight":2.41},"geometry":{"type":"Point","coordinates":[86.430989,23.765882]}},{"type":"Feature","properties":{"subsidence_mm":1292.3,"tilt_deg":-1.18421,"strain_ue":-323.83,"x_offset_m":60,"y_offset_m":180,"source":"NCB_PFM","nearest_asset_distance_m":113,"consequence_weight":2.32},"geometry":{"type":"Point","coordinates":[86.430989,23.766017]}},{"type":"Feature","properties":{"subsidence_mm":1292.3,"tilt_deg":-1.18421,"strain_ue":-323.83,"x_offset_m":60,"y_offset_m":195,"source":"NCB_PFM","nearest_asset_distance_m":128,"consequence_weight":2.23},"geometry":{"type":"Point","coordinates":[86.430989,23.766152]}},{"type":"Feature","properties":{"subsidence_mm":1292.3,"tilt_deg":-1.18421,"strain_ue":-323.83,"x_offset_m":60,"y_offset_m":210,"source":"NCB_PFM","nearest_asset_distance_m":143,"consequence_weight":2.14},"geometry":{"type":"Point","coordinates":[86.430989,23.766286]}},{"type":"Feature","properties":{"subsidence_mm":1292.3,"tilt_deg":-1.18421,"strain_ue":-323.83,"x_offset_m":60,"y_offset_m":225,"source":"NCB_PFM","nearest_asset_distance_m":158,"consequence_weight":2.05},"geometry":{"type":"Point","coordinates":[86.430989,23.766421]}},{"type":"Feature","properties":{"subsidence_mm":1292.3,"tilt_deg":-1.18421,"strain_ue":-323.83,"x_offset_m":60,"y_offset_m":240,"source":"NCB_PFM","nearest_asset_distance_m":173,"consequence_weight":1.96},"geometry":{"type":"Point","coordinates":[86.430989,23.766556]}},{"type":"Feature","properties":{"subsidence_mm":1292.3,"tilt_deg":-1.18421,"strain_ue":-323.83,"x_offset_m":60,"y_offset_m":255,"source":"NCB_PFM","nearest_asset_distance_m":188,"consequence_weight":1.87},"geometry":{"type":"Point","coordinates":[86.430989,23.766691]}},{"type":"Feature","properties":{"subsidence_mm":1292.3,"tilt_deg":-1.18421,"strain_ue":-323.83,"x_offset_m":60,"y_offset_m":270,"source":"NCB_PFM","nearest_asset_distance_m":203,"consequence_weight":1.78},"geometry":{"type":"Point","coordinates":[86.430989,23.766825]}},{"type":"Feature","properties":{"subsidence_mm":1292.3,"tilt_deg":-1.18421,"strain_ue":-323.83,"x_offset_m":60,"y_offset_m":285,"source":"NCB_PFM","nearest_asset_distance_m":218,"consequence_weight":1.69},"geometry":{"type":"Point","coordinates":[86.430989,23.76696]}},{"type":"Feature","properties":{"subsidence_mm":1292.3,"tilt_deg":-1.18421,"strain_ue":-323.83,"x_offset_m":60,"y_offset_m":300,"source":"NCB_PFM","nearest_asset_distance_m":233,"consequence_weight":1.6},"geometry":{"type":"Point","coordinates":[86.430989,23.767095]}},{"type":"Feature","properties":{"subsidence_mm":936.87,"tilt_deg":-1.35846,"strain_ue":-2.2,"x_offset_m":75,"y_offset_m":-300,"source":"NCB_PFM","nearest_asset_distance_m":238,"consequence_weight":1.05},"geometry":{"type":"Point","coordinates":[86.431136,23.761705]}},{"type":"Feature","properties":{"subsidence_mm":936.87,"tilt_deg":-1.35846,"strain_ue":-2.2,"x_offset_m":75,"y_offset_m":-285,"source":"NCB_PFM","nearest_asset_distance_m":229,"consequence_weight":1.08},"geometry":{"type":"Point","coordinates":[86.431136,23.76184]}},{"type":"Feature","properties":{"subsidence_mm":936.87,"tilt_deg":-1.35846,"strain_ue":-2.2,"x_offset_m":75,"y_offset_m":-270,"source":"NCB_PFM","nearest_asset_distance_m":221,"consequence_weight":1.11},"geometry":{"type":"Point","coordinates":[86.431136,23.761975]}},{"type":"Feature","properties":{"subsidence_mm":936.87,"tilt_deg":-1.35846,"strain_ue":-2.2,"x_offset_m":75,"y_offset_m":-255,"source":"NCB_PFM","nearest_asset_distance_m":214,"consequence_weight":1.14},"geometry":{"type":"Point","coordinates":[86.431136,23.762109]}},{"type":"Feature","properties":{"subsidence_mm":936.87,"tilt_deg":-1.35846,"strain_ue":-2.2,"x_offset_m":75,"y_offset_m":-240,"source":"NCB_PFM","nearest_asset_distance_m":207,"consequence_weight":1.17},"geometry":{"type":"Point","coordinates":[86.431136,23.762244]}},{"type":"Feature","properties":{"subsidence_mm":936.87,"tilt_deg":-1.35846,"strain_ue":-2.2,"x_offset_m":75,"y_offset_m":-225,"source":"NCB_PFM","nearest_asset_distance_m":202,"consequence_weight":1.19},"geometry":{"type":"Point","coordinates":[86.431136,23.762379]}},{"type":"Feature","properties":{"subsidence_mm":936.87,"tilt_deg":-1.35846,"strain_ue":-2.2,"x_offset_m":75,"y_offset_m":-210,"source":"NCB_PFM","nearest_asset_distance_m":197,"consequence_weight":1.21},"geometry":{"type":"Point","coordinates":[86.431136,23.762514]}},{"type":"Feature","properties":{"subsidence_mm":936.87,"tilt_deg":-1.35846,"strain_ue":-2.2,"x_offset_m":75,"y_offset_m":-195,"source":"NCB_PFM","nearest_asset_distance_m":194,"consequence_weight":1.23},"geometry":{"type":"Point","coordinates":[86.431136,23.762648]}},{"type":"Feature","properties":{"subsidence_mm":936.87,"tilt_deg":-1.35846,"strain_ue":-2.2,"x_offset_m":75,"y_offset_m":-180,"source":"NCB_PFM","nearest_asset_distance_m":191,"consequence_weight":1.24},"geometry":{"type":"Point","coordinates":[86.431136,23.762783]}},{"type":"Feature","properties":{"subsidence_mm":936.87,"tilt_deg":-1.35846,"strain_ue":-2.2,"x_offset_m":75,"y_offset_m":-165,"source":"NCB_PFM","nearest_asset_distance_m":190,"consequence_weight":1.24},"geometry":{"type":"Point","coordinates":[86.431136,23.762918]}},{"type":"Feature","properties":{"subsidence_mm":936.87,"tilt_deg":-1.35846,"strain_ue":-2.2,"x_offset_m":75,"y_offset_m":-150,"source":"NCB_PFM","nearest_asset_distance_m":190,"consequence_weight":1.24},"geometry":{"type":"Point","coordinates":[86.431136,23.763053]}},{"type":"Feature","properties":{"subsidence_mm":936.87,"tilt_deg":-1.35846,"strain_ue":-2.2,"x_offset_m":75,"y_offset_m":-135,"source":"NCB_PFM","nearest_asset_distance_m":191,"consequence_weight":1.24},"geometry":{"type":"Point","coordinates":[86.431136,23.763187]}},{"type":"Feature","properties":{"subsidence_mm":936.87,"tilt_deg":-1.35846,"strain_ue":-2.2,"x_offset_m":75,"y_offset_m":-120,"source":"NCB_PFM","nearest_asset_distance_m":187,"consequence_weight":1.88},"geometry":{"type":"Point","coordinates":[86.431136,23.763322]}},{"type":"Feature","properties":{"subsidence_mm":936.87,"tilt_deg":-1.35846,"strain_ue":-2.2,"x_offset_m":75,"y_offset_m":-105,"source":"NCB_PFM","nearest_asset_distance_m":172,"consequence_weight":1.97},"geometry":{"type":"Point","coordinates":[86.431136,23.763457]}},{"type":"Feature","properties":{"subsidence_mm":936.87,"tilt_deg":-1.35846,"strain_ue":-2.2,"x_offset_m":75,"y_offset_m":-90,"source":"NCB_PFM","nearest_asset_distance_m":157,"consequence_weight":2.06},"geometry":{"type":"Point","coordinates":[86.431136,23.763592]}},{"type":"Feature","properties":{"subsidence_mm":936.87,"tilt_deg":-1.35846,"strain_ue":-2.2,"x_offset_m":75,"y_offset_m":-75,"source":"NCB_PFM","nearest_asset_distance_m":142,"consequence_weight":2.15},"geometry":{"type":"Point","coordinates":[86.431136,23.763726]}},{"type":"Feature","properties":{"subsidence_mm":936.87,"tilt_deg":-1.35846,"strain_ue":-2.2,"x_offset_m":75,"y_offset_m":-60,"source":"NCB_PFM","nearest_asset_distance_m":127,"consequence_weight":2.24},"geometry":{"type":"Point","coordinates":[86.431136,23.763861]}},{"type":"Feature","properties":{"subsidence_mm":936.87,"tilt_deg":-1.35846,"strain_ue":-2.2,"x_offset_m":75,"y_offset_m":-45,"source":"NCB_PFM","nearest_asset_distance_m":112,"consequence_weight":2.33},"geometry":{"type":"Point","coordinates":[86.431136,23.763996]}},{"type":"Feature","properties":{"subsidence_mm":936.87,"tilt_deg":-1.35846,"strain_ue":-2.2,"x_offset_m":75,"y_offset_m":-30,"source":"NCB_PFM","nearest_asset_distance_m":98,"consequence_weight":2.41},"geometry":{"type":"Point","coordinates":[86.431136,23.764131]}},{"type":"Feature","properties":{"subsidence_mm":936.87,"tilt_deg":-1.35846,"strain_ue":-2.2,"x_offset_m":75,"y_offset_m":-15,"source":"NCB_PFM","nearest_asset_distance_m":83,"consequence_weight":2.5},"geometry":{"type":"Point","coordinates":[86.431136,23.764265]}},{"type":"Feature","properties":{"subsidence_mm":936.87,"tilt_deg":-1.35846,"strain_ue":-2.2,"x_offset_m":75,"y_offset_m":0,"source":"NCB_PFM","nearest_asset_distance_m":68,"consequence_weight":2.59},"geometry":{"type":"Point","coordinates":[86.431136,23.7644]}},{"type":"Feature","properties":{"subsidence_mm":936.87,"tilt_deg":-1.35846,"strain_ue":-2.2,"x_offset_m":75,"y_offset_m":15,"source":"NCB_PFM","nearest_asset_distance_m":54,"consequence_weight":2.68},"geometry":{"type":"Point","coordinates":[86.431136,23.764535]}},{"type":"Feature","properties":{"subsidence_mm":936.87,"tilt_deg":-1.35846,"strain_ue":-2.2,"x_offset_m":75,"y_offset_m":30,"source":"NCB_PFM","nearest_asset_distance_m":39,"consequence_weight":2.76},"geometry":{"type":"Point","coordinates":[86.431136,23.764669]}},{"type":"Feature","properties":{"subsidence_mm":936.87,"tilt_deg":-1.35846,"strain_ue":-2.2,"x_offset_m":75,"y_offset_m":45,"source":"NCB_PFM","nearest_asset_distance_m":26,"consequence_weight":2.85},"geometry":{"type":"Point","coordinates":[86.431136,23.764804]}},{"type":"Feature","properties":{"subsidence_mm":936.87,"tilt_deg":-1.35846,"strain_ue":-2.2,"x_offset_m":75,"y_offset_m":60,"source":"NCB_PFM","nearest_asset_distance_m":15,"consequence_weight":2.91},"geometry":{"type":"Point","coordinates":[86.431136,23.764939]}},{"type":"Feature","properties":{"subsidence_mm":936.87,"tilt_deg":-1.35846,"strain_ue":-2.2,"x_offset_m":75,"y_offset_m":75,"source":"NCB_PFM","nearest_asset_distance_m":16,"consequence_weight":2.9},"geometry":{"type":"Point","coordinates":[86.431136,23.765074]}},{"type":"Feature","properties":{"subsidence_mm":936.87,"tilt_deg":-1.35846,"strain_ue":-2.2,"x_offset_m":75,"y_offset_m":90,"source":"NCB_PFM","nearest_asset_distance_m":27,"consequence_weight":2.84},"geometry":{"type":"Point","coordinates":[86.431136,23.765208]}},{"type":"Feature","properties":{"subsidence_mm":936.87,"tilt_deg":-1.35846,"strain_ue":-2.2,"x_offset_m":75,"y_offset_m":105,"source":"NCB_PFM","nearest_asset_distance_m":41,"consequence_weight":2.76},"geometry":{"type":"Point","coordinates":[86.431136,23.765343]}},{"type":"Feature","properties":{"subsidence_mm":936.87,"tilt_deg":-1.35846,"strain_ue":-2.2,"x_offset_m":75,"y_offset_m":120,"source":"NCB_PFM","nearest_asset_distance_m":55,"consequence_weight":2.67},"geometry":{"type":"Point","coordinates":[86.431136,23.765478]}},{"type":"Feature","properties":{"subsidence_mm":936.87,"tilt_deg":-1.35846,"strain_ue":-2.2,"x_offset_m":75,"y_offset_m":135,"source":"NCB_PFM","nearest_asset_distance_m":70,"consequence_weight":2.58},"geometry":{"type":"Point","coordinates":[86.431136,23.765613]}},{"type":"Feature","properties":{"subsidence_mm":936.87,"tilt_deg":-1.35846,"strain_ue":-2.2,"x_offset_m":75,"y_offset_m":150,"source":"NCB_PFM","nearest_asset_distance_m":84,"consequence_weight":2.49},"geometry":{"type":"Point","coordinates":[86.431136,23.765747]}},{"type":"Feature","properties":{"subsidence_mm":936.87,"tilt_deg":-1.35846,"strain_ue":-2.2,"x_offset_m":75,"y_offset_m":165,"source":"NCB_PFM","nearest_asset_distance_m":99,"consequence_weight":2.41},"geometry":{"type":"Point","coordinates":[86.431136,23.765882]}},{"type":"Feature","properties":{"subsidence_mm":936.87,"tilt_deg":-1.35846,"strain_ue":-2.2,"x_offset_m":75,"y_offset_m":180,"source":"NCB_PFM","nearest_asset_distance_m":114,"consequence_weight":2.32},"geometry":{"type":"Point","coordinates":[86.431136,23.766017]}},{"type":"Feature","properties":{"subsidence_mm":936.87,"tilt_deg":-1.35846,"strain_ue":-2.2,"x_offset_m":75,"y_offset_m":195,"source":"NCB_PFM","nearest_asset_distance_m":129,"consequence_weight":2.23},"geometry":{"type":"Point","coordinates":[86.431136,23.766152]}},{"type":"Feature","properties":{"subsidence_mm":936.87,"tilt_deg":-1.35846,"strain_ue":-2.2,"x_offset_m":75,"y_offset_m":210,"source":"NCB_PFM","nearest_asset_distance_m":144,"consequence_weight":2.14},"geometry":{"type":"Point","coordinates":[86.431136,23.766286]}},{"type":"Feature","properties":{"subsidence_mm":936.87,"tilt_deg":-1.35846,"strain_ue":-2.2,"x_offset_m":75,"y_offset_m":225,"source":"NCB_PFM","nearest_asset_distance_m":159,"consequence_weight":2.05},"geometry":{"type":"Point","coordinates":[86.431136,23.766421]}},{"type":"Feature","properties":{"subsidence_mm":936.87,"tilt_deg":-1.35846,"strain_ue":-2.2,"x_offset_m":75,"y_offset_m":240,"source":"NCB_PFM","nearest_asset_distance_m":174,"consequence_weight":1.96},"geometry":{"type":"Point","coordinates":[86.431136,23.766556]}},{"type":"Feature","properties":{"subsidence_mm":936.87,"tilt_deg":-1.35846,"strain_ue":-2.2,"x_offset_m":75,"y_offset_m":255,"source":"NCB_PFM","nearest_asset_distance_m":189,"consequence_weight":1.87},"geometry":{"type":"Point","coordinates":[86.431136,23.766691]}},{"type":"Feature","properties":{"subsidence_mm":936.87,"tilt_deg":-1.35846,"strain_ue":-2.2,"x_offset_m":75,"y_offset_m":270,"source":"NCB_PFM","nearest_asset_distance_m":203,"consequence_weight":1.78},"geometry":{"type":"Point","coordinates":[86.431136,23.766825]}},{"type":"Feature","properties":{"subsidence_mm":936.87,"tilt_deg":-1.35846,"strain_ue":-2.2,"x_offset_m":75,"y_offset_m":285,"source":"NCB_PFM","nearest_asset_distance_m":218,"consequence_weight":1.69},"geometry":{"type":"Point","coordinates":[86.431136,23.76696]}},{"type":"Feature","properties":{"subsidence_mm":936.87,"tilt_deg":-1.35846,"strain_ue":-2.2,"x_offset_m":75,"y_offset_m":300,"source":"NCB_PFM","nearest_asset_distance_m":233,"consequence_weight":1.6},"geometry":{"type":"Point","coordinates":[86.431136,23.767095]}},{"type":"Feature","properties":{"subsidence_mm":581.02,"tilt_deg":-1.18799,"strain_ue":317.96,"x_offset_m":90,"y_offset_m":-300,"source":"NCB_PFM","nearest_asset_distance_m":226,"consequence_weight":1.09},"geometry":{"type":"Point","coordinates":[86.431283,23.761705]}},{"type":"Feature","properties":{"subsidence_mm":581.02,"tilt_deg":-1.18799,"strain_ue":317.96,"x_offset_m":90,"y_offset_m":-285,"source":"NCB_PFM","nearest_asset_distance_m":217,"consequence_weight":1.13},"geometry":{"type":"Point","coordinates":[86.431283,23.76184]}},{"type":"Feature","properties":{"subsidence_mm":581.02,"tilt_deg":-1.18799,"strain_ue":317.96,"x_offset_m":90,"y_offset_m":-270,"source":"NCB_PFM","nearest_asset_distance_m":209,"consequence_weight":1.17},"geometry":{"type":"Point","coordinates":[86.431283,23.761975]}},{"type":"Feature","properties":{"subsidence_mm":581.02,"tilt_deg":-1.18799,"strain_ue":317.96,"x_offset_m":90,"y_offset_m":-255,"source":"NCB_PFM","nearest_asset_distance_m":201,"consequence_weight":1.2},"geometry":{"type":"Point","coordinates":[86.431283,23.762109]}},{"type":"Feature","properties":{"subsidence_mm":581.02,"tilt_deg":-1.18799,"strain_ue":317.96,"x_offset_m":90,"y_offset_m":-240,"source":"NCB_PFM","nearest_asset_distance_m":194,"consequence_weight":1.22},"geometry":{"type":"Point","coordinates":[86.431283,23.762244]}},{"type":"Feature","properties":{"subsidence_mm":581.02,"tilt_deg":-1.18799,"strain_ue":317.96,"x_offset_m":90,"y_offset_m":-225,"source":"NCB_PFM","nearest_asset_distance_m":188,"consequence_weight":1.25},"geometry":{"type":"Point","coordinates":[86.431283,23.762379]}},{"type":"Feature","properties":{"subsidence_mm":581.02,"tilt_deg":-1.18799,"strain_ue":317.96,"x_offset_m":90,"y_offset_m":-210,"source":"NCB_PFM","nearest_asset_distance_m":183,"consequence_weight":1.27},"geometry":{"type":"Point","coordinates":[86.431283,23.762514]}},{"type":"Feature","properties":{"subsidence_mm":581.02,"tilt_deg":-1.18799,"strain_ue":317.96,"x_offset_m":90,"y_offset_m":-195,"source":"NCB_PFM","nearest_asset_distance_m":179,"consequence_weight":1.28},"geometry":{"type":"Point","coordinates":[86.431283,23.762648]}},{"type":"Feature","properties":{"subsidence_mm":581.02,"tilt_deg":-1.18799,"strain_ue":317.96,"x_offset_m":90,"y_offset_m":-180,"source":"NCB_PFM","nearest_asset_distance_m":176,"consequence_weight":1.29},"geometry":{"type":"Point","coordinates":[86.431283,23.762783]}},{"type":"Feature","properties":{"subsidence_mm":581.02,"tilt_deg":-1.18799,"strain_ue":317.96,"x_offset_m":90,"y_offset_m":-165,"source":"NCB_PFM","nearest_asset_distance_m":175,"consequence_weight":1.3},"geometry":{"type":"Point","coordinates":[86.431283,23.762918]}},{"type":"Feature","properties":{"subsidence_mm":581.02,"tilt_deg":-1.18799,"strain_ue":317.96,"x_offset_m":90,"y_offset_m":-150,"source":"NCB_PFM","nearest_asset_distance_m":175,"consequence_weight":1.3},"geometry":{"type":"Point","coordinates":[86.431283,23.763053]}},{"type":"Feature","properties":{"subsidence_mm":581.02,"tilt_deg":-1.18799,"strain_ue":317.96,"x_offset_m":90,"y_offset_m":-135,"source":"NCB_PFM","nearest_asset_distance_m":176,"consequence_weight":1.3},"geometry":{"type":"Point","coordinates":[86.431283,23.763187]}},{"type":"Feature","properties":{"subsidence_mm":581.02,"tilt_deg":-1.18799,"strain_ue":317.96,"x_offset_m":90,"y_offset_m":-120,"source":"NCB_PFM","nearest_asset_distance_m":178,"consequence_weight":1.29},"geometry":{"type":"Point","coordinates":[86.431283,23.763322]}},{"type":"Feature","properties":{"subsidence_mm":581.02,"tilt_deg":-1.18799,"strain_ue":317.96,"x_offset_m":90,"y_offset_m":-105,"source":"NCB_PFM","nearest_asset_distance_m":174,"consequence_weight":1.96},"geometry":{"type":"Point","coordinates":[86.431283,23.763457]}},{"type":"Feature","properties":{"subsidence_mm":581.02,"tilt_deg":-1.18799,"strain_ue":317.96,"x_offset_m":90,"y_offset_m":-90,"source":"NCB_PFM","nearest_asset_distance_m":159,"consequence_weight":2.04},"geometry":{"type":"Point","coordinates":[86.431283,23.763592]}},{"type":"Feature","properties":{"subsidence_mm":581.02,"tilt_deg":-1.18799,"strain_ue":317.96,"x_offset_m":90,"y_offset_m":-75,"source":"NCB_PFM","nearest_asset_distance_m":145,"consequence_weight":2.13},"geometry":{"type":"Point","coordinates":[86.431283,23.763726]}},{"type":"Feature","properties":{"subsidence_mm":581.02,"tilt_deg":-1.18799,"strain_ue":317.96,"x_offset_m":90,"y_offset_m":-60,"source":"NCB_PFM","nearest_asset_distance_m":130,"consequence_weight":2.22},"geometry":{"type":"Point","coordinates":[86.431283,23.763861]}},{"type":"Feature","properties":{"subsidence_mm":581.02,"tilt_deg":-1.18799,"strain_ue":317.96,"x_offset_m":90,"y_offset_m":-45,"source":"NCB_PFM","nearest_asset_distance_m":115,"consequence_weight":2.31},"geometry":{"type":"Point","coordinates":[86.431283,23.763996]}},{"type":"Feature","properties":{"subsidence_mm":581.02,"tilt_deg":-1.18799,"strain_ue":317.96,"x_offset_m":90,"y_offset_m":-30,"source":"NCB_PFM","nearest_asset_distance_m":101,"consequence_weight":2.4},"geometry":{"type":"Point","coordinates":[86.431283,23.764131]}},{"type":"Feature","properties":{"subsidence_mm":581.02,"tilt_deg":-1.18799,"strain_ue":317.96,"x_offset_m":90,"y_offset_m":-15,"source":"NCB_PFM","nearest_asset_distance_m":87,"consequence_weight":2.48},"geometry":{"type":"Point","coordinates":[86.431283,23.764265]}},{"type":"Feature","properties":{"subsidence_mm":581.02,"tilt_deg":-1.18799,"strain_ue":317.96,"x_offset_m":90,"y_offset_m":0,"source":"NCB_PFM","nearest_asset_distance_m":73,"consequence_weight":2.56},"geometry":{"type":"Point","coordinates":[86.431283,23.7644]}},{"type":"Feature","properties":{"subsidence_mm":581.02,"tilt_deg":-1.18799,"strain_ue":317.96,"x_offset_m":90,"y_offset_m":15,"source":"NCB_PFM","nearest_asset_distance_m":59,"consequence_weight":2.64},"geometry":{"type":"Point","coordinates":[86.431283,23.764535]}},{"type":"Feature","properties":{"subsidence_mm":581.02,"tilt_deg":-1.18799,"strain_ue":317.96,"x_offset_m":90,"y_offset_m":30,"source":"NCB_PFM","nearest_asset_distance_m":47,"consequence_weight":2.72},"geometry":{"type":"Point","coordinates":[86.431283,23.764669]}},{"type":"Feature","properties":{"subsidence_mm":581.02,"tilt_deg":-1.18799,"strain_ue":317.96,"x_offset_m":90,"y_offset_m":45,"source":"NCB_PFM","nearest_asset_distance_m":36,"consequence_weight":2.78},"geometry":{"type":"Point","coordinates":[86.431283,23.764804]}},{"type":"Feature","properties":{"subsidence_mm":581.02,"tilt_deg":-1.18799,"strain_ue":317.96,"x_offset_m":90,"y_offset_m":60,"source":"NCB_PFM","nearest_asset_distance_m":30,"consequence_weight":2.82},"geometry":{"type":"Point","coordinates":[86.431283,23.764939]}},{"type":"Feature","properties":{"subsidence_mm":581.02,"tilt_deg":-1.18799,"strain_ue":317.96,"x_offset_m":90,"y_offset_m":75,"source":"NCB_PFM","nearest_asset_distance_m":30,"consequence_weight":2.82},"geometry":{"type":"Point","coordinates":[86.431283,23.765074]}},{"type":"Feature","properties":{"subsidence_mm":581.02,"tilt_deg":-1.18799,"strain_ue":317.96,"x_offset_m":90,"y_offset_m":90,"source":"NCB_PFM","nearest_asset_distance_m":37,"consequence_weight":2.78},"geometry":{"type":"Point","coordinates":[86.431283,23.765208]}},{"type":"Feature","properties":{"subsidence_mm":581.02,"tilt_deg":-1.18799,"strain_ue":317.96,"x_offset_m":90,"y_offset_m":105,"source":"NCB_PFM","nearest_asset_distance_m":48,"consequence_weight":2.71},"geometry":{"type":"Point","coordinates":[86.431283,23.765343]}},{"type":"Feature","properties":{"subsidence_mm":581.02,"tilt_deg":-1.18799,"strain_ue":317.96,"x_offset_m":90,"y_offset_m":120,"source":"NCB_PFM","nearest_asset_distance_m":60,"consequence_weight":2.64},"geometry":{"type":"Point","coordinates":[86.431283,23.765478]}},{"type":"Feature","properties":{"subsidence_mm":581.02,"tilt_deg":-1.18799,"strain_ue":317.96,"x_offset_m":90,"y_offset_m":135,"source":"NCB_PFM","nearest_asset_distance_m":74,"consequence_weight":2.56},"geometry":{"type":"Point","coordinates":[86.431283,23.765613]}},{"type":"Feature","properties":{"subsidence_mm":581.02,"tilt_deg":-1.18799,"strain_ue":317.96,"x_offset_m":90,"y_offset_m":150,"source":"NCB_PFM","nearest_asset_distance_m":88,"consequence_weight":2.47},"geometry":{"type":"Point","coordinates":[86.431283,23.765747]}},{"type":"Feature","properties":{"subsidence_mm":581.02,"tilt_deg":-1.18799,"strain_ue":317.96,"x_offset_m":90,"y_offset_m":165,"source":"NCB_PFM","nearest_asset_distance_m":102,"consequence_weight":2.39},"geometry":{"type":"Point","coordinates":[86.431283,23.765882]}},{"type":"Feature","properties":{"subsidence_mm":581.02,"tilt_deg":-1.18799,"strain_ue":317.96,"x_offset_m":90,"y_offset_m":180,"source":"NCB_PFM","nearest_asset_distance_m":117,"consequence_weight":2.3},"geometry":{"type":"Point","coordinates":[86.431283,23.766017]}},{"type":"Feature","properties":{"subsidence_mm":581.02,"tilt_deg":-1.18799,"strain_ue":317.96,"x_offset_m":90,"y_offset_m":195,"source":"NCB_PFM","nearest_asset_distance_m":131,"consequence_weight":2.21},"geometry":{"type":"Point","coordinates":[86.431283,23.766152]}},{"type":"Feature","properties":{"subsidence_mm":581.02,"tilt_deg":-1.18799,"strain_ue":317.96,"x_offset_m":90,"y_offset_m":210,"source":"NCB_PFM","nearest_asset_distance_m":146,"consequence_weight":2.12},"geometry":{"type":"Point","coordinates":[86.431283,23.766286]}},{"type":"Feature","properties":{"subsidence_mm":581.02,"tilt_deg":-1.18799,"strain_ue":317.96,"x_offset_m":90,"y_offset_m":225,"source":"NCB_PFM","nearest_asset_distance_m":161,"consequence_weight":2.04},"geometry":{"type":"Point","coordinates":[86.431283,23.766421]}},{"type":"Feature","properties":{"subsidence_mm":581.02,"tilt_deg":-1.18799,"strain_ue":317.96,"x_offset_m":90,"y_offset_m":240,"source":"NCB_PFM","nearest_asset_distance_m":175,"consequence_weight":1.95},"geometry":{"type":"Point","coordinates":[86.431283,23.766556]}},{"type":"Feature","properties":{"subsidence_mm":581.02,"tilt_deg":-1.18799,"strain_ue":317.96,"x_offset_m":90,"y_offset_m":255,"source":"NCB_PFM","nearest_asset_distance_m":190,"consequence_weight":1.86},"geometry":{"type":"Point","coordinates":[86.431283,23.766691]}},{"type":"Feature","properties":{"subsidence_mm":581.02,"tilt_deg":-1.18799,"strain_ue":317.96,"x_offset_m":90,"y_offset_m":270,"source":"NCB_PFM","nearest_asset_distance_m":205,"consequence_weight":1.77},"geometry":{"type":"Point","coordinates":[86.431283,23.766825]}},{"type":"Feature","properties":{"subsidence_mm":581.02,"tilt_deg":-1.18799,"strain_ue":317.96,"x_offset_m":90,"y_offset_m":285,"source":"NCB_PFM","nearest_asset_distance_m":220,"consequence_weight":1.68},"geometry":{"type":"Point","coordinates":[86.431283,23.76696]}},{"type":"Feature","properties":{"subsidence_mm":581.02,"tilt_deg":-1.18799,"strain_ue":317.96,"x_offset_m":90,"y_offset_m":300,"source":"NCB_PFM","nearest_asset_distance_m":235,"consequence_weight":1.59},"geometry":{"type":"Point","coordinates":[86.431283,23.767095]}},{"type":"Feature","properties":{"subsidence_mm":314.84,"tilt_deg":-0.81193,"strain_ue":422.89,"x_offset_m":105,"y_offset_m":-300,"source":"NCB_PFM","nearest_asset_distance_m":215,"consequence_weight":1.14},"geometry":{"type":"Point","coordinates":[86.431431,23.761705]}},{"type":"Feature","properties":{"subsidence_mm":314.84,"tilt_deg":-0.81193,"strain_ue":422.89,"x_offset_m":105,"y_offset_m":-285,"source":"NCB_PFM","nearest_asset_distance_m":205,"consequence_weight":1.18},"geometry":{"type":"Point","coordinates":[86.431431,23.76184]}},{"type":"Feature","properties":{"subsidence_mm":314.84,"tilt_deg":-0.81193,"strain_ue":422.89,"x_offset_m":105,"y_offset_m":-270,"source":"NCB_PFM","nearest_asset_distance_m":196,"consequence_weight":1.22},"geometry":{"type":"Point","coordinates":[86.431431,23.761975]}},{"type":"Feature","properties":{"subsidence_mm":314.84,"tilt_deg":-0.81193,"strain_ue":422.89,"x_offset_m":105,"y_offset_m":-255,"source":"NCB_PFM","nearest_asset_distance_m":188,"consequence_weight":1.25},"geometry":{"type":"Point","coordinates":[86.431431,23.762109]}},{"type":"Feature","properties":{"subsidence_mm":314.84,"tilt_deg":-0.81193,"strain_ue":422.89,"x_offset_m":105,"y_offset_m":-240,"source":"NCB_PFM","nearest_asset_distance_m":180,"consequence_weight":1.28},"geometry":{"type":"Point","coordinates":[86.431431,23.762244]}},{"type":"Feature","properties":{"subsidence_mm":314.84,"tilt_deg":-0.81193,"strain_ue":422.89,"x_offset_m":105,"y_offset_m":-225,"source":"NCB_PFM","nearest_asset_distance_m":174,"consequence_weight":1.3},"geometry":{"type":"Point","coordinates":[86.431431,23.762379]}},{"type":"Feature","properties":{"subsidence_mm":314.84,"tilt_deg":-0.81193,"strain_ue":422.89,"x_offset_m":105,"y_offset_m":-210,"source":"NCB_PFM","nearest_asset_distance_m":169,"consequence_weight":1.33},"geometry":{"type":"Point","coordinates":[86.431431,23.762514]}},{"type":"Feature","properties":{"subsidence_mm":314.84,"tilt_deg":-0.81193,"strain_ue":422.89,"x_offset_m":105,"y_offset_m":-195,"source":"NCB_PFM","nearest_asset_distance_m":164,"consequence_weight":1.34},"geometry":{"type":"Point","coordinates":[86.431431,23.762648]}},{"type":"Feature","properties":{"subsidence_mm":314.84,"tilt_deg":-0.81193,"strain_ue":422.89,"x_offset_m":105,"y_offset_m":-180,"source":"NCB_PFM","nearest_asset_distance_m":161,"consequence_weight":1.35},"geometry":{"type":"Point","coordinates":[86.431431,23.762783]}},{"type":"Feature","properties":{"subsidence_mm":314.84,"tilt_deg":-0.81193,"strain_ue":422.89,"x_offset_m":105,"y_offset_m":-165,"source":"NCB_PFM","nearest_asset_distance_m":160,"consequence_weight":1.36},"geometry":{"type":"Point","coordinates":[86.431431,23.762918]}},{"type":"Feature","properties":{"subsidence_mm":314.84,"tilt_deg":-0.81193,"strain_ue":422.89,"x_offset_m":105,"y_offset_m":-150,"source":"NCB_PFM","nearest_asset_distance_m":160,"consequence_weight":1.36},"geometry":{"type":"Point","coordinates":[86.431431,23.763053]}},{"type":"Feature","properties":{"subsidence_mm":314.84,"tilt_deg":-0.81193,"strain_ue":422.89,"x_offset_m":105,"y_offset_m":-135,"source":"NCB_PFM","nearest_asset_distance_m":161,"consequence_weight":1.36},"geometry":{"type":"Point","coordinates":[86.431431,23.763187]}},{"type":"Feature","properties":{"subsidence_mm":314.84,"tilt_deg":-0.81193,"strain_ue":422.89,"x_offset_m":105,"y_offset_m":-120,"source":"NCB_PFM","nearest_asset_distance_m":164,"consequence_weight":1.35},"geometry":{"type":"Point","coordinates":[86.431431,23.763322]}},{"type":"Feature","properties":{"subsidence_mm":314.84,"tilt_deg":-0.81193,"strain_ue":422.89,"x_offset_m":105,"y_offset_m":-105,"source":"NCB_PFM","nearest_asset_distance_m":168,"consequence_weight":1.33},"geometry":{"type":"Point","coordinates":[86.431431,23.763457]}},{"type":"Feature","properties":{"subsidence_mm":314.84,"tilt_deg":-0.81193,"strain_ue":422.89,"x_offset_m":105,"y_offset_m":-90,"source":"NCB_PFM","nearest_asset_distance_m":163,"consequence_weight":2.02},"geometry":{"type":"Point","coordinates":[86.431431,23.763592]}},{"type":"Feature","properties":{"subsidence_mm":314.84,"tilt_deg":-0.81193,"strain_ue":422.89,"x_offset_m":105,"y_offset_m":-75,"source":"NCB_PFM","nearest_asset_distance_m":148,"consequence_weight":2.11},"geometry":{"type":"Point","coordinates":[86.431431,23.763726]}},{"type":"Feature","properties":{"subsidence_mm":314.84,"tilt_deg":-0.81193,"strain_ue":422.89,"x_offset_m":105,"y_offset_m":-60,"source":"NCB_PFM","nearest_asset_distance_m":134,"consequence_weight":2.2},"geometry":{"type":"Point","coordinates":[86.431431,23.763861]}},{"type":"Feature","properties":{"subsidence_mm":314.84,"tilt_deg":-0.81193,"strain_ue":422.89,"x_offset_m":105,"y_offset_m":-45,"source":"NCB_PFM","nearest_asset_distance_m":120,"consequence_weight":2.28},"geometry":{"type":"Point","coordinates":[86.431431,23.763996]}},{"type":"Feature","properties":{"subsidence_mm":314.84,"tilt_deg":-0.81193,"strain_ue":422.89,"x_offset_m":105,"y_offset_m":-30,"source":"NCB_PFM","nearest_asset_distance_m":106,"consequence_weight":2.36},"geometry":{"type":"Point","coordinates":[86.431431,23.764131]}},{"type":"Feature","properties":{"subsidence_mm":314.84,"tilt_deg":-0.81193,"strain_ue":422.89,"x_offset_m":105,"y_offset_m":-15,"source":"NCB_PFM","nearest_asset_distance_m":93,"consequence_weight":2.44},"geometry":{"type":"Point","coordinates":[86.431431,23.764265]}},{"type":"Feature","properties":{"subsidence_mm":314.84,"tilt_deg":-0.81193,"strain_ue":422.89,"x_offset_m":105,"y_offset_m":0,"source":"NCB_PFM","nearest_asset_distance_m":80,"consequence_weight":2.52},"geometry":{"type":"Point","coordinates":[86.431431,23.7644]}},{"type":"Feature","properties":{"subsidence_mm":314.84,"tilt_deg":-0.81193,"strain_ue":422.89,"x_offset_m":105,"y_offset_m":15,"source":"NCB_PFM","nearest_asset_distance_m":68,"consequence_weight":2.59},"geometry":{"type":"Point","coordinates":[86.431431,23.764535]}},{"type":"Feature","properties":{"subsidence_mm":314.84,"tilt_deg":-0.81193,"strain_ue":422.89,"x_offset_m":105,"y_offset_m":30,"source":"NCB_PFM","nearest_asset_distance_m":57,"consequence_weight":2.66},"geometry":{"type":"Point","coordinates":[86.431431,23.764669]}},{"type":"Feature","properties":{"subsidence_mm":314.84,"tilt_deg":-0.81193,"strain_ue":422.89,"x_offset_m":105,"y_offset_m":45,"source":"NCB_PFM","nearest_asset_distance_m":49,"consequence_weight":2.71},"geometry":{"type":"Point","coordinates":[86.431431,23.764804]}},{"type":"Feature","properties":{"subsidence_mm":314.84,"tilt_deg":-0.81193,"strain_ue":422.89,"x_offset_m":105,"y_offset_m":60,"source":"NCB_PFM","nearest_asset_distance_m":44,"consequence_weight":2.73},"geometry":{"type":"Point","coordinates":[86.431431,23.764939]}},{"type":"Feature","properties":{"subsidence_mm":314.84,"tilt_deg":-0.81193,"strain_ue":422.89,"x_offset_m":105,"y_offset_m":75,"source":"NCB_PFM","nearest_asset_distance_m":45,"consequence_weight":2.73},"geometry":{"type":"Point","coordinates":[86.431431,23.765074]}},{"type":"Feature","properties":{"subsidence_mm":314.84,"tilt_deg":-0.81193,"strain_ue":422.89,"x_offset_m":105,"y_offset_m":90,"source":"NCB_PFM","nearest_asset_distance_m":50,"consequence_weight":2.7},"geometry":{"type":"Point","coordinates":[86.431431,23.765208]}},{"type":"Feature","properties":{"subsidence_mm":314.84,"tilt_deg":-0.81193,"strain_ue":422.89,"x_offset_m":105,"y_offset_m":105,"source":"NCB_PFM","nearest_asset_distance_m":58,"consequence_weight":2.65},"geometry":{"type":"Point","coordinates":[86.431431,23.765343]}},{"type":"Feature","properties":{"subsidence_mm":314.84,"tilt_deg":-0.81193,"strain_ue":422.89,"x_offset_m":105,"y_offset_m":120,"source":"NCB_PFM","nearest_asset_distance_m":69,"consequence_weight":2.59},"geometry":{"type":"Point","coordinates":[86.431431,23.765478]}},{"type":"Feature","properties":{"subsidence_mm":314.84,"tilt_deg":-0.81193,"strain_ue":422.89,"x_offset_m":105,"y_offset_m":135,"source":"NCB_PFM","nearest_asset_distance_m":81,"consequence_weight":2.51},"geometry":{"type":"Point","coordinates":[86.431431,23.765613]}},{"type":"Feature","properties":{"subsidence_mm":314.84,"tilt_deg":-0.81193,"strain_ue":422.89,"x_offset_m":105,"y_offset_m":150,"source":"NCB_PFM","nearest_asset_distance_m":94,"consequence_weight":2.44},"geometry":{"type":"Point","coordinates":[86.431431,23.765747]}},{"type":"Feature","properties":{"subsidence_mm":314.84,"tilt_deg":-0.81193,"strain_ue":422.89,"x_offset_m":105,"y_offset_m":165,"source":"NCB_PFM","nearest_asset_distance_m":107,"consequence_weight":2.36},"geometry":{"type":"Point","coordinates":[86.431431,23.765882]}},{"type":"Feature","properties":{"subsidence_mm":314.84,"tilt_deg":-0.81193,"strain_ue":422.89,"x_offset_m":105,"y_offset_m":180,"source":"NCB_PFM","nearest_asset_distance_m":121,"consequence_weight":2.27},"geometry":{"type":"Point","coordinates":[86.431431,23.766017]}},{"type":"Feature","properties":{"subsidence_mm":314.84,"tilt_deg":-0.81193,"strain_ue":422.89,"x_offset_m":105,"y_offset_m":195,"source":"NCB_PFM","nearest_asset_distance_m":135,"consequence_weight":2.19},"geometry":{"type":"Point","coordinates":[86.431431,23.766152]}},{"type":"Feature","properties":{"subsidence_mm":314.84,"tilt_deg":-0.81193,"strain_ue":422.89,"x_offset_m":105,"y_offset_m":210,"source":"NCB_PFM","nearest_asset_distance_m":150,"consequence_weight":2.1},"geometry":{"type":"Point","coordinates":[86.431431,23.766286]}},{"type":"Feature","properties":{"subsidence_mm":314.84,"tilt_deg":-0.81193,"strain_ue":422.89,"x_offset_m":105,"y_offset_m":225,"source":"NCB_PFM","nearest_asset_distance_m":164,"consequence_weight":2.02},"geometry":{"type":"Point","coordinates":[86.431431,23.766421]}},{"type":"Feature","properties":{"subsidence_mm":314.84,"tilt_deg":-0.81193,"strain_ue":422.89,"x_offset_m":105,"y_offset_m":240,"source":"NCB_PFM","nearest_asset_distance_m":178,"consequence_weight":1.93},"geometry":{"type":"Point","coordinates":[86.431431,23.766556]}},{"type":"Feature","properties":{"subsidence_mm":314.84,"tilt_deg":-0.81193,"strain_ue":422.89,"x_offset_m":105,"y_offset_m":255,"source":"NCB_PFM","nearest_asset_distance_m":193,"consequence_weight":1.84},"geometry":{"type":"Point","coordinates":[86.431431,23.766691]}},{"type":"Feature","properties":{"subsidence_mm":314.84,"tilt_deg":-0.81193,"strain_ue":422.89,"x_offset_m":105,"y_offset_m":270,"source":"NCB_PFM","nearest_asset_distance_m":208,"consequence_weight":1.75},"geometry":{"type":"Point","coordinates":[86.431431,23.766825]}},{"type":"Feature","properties":{"subsidence_mm":314.84,"tilt_deg":-0.81193,"strain_ue":422.89,"x_offset_m":105,"y_offset_m":285,"source":"NCB_PFM","nearest_asset_distance_m":222,"consequence_weight":1.67},"geometry":{"type":"Point","coordinates":[86.431431,23.76696]}},{"type":"Feature","properties":{"subsidence_mm":314.84,"tilt_deg":-0.81193,"strain_ue":422.89,"x_offset_m":105,"y_offset_m":300,"source":"NCB_PFM","nearest_asset_distance_m":237,"consequence_weight":1.58},"geometry":{"type":"Point","coordinates":[86.431431,23.767095]}},{"type":"Feature","properties":{"subsidence_mm":155.89,"tilt_deg":-0.46109,"strain_ue":336.6,"x_offset_m":120,"y_offset_m":-300,"source":"NCB_PFM","nearest_asset_distance_m":204,"consequence_weight":1.18},"geometry":{"type":"Point","coordinates":[86.431578,23.761705]}},{"type":"Feature","properties":{"subsidence_mm":155.89,"tilt_deg":-0.46109,"strain_ue":336.6,"x_offset_m":120,"y_offset_m":-285,"source":"NCB_PFM","nearest_asset_distance_m":194,"consequence_weight":1.22},"geometry":{"type":"Point","coordinates":[86.431578,23.76184]}},{"type":"Feature","properties":{"subsidence_mm":155.89,"tilt_deg":-0.46109,"strain_ue":336.6,"x_offset_m":120,"y_offset_m":-270,"source":"NCB_PFM","nearest_asset_distance_m":184,"consequence_weight":1.26},"geometry":{"type":"Point","coordinates":[86.431578,23.761975]}},{"type":"Feature","properties":{"subsidence_mm":155.89,"tilt_deg":-0.46109,"strain_ue":336.6,"x_offset_m":120,"y_offset_m":-255,"source":"NCB_PFM","nearest_asset_distance_m":175,"consequence_weight":1.3},"geometry":{"type":"Point","coordinates":[86.431578,23.762109]}},{"type":"Feature","properties":{"subsidence_mm":155.89,"tilt_deg":-0.46109,"strain_ue":336.6,"x_offset_m":120,"y_offset_m":-240,"source":"NCB_PFM","nearest_asset_distance_m":167,"consequence_weight":1.33},"geometry":{"type":"Point","coordinates":[86.431578,23.762244]}},{"type":"Feature","properties":{"subsidence_mm":155.89,"tilt_deg":-0.46109,"strain_ue":336.6,"x_offset_m":120,"y_offset_m":-225,"source":"NCB_PFM","nearest_asset_distance_m":160,"consequence_weight":1.36},"geometry":{"type":"Point","coordinates":[86.431578,23.762379]}},{"type":"Feature","properties":{"subsidence_mm":155.89,"tilt_deg":-0.46109,"strain_ue":336.6,"x_offset_m":120,"y_offset_m":-210,"source":"NCB_PFM","nearest_asset_distance_m":154,"consequence_weight":1.38},"geometry":{"type":"Point","coordinates":[86.431578,23.762514]}},{"type":"Feature","properties":{"subsidence_mm":155.89,"tilt_deg":-0.46109,"strain_ue":336.6,"x_offset_m":120,"y_offset_m":-195,"source":"NCB_PFM","nearest_asset_distance_m":150,"consequence_weight":1.4},"geometry":{"type":"Point","coordinates":[86.431578,23.762648]}},{"type":"Feature","properties":{"subsidence_mm":155.89,"tilt_deg":-0.46109,"strain_ue":336.6,"x_offset_m":120,"y_offset_m":-180,"source":"NCB_PFM","nearest_asset_distance_m":147,"consequence_weight":1.41},"geometry":{"type":"Point","coordinates":[86.431578,23.762783]}},{"type":"Feature","properties":{"subsidence_mm":155.89,"tilt_deg":-0.46109,"strain_ue":336.6,"x_offset_m":120,"y_offset_m":-165,"source":"NCB_PFM","nearest_asset_distance_m":145,"consequence_weight":1.42},"geometry":{"type":"Point","coordinates":[86.431578,23.762918]}},{"type":"Feature","properties":{"subsidence_mm":155.89,"tilt_deg":-0.46109,"strain_ue":336.6,"x_offset_m":120,"y_offset_m":-150,"source":"NCB_PFM","nearest_asset_distance_m":145,"consequence_weight":1.42},"geometry":{"type":"Point","coordinates":[86.431578,23.763053]}},{"type":"Feature","properties":{"subsidence_mm":155.89,"tilt_deg":-0.46109,"strain_ue":336.6,"x_offset_m":120,"y_offset_m":-135,"source":"NCB_PFM","nearest_asset_distance_m":146,"consequence_weight":1.42},"geometry":{"type":"Point","coordinates":[86.431578,23.763187]}},{"type":"Feature","properties":{"subsidence_mm":155.89,"tilt_deg":-0.46109,"strain_ue":336.6,"x_offset_m":120,"y_offset_m":-120,"source":"NCB_PFM","nearest_asset_distance_m":149,"consequence_weight":1.4},"geometry":{"type":"Point","coordinates":[86.431578,23.763322]}},{"type":"Feature","properties":{"subsidence_mm":155.89,"tilt_deg":-0.46109,"strain_ue":336.6,"x_offset_m":120,"y_offset_m":-105,"source":"NCB_PFM","nearest_asset_distance_m":153,"consequence_weight":1.39},"geometry":{"type":"Point","coordinates":[86.431578,23.763457]}},{"type":"Feature","properties":{"subsidence_mm":155.89,"tilt_deg":-0.46109,"strain_ue":336.6,"x_offset_m":120,"y_offset_m":-90,"source":"NCB_PFM","nearest_asset_distance_m":159,"consequence_weight":1.36},"geometry":{"type":"Point","coordinates":[86.431578,23.763592]}},{"type":"Feature","properties":{"subsidence_mm":155.89,"tilt_deg":-0.46109,"strain_ue":336.6,"x_offset_m":120,"y_offset_m":-75,"source":"NCB_PFM","nearest_asset_distance_m":153,"consequence_weight":2.08},"geometry":{"type":"Point","coordinates":[86.431578,23.763726]}},{"type":"Feature","properties":{"subsidence_mm":155.89,"tilt_deg":-0.46109,"strain_ue":336.6,"x_offset_m":120,"y_offset_m":-60,"source":"NCB_PFM","nearest_asset_distance_m":140,"consequence_weight":2.16},"geometry":{"type":"Point","coordinates":[86.431578,23.763861]}},{"type":"Feature","properties":{"subsidence_mm":155.89,"tilt_deg":-0.46109,"strain_ue":336.6,"x_offset_m":120,"y_offset_m":-45,"source":"NCB_PFM","nearest_asset_distance_m":126,"consequence_weight":2.24},"geometry":{"type":"Point","coordinates":[86.431578,23.763996]}},{"type":"Feature","properties":{"subsidence_mm":155.89,"tilt_deg":-0.46109,"strain_ue":336.6,"x_offset_m":120,"y_offset_m":-30,"source":"NCB_PFM","nearest_asset_distance_m":113,"consequence_weight":2.32},"geometry":{"type":"Point","coordinates":[86.431578,23.764131]}},{"type":"Feature","properties":{"subsidence_mm":155.89,"tilt_deg":-0.46109,"strain_ue":336.6,"x_offset_m":120,"y_offset_m":-15,"source":"NCB_PFM","nearest_asset_distance_m":101,"consequence_weight":2.4},"geometry":{"type":"Point","coordinates":[86.431578,23.764265]}},{"type":"Feature","properties":{"subsidence_mm":155.89,"tilt_deg":-0.46109,"strain_ue":336.6,"x_offset_m":120,"y_offset_m":0,"source":"NCB_PFM","nearest_asset_distance_m":89,"consequence_weight":2.47},"geometry":{"type":"Point","coordinates":[86.431578,23.7644]}},{"type":"Feature","properties":{"subsidence_mm":155.89,"tilt_deg":-0.46109,"strain_ue":336.6,"x_offset_m":120,"y_offset_m":15,"source":"NCB_PFM","nearest_asset_distance_m":78,"consequence_weight":2.53},"geometry":{"type":"Point","coordinates":[86.431578,23.764535]}},{"type":"Feature","properties":{"subsidence_mm":155.89,"tilt_deg":-0.46109,"strain_ue":336.6,"x_offset_m":120,"y_offset_m":30,"source":"NCB_PFM","nearest_asset_distance_m":69,"consequence_weight":2.58},"geometry":{"type":"Point","coordinates":[86.431578,23.764669]}},{"type":"Feature","properties":{"subsidence_mm":155.89,"tilt_deg":-0.46109,"strain_ue":336.6,"x_offset_m":120,"y_offset_m":45,"source":"NCB_PFM","nearest_asset_distance_m":63,"consequence_weight":2.62},"geometry":{"type":"Point","coordinates":[86.431578,23.764804]}},{"type":"Feature","properties":{"subsidence_mm":155.89,"tilt_deg":-0.46109,"strain_ue":336.6,"x_offset_m":120,"y_offset_m":60,"source":"NCB_PFM","nearest_asset_distance_m":59,"consequence_weight":2.64},"geometry":{"type":"Point","coordinates":[86.431578,23.764939]}},{"type":"Feature","properties":{"subsidence_mm":155.89,"tilt_deg":-0.46109,"strain_ue":336.6,"x_offset_m":120,"y_offset_m":75,"source":"NCB_PFM","nearest_asset_distance_m":59,"consequence_weight":2.64},"geometry":{"type":"Point","coordinates":[86.431578,23.765074]}},{"type":"Feature","properties":{"subsidence_mm":155.89,"tilt_deg":-0.46109,"strain_ue":336.6,"x_offset_m":120,"y_offset_m":90,"source":"NCB_PFM","nearest_asset_distance_m":63,"consequence_weight":2.62},"geometry":{"type":"Point","coordinates":[86.431578,23.765208]}},{"type":"Feature","properties":{"subsidence_mm":155.89,"tilt_deg":-0.46109,"strain_ue":336.6,"x_offset_m":120,"y_offset_m":105,"source":"NCB_PFM","nearest_asset_distance_m":70,"consequence_weight":2.58},"geometry":{"type":"Point","coordinates":[86.431578,23.765343]}},{"type":"Feature","properties":{"subsidence_mm":155.89,"tilt_deg":-0.46109,"strain_ue":336.6,"x_offset_m":120,"y_offset_m":120,"source":"NCB_PFM","nearest_asset_distance_m":79,"consequence_weight":2.52},"geometry":{"type":"Point","coordinates":[86.431578,23.765478]}},{"type":"Feature","properties":{"subsidence_mm":155.89,"tilt_deg":-0.46109,"strain_ue":336.6,"x_offset_m":120,"y_offset_m":135,"source":"NCB_PFM","nearest_asset_distance_m":90,"consequence_weight":2.46},"geometry":{"type":"Point","coordinates":[86.431578,23.765613]}},{"type":"Feature","properties":{"subsidence_mm":155.89,"tilt_deg":-0.46109,"strain_ue":336.6,"x_offset_m":120,"y_offset_m":150,"source":"NCB_PFM","nearest_asset_distance_m":102,"consequence_weight":2.39},"geometry":{"type":"Point","coordinates":[86.431578,23.765747]}},{"type":"Feature","properties":{"subsidence_mm":155.89,"tilt_deg":-0.46109,"strain_ue":336.6,"x_offset_m":120,"y_offset_m":165,"source":"NCB_PFM","nearest_asset_distance_m":114,"consequence_weight":2.31},"geometry":{"type":"Point","coordinates":[86.431578,23.765882]}},{"type":"Feature","properties":{"subsidence_mm":155.89,"tilt_deg":-0.46109,"strain_ue":336.6,"x_offset_m":120,"y_offset_m":180,"source":"NCB_PFM","nearest_asset_distance_m":127,"consequence_weight":2.24},"geometry":{"type":"Point","coordinates":[86.431578,23.766017]}},{"type":"Feature","properties":{"subsidence_mm":155.89,"tilt_deg":-0.46109,"strain_ue":336.6,"x_offset_m":120,"y_offset_m":195,"source":"NCB_PFM","nearest_asset_distance_m":141,"consequence_weight":2.15},"geometry":{"type":"Point","coordinates":[86.431578,23.766152]}},{"type":"Feature","properties":{"subsidence_mm":155.89,"tilt_deg":-0.46109,"strain_ue":336.6,"x_offset_m":120,"y_offset_m":210,"source":"NCB_PFM","nearest_asset_distance_m":155,"consequence_weight":2.07},"geometry":{"type":"Point","coordinates":[86.431578,23.766286]}},{"type":"Feature","properties":{"subsidence_mm":155.89,"tilt_deg":-0.46109,"strain_ue":336.6,"x_offset_m":120,"y_offset_m":225,"source":"NCB_PFM","nearest_asset_distance_m":169,"consequence_weight":1.99},"geometry":{"type":"Point","coordinates":[86.431578,23.766421]}},{"type":"Feature","properties":{"subsidence_mm":155.89,"tilt_deg":-0.46109,"strain_ue":336.6,"x_offset_m":120,"y_offset_m":240,"source":"NCB_PFM","nearest_asset_distance_m":183,"consequence_weight":1.9},"geometry":{"type":"Point","coordinates":[86.431578,23.766556]}},{"type":"Feature","properties":{"subsidence_mm":155.89,"tilt_deg":-0.46109,"strain_ue":336.6,"x_offset_m":120,"y_offset_m":255,"source":"NCB_PFM","nearest_asset_distance_m":197,"consequence_weight":1.82},"geometry":{"type":"Point","coordinates":[86.431578,23.766691]}},{"type":"Feature","properties":{"subsidence_mm":155.89,"tilt_deg":-0.46109,"strain_ue":336.6,"x_offset_m":120,"y_offset_m":270,"source":"NCB_PFM","nearest_asset_distance_m":211,"consequence_weight":1.73},"geometry":{"type":"Point","coordinates":[86.431578,23.766825]}},{"type":"Feature","properties":{"subsidence_mm":155.89,"tilt_deg":-0.46109,"strain_ue":336.6,"x_offset_m":120,"y_offset_m":285,"source":"NCB_PFM","nearest_asset_distance_m":226,"consequence_weight":1.65},"geometry":{"type":"Point","coordinates":[86.431578,23.76696]}},{"type":"Feature","properties":{"subsidence_mm":155.89,"tilt_deg":-0.46109,"strain_ue":336.6,"x_offset_m":120,"y_offset_m":300,"source":"NCB_PFM","nearest_asset_distance_m":240,"consequence_weight":1.56},"geometry":{"type":"Point","coordinates":[86.431578,23.767095]}},{"type":"Feature","properties":{"subsidence_mm":73.41,"tilt_deg":-0.23334,"strain_ue":203.69,"x_offset_m":135,"y_offset_m":-300,"source":"NCB_PFM","nearest_asset_distance_m":194,"consequence_weight":1.22},"geometry":{"type":"Point","coordinates":[86.431725,23.761705]}},{"type":"Feature","properties":{"subsidence_mm":73.41,"tilt_deg":-0.23334,"strain_ue":203.69,"x_offset_m":135,"y_offset_m":-285,"source":"NCB_PFM","nearest_asset_distance_m":183,"consequence_weight":1.27},"geometry":{"type":"Point","coordinates":[86.431725,23.76184]}},{"type":"Feature","properties":{"subsidence_mm":73.41,"tilt_deg":-0.23334,"strain_ue":203.69,"x_offset_m":135,"y_offset_m":-270,"source":"NCB_PFM","nearest_asset_distance_m":173,"consequence_weight":1.31},"geometry":{"type":"Point","coordinates":[86.431725,23.761975]}},{"type":"Feature","properties":{"subsidence_mm":73.41,"tilt_deg":-0.23334,"strain_ue":203.69,"x_offset_m":135,"y_offset_m":-255,"source":"NCB_PFM","nearest_asset_distance_m":163,"consequence_weight":1.35},"geometry":{"type":"Point","coordinates":[86.431725,23.762109]}},{"type":"Feature","properties":{"subsidence_mm":73.41,"tilt_deg":-0.23334,"strain_ue":203.69,"x_offset_m":135,"y_offset_m":-240,"source":"NCB_PFM","nearest_asset_distance_m":155,"consequence_weight":1.38},"geometry":{"type":"Point","coordinates":[86.431725,23.762244]}},{"type":"Feature","properties":{"subsidence_mm":73.41,"tilt_deg":-0.23334,"strain_ue":203.69,"x_offset_m":135,"y_offset_m":-225,"source":"NCB_PFM","nearest_asset_distance_m":147,"consequence_weight":1.41},"geometry":{"type":"Point","coordinates":[86.431725,23.762379]}},{"type":"Feature","properties":{"subsidence_mm":73.41,"tilt_deg":-0.23334,"strain_ue":203.69,"x_offset_m":135,"y_offset_m":-210,"source":"NCB_PFM","nearest_asset_distance_m":141,"consequence_weight":1.44},"geometry":{"type":"Point","coordinates":[86.431725,23.762514]}},{"type":"Feature","properties":{"subsidence_mm":73.41,"tilt_deg":-0.23334,"strain_ue":203.69,"x_offset_m":135,"y_offset_m":-195,"source":"NCB_PFM","nearest_asset_distance_m":136,"consequence_weight":1.46},"geometry":{"type":"Point","coordinates":[86.431725,23.762648]}},{"type":"Feature","properties":{"subsidence_mm":73.41,"tilt_deg":-0.23334,"strain_ue":203.69,"x_offset_m":135,"y_offset_m":-180,"source":"NCB_PFM","nearest_asset_distance_m":132,"consequence_weight":1.47},"geometry":{"type":"Point","coordinates":[86.431725,23.762783]}},{"type":"Feature","properties":{"subsidence_mm":73.41,"tilt_deg":-0.23334,"strain_ue":203.69,"x_offset_m":135,"y_offset_m":-165,"source":"NCB_PFM","nearest_asset_distance_m":130,"consequence_weight":1.48},"geometry":{"type":"Point","coordinates":[86.431725,23.762918]}},{"type":"Feature","properties":{"subsidence_mm":73.41,"tilt_deg":-0.23334,"strain_ue":203.69,"x_offset_m":135,"y_offset_m":-150,"source":"NCB_PFM","nearest_asset_distance_m":130,"consequence_weight":1.48},"geometry":{"type":"Point","coordinates":[86.431725,23.763053]}},{"type":"Feature","properties":{"subsidence_mm":73.41,"tilt_deg":-0.23334,"strain_ue":203.69,"x_offset_m":135,"y_offset_m":-135,"source":"NCB_PFM","nearest_asset_distance_m":131,"consequence_weight":1.47},"geometry":{"type":"Point","coordinates":[86.431725,23.763187]}},{"type":"Feature","properties":{"subsidence_mm":73.41,"tilt_deg":-0.23334,"strain_ue":203.69,"x_offset_m":135,"y_offset_m":-120,"source":"NCB_PFM","nearest_asset_distance_m":135,"consequence_weight":1.46},"geometry":{"type":"Point","coordinates":[86.431725,23.763322]}},{"type":"Feature","properties":{"subsidence_mm":73.41,"tilt_deg":-0.23334,"strain_ue":203.69,"x_offset_m":135,"y_offset_m":-105,"source":"NCB_PFM","nearest_asset_distance_m":139,"consequence_weight":1.44},"geometry":{"type":"Point","coordinates":[86.431725,23.763457]}},{"type":"Feature","properties":{"subsidence_mm":73.41,"tilt_deg":-0.23334,"strain_ue":203.69,"x_offset_m":135,"y_offset_m":-90,"source":"NCB_PFM","nearest_asset_distance_m":145,"consequence_weight":1.42},"geometry":{"type":"Point","coordinates":[86.431725,23.763592]}},{"type":"Feature","properties":{"subsidence_mm":73.41,"tilt_deg":-0.23334,"strain_ue":203.69,"x_offset_m":135,"y_offset_m":-75,"source":"NCB_PFM","nearest_asset_distance_m":153,"consequence_weight":1.39},"geometry":{"type":"Point","coordinates":[86.431725,23.763726]}},{"type":"Feature","properties":{"subsidence_mm":73.41,"tilt_deg":-0.23334,"strain_ue":203.69,"x_offset_m":135,"y_offset_m":-60,"source":"NCB_PFM","nearest_asset_distance_m":147,"consequence_weight":2.12},"geometry":{"type":"Point","coordinates":[86.431725,23.763861]}},{"type":"Feature","properties":{"subsidence_mm":73.41,"tilt_deg":-0.23334,"strain_ue":203.69,"x_offset_m":135,"y_offset_m":-45,"source":"NCB_PFM","nearest_asset_distance_m":134,"consequence_weight":2.2},"geometry":{"type":"Point","coordinates":[86.431725,23.763996]}},{"type":"Feature","properties":{"subsidence_mm":73.41,"tilt_deg":-0.23334,"strain_ue":203.69,"x_offset_m":135,"y_offset_m":-30,"source":"NCB_PFM","nearest_asset_distance_m":122,"consequence_weight":2.27},"geometry":{"type":"Point","coordinates":[86.431725,23.764131]}},{"type":"Feature","properties":{"subsidence_mm":73.41,"tilt_deg":-0.23334,"strain_ue":203.69,"x_offset_m":135,"y_offset_m":-15,"source":"NCB_PFM","nearest_asset_distance_m":110,"consequence_weight":2.34},"geometry":{"type":"Point","coordinates":[86.431725,23.764265]}},{"type":"Feature","properties":{"subsidence_mm":73.41,"tilt_deg":-0.23334,"strain_ue":203.69,"x_offset_m":135,"y_offset_m":0,"source":"NCB_PFM","nearest_asset_distance_m":99,"consequence_weight":2.4},"geometry":{"type":"Point","coordinates":[86.431725,23.7644]}},{"type":"Feature","properties":{"subsidence_mm":73.41,"tilt_deg":-0.23334,"strain_ue":203.69,"x_offset_m":135,"y_offset_m":15,"source":"NCB_PFM","nearest_asset_distance_m":90,"consequence_weight":2.46},"geometry":{"type":"Point","coordinates":[86.431725,23.764535]}},{"type":"Feature","properties":{"subsidence_mm":73.41,"tilt_deg":-0.23334,"strain_ue":203.69,"x_offset_m":135,"y_offset_m":30,"source":"NCB_PFM","nearest_asset_distance_m":82,"consequence_weight":2.51},"geometry":{"type":"Point","coordinates":[86.431725,23.764669]}},{"type":"Feature","properties":{"subsidence_mm":73.41,"tilt_deg":-0.23334,"strain_ue":203.69,"x_offset_m":135,"y_offset_m":45,"source":"NCB_PFM","nearest_asset_distance_m":77,"consequence_weight":2.54},"geometry":{"type":"Point","coordinates":[86.431725,23.764804]}},{"type":"Feature","properties":{"subsidence_mm":73.41,"tilt_deg":-0.23334,"strain_ue":203.69,"x_offset_m":135,"y_offset_m":60,"source":"NCB_PFM","nearest_asset_distance_m":74,"consequence_weight":2.56},"geometry":{"type":"Point","coordinates":[86.431725,23.764939]}},{"type":"Feature","properties":{"subsidence_mm":73.41,"tilt_deg":-0.23334,"strain_ue":203.69,"x_offset_m":135,"y_offset_m":75,"source":"NCB_PFM","nearest_asset_distance_m":74,"consequence_weight":2.55},"geometry":{"type":"Point","coordinates":[86.431725,23.765074]}},{"type":"Feature","properties":{"subsidence_mm":73.41,"tilt_deg":-0.23334,"strain_ue":203.69,"x_offset_m":135,"y_offset_m":90,"source":"NCB_PFM","nearest_asset_distance_m":77,"consequence_weight":2.54},"geometry":{"type":"Point","coordinates":[86.431725,23.765208]}},{"type":"Feature","properties":{"subsidence_mm":73.41,"tilt_deg":-0.23334,"strain_ue":203.69,"x_offset_m":135,"y_offset_m":105,"source":"NCB_PFM","nearest_asset_distance_m":83,"consequence_weight":2.5},"geometry":{"type":"Point","coordinates":[86.431725,23.765343]}},{"type":"Feature","properties":{"subsidence_mm":73.41,"tilt_deg":-0.23334,"strain_ue":203.69,"x_offset_m":135,"y_offset_m":120,"source":"NCB_PFM","nearest_asset_distance_m":91,"consequence_weight":2.45},"geometry":{"type":"Point","coordinates":[86.431725,23.765478]}},{"type":"Feature","properties":{"subsidence_mm":73.41,"tilt_deg":-0.23334,"strain_ue":203.69,"x_offset_m":135,"y_offset_m":135,"source":"NCB_PFM","nearest_asset_distance_m":100,"consequence_weight":2.4},"geometry":{"type":"Point","coordinates":[86.431725,23.765613]}},{"type":"Feature","properties":{"subsidence_mm":73.41,"tilt_deg":-0.23334,"strain_ue":203.69,"x_offset_m":135,"y_offset_m":150,"source":"NCB_PFM","nearest_asset_distance_m":111,"consequence_weight":2.33},"geometry":{"type":"Point","coordinates":[86.431725,23.765747]}},{"type":"Feature","properties":{"subsidence_mm":73.41,"tilt_deg":-0.23334,"strain_ue":203.69,"x_offset_m":135,"y_offset_m":165,"source":"NCB_PFM","nearest_asset_distance_m":123,"consequence_weight":2.26},"geometry":{"type":"Point","coordinates":[86.431725,23.765882]}},{"type":"Feature","properties":{"subsidence_mm":73.41,"tilt_deg":-0.23334,"strain_ue":203.69,"x_offset_m":135,"y_offset_m":180,"source":"NCB_PFM","nearest_asset_distance_m":135,"consequence_weight":2.19},"geometry":{"type":"Point","coordinates":[86.431725,23.766017]}},{"type":"Feature","properties":{"subsidence_mm":73.41,"tilt_deg":-0.23334,"strain_ue":203.69,"x_offset_m":135,"y_offset_m":195,"source":"NCB_PFM","nearest_asset_distance_m":148,"consequence_weight":2.11},"geometry":{"type":"Point","coordinates":[86.431725,23.766152]}},{"type":"Feature","properties":{"subsidence_mm":73.41,"tilt_deg":-0.23334,"strain_ue":203.69,"x_offset_m":135,"y_offset_m":210,"source":"NCB_PFM","nearest_asset_distance_m":161,"consequence_weight":2.03},"geometry":{"type":"Point","coordinates":[86.431725,23.766286]}},{"type":"Feature","properties":{"subsidence_mm":73.41,"tilt_deg":-0.23334,"strain_ue":203.69,"x_offset_m":135,"y_offset_m":225,"source":"NCB_PFM","nearest_asset_distance_m":174,"consequence_weight":1.95},"geometry":{"type":"Point","coordinates":[86.431725,23.766421]}},{"type":"Feature","properties":{"subsidence_mm":73.41,"tilt_deg":-0.23334,"strain_ue":203.69,"x_offset_m":135,"y_offset_m":240,"source":"NCB_PFM","nearest_asset_distance_m":188,"consequence_weight":1.87},"geometry":{"type":"Point","coordinates":[86.431725,23.766556]}},{"type":"Feature","properties":{"subsidence_mm":73.41,"tilt_deg":-0.23334,"strain_ue":203.69,"x_offset_m":135,"y_offset_m":255,"source":"NCB_PFM","nearest_asset_distance_m":202,"consequence_weight":1.79},"geometry":{"type":"Point","coordinates":[86.431725,23.766691]}},{"type":"Feature","properties":{"subsidence_mm":73.41,"tilt_deg":-0.23334,"strain_ue":203.69,"x_offset_m":135,"y_offset_m":270,"source":"NCB_PFM","nearest_asset_distance_m":216,"consequence_weight":1.7},"geometry":{"type":"Point","coordinates":[86.431725,23.766825]}},{"type":"Feature","properties":{"subsidence_mm":73.41,"tilt_deg":-0.23334,"strain_ue":203.69,"x_offset_m":135,"y_offset_m":285,"source":"NCB_PFM","nearest_asset_distance_m":230,"consequence_weight":1.62},"geometry":{"type":"Point","coordinates":[86.431725,23.76696]}},{"type":"Feature","properties":{"subsidence_mm":73.41,"tilt_deg":-0.23334,"strain_ue":203.69,"x_offset_m":135,"y_offset_m":300,"source":"NCB_PFM","nearest_asset_distance_m":244,"consequence_weight":1.53},"geometry":{"type":"Point","coordinates":[86.431725,23.767095]}},{"type":"Feature","properties":{"subsidence_mm":33.71,"tilt_deg":-0.11098,"strain_ue":105.97,"x_offset_m":150,"y_offset_m":-300,"source":"NCB_PFM","nearest_asset_distance_m":184,"consequence_weight":1.26},"geometry":{"type":"Point","coordinates":[86.431872,23.761705]}},{"type":"Feature","properties":{"subsidence_mm":33.71,"tilt_deg":-0.11098,"strain_ue":105.97,"x_offset_m":150,"y_offset_m":-285,"source":"NCB_PFM","nearest_asset_distance_m":173,"consequence_weight":1.31},"geometry":{"type":"Point","coordinates":[86.431872,23.76184]}},{"type":"Feature","properties":{"subsidence_mm":33.71,"tilt_deg":-0.11098,"strain_ue":105.97,"x_offset_m":150,"y_offset_m":-270,"source":"NCB_PFM","nearest_asset_distance_m":162,"consequence_weight":1.35},"geometry":{"type":"Point","coordinates":[86.431872,23.761975]}},{"type":"Feature","properties":{"subsidence_mm":33.71,"tilt_deg":-0.11098,"strain_ue":105.97,"x_offset_m":150,"y_offset_m":-255,"source":"NCB_PFM","nearest_asset_distance_m":152,"consequence_weight":1.39},"geometry":{"type":"Point","coordinates":[86.431872,23.762109]}},{"type":"Feature","properties":{"subsidence_mm":33.71,"tilt_deg":-0.11098,"strain_ue":105.97,"x_offset_m":150,"y_offset_m":-240,"source":"NCB_PFM","nearest_asset_distance_m":142,"consequence_weight":1.43},"geometry":{"type":"Point","coordinates":[86.431872,23.762244]}},{"type":"Feature","properties":{"subsidence_mm":33.71,"tilt_deg":-0.11098,"strain_ue":105.97,"x_offset_m":150,"y_offset_m":-225,"source":"NCB_PFM","nearest_asset_distance_m":134,"consequence_weight":1.46},"geometry":{"type":"Point","coordinates":[86.431872,23.762379]}},{"type":"Feature","properties":{"subsidence_mm":33.71,"tilt_deg":-0.11098,"strain_ue":105.97,"x_offset_m":150,"y_offset_m":-210,"source":"NCB_PFM","nearest_asset_distance_m":127,"consequence_weight":1.49},"geometry":{"type":"Point","coordinates":[86.431872,23.762514]}},{"type":"Feature","properties":{"subsidence_mm":33.71,"tilt_deg":-0.11098,"strain_ue":105.97,"x_offset_m":150,"y_offset_m":-195,"source":"NCB_PFM","nearest_asset_distance_m":121,"consequence_weight":1.51},"geometry":{"type":"Point","coordinates":[86.431872,23.762648]}},{"type":"Feature","properties":{"subsidence_mm":33.71,"tilt_deg":-0.11098,"strain_ue":105.97,"x_offset_m":150,"y_offset_m":-180,"source":"NCB_PFM","nearest_asset_distance_m":117,"consequence_weight":1.53},"geometry":{"type":"Point","coordinates":[86.431872,23.762783]}},{"type":"Feature","properties":{"subsidence_mm":33.71,"tilt_deg":-0.11098,"strain_ue":105.97,"x_offset_m":150,"y_offset_m":-165,"source":"NCB_PFM","nearest_asset_distance_m":115,"consequence_weight":1.54},"geometry":{"type":"Point","coordinates":[86.431872,23.762918]}},{"type":"Feature","properties":{"subsidence_mm":33.71,"tilt_deg":-0.11098,"strain_ue":105.97,"x_offset_m":150,"y_offset_m":-150,"source":"NCB_PFM","nearest_asset_distance_m":115,"consequence_weight":1.54},"geometry":{"type":"Point","coordinates":[86.431872,23.763053]}},{"type":"Feature","properties":{"subsidence_mm":33.71,"tilt_deg":-0.11098,"strain_ue":105.97,"x_offset_m":150,"y_offset_m":-135,"source":"NCB_PFM","nearest_asset_distance_m":117,"consequence_weight":1.53},"geometry":{"type":"Point","coordinates":[86.431872,23.763187]}},{"type":"Feature","properties":{"subsidence_mm":33.71,"tilt_deg":-0.11098,"strain_ue":105.97,"x_offset_m":150,"y_offset_m":-120,"source":"NCB_PFM","nearest_asset_distance_m":120,"consequence_weight":1.52},"geometry":{"type":"Point","coordinates":[86.431872,23.763322]}},{"type":"Feature","properties":{"subsidence_mm":33.71,"tilt_deg":-0.11098,"strain_ue":105.97,"x_offset_m":150,"y_offset_m":-105,"source":"NCB_PFM","nearest_asset_distance_m":126,"consequence_weight":1.5},"geometry":{"type":"Point","coordinates":[86.431872,23.763457]}},{"type":"Feature","properties":{"subsidence_mm":33.71,"tilt_deg":-0.11098,"strain_ue":105.97,"x_offset_m":150,"y_offset_m":-90,"source":"NCB_PFM","nearest_asset_distance_m":132,"consequence_weight":1.47},"geometry":{"type":"Point","coordinates":[86.431872,23.763592]}},{"type":"Feature","properties":{"subsidence_mm":33.71,"tilt_deg":-0.11098,"strain_ue":105.97,"x_offset_m":150,"y_offset_m":-75,"source":"NCB_PFM","nearest_asset_distance_m":140,"consequence_weight":1.44},"geometry":{"type":"Point","coordinates":[86.431872,23.763726]}},{"type":"Feature","properties":{"subsidence_mm":33.71,"tilt_deg":-0.11098,"strain_ue":105.97,"x_offset_m":150,"y_offset_m":-60,"source":"NCB_PFM","nearest_asset_distance_m":149,"consequence_weight":1.4},"geometry":{"type":"Point","coordinates":[86.431872,23.763861]}},{"type":"Feature","properties":{"subsidence_mm":33.71,"tilt_deg":-0.11098,"strain_ue":105.97,"x_offset_m":150,"y_offset_m":-45,"source":"NCB_PFM","nearest_asset_distance_m":143,"consequence_weight":2.14},"geometry":{"type":"Point","coordinates":[86.431872,23.763996]}},{"type":"Feature","properties":{"subsidence_mm":33.71,"tilt_deg":-0.11098,"strain_ue":105.97,"x_offset_m":150,"y_offset_m":-30,"source":"NCB_PFM","nearest_asset_distance_m":131,"consequence_weight":2.21},"geometry":{"type":"Point","coordinates":[86.431872,23.764131]}},{"type":"Feature","properties":{"subsidence_mm":33.71,"tilt_deg":-0.11098,"strain_ue":105.97,"x_offset_m":150,"y_offset_m":-15,"source":"NCB_PFM","nearest_asset_distance_m":121,"consequence_weight":2.28},"geometry":{"type":"Point","coordinates":[86.431872,23.764265]}},{"type":"Feature","properties":{"subsidence_mm":33.71,"tilt_deg":-0.11098,"strain_ue":105.97,"x_offset_m":150,"y_offset_m":0,"source":"NCB_PFM","nearest_asset_distance_m":111,"consequence_weight":2.33},"geometry":{"type":"Point","coordinates":[86.431872,23.7644]}},{"type":"Feature","properties":{"subsidence_mm":33.71,"tilt_deg":-0.11098,"strain_ue":105.97,"x_offset_m":150,"y_offset_m":15,"source":"NCB_PFM","nearest_asset_distance_m":103,"consequence_weight":2.38},"geometry":{"type":"Point","coordinates":[86.431872,23.764535]}},{"type":"Feature","properties":{"subsidence_mm":33.71,"tilt_deg":-0.11098,"strain_ue":105.97,"x_offset_m":150,"y_offset_m":30,"source":"NCB_PFM","nearest_asset_distance_m":96,"consequence_weight":2.42},"geometry":{"type":"Point","coordinates":[86.431872,23.764669]}},{"type":"Feature","properties":{"subsidence_mm":33.71,"tilt_deg":-0.11098,"strain_ue":105.97,"x_offset_m":150,"y_offset_m":45,"source":"NCB_PFM","nearest_asset_distance_m":91,"consequence_weight":2.45},"geometry":{"type":"Point","coordinates":[86.431872,23.764804]}},{"type":"Feature","properties":{"subsidence_mm":33.71,"tilt_deg":-0.11098,"strain_ue":105.97,"x_offset_m":150,"y_offset_m":60,"source":"NCB_PFM","nearest_asset_distance_m":89,"consequence_weight":2.47},"geometry":{"type":"Point","coordinates":[86.431872,23.764939]}},{"type":"Feature","properties":{"subsidence_mm":33.71,"tilt_deg":-0.11098,"strain_ue":105.97,"x_offset_m":150,"y_offset_m":75,"source":"NCB_PFM","nearest_asset_distance_m":89,"consequence_weight":2.47},"geometry":{"type":"Point","coordinates":[86.431872,23.765074]}},{"type":"Feature","properties":{"subsidence_mm":33.71,"tilt_deg":-0.11098,"strain_ue":105.97,"x_offset_m":150,"y_offset_m":90,"source":"NCB_PFM","nearest_asset_distance_m":92,"consequence_weight":2.45},"geometry":{"type":"Point","coordinates":[86.431872,23.765208]}},{"type":"Feature","properties":{"subsidence_mm":33.71,"tilt_deg":-0.11098,"strain_ue":105.97,"x_offset_m":150,"y_offset_m":105,"source":"NCB_PFM","nearest_asset_distance_m":97,"consequence_weight":2.42},"geometry":{"type":"Point","coordinates":[86.431872,23.765343]}},{"type":"Feature","properties":{"subsidence_mm":33.71,"tilt_deg":-0.11098,"strain_ue":105.97,"x_offset_m":150,"y_offset_m":120,"source":"NCB_PFM","nearest_asset_distance_m":103,"consequence_weight":2.38},"geometry":{"type":"Point","coordinates":[86.431872,23.765478]}},{"type":"Feature","properties":{"subsidence_mm":33.71,"tilt_deg":-0.11098,"strain_ue":105.97,"x_offset_m":150,"y_offset_m":135,"source":"NCB_PFM","nearest_asset_distance_m":112,"consequence_weight":2.33},"geometry":{"type":"Point","coordinates":[86.431872,23.765613]}},{"type":"Feature","properties":{"subsidence_mm":33.71,"tilt_deg":-0.11098,"strain_ue":105.97,"x_offset_m":150,"y_offset_m":150,"source":"NCB_PFM","nearest_asset_distance_m":122,"consequence_weight":2.27},"geometry":{"type":"Point","coordinates":[86.431872,23.765747]}},{"type":"Feature","properties":{"subsidence_mm":33.71,"tilt_deg":-0.11098,"strain_ue":105.97,"x_offset_m":150,"y_offset_m":165,"source":"NCB_PFM","nearest_asset_distance_m":132,"consequence_weight":2.21},"geometry":{"type":"Point","coordinates":[86.431872,23.765882]}},{"type":"Feature","properties":{"subsidence_mm":33.71,"tilt_deg":-0.11098,"strain_ue":105.97,"x_offset_m":150,"y_offset_m":180,"source":"NCB_PFM","nearest_asset_distance_m":144,"consequence_weight":2.14},"geometry":{"type":"Point","coordinates":[86.431872,23.766017]}},{"type":"Feature","properties":{"subsidence_mm":33.71,"tilt_deg":-0.11098,"strain_ue":105.97,"x_offset_m":150,"y_offset_m":195,"source":"NCB_PFM","nearest_asset_distance_m":156,"consequence_weight":2.07},"geometry":{"type":"Point","coordinates":[86.431872,23.766152]}},{"type":"Feature","properties":{"subsidence_mm":33.71,"tilt_deg":-0.11098,"strain_ue":105.97,"x_offset_m":150,"y_offset_m":210,"source":"NCB_PFM","nearest_asset_distance_m":168,"consequence_weight":1.99},"geometry":{"type":"Point","coordinates":[86.431872,23.766286]}},{"type":"Feature","properties":{"subsidence_mm":33.71,"tilt_deg":-0.11098,"strain_ue":105.97,"x_offset_m":150,"y_offset_m":225,"source":"NCB_PFM","nearest_asset_distance_m":181,"consequence_weight":1.91},"geometry":{"type":"Point","coordinates":[86.431872,23.766421]}},{"type":"Feature","properties":{"subsidence_mm":33.71,"tilt_deg":-0.11098,"strain_ue":105.97,"x_offset_m":150,"y_offset_m":240,"source":"NCB_PFM","nearest_asset_distance_m":194,"consequence_weight":1.83},"geometry":{"type":"Point","coordinates":[86.431872,23.766556]}},{"type":"Feature","properties":{"subsidence_mm":33.71,"tilt_deg":-0.11098,"strain_ue":105.97,"x_offset_m":150,"y_offset_m":255,"source":"NCB_PFM","nearest_asset_distance_m":208,"consequence_weight":1.75},"geometry":{"type":"Point","coordinates":[86.431872,23.766691]}},{"type":"Feature","properties":{"subsidence_mm":33.71,"tilt_deg":-0.11098,"strain_ue":105.97,"x_offset_m":150,"y_offset_m":270,"source":"NCB_PFM","nearest_asset_distance_m":221,"consequence_weight":1.67},"geometry":{"type":"Point","coordinates":[86.431872,23.766825]}},{"type":"Feature","properties":{"subsidence_mm":33.71,"tilt_deg":-0.11098,"strain_ue":105.97,"x_offset_m":150,"y_offset_m":285,"source":"NCB_PFM","nearest_asset_distance_m":235,"consequence_weight":1.59},"geometry":{"type":"Point","coordinates":[86.431872,23.76696]}},{"type":"Feature","properties":{"subsidence_mm":33.71,"tilt_deg":-0.11098,"strain_ue":105.97,"x_offset_m":150,"y_offset_m":300,"source":"NCB_PFM","nearest_asset_distance_m":249,"consequence_weight":1.5},"geometry":{"type":"Point","coordinates":[86.431872,23.767095]}},{"type":"Feature","properties":{"subsidence_mm":15.3,"tilt_deg":-0.0512,"strain_ue":51.02,"x_offset_m":165,"y_offset_m":-300,"source":"NCB_PFM","nearest_asset_distance_m":175,"consequence_weight":1.3},"geometry":{"type":"Point","coordinates":[86.43202,23.761705]}},{"type":"Feature","properties":{"subsidence_mm":15.3,"tilt_deg":-0.0512,"strain_ue":51.02,"x_offset_m":165,"y_offset_m":-285,"source":"NCB_PFM","nearest_asset_distance_m":163,"consequence_weight":1.35},"geometry":{"type":"Point","coordinates":[86.43202,23.76184]}},{"type":"Feature","properties":{"subsidence_mm":15.3,"tilt_deg":-0.0512,"strain_ue":51.02,"x_offset_m":165,"y_offset_m":-270,"source":"NCB_PFM","nearest_asset_distance_m":151,"consequence_weight":1.39},"geometry":{"type":"Point","coordinates":[86.43202,23.761975]}},{"type":"Feature","properties":{"subsidence_mm":15.3,"tilt_deg":-0.0512,"strain_ue":51.02,"x_offset_m":165,"y_offset_m":-255,"source":"NCB_PFM","nearest_asset_distance_m":141,"consequence_weight":1.44},"geometry":{"type":"Point","coordinates":[86.43202,23.762109]}},{"type":"Feature","properties":{"subsidence_mm":15.3,"tilt_deg":-0.0512,"strain_ue":51.02,"x_offset_m":165,"y_offset_m":-240,"source":"NCB_PFM","nearest_asset_distance_m":130,"consequence_weight":1.48},"geometry":{"type":"Point","coordinates":[86.43202,23.762244]}},{"type":"Feature","properties":{"subsidence_mm":15.3,"tilt_deg":-0.0512,"strain_ue":51.02,"x_offset_m":165,"y_offset_m":-225,"source":"NCB_PFM","nearest_asset_distance_m":121,"consequence_weight":1.51},"geometry":{"type":"Point","coordinates":[86.43202,23.762379]}},{"type":"Feature","properties":{"subsidence_mm":15.3,"tilt_deg":-0.0512,"strain_ue":51.02,"x_offset_m":165,"y_offset_m":-210,"source":"NCB_PFM","nearest_asset_distance_m":113,"consequence_weight":1.55},"geometry":{"type":"Point","coordinates":[86.43202,23.762514]}},{"type":"Feature","properties":{"subsidence_mm":15.3,"tilt_deg":-0.0512,"strain_ue":51.02,"x_offset_m":165,"y_offset_m":-195,"source":"NCB_PFM","nearest_asset_distance_m":107,"consequence_weight":1.57},"geometry":{"type":"Point","coordinates":[86.43202,23.762648]}},{"type":"Feature","properties":{"subsidence_mm":15.3,"tilt_deg":-0.0512,"strain_ue":51.02,"x_offset_m":165,"y_offset_m":-180,"source":"NCB_PFM","nearest_asset_distance_m":103,"consequence_weight":1.59},"geometry":{"type":"Point","coordinates":[86.43202,23.762783]}},{"type":"Feature","properties":{"subsidence_mm":15.3,"tilt_deg":-0.0512,"strain_ue":51.02,"x_offset_m":165,"y_offset_m":-165,"source":"NCB_PFM","nearest_asset_distance_m":100,"consequence_weight":1.6},"geometry":{"type":"Point","coordinates":[86.43202,23.762918]}},{"type":"Feature","properties":{"subsidence_mm":15.3,"tilt_deg":-0.0512,"strain_ue":51.02,"x_offset_m":165,"y_offset_m":-150,"source":"NCB_PFM","nearest_asset_distance_m":100,"consequence_weight":1.6},"geometry":{"type":"Point","coordinates":[86.43202,23.763053]}},{"type":"Feature","properties":{"subsidence_mm":15.3,"tilt_deg":-0.0512,"strain_ue":51.02,"x_offset_m":165,"y_offset_m":-135,"source":"NCB_PFM","nearest_asset_distance_m":102,"consequence_weight":1.59},"geometry":{"type":"Point","coordinates":[86.43202,23.763187]}},{"type":"Feature","properties":{"subsidence_mm":15.3,"tilt_deg":-0.0512,"strain_ue":51.02,"x_offset_m":165,"y_offset_m":-120,"source":"NCB_PFM","nearest_asset_distance_m":106,"consequence_weight":1.58},"geometry":{"type":"Point","coordinates":[86.43202,23.763322]}},{"type":"Feature","properties":{"subsidence_mm":15.3,"tilt_deg":-0.0512,"strain_ue":51.02,"x_offset_m":165,"y_offset_m":-105,"source":"NCB_PFM","nearest_asset_distance_m":112,"consequence_weight":1.55},"geometry":{"type":"Point","coordinates":[86.43202,23.763457]}},{"type":"Feature","properties":{"subsidence_mm":15.3,"tilt_deg":-0.0512,"strain_ue":51.02,"x_offset_m":165,"y_offset_m":-90,"source":"NCB_PFM","nearest_asset_distance_m":119,"consequence_weight":1.52},"geometry":{"type":"Point","coordinates":[86.43202,23.763592]}},{"type":"Feature","properties":{"subsidence_mm":15.3,"tilt_deg":-0.0512,"strain_ue":51.02,"x_offset_m":165,"y_offset_m":-75,"source":"NCB_PFM","nearest_asset_distance_m":128,"consequence_weight":1.49},"geometry":{"type":"Point","coordinates":[86.43202,23.763726]}},{"type":"Feature","properties":{"subsidence_mm":15.3,"tilt_deg":-0.0512,"strain_ue":51.02,"x_offset_m":165,"y_offset_m":-60,"source":"NCB_PFM","nearest_asset_distance_m":138,"consequence_weight":1.45},"geometry":{"type":"Point","coordinates":[86.43202,23.763861]}},{"type":"Feature","properties":{"subsidence_mm":15.3,"tilt_deg":-0.0512,"strain_ue":51.02,"x_offset_m":165,"y_offset_m":-45,"source":"NCB_PFM","nearest_asset_distance_m":149,"consequence_weight":1.4},"geometry":{"type":"Point","coordinates":[86.43202,23.763996]}},{"type":"Feature","properties":{"subsidence_mm":15.3,"tilt_deg":-0.0512,"strain_ue":51.02,"x_offset_m":165,"y_offset_m":-30,"source":"NCB_PFM","nearest_asset_distance_m":142,"consequence_weight":2.15},"geometry":{"type":"Point","coordinates":[86.43202,23.764131]}},{"type":"Feature","properties":{"subsidence_mm":15.3,"tilt_deg":-0.0512,"strain_ue":51.02,"x_offset_m":165,"y_offset_m":-15,"source":"NCB_PFM","nearest_asset_distance_m":132,"consequence_weight":2.21},"geometry":{"type":"Point","coordinates":[86.43202,23.764265]}},{"type":"Feature","properties":{"subsidence_mm":15.3,"tilt_deg":-0.0512,"strain_ue":51.02,"x_offset_m":165,"y_offset_m":0,"source":"NCB_PFM","nearest_asset_distance_m":123,"consequence_weight":2.26},"geometry":{"type":"Point","coordinates":[86.43202,23.7644]}},{"type":"Feature","properties":{"subsidence_mm":15.3,"tilt_deg":-0.0512,"strain_ue":51.02,"x_offset_m":165,"y_offset_m":15,"source":"NCB_PFM","nearest_asset_distance_m":116,"consequence_weight":2.3},"geometry":{"type":"Point","coordinates":[86.43202,23.764535]}},{"type":"Feature","properties":{"subsidence_mm":15.3,"tilt_deg":-0.0512,"strain_ue":51.02,"x_offset_m":165,"y_offset_m":30,"source":"NCB_PFM","nearest_asset_distance_m":110,"consequence_weight":2.34},"geometry":{"type":"Point","coordinates":[86.43202,23.764669]}},{"type":"Feature","properties":{"subsidence_mm":15.3,"tilt_deg":-0.0512,"strain_ue":51.02,"x_offset_m":165,"y_offset_m":45,"source":"NCB_PFM","nearest_asset_distance_m":106,"consequence_weight":2.36},"geometry":{"type":"Point","coordinates":[86.43202,23.764804]}},{"type":"Feature","properties":{"subsidence_mm":15.3,"tilt_deg":-0.0512,"strain_ue":51.02,"x_offset_m":165,"y_offset_m":60,"source":"NCB_PFM","nearest_asset_distance_m":104,"consequence_weight":2.38},"geometry":{"type":"Point","coordinates":[86.43202,23.764939]}},{"type":"Feature","properties":{"subsidence_mm":15.3,"tilt_deg":-0.0512,"strain_ue":51.02,"x_offset_m":165,"y_offset_m":75,"source":"NCB_PFM","nearest_asset_distance_m":104,"consequence_weight":2.38},"geometry":{"type":"Point","coordinates":[86.43202,23.765074]}},{"type":"Feature","properties":{"subsidence_mm":15.3,"tilt_deg":-0.0512,"strain_ue":51.02,"x_offset_m":165,"y_offset_m":90,"source":"NCB_PFM","nearest_asset_distance_m":106,"consequence_weight":2.36},"geometry":{"type":"Point","coordinates":[86.43202,23.765208]}},{"type":"Feature","properties":{"subsidence_mm":15.3,"tilt_deg":-0.0512,"strain_ue":51.02,"x_offset_m":165,"y_offset_m":105,"source":"NCB_PFM","nearest_asset_distance_m":111,"consequence_weight":2.34},"geometry":{"type":"Point","coordinates":[86.43202,23.765343]}},{"type":"Feature","properties":{"subsidence_mm":15.3,"tilt_deg":-0.0512,"strain_ue":51.02,"x_offset_m":165,"y_offset_m":120,"source":"NCB_PFM","nearest_asset_distance_m":117,"consequence_weight":2.3},"geometry":{"type":"Point","coordinates":[86.43202,23.765478]}},{"type":"Feature","properties":{"subsidence_mm":15.3,"tilt_deg":-0.0512,"strain_ue":51.02,"x_offset_m":165,"y_offset_m":135,"source":"NCB_PFM","nearest_asset_distance_m":124,"consequence_weight":2.25},"geometry":{"type":"Point","coordinates":[86.43202,23.765613]}},{"type":"Feature","properties":{"subsidence_mm":15.3,"tilt_deg":-0.0512,"strain_ue":51.02,"x_offset_m":165,"y_offset_m":150,"source":"NCB_PFM","nearest_asset_distance_m":133,"consequence_weight":2.2},"geometry":{"type":"Point","coordinates":[86.43202,23.765747]}},{"type":"Feature","properties":{"subsidence_mm":15.3,"tilt_deg":-0.0512,"strain_ue":51.02,"x_offset_m":165,"y_offset_m":165,"source":"NCB_PFM","nearest_asset_distance_m":143,"consequence_weight":2.14},"geometry":{"type":"Point","coordinates":[86.43202,23.765882]}},{"type":"Feature","properties":{"subsidence_mm":15.3,"tilt_deg":-0.0512,"strain_ue":51.02,"x_offset_m":165,"y_offset_m":180,"source":"NCB_PFM","nearest_asset_distance_m":154,"consequence_weight":2.08},"geometry":{"type":"Point","coordinates":[86.43202,23.766017]}},{"type":"Feature","properties":{"subsidence_mm":15.3,"tilt_deg":-0.0512,"strain_ue":51.02,"x_offset_m":165,"y_offset_m":195,"source":"NCB_PFM","nearest_asset_distance_m":165,"consequence_weight":2.01},"geometry":{"type":"Point","coordinates":[86.43202,23.766152]}},{"type":"Feature","properties":{"subsidence_mm":15.3,"tilt_deg":-0.0512,"strain_ue":51.02,"x_offset_m":165,"y_offset_m":210,"source":"NCB_PFM","nearest_asset_distance_m":177,"consequence_weight":1.94},"geometry":{"type":"Point","coordinates":[86.43202,23.766286]}},{"type":"Feature","properties":{"subsidence_mm":15.3,"tilt_deg":-0.0512,"strain_ue":51.02,"x_offset_m":165,"y_offset_m":225,"source":"NCB_PFM","nearest_asset_distance_m":189,"consequence_weight":1.87},"geometry":{"type":"Point","coordinates":[86.43202,23.766421]}},{"type":"Feature","properties":{"subsidence_mm":15.3,"tilt_deg":-0.0512,"strain_ue":51.02,"x_offset_m":165,"y_offset_m":240,"source":"NCB_PFM","nearest_asset_distance_m":202,"consequence_weight":1.79},"geometry":{"type":"Point","coordinates":[86.43202,23.766556]}},{"type":"Feature","properties":{"subsidence_mm":15.3,"tilt_deg":-0.0512,"strain_ue":51.02,"x_offset_m":165,"y_offset_m":255,"source":"NCB_PFM","nearest_asset_distance_m":215,"consequence_weight":1.71},"geometry":{"type":"Point","coordinates":[86.43202,23.766691]}},{"type":"Feature","properties":{"subsidence_mm":15.3,"tilt_deg":-0.0512,"strain_ue":51.02,"x_offset_m":165,"y_offset_m":270,"source":"NCB_PFM","nearest_asset_distance_m":228,"consequence_weight":1.63},"geometry":{"type":"Point","coordinates":[86.43202,23.766825]}},{"type":"Feature","properties":{"subsidence_mm":15.3,"tilt_deg":-0.0512,"strain_ue":51.02,"x_offset_m":165,"y_offset_m":285,"source":"NCB_PFM","nearest_asset_distance_m":241,"consequence_weight":1.55},"geometry":{"type":"Point","coordinates":[86.43202,23.76696]}},{"type":"Feature","properties":{"subsidence_mm":15.3,"tilt_deg":-0.0512,"strain_ue":51.02,"x_offset_m":165,"y_offset_m":300,"source":"NCB_PFM","nearest_asset_distance_m":255,"consequence_weight":1.47},"geometry":{"type":"Point","coordinates":[86.43202,23.767095]}},{"type":"Feature","properties":{"subsidence_mm":6.91,"tilt_deg":-0.02328,"strain_ue":23.67,"x_offset_m":180,"y_offset_m":-300,"source":"NCB_PFM","nearest_asset_distance_m":167,"consequence_weight":1.33},"geometry":{"type":"Point","coordinates":[86.432167,23.761705]}},{"type":"Feature","properties":{"subsidence_mm":6.91,"tilt_deg":-0.02328,"strain_ue":23.67,"x_offset_m":180,"y_offset_m":-285,"source":"NCB_PFM","nearest_asset_distance_m":154,"consequence_weight":1.38},"geometry":{"type":"Point","coordinates":[86.432167,23.76184]}},{"type":"Feature","properties":{"subsidence_mm":6.91,"tilt_deg":-0.02328,"strain_ue":23.67,"x_offset_m":180,"y_offset_m":-270,"source":"NCB_PFM","nearest_asset_distance_m":142,"consequence_weight":1.43},"geometry":{"type":"Point","coordinates":[86.432167,23.761975]}},{"type":"Feature","properties":{"subsidence_mm":6.91,"tilt_deg":-0.02328,"strain_ue":23.67,"x_offset_m":180,"y_offset_m":-255,"source":"NCB_PFM","nearest_asset_distance_m":130,"consequence_weight":1.48},"geometry":{"type":"Point","coordinates":[86.432167,23.762109]}},{"type":"Feature","properties":{"subsidence_mm":6.91,"tilt_deg":-0.02328,"strain_ue":23.67,"x_offset_m":180,"y_offset_m":-240,"source":"NCB_PFM","nearest_asset_distance_m":119,"consequence_weight":1.52},"geometry":{"type":"Point","coordinates":[86.432167,23.762244]}},{"type":"Feature","properties":{"subsidence_mm":6.91,"tilt_deg":-0.02328,"strain_ue":23.67,"x_offset_m":180,"y_offset_m":-225,"source":"NCB_PFM","nearest_asset_distance_m":109,"consequence_weight":1.56},"geometry":{"type":"Point","coordinates":[86.432167,23.762379]}},{"type":"Feature","properties":{"subsidence_mm":6.91,"tilt_deg":-0.02328,"strain_ue":23.67,"x_offset_m":180,"y_offset_m":-210,"source":"NCB_PFM","nearest_asset_distance_m":101,"consequence_weight":1.6},"geometry":{"type":"Point","coordinates":[86.432167,23.762514]}},{"type":"Feature","properties":{"subsidence_mm":6.91,"tilt_deg":-0.02328,"strain_ue":23.67,"x_offset_m":180,"y_offset_m":-195,"source":"NCB_PFM","nearest_asset_distance_m":93,"consequence_weight":1.63},"geometry":{"type":"Point","coordinates":[86.432167,23.762648]}},{"type":"Feature","properties":{"subsidence_mm":6.91,"tilt_deg":-0.02328,"strain_ue":23.67,"x_offset_m":180,"y_offset_m":-180,"source":"NCB_PFM","nearest_asset_distance_m":88,"consequence_weight":1.65},"geometry":{"type":"Point","coordinates":[86.432167,23.762783]}},{"type":"Feature","properties":{"subsidence_mm":6.91,"tilt_deg":-0.02328,"strain_ue":23.67,"x_offset_m":180,"y_offset_m":-165,"source":"NCB_PFM","nearest_asset_distance_m":85,"consequence_weight":1.66},"geometry":{"type":"Point","coordinates":[86.432167,23.762918]}},{"type":"Feature","properties":{"subsidence_mm":6.91,"tilt_deg":-0.02328,"strain_ue":23.67,"x_offset_m":180,"y_offset_m":-150,"source":"NCB_PFM","nearest_asset_distance_m":85,"consequence_weight":1.66},"geometry":{"type":"Point","coordinates":[86.432167,23.763053]}},{"type":"Feature","properties":{"subsidence_mm":6.91,"tilt_deg":-0.02328,"strain_ue":23.67,"x_offset_m":180,"y_offset_m":-135,"source":"NCB_PFM","nearest_asset_distance_m":87,"consequence_weight":1.65},"geometry":{"type":"Point","coordinates":[86.432167,23.763187]}},{"type":"Feature","properties":{"subsidence_mm":6.91,"tilt_deg":-0.02328,"strain_ue":23.67,"x_offset_m":180,"y_offset_m":-120,"source":"NCB_PFM","nearest_asset_distance_m":92,"consequence_weight":1.63},"geometry":{"type":"Point","coordinates":[86.432167,23.763322]}},{"type":"Feature","properties":{"subsidence_mm":6.91,"tilt_deg":-0.02328,"strain_ue":23.67,"x_offset_m":180,"y_offset_m":-105,"source":"NCB_PFM","nearest_asset_distance_m":99,"consequence_weight":1.6},"geometry":{"type":"Point","coordinates":[86.432167,23.763457]}},{"type":"Feature","properties":{"subsidence_mm":6.91,"tilt_deg":-0.02328,"strain_ue":23.67,"x_offset_m":180,"y_offset_m":-90,"source":"NCB_PFM","nearest_asset_distance_m":107,"consequence_weight":1.57},"geometry":{"type":"Point","coordinates":[86.432167,23.763592]}},{"type":"Feature","properties":{"subsidence_mm":6.91,"tilt_deg":-0.02328,"strain_ue":23.67,"x_offset_m":180,"y_offset_m":-75,"source":"NCB_PFM","nearest_asset_distance_m":117,"consequence_weight":1.53},"geometry":{"type":"Point","coordinates":[86.432167,23.763726]}},{"type":"Feature","properties":{"subsidence_mm":6.91,"tilt_deg":-0.02328,"strain_ue":23.67,"x_offset_m":180,"y_offset_m":-60,"source":"NCB_PFM","nearest_asset_distance_m":128,"consequence_weight":1.49},"geometry":{"type":"Point","coordinates":[86.432167,23.763861]}},{"type":"Feature","properties":{"subsidence_mm":6.91,"tilt_deg":-0.02328,"strain_ue":23.67,"x_offset_m":180,"y_offset_m":-45,"source":"NCB_PFM","nearest_asset_distance_m":139,"consequence_weight":1.44},"geometry":{"type":"Point","coordinates":[86.432167,23.763996]}},{"type":"Feature","properties":{"subsidence_mm":6.91,"tilt_deg":-0.02328,"strain_ue":23.67,"x_offset_m":180,"y_offset_m":-30,"source":"NCB_PFM","nearest_asset_distance_m":152,"consequence_weight":1.39},"geometry":{"type":"Point","coordinates":[86.432167,23.764131]}},{"type":"Feature","properties":{"subsidence_mm":6.91,"tilt_deg":-0.02328,"strain_ue":23.67,"x_offset_m":180,"y_offset_m":-15,"source":"NCB_PFM","nearest_asset_distance_m":144,"consequence_weight":2.14},"geometry":{"type":"Point","coordinates":[86.432167,23.764265]}},{"type":"Feature","properties":{"subsidence_mm":6.91,"tilt_deg":-0.02328,"strain_ue":23.67,"x_offset_m":180,"y_offset_m":0,"source":"NCB_PFM","nearest_asset_distance_m":136,"consequence_weight":2.18},"geometry":{"type":"Point","coordinates":[86.432167,23.7644]}},{"type":"Feature","properties":{"subsidence_mm":6.91,"tilt_deg":-0.02328,"strain_ue":23.67,"x_offset_m":180,"y_offset_m":15,"source":"NCB_PFM","nearest_asset_distance_m":130,"consequence_weight":2.22},"geometry":{"type":"Point","coordinates":[86.432167,23.764535]}},{"type":"Feature","properties":{"subsidence_mm":6.91,"tilt_deg":-0.02328,"strain_ue":23.67,"x_offset_m":180,"y_offset_m":30,"source":"NCB_PFM","nearest_asset_distance_m":124,"consequence_weight":2.25},"geometry":{"type":"Point","coordinates":[86.432167,23.764669]}},{"type":"Feature","properties":{"subsidence_mm":6.91,"tilt_deg":-0.02328,"strain_ue":23.67,"x_offset_m":180,"y_offset_m":45,"source":"NCB_PFM","nearest_asset_distance_m":121,"consequence_weight":2.28},"geometry":{"type":"Point","coordinates":[86.432167,23.764804]}},{"type":"Feature","properties":{"subsidence_mm":6.91,"tilt_deg":-0.02328,"strain_ue":23.67,"x_offset_m":180,"y_offset_m":60,"source":"NCB_PFM","nearest_asset_distance_m":119,"consequence_weight":2.29},"geometry":{"type":"Point","coordinates":[86.432167,23.764939]}},{"type":"Feature","properties":{"subsidence_mm":6.91,"tilt_deg":-0.02328,"strain_ue":23.67,"x_offset_m":180,"y_offset_m":75,"source":"NCB_PFM","nearest_asset_distance_m":119,"consequence_weight":2.29},"geometry":{"type":"Point","coordinates":[86.432167,23.765074]}},{"type":"Feature","properties":{"subsidence_mm":6.91,"tilt_deg":-0.02328,"strain_ue":23.67,"x_offset_m":180,"y_offset_m":90,"source":"NCB_PFM","nearest_asset_distance_m":121,"consequence_weight":2.27},"geometry":{"type":"Point","coordinates":[86.432167,23.765208]}},{"type":"Feature","properties":{"subsidence_mm":6.91,"tilt_deg":-0.02328,"strain_ue":23.67,"x_offset_m":180,"y_offset_m":105,"source":"NCB_PFM","nearest_asset_distance_m":125,"consequence_weight":2.25},"geometry":{"type":"Point","coordinates":[86.432167,23.765343]}},{"type":"Feature","properties":{"subsidence_mm":6.91,"tilt_deg":-0.02328,"strain_ue":23.67,"x_offset_m":180,"y_offset_m":120,"source":"NCB_PFM","nearest_asset_distance_m":130,"consequence_weight":2.22},"geometry":{"type":"Point","coordinates":[86.432167,23.765478]}},{"type":"Feature","properties":{"subsidence_mm":6.91,"tilt_deg":-0.02328,"strain_ue":23.67,"x_offset_m":180,"y_offset_m":135,"source":"NCB_PFM","nearest_asset_distance_m":137,"consequence_weight":2.18},"geometry":{"type":"Point","coordinates":[86.432167,23.765613]}},{"type":"Feature","properties":{"subsidence_mm":6.91,"tilt_deg":-0.02328,"strain_ue":23.67,"x_offset_m":180,"y_offset_m":150,"source":"NCB_PFM","nearest_asset_distance_m":145,"consequence_weight":2.13},"geometry":{"type":"Point","coordinates":[86.432167,23.765747]}},{"type":"Feature","properties":{"subsidence_mm":6.91,"tilt_deg":-0.02328,"strain_ue":23.67,"x_offset_m":180,"y_offset_m":165,"source":"NCB_PFM","nearest_asset_distance_m":154,"consequence_weight":2.08},"geometry":{"type":"Point","coordinates":[86.432167,23.765882]}},{"type":"Feature","properties":{"subsidence_mm":6.91,"tilt_deg":-0.02328,"strain_ue":23.67,"x_offset_m":180,"y_offset_m":180,"source":"NCB_PFM","nearest_asset_distance_m":164,"consequence_weight":2.02},"geometry":{"type":"Point","coordinates":[86.432167,23.766017]}},{"type":"Feature","properties":{"subsidence_mm":6.91,"tilt_deg":-0.02328,"strain_ue":23.67,"x_offset_m":180,"y_offset_m":195,"source":"NCB_PFM","nearest_asset_distance_m":175,"consequence_weight":1.95},"geometry":{"type":"Point","coordinates":[86.432167,23.766152]}},{"type":"Feature","properties":{"subsidence_mm":6.91,"tilt_deg":-0.02328,"strain_ue":23.67,"x_offset_m":180,"y_offset_m":210,"source":"NCB_PFM","nearest_asset_distance_m":186,"consequence_weight":1.88},"geometry":{"type":"Point","coordinates":[86.432167,23.766286]}},{"type":"Feature","properties":{"subsidence_mm":6.91,"tilt_deg":-0.02328,"strain_ue":23.67,"x_offset_m":180,"y_offset_m":225,"source":"NCB_PFM","nearest_asset_distance_m":198,"consequence_weight":1.81},"geometry":{"type":"Point","coordinates":[86.432167,23.766421]}},{"type":"Feature","properties":{"subsidence_mm":6.91,"tilt_deg":-0.02328,"strain_ue":23.67,"x_offset_m":180,"y_offset_m":240,"source":"NCB_PFM","nearest_asset_distance_m":210,"consequence_weight":1.74},"geometry":{"type":"Point","coordinates":[86.432167,23.766556]}},{"type":"Feature","properties":{"subsidence_mm":6.91,"tilt_deg":-0.02328,"strain_ue":23.67,"x_offset_m":180,"y_offset_m":255,"source":"NCB_PFM","nearest_asset_distance_m":222,"consequence_weight":1.67},"geometry":{"type":"Point","coordinates":[86.432167,23.766691]}},{"type":"Feature","properties":{"subsidence_mm":6.91,"tilt_deg":-0.02328,"strain_ue":23.67,"x_offset_m":180,"y_offset_m":270,"source":"NCB_PFM","nearest_asset_distance_m":235,"consequence_weight":1.59},"geometry":{"type":"Point","coordinates":[86.432167,23.766825]}},{"type":"Feature","properties":{"subsidence_mm":6.91,"tilt_deg":-0.02328,"strain_ue":23.67,"x_offset_m":180,"y_offset_m":285,"source":"NCB_PFM","nearest_asset_distance_m":248,"consequence_weight":1.51},"geometry":{"type":"Point","coordinates":[86.432167,23.76696]}},{"type":"Feature","properties":{"subsidence_mm":6.91,"tilt_deg":-0.02328,"strain_ue":23.67,"x_offset_m":180,"y_offset_m":300,"source":"NCB_PFM","nearest_asset_distance_m":261,"consequence_weight":1.43},"geometry":{"type":"Point","coordinates":[86.432167,23.767095]}},{"type":"Feature","properties":{"subsidence_mm":3.11,"tilt_deg":-0.01052,"strain_ue":10.79,"x_offset_m":195,"y_offset_m":-300,"source":"NCB_PFM","nearest_asset_distance_m":160,"consequence_weight":1.36},"geometry":{"type":"Point","coordinates":[86.432314,23.761705]}},{"type":"Feature","properties":{"subsidence_mm":3.11,"tilt_deg":-0.01052,"strain_ue":10.79,"x_offset_m":195,"y_offset_m":-285,"source":"NCB_PFM","nearest_asset_distance_m":147,"consequence_weight":1.41},"geometry":{"type":"Point","coordinates":[86.432314,23.76184]}},{"type":"Feature","properties":{"subsidence_mm":3.11,"tilt_deg":-0.01052,"strain_ue":10.79,"x_offset_m":195,"y_offset_m":-270,"source":"NCB_PFM","nearest_asset_distance_m":134,"consequence_weight":1.47},"geometry":{"type":"Point","coordinates":[86.432314,23.761975]}},{"type":"Feature","properties":{"subsidence_mm":3.11,"tilt_deg":-0.01052,"strain_ue":10.79,"x_offset_m":195,"y_offset_m":-255,"source":"NCB_PFM","nearest_asset_distance_m":121,"consequence_weight":1.52},"geometry":{"type":"Point","coordinates":[86.432314,23.762109]}},{"type":"Feature","properties":{"subsidence_mm":3.11,"tilt_deg":-0.01052,"strain_ue":10.79,"x_offset_m":195,"y_offset_m":-240,"source":"NCB_PFM","nearest_asset_distance_m":109,"consequence_weight":1.56},"geometry":{"type":"Point","coordinates":[86.432314,23.762244]}},{"type":"Feature","properties":{"subsidence_mm":3.11,"tilt_deg":-0.01052,"strain_ue":10.79,"x_offset_m":195,"y_offset_m":-225,"source":"NCB_PFM","nearest_asset_distance_m":98,"consequence_weight":1.61},"geometry":{"type":"Point","coordinates":[86.432314,23.762379]}},{"type":"Feature","properties":{"subsidence_mm":3.11,"tilt_deg":-0.01052,"strain_ue":10.79,"x_offset_m":195,"y_offset_m":-210,"source":"NCB_PFM","nearest_asset_distance_m":88,"consequence_weight":1.65},"geometry":{"type":"Point","coordinates":[86.432314,23.762514]}},{"type":"Feature","properties":{"subsidence_mm":3.11,"tilt_deg":-0.01052,"strain_ue":10.79,"x_offset_m":195,"y_offset_m":-195,"source":"NCB_PFM","nearest_asset_distance_m":80,"consequence_weight":1.68},"geometry":{"type":"Point","coordinates":[86.432314,23.762648]}},{"type":"Feature","properties":{"subsidence_mm":3.11,"tilt_deg":-0.01052,"strain_ue":10.79,"x_offset_m":195,"y_offset_m":-180,"source":"NCB_PFM","nearest_asset_distance_m":74,"consequence_weight":1.7},"geometry":{"type":"Point","coordinates":[86.432314,23.762783]}},{"type":"Feature","properties":{"subsidence_mm":3.11,"tilt_deg":-0.01052,"strain_ue":10.79,"x_offset_m":195,"y_offset_m":-165,"source":"NCB_PFM","nearest_asset_distance_m":70,"consequence_weight":1.72},"geometry":{"type":"Point","coordinates":[86.432314,23.762918]}},{"type":"Feature","properties":{"subsidence_mm":3.11,"tilt_deg":-0.01052,"strain_ue":10.79,"x_offset_m":195,"y_offset_m":-150,"source":"NCB_PFM","nearest_asset_distance_m":70,"consequence_weight":1.72},"geometry":{"type":"Point","coordinates":[86.432314,23.763053]}},{"type":"Feature","properties":{"subsidence_mm":3.11,"tilt_deg":-0.01052,"strain_ue":10.79,"x_offset_m":195,"y_offset_m":-135,"source":"NCB_PFM","nearest_asset_distance_m":73,"consequence_weight":1.71},"geometry":{"type":"Point","coordinates":[86.432314,23.763187]}},{"type":"Feature","properties":{"subsidence_mm":3.11,"tilt_deg":-0.01052,"strain_ue":10.79,"x_offset_m":195,"y_offset_m":-120,"source":"NCB_PFM","nearest_asset_distance_m":78,"consequence_weight":1.69},"geometry":{"type":"Point","coordinates":[86.432314,23.763322]}},{"type":"Feature","properties":{"subsidence_mm":3.11,"tilt_deg":-0.01052,"strain_ue":10.79,"x_offset_m":195,"y_offset_m":-105,"source":"NCB_PFM","nearest_asset_distance_m":86,"consequence_weight":1.65},"geometry":{"type":"Point","coordinates":[86.432314,23.763457]}},{"type":"Feature","properties":{"subsidence_mm":3.11,"tilt_deg":-0.01052,"strain_ue":10.79,"x_offset_m":195,"y_offset_m":-90,"source":"NCB_PFM","nearest_asset_distance_m":96,"consequence_weight":1.62},"geometry":{"type":"Point","coordinates":[86.432314,23.763592]}},{"type":"Feature","properties":{"subsidence_mm":3.11,"tilt_deg":-0.01052,"strain_ue":10.79,"x_offset_m":195,"y_offset_m":-75,"source":"NCB_PFM","nearest_asset_distance_m":107,"consequence_weight":1.57},"geometry":{"type":"Point","coordinates":[86.432314,23.763726]}},{"type":"Feature","properties":{"subsidence_mm":3.11,"tilt_deg":-0.01052,"strain_ue":10.79,"x_offset_m":195,"y_offset_m":-60,"source":"NCB_PFM","nearest_asset_distance_m":118,"consequence_weight":1.53},"geometry":{"type":"Point","coordinates":[86.432314,23.763861]}},{"type":"Feature","properties":{"subsidence_mm":3.11,"tilt_deg":-0.01052,"strain_ue":10.79,"x_offset_m":195,"y_offset_m":-45,"source":"NCB_PFM","nearest_asset_distance_m":131,"consequence_weight":1.48},"geometry":{"type":"Point","coordinates":[86.432314,23.763996]}},{"type":"Feature","properties":{"subsidence_mm":3.11,"tilt_deg":-0.01052,"strain_ue":10.79,"x_offset_m":195,"y_offset_m":-30,"source":"NCB_PFM","nearest_asset_distance_m":144,"consequence_weight":1.42},"geometry":{"type":"Point","coordinates":[86.432314,23.764131]}},{"type":"Feature","properties":{"subsidence_mm":3.11,"tilt_deg":-0.01052,"strain_ue":10.79,"x_offset_m":195,"y_offset_m":-15,"source":"NCB_PFM","nearest_asset_distance_m":157,"consequence_weight":2.06},"geometry":{"type":"Point","coordinates":[86.432314,23.764265]}},{"type":"Feature","properties":{"subsidence_mm":3.11,"tilt_deg":-0.01052,"strain_ue":10.79,"x_offset_m":195,"y_offset_m":0,"source":"NCB_PFM","nearest_asset_distance_m":149,"consequence_weight":2.1},"geometry":{"type":"Point","coordinates":[86.432314,23.7644]}},{"type":"Feature","properties":{"subsidence_mm":3.11,"tilt_deg":-0.01052,"strain_ue":10.79,"x_offset_m":195,"y_offset_m":15,"source":"NCB_PFM","nearest_asset_distance_m":143,"consequence_weight":2.14},"geometry":{"type":"Point","coordinates":[86.432314,23.764535]}},{"type":"Feature","properties":{"subsidence_mm":3.11,"tilt_deg":-0.01052,"strain_ue":10.79,"x_offset_m":195,"y_offset_m":30,"source":"NCB_PFM","nearest_asset_distance_m":139,"consequence_weight":2.17},"geometry":{"type":"Point","coordinates":[86.432314,23.764669]}},{"type":"Feature","properties":{"subsidence_mm":3.11,"tilt_deg":-0.01052,"strain_ue":10.79,"x_offset_m":195,"y_offset_m":45,"source":"NCB_PFM","nearest_asset_distance_m":135,"consequence_weight":2.19},"geometry":{"type":"Point","coordinates":[86.432314,23.764804]}},{"type":"Feature","properties":{"subsidence_mm":3.11,"tilt_deg":-0.01052,"strain_ue":10.79,"x_offset_m":195,"y_offset_m":60,"source":"NCB_PFM","nearest_asset_distance_m":134,"consequence_weight":2.2},"geometry":{"type":"Point","coordinates":[86.432314,23.764939]}},{"type":"Feature","properties":{"subsidence_mm":3.11,"tilt_deg":-0.01052,"strain_ue":10.79,"x_offset_m":195,"y_offset_m":75,"source":"NCB_PFM","nearest_asset_distance_m":134,"consequence_weight":2.2},"geometry":{"type":"Point","coordinates":[86.432314,23.765074]}},{"type":"Feature","properties":{"subsidence_mm":3.11,"tilt_deg":-0.01052,"strain_ue":10.79,"x_offset_m":195,"y_offset_m":90,"source":"NCB_PFM","nearest_asset_distance_m":136,"consequence_weight":2.19},"geometry":{"type":"Point","coordinates":[86.432314,23.765208]}},{"type":"Feature","properties":{"subsidence_mm":3.11,"tilt_deg":-0.01052,"strain_ue":10.79,"x_offset_m":195,"y_offset_m":105,"source":"NCB_PFM","nearest_asset_distance_m":139,"consequence_weight":2.17},"geometry":{"type":"Point","coordinates":[86.432314,23.765343]}},{"type":"Feature","properties":{"subsidence_mm":3.11,"tilt_deg":-0.01052,"strain_ue":10.79,"x_offset_m":195,"y_offset_m":120,"source":"NCB_PFM","nearest_asset_distance_m":144,"consequence_weight":2.14},"geometry":{"type":"Point","coordinates":[86.432314,23.765478]}},{"type":"Feature","properties":{"subsidence_mm":3.11,"tilt_deg":-0.01052,"strain_ue":10.79,"x_offset_m":195,"y_offset_m":135,"source":"NCB_PFM","nearest_asset_distance_m":150,"consequence_weight":2.1},"geometry":{"type":"Point","coordinates":[86.432314,23.765613]}},{"type":"Feature","properties":{"subsidence_mm":3.11,"tilt_deg":-0.01052,"strain_ue":10.79,"x_offset_m":195,"y_offset_m":150,"source":"NCB_PFM","nearest_asset_distance_m":157,"consequence_weight":2.06},"geometry":{"type":"Point","coordinates":[86.432314,23.765747]}},{"type":"Feature","properties":{"subsidence_mm":3.11,"tilt_deg":-0.01052,"strain_ue":10.79,"x_offset_m":195,"y_offset_m":165,"source":"NCB_PFM","nearest_asset_distance_m":166,"consequence_weight":2.01},"geometry":{"type":"Point","coordinates":[86.432314,23.765882]}},{"type":"Feature","properties":{"subsidence_mm":3.11,"tilt_deg":-0.01052,"strain_ue":10.79,"x_offset_m":195,"y_offset_m":180,"source":"NCB_PFM","nearest_asset_distance_m":175,"consequence_weight":1.95},"geometry":{"type":"Point","coordinates":[86.432314,23.766017]}},{"type":"Feature","properties":{"subsidence_mm":3.11,"tilt_deg":-0.01052,"strain_ue":10.79,"x_offset_m":195,"y_offset_m":195,"source":"NCB_PFM","nearest_asset_distance_m":185,"consequence_weight":1.89},"geometry":{"type":"Point","coordinates":[86.432314,23.766152]}},{"type":"Feature","properties":{"subsidence_mm":3.11,"tilt_deg":-0.01052,"strain_ue":10.79,"x_offset_m":195,"y_offset_m":210,"source":"NCB_PFM","nearest_asset_distance_m":196,"consequence_weight":1.83},"geometry":{"type":"Point","coordinates":[86.432314,23.766286]}},{"type":"Feature","properties":{"subsidence_mm":3.11,"tilt_deg":-0.01052,"strain_ue":10.79,"x_offset_m":195,"y_offset_m":225,"source":"NCB_PFM","nearest_asset_distance_m":207,"consequence_weight":1.76},"geometry":{"type":"Point","coordinates":[86.432314,23.766421]}},{"type":"Feature","properties":{"subsidence_mm":3.11,"tilt_deg":-0.01052,"strain_ue":10.79,"x_offset_m":195,"y_offset_m":240,"source":"NCB_PFM","nearest_asset_distance_m":219,"consequence_weight":1.69},"geometry":{"type":"Point","coordinates":[86.432314,23.766556]}},{"type":"Feature","properties":{"subsidence_mm":3.11,"tilt_deg":-0.01052,"strain_ue":10.79,"x_offset_m":195,"y_offset_m":255,"source":"NCB_PFM","nearest_asset_distance_m":231,"consequence_weight":1.62},"geometry":{"type":"Point","coordinates":[86.432314,23.766691]}},{"type":"Feature","properties":{"subsidence_mm":3.11,"tilt_deg":-0.01052,"strain_ue":10.79,"x_offset_m":195,"y_offset_m":270,"source":"NCB_PFM","nearest_asset_distance_m":243,"consequence_weight":1.54},"geometry":{"type":"Point","coordinates":[86.432314,23.766825]}},{"type":"Feature","properties":{"subsidence_mm":3.11,"tilt_deg":-0.01052,"strain_ue":10.79,"x_offset_m":195,"y_offset_m":285,"source":"NCB_PFM","nearest_asset_distance_m":256,"consequence_weight":1.47},"geometry":{"type":"Point","coordinates":[86.432314,23.76696]}},{"type":"Feature","properties":{"subsidence_mm":3.11,"tilt_deg":-0.01052,"strain_ue":10.79,"x_offset_m":195,"y_offset_m":300,"source":"NCB_PFM","nearest_asset_distance_m":269,"consequence_weight":1.39},"geometry":{"type":"Point","coordinates":[86.432314,23.767095]}},{"type":"Feature","properties":{"subsidence_mm":1.4,"tilt_deg":-0.00474,"strain_ue":4.88,"x_offset_m":210,"y_offset_m":-300,"source":"NCB_PFM","nearest_asset_distance_m":154,"consequence_weight":1.38},"geometry":{"type":"Point","coordinates":[86.432461,23.761705]}},{"type":"Feature","properties":{"subsidence_mm":1.4,"tilt_deg":-0.00474,"strain_ue":4.88,"x_offset_m":210,"y_offset_m":-285,"source":"NCB_PFM","nearest_asset_distance_m":140,"consequence_weight":1.44},"geometry":{"type":"Point","coordinates":[86.432461,23.76184]}},{"type":"Feature","properties":{"subsidence_mm":1.4,"tilt_deg":-0.00474,"strain_ue":4.88,"x_offset_m":210,"y_offset_m":-270,"source":"NCB_PFM","nearest_asset_distance_m":126,"consequence_weight":1.49},"geometry":{"type":"Point","coordinates":[86.432461,23.761975]}},{"type":"Feature","properties":{"subsidence_mm":1.4,"tilt_deg":-0.00474,"strain_ue":4.88,"x_offset_m":210,"y_offset_m":-255,"source":"NCB_PFM","nearest_asset_distance_m":113,"consequence_weight":1.55},"geometry":{"type":"Point","coordinates":[86.432461,23.762109]}},{"type":"Feature","properties":{"subsidence_mm":1.4,"tilt_deg":-0.00474,"strain_ue":4.88,"x_offset_m":210,"y_offset_m":-240,"source":"NCB_PFM","nearest_asset_distance_m":100,"consequence_weight":1.6},"geometry":{"type":"Point","coordinates":[86.432461,23.762244]}},{"type":"Feature","properties":{"subsidence_mm":1.4,"tilt_deg":-0.00474,"strain_ue":4.88,"x_offset_m":210,"y_offset_m":-225,"source":"NCB_PFM","nearest_asset_distance_m":88,"consequence_weight":1.65},"geometry":{"type":"Point","coordinates":[86.432461,23.762379]}},{"type":"Feature","properties":{"subsidence_mm":1.4,"tilt_deg":-0.00474,"strain_ue":4.88,"x_offset_m":210,"y_offset_m":-210,"source":"NCB_PFM","nearest_asset_distance_m":77,"consequence_weight":1.69},"geometry":{"type":"Point","coordinates":[86.432461,23.762514]}},{"type":"Feature","properties":{"subsidence_mm":1.4,"tilt_deg":-0.00474,"strain_ue":4.88,"x_offset_m":210,"y_offset_m":-195,"source":"NCB_PFM","nearest_asset_distance_m":67,"consequence_weight":1.73},"geometry":{"type":"Point","coordinates":[86.432461,23.762648]}},{"type":"Feature","properties":{"subsidence_mm":1.4,"tilt_deg":-0.00474,"strain_ue":4.88,"x_offset_m":210,"y_offset_m":-180,"source":"NCB_PFM","nearest_asset_distance_m":60,"consequence_weight":1.76},"geometry":{"type":"Point","coordinates":[86.432461,23.762783]}},{"type":"Feature","properties":{"subsidence_mm":1.4,"tilt_deg":-0.00474,"strain_ue":4.88,"x_offset_m":210,"y_offset_m":-165,"source":"NCB_PFM","nearest_asset_distance_m":56,"consequence_weight":1.78},"geometry":{"type":"Point","coordinates":[86.432461,23.762918]}},{"type":"Feature","properties":{"subsidence_mm":1.4,"tilt_deg":-0.00474,"strain_ue":4.88,"x_offset_m":210,"y_offset_m":-150,"source":"NCB_PFM","nearest_asset_distance_m":55,"consequence_weight":1.78},"geometry":{"type":"Point","coordinates":[86.432461,23.763053]}},{"type":"Feature","properties":{"subsidence_mm":1.4,"tilt_deg":-0.00474,"strain_ue":4.88,"x_offset_m":210,"y_offset_m":-135,"source":"NCB_PFM","nearest_asset_distance_m":59,"consequence_weight":1.77},"geometry":{"type":"Point","coordinates":[86.432461,23.763187]}},{"type":"Feature","properties":{"subsidence_mm":1.4,"tilt_deg":-0.00474,"strain_ue":4.88,"x_offset_m":210,"y_offset_m":-120,"source":"NCB_PFM","nearest_asset_distance_m":66,"consequence_weight":1.74},"geometry":{"type":"Point","coordinates":[86.432461,23.763322]}},{"type":"Feature","properties":{"subsidence_mm":1.4,"tilt_deg":-0.00474,"strain_ue":4.88,"x_offset_m":210,"y_offset_m":-105,"source":"NCB_PFM","nearest_asset_distance_m":75,"consequence_weight":1.7},"geometry":{"type":"Point","coordinates":[86.432461,23.763457]}},{"type":"Feature","properties":{"subsidence_mm":1.4,"tilt_deg":-0.00474,"strain_ue":4.88,"x_offset_m":210,"y_offset_m":-90,"source":"NCB_PFM","nearest_asset_distance_m":86,"consequence_weight":1.66},"geometry":{"type":"Point","coordinates":[86.432461,23.763592]}},{"type":"Feature","properties":{"subsidence_mm":1.4,"tilt_deg":-0.00474,"strain_ue":4.88,"x_offset_m":210,"y_offset_m":-75,"source":"NCB_PFM","nearest_asset_distance_m":98,"consequence_weight":1.61},"geometry":{"type":"Point","coordinates":[86.432461,23.763726]}},{"type":"Feature","properties":{"subsidence_mm":1.4,"tilt_deg":-0.00474,"strain_ue":4.88,"x_offset_m":210,"y_offset_m":-60,"source":"NCB_PFM","nearest_asset_distance_m":110,"consequence_weight":1.56},"geometry":{"type":"Point","coordinates":[86.432461,23.763861]}},{"type":"Feature","properties":{"subsidence_mm":1.4,"tilt_deg":-0.00474,"strain_ue":4.88,"x_offset_m":210,"y_offset_m":-45,"source":"NCB_PFM","nearest_asset_distance_m":124,"consequence_weight":1.51},"geometry":{"type":"Point","coordinates":[86.432461,23.763996]}},{"type":"Feature","properties":{"subsidence_mm":1.4,"tilt_deg":-0.00474,"strain_ue":4.88,"x_offset_m":210,"y_offset_m":-30,"source":"NCB_PFM","nearest_asset_distance_m":137,"consequence_weight":1.45},"geometry":{"type":"Point","coordinates":[86.432461,23.764131]}},{"type":"Feature","properties":{"subsidence_mm":1.4,"tilt_deg":-0.00474,"strain_ue":4.88,"x_offset_m":210,"y_offset_m":-15,"source":"NCB_PFM","nearest_asset_distance_m":151,"consequence_weight":1.4},"geometry":{"type":"Point","coordinates":[86.432461,23.764265]}},{"type":"Feature","properties":{"subsidence_mm":1.4,"tilt_deg":-0.00474,"strain_ue":4.88,"x_offset_m":210,"y_offset_m":0,"source":"NCB_PFM","nearest_asset_distance_m":163,"consequence_weight":2.02},"geometry":{"type":"Point","coordinates":[86.432461,23.7644]}},{"type":"Feature","properties":{"subsidence_mm":1.4,"tilt_deg":-0.00474,"strain_ue":4.88,"x_offset_m":210,"y_offset_m":15,"source":"NCB_PFM","nearest_asset_distance_m":157,"consequence_weight":2.06},"geometry":{"type":"Point","coordinates":[86.432461,23.764535]}},{"type":"Feature","properties":{"subsidence_mm":1.4,"tilt_deg":-0.00474,"strain_ue":4.88,"x_offset_m":210,"y_offset_m":30,"source":"NCB_PFM","nearest_asset_distance_m":153,"consequence_weight":2.08},"geometry":{"type":"Point","coordinates":[86.432461,23.764669]}},{"type":"Feature","properties":{"subsidence_mm":1.4,"tilt_deg":-0.00474,"strain_ue":4.88,"x_offset_m":210,"y_offset_m":45,"source":"NCB_PFM","nearest_asset_distance_m":150,"consequence_weight":2.1},"geometry":{"type":"Point","coordinates":[86.432461,23.764804]}},{"type":"Feature","properties":{"subsidence_mm":1.4,"tilt_deg":-0.00474,"strain_ue":4.88,"x_offset_m":210,"y_offset_m":60,"source":"NCB_PFM","nearest_asset_distance_m":149,"consequence_weight":2.11},"geometry":{"type":"Point","coordinates":[86.432461,23.764939]}},{"type":"Feature","properties":{"subsidence_mm":1.4,"tilt_deg":-0.00474,"strain_ue":4.88,"x_offset_m":210,"y_offset_m":75,"source":"NCB_PFM","nearest_asset_distance_m":149,"consequence_weight":2.11},"geometry":{"type":"Point","coordinates":[86.432461,23.765074]}},{"type":"Feature","properties":{"subsidence_mm":1.4,"tilt_deg":-0.00474,"strain_ue":4.88,"x_offset_m":210,"y_offset_m":90,"source":"NCB_PFM","nearest_asset_distance_m":150,"consequence_weight":2.1},"geometry":{"type":"Point","coordinates":[86.432461,23.765208]}},{"type":"Feature","properties":{"subsidence_mm":1.4,"tilt_deg":-0.00474,"strain_ue":4.88,"x_offset_m":210,"y_offset_m":105,"source":"NCB_PFM","nearest_asset_distance_m":153,"consequence_weight":2.08},"geometry":{"type":"Point","coordinates":[86.432461,23.765343]}},{"type":"Feature","properties":{"subsidence_mm":1.4,"tilt_deg":-0.00474,"strain_ue":4.88,"x_offset_m":210,"y_offset_m":120,"source":"NCB_PFM","nearest_asset_distance_m":158,"consequence_weight":2.05},"geometry":{"type":"Point","coordinates":[86.432461,23.765478]}},{"type":"Feature","properties":{"subsidence_mm":1.4,"tilt_deg":-0.00474,"strain_ue":4.88,"x_offset_m":210,"y_offset_m":135,"source":"NCB_PFM","nearest_asset_distance_m":164,"consequence_weight":2.02},"geometry":{"type":"Point","coordinates":[86.432461,23.765613]}},{"type":"Feature","properties":{"subsidence_mm":1.4,"tilt_deg":-0.00474,"strain_ue":4.88,"x_offset_m":210,"y_offset_m":150,"source":"NCB_PFM","nearest_asset_distance_m":170,"consequence_weight":1.98},"geometry":{"type":"Point","coordinates":[86.432461,23.765747]}},{"type":"Feature","properties":{"subsidence_mm":1.4,"tilt_deg":-0.00474,"strain_ue":4.88,"x_offset_m":210,"y_offset_m":165,"source":"NCB_PFM","nearest_asset_distance_m":178,"consequence_weight":1.93},"geometry":{"type":"Point","coordinates":[86.432461,23.765882]}},{"type":"Feature","properties":{"subsidence_mm":1.4,"tilt_deg":-0.00474,"strain_ue":4.88,"x_offset_m":210,"y_offset_m":180,"source":"NCB_PFM","nearest_asset_distance_m":187,"consequence_weight":1.88},"geometry":{"type":"Point","coordinates":[86.432461,23.766017]}},{"type":"Feature","properties":{"subsidence_mm":1.4,"tilt_deg":-0.00474,"strain_ue":4.88,"x_offset_m":210,"y_offset_m":195,"source":"NCB_PFM","nearest_asset_distance_m":196,"consequence_weight":1.82},"geometry":{"type":"Point","coordinates":[86.432461,23.766152]}},{"type":"Feature","properties":{"subsidence_mm":1.4,"tilt_deg":-0.00474,"strain_ue":4.88,"x_offset_m":210,"y_offset_m":210,"source":"NCB_PFM","nearest_asset_distance_m":206,"consequence_weight":1.76},"geometry":{"type":"Point","coordinates":[86.432461,23.766286]}},{"type":"Feature","properties":{"subsidence_mm":1.4,"tilt_deg":-0.00474,"strain_ue":4.88,"x_offset_m":210,"y_offset_m":225,"source":"NCB_PFM","nearest_asset_distance_m":217,"consequence_weight":1.7},"geometry":{"type":"Point","coordinates":[86.432461,23.766421]}},{"type":"Feature","properties":{"subsidence_mm":1.4,"tilt_deg":-0.00474,"strain_ue":4.88,"x_offset_m":210,"y_offset_m":240,"source":"NCB_PFM","nearest_asset_distance_m":228,"consequence_weight":1.63},"geometry":{"type":"Point","coordinates":[86.432461,23.766556]}},{"type":"Feature","properties":{"subsidence_mm":1.4,"tilt_deg":-0.00474,"strain_ue":4.88,"x_offset_m":210,"y_offset_m":255,"source":"NCB_PFM","nearest_asset_distance_m":240,"consequence_weight":1.56},"geometry":{"type":"Point","coordinates":[86.432461,23.766691]}},{"type":"Feature","properties":{"subsidence_mm":1.4,"tilt_deg":-0.00474,"strain_ue":4.88,"x_offset_m":210,"y_offset_m":270,"source":"NCB_PFM","nearest_asset_distance_m":252,"consequence_weight":1.49},"geometry":{"type":"Point","coordinates":[86.432461,23.766825]}},{"type":"Feature","properties":{"subsidence_mm":1.4,"tilt_deg":-0.00474,"strain_ue":4.88,"x_offset_m":210,"y_offset_m":285,"source":"NCB_PFM","nearest_asset_distance_m":264,"consequence_weight":1.42},"geometry":{"type":"Point","coordinates":[86.432461,23.76696]}},{"type":"Feature","properties":{"subsidence_mm":1.4,"tilt_deg":-0.00474,"strain_ue":4.88,"x_offset_m":210,"y_offset_m":300,"source":"NCB_PFM","nearest_asset_distance_m":276,"consequence_weight":1.34},"geometry":{"type":"Point","coordinates":[86.432461,23.767095]}},{"type":"Feature","properties":{"subsidence_mm":0.63,"tilt_deg":-0.00213,"strain_ue":2.2,"x_offset_m":225,"y_offset_m":-300,"source":"NCB_PFM","nearest_asset_distance_m":149,"consequence_weight":1.4},"geometry":{"type":"Point","coordinates":[86.432608,23.761705]}},{"type":"Feature","properties":{"subsidence_mm":0.63,"tilt_deg":-0.00213,"strain_ue":2.2,"x_offset_m":225,"y_offset_m":-285,"source":"NCB_PFM","nearest_asset_distance_m":135,"consequence_weight":1.46},"geometry":{"type":"Point","coordinates":[86.432608,23.76184]}},{"type":"Feature","properties":{"subsidence_mm":0.63,"tilt_deg":-0.00213,"strain_ue":2.2,"x_offset_m":225,"y_offset_m":-270,"source":"NCB_PFM","nearest_asset_distance_m":121,"consequence_weight":1.52},"geometry":{"type":"Point","coordinates":[86.432608,23.761975]}},{"type":"Feature","properties":{"subsidence_mm":0.63,"tilt_deg":-0.00213,"strain_ue":2.2,"x_offset_m":225,"y_offset_m":-255,"source":"NCB_PFM","nearest_asset_distance_m":107,"consequence_weight":1.57},"geometry":{"type":"Point","coordinates":[86.432608,23.762109]}},{"type":"Feature","properties":{"subsidence_mm":0.63,"tilt_deg":-0.00213,"strain_ue":2.2,"x_offset_m":225,"y_offset_m":-240,"source":"NCB_PFM","nearest_asset_distance_m":93,"consequence_weight":1.63},"geometry":{"type":"Point","coordinates":[86.432608,23.762244]}},{"type":"Feature","properties":{"subsidence_mm":0.63,"tilt_deg":-0.00213,"strain_ue":2.2,"x_offset_m":225,"y_offset_m":-225,"source":"NCB_PFM","nearest_asset_distance_m":80,"consequence_weight":1.68},"geometry":{"type":"Point","coordinates":[86.432608,23.762379]}},{"type":"Feature","properties":{"subsidence_mm":0.63,"tilt_deg":-0.00213,"strain_ue":2.2,"x_offset_m":225,"y_offset_m":-210,"source":"NCB_PFM","nearest_asset_distance_m":67,"consequence_weight":1.73},"geometry":{"type":"Point","coordinates":[86.432608,23.762514]}},{"type":"Feature","properties":{"subsidence_mm":0.63,"tilt_deg":-0.00213,"strain_ue":2.2,"x_offset_m":225,"y_offset_m":-195,"source":"NCB_PFM","nearest_asset_distance_m":56,"consequence_weight":1.78},"geometry":{"type":"Point","coordinates":[86.432608,23.762648]}},{"type":"Feature","properties":{"subsidence_mm":0.63,"tilt_deg":-0.00213,"strain_ue":2.2,"x_offset_m":225,"y_offset_m":-180,"source":"NCB_PFM","nearest_asset_distance_m":47,"consequence_weight":1.81},"geometry":{"type":"Point","coordinates":[86.432608,23.762783]}},{"type":"Feature","properties":{"subsidence_mm":0.63,"tilt_deg":-0.00213,"strain_ue":2.2,"x_offset_m":225,"y_offset_m":-165,"source":"NCB_PFM","nearest_asset_distance_m":41,"consequence_weight":1.84},"geometry":{"type":"Point","coordinates":[86.432608,23.762918]}},{"type":"Feature","properties":{"subsidence_mm":0.63,"tilt_deg":-0.00213,"strain_ue":2.2,"x_offset_m":225,"y_offset_m":-150,"source":"NCB_PFM","nearest_asset_distance_m":40,"consequence_weight":1.84},"geometry":{"type":"Point","coordinates":[86.432608,23.763053]}},{"type":"Feature","properties":{"subsidence_mm":0.63,"tilt_deg":-0.00213,"strain_ue":2.2,"x_offset_m":225,"y_offset_m":-135,"source":"NCB_PFM","nearest_asset_distance_m":45,"consequence_weight":1.82},"geometry":{"type":"Point","coordinates":[86.432608,23.763187]}},{"type":"Feature","properties":{"subsidence_mm":0.63,"tilt_deg":-0.00213,"strain_ue":2.2,"x_offset_m":225,"y_offset_m":-120,"source":"NCB_PFM","nearest_asset_distance_m":54,"consequence_weight":1.79},"geometry":{"type":"Point","coordinates":[86.432608,23.763322]}},{"type":"Feature","properties":{"subsidence_mm":0.63,"tilt_deg":-0.00213,"strain_ue":2.2,"x_offset_m":225,"y_offset_m":-105,"source":"NCB_PFM","nearest_asset_distance_m":65,"consequence_weight":1.74},"geometry":{"type":"Point","coordinates":[86.432608,23.763457]}},{"type":"Feature","properties":{"subsidence_mm":0.63,"tilt_deg":-0.00213,"strain_ue":2.2,"x_offset_m":225,"y_offset_m":-90,"source":"NCB_PFM","nearest_asset_distance_m":77,"consequence_weight":1.69},"geometry":{"type":"Point","coordinates":[86.432608,23.763592]}},{"type":"Feature","properties":{"subsidence_mm":0.63,"tilt_deg":-0.00213,"strain_ue":2.2,"x_offset_m":225,"y_offset_m":-75,"source":"NCB_PFM","nearest_asset_distance_m":90,"consequence_weight":1.64},"geometry":{"type":"Point","coordinates":[86.432608,23.763726]}},{"type":"Feature","properties":{"subsidence_mm":0.63,"tilt_deg":-0.00213,"strain_ue":2.2,"x_offset_m":225,"y_offset_m":-60,"source":"NCB_PFM","nearest_asset_distance_m":104,"consequence_weight":1.59},"geometry":{"type":"Point","coordinates":[86.432608,23.763861]}},{"type":"Feature","properties":{"subsidence_mm":0.63,"tilt_deg":-0.00213,"strain_ue":2.2,"x_offset_m":225,"y_offset_m":-45,"source":"NCB_PFM","nearest_asset_distance_m":118,"consequence_weight":1.53},"geometry":{"type":"Point","coordinates":[86.432608,23.763996]}},{"type":"Feature","properties":{"subsidence_mm":0.63,"tilt_deg":-0.00213,"strain_ue":2.2,"x_offset_m":225,"y_offset_m":-30,"source":"NCB_PFM","nearest_asset_distance_m":132,"consequence_weight":1.47},"geometry":{"type":"Point","coordinates":[86.432608,23.764131]}},{"type":"Feature","properties":{"subsidence_mm":0.63,"tilt_deg":-0.00213,"strain_ue":2.2,"x_offset_m":225,"y_offset_m":-15,"source":"NCB_PFM","nearest_asset_distance_m":146,"consequence_weight":1.42},"geometry":{"type":"Point","coordinates":[86.432608,23.764265]}},{"type":"Feature","properties":{"subsidence_mm":0.63,"tilt_deg":-0.00213,"strain_ue":2.2,"x_offset_m":225,"y_offset_m":0,"source":"NCB_PFM","nearest_asset_distance_m":161,"consequence_weight":1.36},"geometry":{"type":"Point","coordinates":[86.432608,23.7644]}},{"type":"Feature","properties":{"subsidence_mm":0.63,"tilt_deg":-0.00213,"strain_ue":2.2,"x_offset_m":225,"y_offset_m":15,"source":"NCB_PFM","nearest_asset_distance_m":172,"consequence_weight":1.97},"geometry":{"type":"Point","coordinates":[86.432608,23.764535]}},{"type":"Feature","properties":{"subsidence_mm":0.63,"tilt_deg":-0.00213,"strain_ue":2.2,"x_offset_m":225,"y_offset_m":30,"source":"NCB_PFM","nearest_asset_distance_m":168,"consequence_weight":1.99},"geometry":{"type":"Point","coordinates":[86.432608,23.764669]}},{"type":"Feature","properties":{"subsidence_mm":0.63,"tilt_deg":-0.00213,"strain_ue":2.2,"x_offset_m":225,"y_offset_m":45,"source":"NCB_PFM","nearest_asset_distance_m":165,"consequence_weight":2.01},"geometry":{"type":"Point","coordinates":[86.432608,23.764804]}},{"type":"Feature","properties":{"subsidence_mm":0.63,"tilt_deg":-0.00213,"strain_ue":2.2,"x_offset_m":225,"y_offset_m":60,"source":"NCB_PFM","nearest_asset_distance_m":164,"consequence_weight":2.02},"geometry":{"type":"Point","coordinates":[86.432608,23.764939]}},{"type":"Feature","properties":{"subsidence_mm":0.63,"tilt_deg":-0.00213,"strain_ue":2.2,"x_offset_m":225,"y_offset_m":75,"source":"NCB_PFM","nearest_asset_distance_m":164,"consequence_weight":2.02},"geometry":{"type":"Point","coordinates":[86.432608,23.765074]}},{"type":"Feature","properties":{"subsidence_mm":0.63,"tilt_deg":-0.00213,"strain_ue":2.2,"x_offset_m":225,"y_offset_m":90,"source":"NCB_PFM","nearest_asset_distance_m":165,"consequence_weight":2.01},"geometry":{"type":"Point","coordinates":[86.432608,23.765208]}},{"type":"Feature","properties":{"subsidence_mm":0.63,"tilt_deg":-0.00213,"strain_ue":2.2,"x_offset_m":225,"y_offset_m":105,"source":"NCB_PFM","nearest_asset_distance_m":168,"consequence_weight":1.99},"geometry":{"type":"Point","coordinates":[86.432608,23.765343]}},{"type":"Feature","properties":{"subsidence_mm":0.63,"tilt_deg":-0.00213,"strain_ue":2.2,"x_offset_m":225,"y_offset_m":120,"source":"NCB_PFM","nearest_asset_distance_m":172,"consequence_weight":1.97},"geometry":{"type":"Point","coordinates":[86.432608,23.765478]}},{"type":"Feature","properties":{"subsidence_mm":0.63,"tilt_deg":-0.00213,"strain_ue":2.2,"x_offset_m":225,"y_offset_m":135,"source":"NCB_PFM","nearest_asset_distance_m":177,"consequence_weight":1.94},"geometry":{"type":"Point","coordinates":[86.432608,23.765613]}},{"type":"Feature","properties":{"subsidence_mm":0.63,"tilt_deg":-0.00213,"strain_ue":2.2,"x_offset_m":225,"y_offset_m":150,"source":"NCB_PFM","nearest_asset_distance_m":184,"consequence_weight":1.9},"geometry":{"type":"Point","coordinates":[86.432608,23.765747]}},{"type":"Feature","properties":{"subsidence_mm":0.63,"tilt_deg":-0.00213,"strain_ue":2.2,"x_offset_m":225,"y_offset_m":165,"source":"NCB_PFM","nearest_asset_distance_m":191,"consequence_weight":1.86},"geometry":{"type":"Point","coordinates":[86.432608,23.765882]}},{"type":"Feature","properties":{"subsidence_mm":0.63,"tilt_deg":-0.00213,"strain_ue":2.2,"x_offset_m":225,"y_offset_m":180,"source":"NCB_PFM","nearest_asset_distance_m":199,"consequence_weight":1.81},"geometry":{"type":"Point","coordinates":[86.432608,23.766017]}},{"type":"Feature","properties":{"subsidence_mm":0.63,"tilt_deg":-0.00213,"strain_ue":2.2,"x_offset_m":225,"y_offset_m":195,"source":"NCB_PFM","nearest_asset_distance_m":208,"consequence_weight":1.75},"geometry":{"type":"Point","coordinates":[86.432608,23.766152]}},{"type":"Feature","properties":{"subsidence_mm":0.63,"tilt_deg":-0.00213,"strain_ue":2.2,"x_offset_m":225,"y_offset_m":210,"source":"NCB_PFM","nearest_asset_distance_m":217,"consequence_weight":1.7},"geometry":{"type":"Point","coordinates":[86.432608,23.766286]}},{"type":"Feature","properties":{"subsidence_mm":0.63,"tilt_deg":-0.00213,"strain_ue":2.2,"x_offset_m":225,"y_offset_m":225,"source":"NCB_PFM","nearest_asset_distance_m":227,"consequence_weight":1.64},"geometry":{"type":"Point","coordinates":[86.432608,23.766421]}},{"type":"Feature","properties":{"subsidence_mm":0.63,"tilt_deg":-0.00213,"strain_ue":2.2,"x_offset_m":225,"y_offset_m":240,"source":"NCB_PFM","nearest_asset_distance_m":238,"consequence_weight":1.57},"geometry":{"type":"Point","coordinates":[86.432608,23.766556]}},{"type":"Feature","properties":{"subsidence_mm":0.63,"tilt_deg":-0.00213,"strain_ue":2.2,"x_offset_m":225,"y_offset_m":255,"source":"NCB_PFM","nearest_asset_distance_m":249,"consequence_weight":1.5},"geometry":{"type":"Point","coordinates":[86.432608,23.766691]}},{"type":"Feature","properties":{"subsidence_mm":0.63,"tilt_deg":-0.00213,"strain_ue":2.2,"x_offset_m":225,"y_offset_m":270,"source":"NCB_PFM","nearest_asset_distance_m":261,"consequence_weight":1.44},"geometry":{"type":"Point","coordinates":[86.432608,23.766825]}},{"type":"Feature","properties":{"subsidence_mm":0.63,"tilt_deg":-0.00213,"strain_ue":2.2,"x_offset_m":225,"y_offset_m":285,"source":"NCB_PFM","nearest_asset_distance_m":273,"consequence_weight":1.36},"geometry":{"type":"Point","coordinates":[86.432608,23.76696]}},{"type":"Feature","properties":{"subsidence_mm":0.63,"tilt_deg":-0.00213,"strain_ue":2.2,"x_offset_m":225,"y_offset_m":300,"source":"NCB_PFM","nearest_asset_distance_m":285,"consequence_weight":1.29},"geometry":{"type":"Point","coordinates":[86.432608,23.767095]}},{"type":"Feature","properties":{"subsidence_mm":0.28,"tilt_deg":-0.00096,"strain_ue":0.99,"x_offset_m":240,"y_offset_m":-300,"source":"NCB_PFM","nearest_asset_distance_m":146,"consequence_weight":1.42},"geometry":{"type":"Point","coordinates":[86.432756,23.761705]}},{"type":"Feature","properties":{"subsidence_mm":0.28,"tilt_deg":-0.00096,"strain_ue":0.99,"x_offset_m":240,"y_offset_m":-285,"source":"NCB_PFM","nearest_asset_distance_m":131,"consequence_weight":1.47},"geometry":{"type":"Point","coordinates":[86.432756,23.76184]}},{"type":"Feature","properties":{"subsidence_mm":0.28,"tilt_deg":-0.00096,"strain_ue":0.99,"x_offset_m":240,"y_offset_m":-270,"source":"NCB_PFM","nearest_asset_distance_m":117,"consequence_weight":1.53},"geometry":{"type":"Point","coordinates":[86.432756,23.761975]}},{"type":"Feature","properties":{"subsidence_mm":0.28,"tilt_deg":-0.00096,"strain_ue":0.99,"x_offset_m":240,"y_offset_m":-255,"source":"NCB_PFM","nearest_asset_distance_m":102,"consequence_weight":1.59},"geometry":{"type":"Point","coordinates":[86.432756,23.762109]}},{"type":"Feature","properties":{"subsidence_mm":0.28,"tilt_deg":-0.00096,"strain_ue":0.99,"x_offset_m":240,"y_offset_m":-240,"source":"NCB_PFM","nearest_asset_distance_m":88,"consequence_weight":1.65},"geometry":{"type":"Point","coordinates":[86.432756,23.762244]}},{"type":"Feature","properties":{"subsidence_mm":0.28,"tilt_deg":-0.00096,"strain_ue":0.99,"x_offset_m":240,"y_offset_m":-225,"source":"NCB_PFM","nearest_asset_distance_m":73,"consequence_weight":1.71},"geometry":{"type":"Point","coordinates":[86.432756,23.762379]}},{"type":"Feature","properties":{"subsidence_mm":0.28,"tilt_deg":-0.00096,"strain_ue":0.99,"x_offset_m":240,"y_offset_m":-210,"source":"NCB_PFM","nearest_asset_distance_m":59,"consequence_weight":1.76},"geometry":{"type":"Point","coordinates":[86.432756,23.762514]}},{"type":"Feature","properties":{"subsidence_mm":0.28,"tilt_deg":-0.00096,"strain_ue":0.99,"x_offset_m":240,"y_offset_m":-195,"source":"NCB_PFM","nearest_asset_distance_m":46,"consequence_weight":1.81},"geometry":{"type":"Point","coordinates":[86.432756,23.762648]}},{"type":"Feature","properties":{"subsidence_mm":0.28,"tilt_deg":-0.00096,"strain_ue":0.99,"x_offset_m":240,"y_offset_m":-180,"source":"NCB_PFM","nearest_asset_distance_m":35,"consequence_weight":1.86},"geometry":{"type":"Point","coordinates":[86.432756,23.762783]}},{"type":"Feature","properties":{"subsidence_mm":0.28,"tilt_deg":-0.00096,"strain_ue":0.99,"x_offset_m":240,"y_offset_m":-165,"source":"NCB_PFM","nearest_asset_distance_m":26,"consequence_weight":1.89},"geometry":{"type":"Point","coordinates":[86.432756,23.762918]}},{"type":"Feature","properties":{"subsidence_mm":0.28,"tilt_deg":-0.00096,"strain_ue":0.99,"x_offset_m":240,"y_offset_m":-150,"source":"NCB_PFM","nearest_asset_distance_m":26,"consequence_weight":1.9},"geometry":{"type":"Point","coordinates":[86.432756,23.763053]}},{"type":"Feature","properties":{"subsidence_mm":0.28,"tilt_deg":-0.00096,"strain_ue":0.99,"x_offset_m":240,"y_offset_m":-135,"source":"NCB_PFM","nearest_asset_distance_m":32,"consequence_weight":1.87},"geometry":{"type":"Point","coordinates":[86.432756,23.763187]}},{"type":"Feature","properties":{"subsidence_mm":0.28,"tilt_deg":-0.00096,"strain_ue":0.99,"x_offset_m":240,"y_offset_m":-120,"source":"NCB_PFM","nearest_asset_distance_m":44,"consequence_weight":1.83},"geometry":{"type":"Point","coordinates":[86.432756,23.763322]}},{"type":"Feature","properties":{"subsidence_mm":0.28,"tilt_deg":-0.00096,"strain_ue":0.99,"x_offset_m":240,"y_offset_m":-105,"source":"NCB_PFM","nearest_asset_distance_m":57,"consequence_weight":1.77},"geometry":{"type":"Point","coordinates":[86.432756,23.763457]}},{"type":"Feature","properties":{"subsidence_mm":0.28,"tilt_deg":-0.00096,"strain_ue":0.99,"x_offset_m":240,"y_offset_m":-90,"source":"NCB_PFM","nearest_asset_distance_m":70,"consequence_weight":1.72},"geometry":{"type":"Point","coordinates":[86.432756,23.763592]}},{"type":"Feature","properties":{"subsidence_mm":0.28,"tilt_deg":-0.00096,"strain_ue":0.99,"x_offset_m":240,"y_offset_m":-75,"source":"NCB_PFM","nearest_asset_distance_m":84,"consequence_weight":1.66},"geometry":{"type":"Point","coordinates":[86.432756,23.763726]}},{"type":"Feature","properties":{"subsidence_mm":0.28,"tilt_deg":-0.00096,"strain_ue":0.99,"x_offset_m":240,"y_offset_m":-60,"source":"NCB_PFM","nearest_asset_distance_m":99,"consequence_weight":1.6},"geometry":{"type":"Point","coordinates":[86.432756,23.763861]}},{"type":"Feature","properties":{"subsidence_mm":0.28,"tilt_deg":-0.00096,"strain_ue":0.99,"x_offset_m":240,"y_offset_m":-45,"source":"NCB_PFM","nearest_asset_distance_m":113,"consequence_weight":1.55},"geometry":{"type":"Point","coordinates":[86.432756,23.763996]}},{"type":"Feature","properties":{"subsidence_mm":0.28,"tilt_deg":-0.00096,"strain_ue":0.99,"x_offset_m":240,"y_offset_m":-30,"source":"NCB_PFM","nearest_asset_distance_m":128,"consequence_weight":1.49},"geometry":{"type":"Point","coordinates":[86.432756,23.764131]}},{"type":"Feature","properties":{"subsidence_mm":0.28,"tilt_deg":-0.00096,"strain_ue":0.99,"x_offset_m":240,"y_offset_m":-15,"source":"NCB_PFM","nearest_asset_distance_m":143,"consequence_weight":1.43},"geometry":{"type":"Point","coordinates":[86.432756,23.764265]}},{"type":"Feature","properties":{"subsidence_mm":0.28,"tilt_deg":-0.00096,"strain_ue":0.99,"x_offset_m":240,"y_offset_m":0,"source":"NCB_PFM","nearest_asset_distance_m":158,"consequence_weight":1.37},"geometry":{"type":"Point","coordinates":[86.432756,23.7644]}},{"type":"Feature","properties":{"subsidence_mm":0.28,"tilt_deg":-0.00096,"strain_ue":0.99,"x_offset_m":240,"y_offset_m":15,"source":"NCB_PFM","nearest_asset_distance_m":172,"consequence_weight":1.31},"geometry":{"type":"Point","coordinates":[86.432756,23.764535]}},{"type":"Feature","properties":{"subsidence_mm":0.28,"tilt_deg":-0.00096,"strain_ue":0.99,"x_offset_m":240,"y_offset_m":30,"source":"NCB_PFM","nearest_asset_distance_m":182,"consequence_weight":1.91},"geometry":{"type":"Point","coordinates":[86.432756,23.764669]}},{"type":"Feature","properties":{"subsidence_mm":0.28,"tilt_deg":-0.00096,"strain_ue":0.99,"x_offset_m":240,"y_offset_m":45,"source":"NCB_PFM","nearest_asset_distance_m":180,"consequence_weight":1.92},"geometry":{"type":"Point","coordinates":[86.432756,23.764804]}},{"type":"Feature","properties":{"subsidence_mm":0.28,"tilt_deg":-0.00096,"strain_ue":0.99,"x_offset_m":240,"y_offset_m":60,"source":"NCB_PFM","nearest_asset_distance_m":179,"consequence_weight":1.93},"geometry":{"type":"Point","coordinates":[86.432756,23.764939]}},{"type":"Feature","properties":{"subsidence_mm":0.28,"tilt_deg":-0.00096,"strain_ue":0.99,"x_offset_m":240,"y_offset_m":75,"source":"NCB_PFM","nearest_asset_distance_m":179,"consequence_weight":1.93},"geometry":{"type":"Point","coordinates":[86.432756,23.765074]}},{"type":"Feature","properties":{"subsidence_mm":0.28,"tilt_deg":-0.00096,"strain_ue":0.99,"x_offset_m":240,"y_offset_m":90,"source":"NCB_PFM","nearest_asset_distance_m":180,"consequence_weight":1.92},"geometry":{"type":"Point","coordinates":[86.432756,23.765208]}},{"type":"Feature","properties":{"subsidence_mm":0.28,"tilt_deg":-0.00096,"strain_ue":0.99,"x_offset_m":240,"y_offset_m":105,"source":"NCB_PFM","nearest_asset_distance_m":183,"consequence_weight":1.9},"geometry":{"type":"Point","coordinates":[86.432756,23.765343]}},{"type":"Feature","properties":{"subsidence_mm":0.28,"tilt_deg":-0.00096,"strain_ue":0.99,"x_offset_m":240,"y_offset_m":120,"source":"NCB_PFM","nearest_asset_distance_m":186,"consequence_weight":1.88},"geometry":{"type":"Point","coordinates":[86.432756,23.765478]}},{"type":"Feature","properties":{"subsidence_mm":0.28,"tilt_deg":-0.00096,"strain_ue":0.99,"x_offset_m":240,"y_offset_m":135,"source":"NCB_PFM","nearest_asset_distance_m":191,"consequence_weight":1.85},"geometry":{"type":"Point","coordinates":[86.432756,23.765613]}},{"type":"Feature","properties":{"subsidence_mm":0.28,"tilt_deg":-0.00096,"strain_ue":0.99,"x_offset_m":240,"y_offset_m":150,"source":"NCB_PFM","nearest_asset_distance_m":197,"consequence_weight":1.82},"geometry":{"type":"Point","coordinates":[86.432756,23.765747]}},{"type":"Feature","properties":{"subsidence_mm":0.28,"tilt_deg":-0.00096,"strain_ue":0.99,"x_offset_m":240,"y_offset_m":165,"source":"NCB_PFM","nearest_asset_distance_m":204,"consequence_weight":1.78},"geometry":{"type":"Point","coordinates":[86.432756,23.765882]}},{"type":"Feature","properties":{"subsidence_mm":0.28,"tilt_deg":-0.00096,"strain_ue":0.99,"x_offset_m":240,"y_offset_m":180,"source":"NCB_PFM","nearest_asset_distance_m":211,"consequence_weight":1.73},"geometry":{"type":"Point","coordinates":[86.432756,23.766017]}},{"type":"Feature","properties":{"subsidence_mm":0.28,"tilt_deg":-0.00096,"strain_ue":0.99,"x_offset_m":240,"y_offset_m":195,"source":"NCB_PFM","nearest_asset_distance_m":220,"consequence_weight":1.68},"geometry":{"type":"Point","coordinates":[86.432756,23.766152]}},{"type":"Feature","properties":{"subsidence_mm":0.28,"tilt_deg":-0.00096,"strain_ue":0.99,"x_offset_m":240,"y_offset_m":210,"source":"NCB_PFM","nearest_asset_distance_m":229,"consequence_weight":1.63},"geometry":{"type":"Point","coordinates":[86.432756,23.766286]}},{"type":"Feature","properties":{"subsidence_mm":0.28,"tilt_deg":-0.00096,"strain_ue":0.99,"x_offset_m":240,"y_offset_m":225,"source":"NCB_PFM","nearest_asset_distance_m":239,"consequence_weight":1.57},"geometry":{"type":"Point","coordinates":[86.432756,23.766421]}},{"type":"Feature","properties":{"subsidence_mm":0.28,"tilt_deg":-0.00096,"strain_ue":0.99,"x_offset_m":240,"y_offset_m":240,"source":"NCB_PFM","nearest_asset_distance_m":249,"consequence_weight":1.51},"geometry":{"type":"Point","coordinates":[86.432756,23.766556]}},{"type":"Feature","properties":{"subsidence_mm":0.28,"tilt_deg":-0.00096,"strain_ue":0.99,"x_offset_m":240,"y_offset_m":255,"source":"NCB_PFM","nearest_asset_distance_m":259,"consequence_weight":1.44},"geometry":{"type":"Point","coordinates":[86.432756,23.766691]}},{"type":"Feature","properties":{"subsidence_mm":0.28,"tilt_deg":-0.00096,"strain_ue":0.99,"x_offset_m":240,"y_offset_m":270,"source":"NCB_PFM","nearest_asset_distance_m":270,"consequence_weight":1.38},"geometry":{"type":"Point","coordinates":[86.432756,23.766825]}},{"type":"Feature","properties":{"subsidence_mm":0.28,"tilt_deg":-0.00096,"strain_ue":0.99,"x_offset_m":240,"y_offset_m":285,"source":"NCB_PFM","nearest_asset_distance_m":282,"consequence_weight":1.31},"geometry":{"type":"Point","coordinates":[86.432756,23.76696]}},{"type":"Feature","properties":{"subsidence_mm":0.28,"tilt_deg":-0.00096,"strain_ue":0.99,"x_offset_m":240,"y_offset_m":300,"source":"NCB_PFM","nearest_asset_distance_m":294,"consequence_weight":1.24},"geometry":{"type":"Point","coordinates":[86.432756,23.767095]}},{"type":"Feature","properties":{"subsidence_mm":0.13,"tilt_deg":-0.00043,"strain_ue":0.44,"x_offset_m":255,"y_offset_m":-300,"source":"NCB_PFM","nearest_asset_distance_m":144,"consequence_weight":1.42},"geometry":{"type":"Point","coordinates":[86.432903,23.761705]}},{"type":"Feature","properties":{"subsidence_mm":0.13,"tilt_deg":-0.00043,"strain_ue":0.44,"x_offset_m":255,"y_offset_m":-285,"source":"NCB_PFM","nearest_asset_distance_m":129,"consequence_weight":1.48},"geometry":{"type":"Point","coordinates":[86.432903,23.76184]}},{"type":"Feature","properties":{"subsidence_mm":0.13,"tilt_deg":-0.00043,"strain_ue":0.44,"x_offset_m":255,"y_offset_m":-270,"source":"NCB_PFM","nearest_asset_distance_m":114,"consequence_weight":1.54},"geometry":{"type":"Point","coordinates":[86.432903,23.761975]}},{"type":"Feature","properties":{"subsidence_mm":0.13,"tilt_deg":-0.00043,"strain_ue":0.44,"x_offset_m":255,"y_offset_m":-255,"source":"NCB_PFM","nearest_asset_distance_m":100,"consequence_weight":1.6},"geometry":{"type":"Point","coordinates":[86.432903,23.762109]}},{"type":"Feature","properties":{"subsidence_mm":0.13,"tilt_deg":-0.00043,"strain_ue":0.44,"x_offset_m":255,"y_offset_m":-240,"source":"NCB_PFM","nearest_asset_distance_m":85,"consequence_weight":1.66},"geometry":{"type":"Point","coordinates":[86.432903,23.762244]}},{"type":"Feature","properties":{"subsidence_mm":0.13,"tilt_deg":-0.00043,"strain_ue":0.44,"x_offset_m":255,"y_offset_m":-225,"source":"NCB_PFM","nearest_asset_distance_m":70,"consequence_weight":1.72},"geometry":{"type":"Point","coordinates":[86.432903,23.762379]}},{"type":"Feature","properties":{"subsidence_mm":0.13,"tilt_deg":-0.00043,"strain_ue":0.44,"x_offset_m":255,"y_offset_m":-210,"source":"NCB_PFM","nearest_asset_distance_m":55,"consequence_weight":1.78},"geometry":{"type":"Point","coordinates":[86.432903,23.762514]}},{"type":"Feature","properties":{"subsidence_mm":0.13,"tilt_deg":-0.00043,"strain_ue":0.44,"x_offset_m":255,"y_offset_m":-195,"source":"NCB_PFM","nearest_asset_distance_m":40,"consequence_weight":1.84},"geometry":{"type":"Point","coordinates":[86.432903,23.762648]}},{"type":"Feature","properties":{"subsidence_mm":0.13,"tilt_deg":-0.00043,"strain_ue":0.44,"x_offset_m":255,"y_offset_m":-180,"source":"NCB_PFM","nearest_asset_distance_m":26,"consequence_weight":1.9},"geometry":{"type":"Point","coordinates":[86.432903,23.762783]}},{"type":"Feature","properties":{"subsidence_mm":0.13,"tilt_deg":-0.00043,"strain_ue":0.44,"x_offset_m":255,"y_offset_m":-165,"source":"NCB_PFM","nearest_asset_distance_m":13,"consequence_weight":1.95},"geometry":{"type":"Point","coordinates":[86.432903,23.762918]}},{"type":"Feature","properties":{"subsidence_mm":0.13,"tilt_deg":-0.00043,"strain_ue":0.44,"x_offset_m":255,"y_offset_m":-150,"source":"NCB_PFM","nearest_asset_distance_m":11,"consequence_weight":1.95},"geometry":{"type":"Point","coordinates":[86.432903,23.763053]}},{"type":"Feature","properties":{"subsidence_mm":0.13,"tilt_deg":-0.00043,"strain_ue":0.44,"x_offset_m":255,"y_offset_m":-135,"source":"NCB_PFM","nearest_asset_distance_m":23,"consequence_weight":1.91},"geometry":{"type":"Point","coordinates":[86.432903,23.763187]}},{"type":"Feature","properties":{"subsidence_mm":0.13,"tilt_deg":-0.00043,"strain_ue":0.44,"x_offset_m":255,"y_offset_m":-120,"source":"NCB_PFM","nearest_asset_distance_m":37,"consequence_weight":1.85},"geometry":{"type":"Point","coordinates":[86.432903,23.763322]}},{"type":"Feature","properties":{"subsidence_mm":0.13,"tilt_deg":-0.00043,"strain_ue":0.44,"x_offset_m":255,"y_offset_m":-105,"source":"NCB_PFM","nearest_asset_distance_m":52,"consequence_weight":1.79},"geometry":{"type":"Point","coordinates":[86.432903,23.763457]}},{"type":"Feature","properties":{"subsidence_mm":0.13,"tilt_deg":-0.00043,"strain_ue":0.44,"x_offset_m":255,"y_offset_m":-90,"source":"NCB_PFM","nearest_asset_distance_m":67,"consequence_weight":1.73},"geometry":{"type":"Point","coordinates":[86.432903,23.763592]}},{"type":"Feature","properties":{"subsidence_mm":0.13,"tilt_deg":-0.00043,"strain_ue":0.44,"x_offset_m":255,"y_offset_m":-75,"source":"NCB_PFM","nearest_asset_distance_m":81,"consequence_weight":1.67},"geometry":{"type":"Point","coordinates":[86.432903,23.763726]}},{"type":"Feature","properties":{"subsidence_mm":0.13,"tilt_deg":-0.00043,"strain_ue":0.44,"x_offset_m":255,"y_offset_m":-60,"source":"NCB_PFM","nearest_asset_distance_m":96,"consequence_weight":1.62},"geometry":{"type":"Point","coordinates":[86.432903,23.763861]}},{"type":"Feature","properties":{"subsidence_mm":0.13,"tilt_deg":-0.00043,"strain_ue":0.44,"x_offset_m":255,"y_offset_m":-45,"source":"NCB_PFM","nearest_asset_distance_m":111,"consequence_weight":1.56},"geometry":{"type":"Point","coordinates":[86.432903,23.763996]}},{"type":"Feature","properties":{"subsidence_mm":0.13,"tilt_deg":-0.00043,"strain_ue":0.44,"x_offset_m":255,"y_offset_m":-30,"source":"NCB_PFM","nearest_asset_distance_m":126,"consequence_weight":1.5},"geometry":{"type":"Point","coordinates":[86.432903,23.764131]}},{"type":"Feature","properties":{"subsidence_mm":0.13,"tilt_deg":-0.00043,"strain_ue":0.44,"x_offset_m":255,"y_offset_m":-15,"source":"NCB_PFM","nearest_asset_distance_m":141,"consequence_weight":1.44},"geometry":{"type":"Point","coordinates":[86.432903,23.764265]}},{"type":"Feature","properties":{"subsidence_mm":0.13,"tilt_deg":-0.00043,"strain_ue":0.44,"x_offset_m":255,"y_offset_m":0,"source":"NCB_PFM","nearest_asset_distance_m":156,"consequence_weight":1.38},"geometry":{"type":"Point","coordinates":[86.432903,23.7644]}},{"type":"Feature","properties":{"subsidence_mm":0.13,"tilt_deg":-0.00043,"strain_ue":0.44,"x_offset_m":255,"y_offset_m":15,"source":"NCB_PFM","nearest_asset_distance_m":171,"consequence_weight":1.32},"geometry":{"type":"Point","coordinates":[86.432903,23.764535]}},{"type":"Feature","properties":{"subsidence_mm":0.13,"tilt_deg":-0.00043,"strain_ue":0.44,"x_offset_m":255,"y_offset_m":30,"source":"NCB_PFM","nearest_asset_distance_m":186,"consequence_weight":1.26},"geometry":{"type":"Point","coordinates":[86.432903,23.764669]}},{"type":"Feature","properties":{"subsidence_mm":0.13,"tilt_deg":-0.00043,"strain_ue":0.44,"x_offset_m":255,"y_offset_m":45,"source":"NCB_PFM","nearest_asset_distance_m":195,"consequence_weight":1.83},"geometry":{"type":"Point","coordinates":[86.432903,23.764804]}},{"type":"Feature","properties":{"subsidence_mm":0.13,"tilt_deg":-0.00043,"strain_ue":0.44,"x_offset_m":255,"y_offset_m":60,"source":"NCB_PFM","nearest_asset_distance_m":194,"consequence_weight":1.84},"geometry":{"type":"Point","coordinates":[86.432903,23.764939]}},{"type":"Feature","properties":{"subsidence_mm":0.13,"tilt_deg":-0.00043,"strain_ue":0.44,"x_offset_m":255,"y_offset_m":75,"source":"NCB_PFM","nearest_asset_distance_m":194,"consequence_weight":1.84},"geometry":{"type":"Point","coordinates":[86.432903,23.765074]}},{"type":"Feature","properties":{"subsidence_mm":0.13,"tilt_deg":-0.00043,"strain_ue":0.44,"x_offset_m":255,"y_offset_m":90,"source":"NCB_PFM","nearest_asset_distance_m":195,"consequence_weight":1.83},"geometry":{"type":"Point","coordinates":[86.432903,23.765208]}},{"type":"Feature","properties":{"subsidence_mm":0.13,"tilt_deg":-0.00043,"strain_ue":0.44,"x_offset_m":255,"y_offset_m":105,"source":"NCB_PFM","nearest_asset_distance_m":197,"consequence_weight":1.82},"geometry":{"type":"Point","coordinates":[86.432903,23.765343]}},{"type":"Feature","properties":{"subsidence_mm":0.13,"tilt_deg":-0.00043,"strain_ue":0.44,"x_offset_m":255,"y_offset_m":120,"source":"NCB_PFM","nearest_asset_distance_m":201,"consequence_weight":1.8},"geometry":{"type":"Point","coordinates":[86.432903,23.765478]}},{"type":"Feature","properties":{"subsidence_mm":0.13,"tilt_deg":-0.00043,"strain_ue":0.44,"x_offset_m":255,"y_offset_m":135,"source":"NCB_PFM","nearest_asset_distance_m":205,"consequence_weight":1.77},"geometry":{"type":"Point","coordinates":[86.432903,23.765613]}},{"type":"Feature","properties":{"subsidence_mm":0.13,"tilt_deg":-0.00043,"strain_ue":0.44,"x_offset_m":255,"y_offset_m":150,"source":"NCB_PFM","nearest_asset_distance_m":211,"consequence_weight":1.74},"geometry":{"type":"Point","coordinates":[86.432903,23.765747]}},{"type":"Feature","properties":{"subsidence_mm":0.13,"tilt_deg":-0.00043,"strain_ue":0.44,"x_offset_m":255,"y_offset_m":165,"source":"NCB_PFM","nearest_asset_distance_m":217,"consequence_weight":1.7},"geometry":{"type":"Point","coordinates":[86.432903,23.765882]}},{"type":"Feature","properties":{"subsidence_mm":0.13,"tilt_deg":-0.00043,"strain_ue":0.44,"x_offset_m":255,"y_offset_m":180,"source":"NCB_PFM","nearest_asset_distance_m":224,"consequence_weight":1.65},"geometry":{"type":"Point","coordinates":[86.432903,23.766017]}},{"type":"Feature","properties":{"subsidence_mm":0.13,"tilt_deg":-0.00043,"strain_ue":0.44,"x_offset_m":255,"y_offset_m":195,"source":"NCB_PFM","nearest_asset_distance_m":232,"consequence_weight":1.61},"geometry":{"type":"Point","coordinates":[86.432903,23.766152]}},{"type":"Feature","properties":{"subsidence_mm":0.13,"tilt_deg":-0.00043,"strain_ue":0.44,"x_offset_m":255,"y_offset_m":210,"source":"NCB_PFM","nearest_asset_distance_m":241,"consequence_weight":1.56},"geometry":{"type":"Point","coordinates":[86.432903,23.766286]}},{"type":"Feature","properties":{"subsidence_mm":0.13,"tilt_deg":-0.00043,"strain_ue":0.44,"x_offset_m":255,"y_offset_m":225,"source":"NCB_PFM","nearest_asset_distance_m":250,"consequence_weight":1.5},"geometry":{"type":"Point","coordinates":[86.432903,23.766421]}},{"type":"Feature","properties":{"subsidence_mm":0.13,"tilt_deg":-0.00043,"strain_ue":0.44,"x_offset_m":255,"y_offset_m":240,"source":"NCB_PFM","nearest_asset_distance_m":260,"consequence_weight":1.44},"geometry":{"type":"Point","coordinates":[86.432903,23.766556]}},{"type":"Feature","properties":{"subsidence_mm":0.13,"tilt_deg":-0.00043,"strain_ue":0.44,"x_offset_m":255,"y_offset_m":255,"source":"NCB_PFM","nearest_asset_distance_m":270,"consequence_weight":1.38},"geometry":{"type":"Point","coordinates":[86.432903,23.766691]}},{"type":"Feature","properties":{"subsidence_mm":0.13,"tilt_deg":-0.00043,"strain_ue":0.44,"x_offset_m":255,"y_offset_m":270,"source":"NCB_PFM","nearest_asset_distance_m":281,"consequence_weight":1.32},"geometry":{"type":"Point","coordinates":[86.432903,23.766825]}},{"type":"Feature","properties":{"subsidence_mm":0.13,"tilt_deg":-0.00043,"strain_ue":0.44,"x_offset_m":255,"y_offset_m":285,"source":"NCB_PFM","nearest_asset_distance_m":292,"consequence_weight":1.25},"geometry":{"type":"Point","coordinates":[86.432903,23.76696]}},{"type":"Feature","properties":{"subsidence_mm":0.13,"tilt_deg":-0.00043,"strain_ue":0.44,"x_offset_m":255,"y_offset_m":300,"source":"NCB_PFM","nearest_asset_distance_m":303,"consequence_weight":1.18},"geometry":{"type":"Point","coordinates":[86.432903,23.767095]}},{"type":"Feature","properties":{"subsidence_mm":0.06,"tilt_deg":-0.00019,"strain_ue":0.2,"x_offset_m":270,"y_offset_m":-300,"source":"NCB_PFM","nearest_asset_distance_m":144,"consequence_weight":1.42},"geometry":{"type":"Point","coordinates":[86.43305,23.761705]}},{"type":"Feature","properties":{"subsidence_mm":0.06,"tilt_deg":-0.00019,"strain_ue":0.2,"x_offset_m":270,"y_offset_m":-285,"source":"NCB_PFM","nearest_asset_distance_m":129,"consequence_weight":1.48},"geometry":{"type":"Point","coordinates":[86.43305,23.76184]}},{"type":"Feature","properties":{"subsidence_mm":0.06,"tilt_deg":-0.00019,"strain_ue":0.2,"x_offset_m":270,"y_offset_m":-270,"source":"NCB_PFM","nearest_asset_distance_m":114,"consequence_weight":1.54},"geometry":{"type":"Point","coordinates":[86.43305,23.761975]}},{"type":"Feature","properties":{"subsidence_mm":0.06,"tilt_deg":-0.00019,"strain_ue":0.2,"x_offset_m":270,"y_offset_m":-255,"source":"NCB_PFM","nearest_asset_distance_m":99,"consequence_weight":1.6},"geometry":{"type":"Point","coordinates":[86.43305,23.762109]}},{"type":"Feature","properties":{"subsidence_mm":0.06,"tilt_deg":-0.00019,"strain_ue":0.2,"x_offset_m":270,"y_offset_m":-240,"source":"NCB_PFM","nearest_asset_distance_m":84,"consequence_weight":1.66},"geometry":{"type":"Point","coordinates":[86.43305,23.762244]}},{"type":"Feature","properties":{"subsidence_mm":0.06,"tilt_deg":-0.00019,"strain_ue":0.2,"x_offset_m":270,"y_offset_m":-225,"source":"NCB_PFM","nearest_asset_distance_m":69,"consequence_weight":1.72},"geometry":{"type":"Point","coordinates":[86.43305,23.762379]}},{"type":"Feature","properties":{"subsidence_mm":0.06,"tilt_deg":-0.00019,"strain_ue":0.2,"x_offset_m":270,"y_offset_m":-210,"source":"NCB_PFM","nearest_asset_distance_m":54,"consequence_weight":1.78},"geometry":{"type":"Point","coordinates":[86.43305,23.762514]}},{"type":"Feature","properties":{"subsidence_mm":0.06,"tilt_deg":-0.00019,"strain_ue":0.2,"x_offset_m":270,"y_offset_m":-195,"source":"NCB_PFM","nearest_asset_distance_m":39,"consequence_weight":1.84},"geometry":{"type":"Point","coordinates":[86.43305,23.762648]}},{"type":"Feature","properties":{"subsidence_mm":0.06,"tilt_deg":-0.00019,"strain_ue":0.2,"x_offset_m":270,"y_offset_m":-180,"source":"NCB_PFM","nearest_asset_distance_m":25,"consequence_weight":1.9},"geometry":{"type":"Point","coordinates":[86.43305,23.762783]}},{"type":"Feature","properties":{"subsidence_mm":0.06,"tilt_deg":-0.00019,"strain_ue":0.2,"x_offset_m":270,"y_offset_m":-165,"source":"NCB_PFM","nearest_asset_distance_m":10,"consequence_weight":1.96},"geometry":{"type":"Point","coordinates":[86.43305,23.762918]}},{"type":"Feature","properties":{"subsidence_mm":0.06,"tilt_deg":-0.00019,"strain_ue":0.2,"x_offset_m":270,"y_offset_m":-150,"source":"NCB_PFM","nearest_asset_distance_m":8,"consequence_weight":1.97},"geometry":{"type":"Point","coordinates":[86.43305,23.763053]}},{"type":"Feature","properties":{"subsidence_mm":0.06,"tilt_deg":-0.00019,"strain_ue":0.2,"x_offset_m":270,"y_offset_m":-135,"source":"NCB_PFM","nearest_asset_distance_m":21,"consequence_weight":1.91},"geometry":{"type":"Point","coordinates":[86.43305,23.763187]}},{"type":"Feature","properties":{"subsidence_mm":0.06,"tilt_deg":-0.00019,"strain_ue":0.2,"x_offset_m":270,"y_offset_m":-120,"source":"NCB_PFM","nearest_asset_distance_m":36,"consequence_weight":1.86},"geometry":{"type":"Point","coordinates":[86.43305,23.763322]}},{"type":"Feature","properties":{"subsidence_mm":0.06,"tilt_deg":-0.00019,"strain_ue":0.2,"x_offset_m":270,"y_offset_m":-105,"source":"NCB_PFM","nearest_asset_distance_m":51,"consequence_weight":1.8},"geometry":{"type":"Point","coordinates":[86.43305,23.763457]}},{"type":"Feature","properties":{"subsidence_mm":0.06,"tilt_deg":-0.00019,"strain_ue":0.2,"x_offset_m":270,"y_offset_m":-90,"source":"NCB_PFM","nearest_asset_distance_m":66,"consequence_weight":1.74},"geometry":{"type":"Point","coordinates":[86.43305,23.763592]}},{"type":"Feature","properties":{"subsidence_mm":0.06,"tilt_deg":-0.00019,"strain_ue":0.2,"x_offset_m":270,"y_offset_m":-75,"source":"NCB_PFM","nearest_asset_distance_m":81,"consequence_weight":1.68},"geometry":{"type":"Point","coordinates":[86.43305,23.763726]}},{"type":"Feature","properties":{"subsidence_mm":0.06,"tilt_deg":-0.00019,"strain_ue":0.2,"x_offset_m":270,"y_offset_m":-60,"source":"NCB_PFM","nearest_asset_distance_m":96,"consequence_weight":1.62},"geometry":{"type":"Point","coordinates":[86.43305,23.763861]}},{"type":"Feature","properties":{"subsidence_mm":0.06,"tilt_deg":-0.00019,"strain_ue":0.2,"x_offset_m":270,"y_offset_m":-45,"source":"NCB_PFM","nearest_asset_distance_m":111,"consequence_weight":1.56},"geometry":{"type":"Point","coordinates":[86.43305,23.763996]}},{"type":"Feature","properties":{"subsidence_mm":0.06,"tilt_deg":-0.00019,"strain_ue":0.2,"x_offset_m":270,"y_offset_m":-30,"source":"NCB_PFM","nearest_asset_distance_m":126,"consequence_weight":1.5},"geometry":{"type":"Point","coordinates":[86.43305,23.764131]}},{"type":"Feature","properties":{"subsidence_mm":0.06,"tilt_deg":-0.00019,"strain_ue":0.2,"x_offset_m":270,"y_offset_m":-15,"source":"NCB_PFM","nearest_asset_distance_m":141,"consequence_weight":1.44},"geometry":{"type":"Point","coordinates":[86.43305,23.764265]}},{"type":"Feature","properties":{"subsidence_mm":0.06,"tilt_deg":-0.00019,"strain_ue":0.2,"x_offset_m":270,"y_offset_m":0,"source":"NCB_PFM","nearest_asset_distance_m":156,"consequence_weight":1.38},"geometry":{"type":"Point","coordinates":[86.43305,23.7644]}},{"type":"Feature","properties":{"subsidence_mm":0.06,"tilt_deg":-0.00019,"strain_ue":0.2,"x_offset_m":270,"y_offset_m":15,"source":"NCB_PFM","nearest_asset_distance_m":171,"consequence_weight":1.32},"geometry":{"type":"Point","coordinates":[86.43305,23.764535]}},{"type":"Feature","properties":{"subsidence_mm":0.06,"tilt_deg":-0.00019,"strain_ue":0.2,"x_offset_m":270,"y_offset_m":30,"source":"NCB_PFM","nearest_asset_distance_m":186,"consequence_weight":1.26},"geometry":{"type":"Point","coordinates":[86.43305,23.764669]}},{"type":"Feature","properties":{"subsidence_mm":0.06,"tilt_deg":-0.00019,"strain_ue":0.2,"x_offset_m":270,"y_offset_m":45,"source":"NCB_PFM","nearest_asset_distance_m":201,"consequence_weight":1.2},"geometry":{"type":"Point","coordinates":[86.43305,23.764804]}},{"type":"Feature","properties":{"subsidence_mm":0.06,"tilt_deg":-0.00019,"strain_ue":0.2,"x_offset_m":270,"y_offset_m":60,"source":"NCB_PFM","nearest_asset_distance_m":209,"consequence_weight":1.75},"geometry":{"type":"Point","coordinates":[86.43305,23.764939]}},{"type":"Feature","properties":{"subsidence_mm":0.06,"tilt_deg":-0.00019,"strain_ue":0.2,"x_offset_m":270,"y_offset_m":75,"source":"NCB_PFM","nearest_asset_distance_m":209,"consequence_weight":1.75},"geometry":{"type":"Point","coordinates":[86.43305,23.765074]}},{"type":"Feature","properties":{"subsidence_mm":0.06,"tilt_deg":-0.00019,"strain_ue":0.2,"x_offset_m":270,"y_offset_m":90,"source":"NCB_PFM","nearest_asset_distance_m":210,"consequence_weight":1.74},"geometry":{"type":"Point","coordinates":[86.43305,23.765208]}},{"type":"Feature","properties":{"subsidence_mm":0.06,"tilt_deg":-0.00019,"strain_ue":0.2,"x_offset_m":270,"y_offset_m":105,"source":"NCB_PFM","nearest_asset_distance_m":212,"consequence_weight":1.73},"geometry":{"type":"Point","coordinates":[86.43305,23.765343]}},{"type":"Feature","properties":{"subsidence_mm":0.06,"tilt_deg":-0.00019,"strain_ue":0.2,"x_offset_m":270,"y_offset_m":120,"source":"NCB_PFM","nearest_asset_distance_m":215,"consequence_weight":1.71},"geometry":{"type":"Point","coordinates":[86.43305,23.765478]}},{"type":"Feature","properties":{"subsidence_mm":0.06,"tilt_deg":-0.00019,"strain_ue":0.2,"x_offset_m":270,"y_offset_m":135,"source":"NCB_PFM","nearest_asset_distance_m":219,"consequence_weight":1.68},"geometry":{"type":"Point","coordinates":[86.43305,23.765613]}},{"type":"Feature","properties":{"subsidence_mm":0.06,"tilt_deg":-0.00019,"strain_ue":0.2,"x_offset_m":270,"y_offset_m":150,"source":"NCB_PFM","nearest_asset_distance_m":225,"consequence_weight":1.65},"geometry":{"type":"Point","coordinates":[86.43305,23.765747]}},{"type":"Feature","properties":{"subsidence_mm":0.06,"tilt_deg":-0.00019,"strain_ue":0.2,"x_offset_m":270,"y_offset_m":165,"source":"NCB_PFM","nearest_asset_distance_m":231,"consequence_weight":1.62},"geometry":{"type":"Point","coordinates":[86.43305,23.765882]}},{"type":"Feature","properties":{"subsidence_mm":0.06,"tilt_deg":-0.00019,"strain_ue":0.2,"x_offset_m":270,"y_offset_m":180,"source":"NCB_PFM","nearest_asset_distance_m":237,"consequence_weight":1.58},"geometry":{"type":"Point","coordinates":[86.43305,23.766017]}},{"type":"Feature","properties":{"subsidence_mm":0.06,"tilt_deg":-0.00019,"strain_ue":0.2,"x_offset_m":270,"y_offset_m":195,"source":"NCB_PFM","nearest_asset_distance_m":245,"consequence_weight":1.53},"geometry":{"type":"Point","coordinates":[86.43305,23.766152]}},{"type":"Feature","properties":{"subsidence_mm":0.06,"tilt_deg":-0.00019,"strain_ue":0.2,"x_offset_m":270,"y_offset_m":210,"source":"NCB_PFM","nearest_asset_distance_m":253,"consequence_weight":1.48},"geometry":{"type":"Point","coordinates":[86.43305,23.766286]}},{"type":"Feature","properties":{"subsidence_mm":0.06,"tilt_deg":-0.00019,"strain_ue":0.2,"x_offset_m":270,"y_offset_m":225,"source":"NCB_PFM","nearest_asset_distance_m":262,"consequence_weight":1.43},"geometry":{"type":"Point","coordinates":[86.43305,23.766421]}},{"type":"Feature","properties":{"subsidence_mm":0.06,"tilt_deg":-0.00019,"strain_ue":0.2,"x_offset_m":270,"y_offset_m":240,"source":"NCB_PFM","nearest_asset_distance_m":271,"consequence_weight":1.37},"geometry":{"type":"Point","coordinates":[86.43305,23.766556]}},{"type":"Feature","properties":{"subsidence_mm":0.06,"tilt_deg":-0.00019,"strain_ue":0.2,"x_offset_m":270,"y_offset_m":255,"source":"NCB_PFM","nearest_asset_distance_m":281,"consequence_weight":1.31},"geometry":{"type":"Point","coordinates":[86.43305,23.766691]}},{"type":"Feature","properties":{"subsidence_mm":0.06,"tilt_deg":-0.00019,"strain_ue":0.2,"x_offset_m":270,"y_offset_m":270,"source":"NCB_PFM","nearest_asset_distance_m":291,"consequence_weight":1.25},"geometry":{"type":"Point","coordinates":[86.43305,23.766825]}},{"type":"Feature","properties":{"subsidence_mm":0.06,"tilt_deg":-0.00019,"strain_ue":0.2,"x_offset_m":270,"y_offset_m":285,"source":"NCB_PFM","nearest_asset_distance_m":302,"consequence_weight":1.19},"geometry":{"type":"Point","coordinates":[86.43305,23.76696]}},{"type":"Feature","properties":{"subsidence_mm":0.06,"tilt_deg":-0.00019,"strain_ue":0.2,"x_offset_m":270,"y_offset_m":300,"source":"NCB_PFM","nearest_asset_distance_m":313,"consequence_weight":1.12},"geometry":{"type":"Point","coordinates":[86.43305,23.767095]}},{"type":"Feature","properties":{"subsidence_mm":0.03,"tilt_deg":-0.00009,"strain_ue":0.08,"x_offset_m":285,"y_offset_m":-300,"source":"NCB_PFM","nearest_asset_distance_m":145,"consequence_weight":1.42},"geometry":{"type":"Point","coordinates":[86.433197,23.761705]}},{"type":"Feature","properties":{"subsidence_mm":0.03,"tilt_deg":-0.00009,"strain_ue":0.08,"x_offset_m":285,"y_offset_m":-285,"source":"NCB_PFM","nearest_asset_distance_m":131,"consequence_weight":1.48},"geometry":{"type":"Point","coordinates":[86.433197,23.76184]}},{"type":"Feature","properties":{"subsidence_mm":0.03,"tilt_deg":-0.00009,"strain_ue":0.08,"x_offset_m":285,"y_offset_m":-270,"source":"NCB_PFM","nearest_asset_distance_m":116,"consequence_weight":1.54},"geometry":{"type":"Point","coordinates":[86.433197,23.761975]}},{"type":"Feature","properties":{"subsidence_mm":0.03,"tilt_deg":-0.00009,"strain_ue":0.08,"x_offset_m":285,"y_offset_m":-255,"source":"NCB_PFM","nearest_asset_distance_m":101,"consequence_weight":1.6},"geometry":{"type":"Point","coordinates":[86.433197,23.762109]}},{"type":"Feature","properties":{"subsidence_mm":0.03,"tilt_deg":-0.00009,"strain_ue":0.08,"x_offset_m":285,"y_offset_m":-240,"source":"NCB_PFM","nearest_asset_distance_m":86,"consequence_weight":1.65},"geometry":{"type":"Point","coordinates":[86.433197,23.762244]}},{"type":"Feature","properties":{"subsidence_mm":0.03,"tilt_deg":-0.00009,"strain_ue":0.08,"x_offset_m":285,"y_offset_m":-225,"source":"NCB_PFM","nearest_asset_distance_m":72,"consequence_weight":1.71},"geometry":{"type":"Point","coordinates":[86.433197,23.762379]}},{"type":"Feature","properties":{"subsidence_mm":0.03,"tilt_deg":-0.00009,"strain_ue":0.08,"x_offset_m":285,"y_offset_m":-210,"source":"NCB_PFM","nearest_asset_distance_m":58,"consequence_weight":1.77},"geometry":{"type":"Point","coordinates":[86.433197,23.762514]}},{"type":"Feature","properties":{"subsidence_mm":0.03,"tilt_deg":-0.00009,"strain_ue":0.08,"x_offset_m":285,"y_offset_m":-195,"source":"NCB_PFM","nearest_asset_distance_m":44,"consequence_weight":1.82},"geometry":{"type":"Point","coordinates":[86.433197,23.762648]}},{"type":"Feature","properties":{"subsidence_mm":0.03,"tilt_deg":-0.00009,"strain_ue":0.08,"x_offset_m":285,"y_offset_m":-180,"source":"NCB_PFM","nearest_asset_distance_m":31,"consequence_weight":1.87},"geometry":{"type":"Point","coordinates":[86.433197,23.762783]}},{"type":"Feature","properties":{"subsidence_mm":0.03,"tilt_deg":-0.00009,"strain_ue":0.08,"x_offset_m":285,"y_offset_m":-165,"source":"NCB_PFM","nearest_asset_distance_m":22,"consequence_weight":1.91},"geometry":{"type":"Point","coordinates":[86.433197,23.762918]}},{"type":"Feature","properties":{"subsidence_mm":0.03,"tilt_deg":-0.00009,"strain_ue":0.08,"x_offset_m":285,"y_offset_m":-150,"source":"NCB_PFM","nearest_asset_distance_m":21,"consequence_weight":1.92},"geometry":{"type":"Point","coordinates":[86.433197,23.763053]}},{"type":"Feature","properties":{"subsidence_mm":0.03,"tilt_deg":-0.00009,"strain_ue":0.08,"x_offset_m":285,"y_offset_m":-135,"source":"NCB_PFM","nearest_asset_distance_m":29,"consequence_weight":1.88},"geometry":{"type":"Point","coordinates":[86.433197,23.763187]}},{"type":"Feature","properties":{"subsidence_mm":0.03,"tilt_deg":-0.00009,"strain_ue":0.08,"x_offset_m":285,"y_offset_m":-120,"source":"NCB_PFM","nearest_asset_distance_m":41,"consequence_weight":1.84},"geometry":{"type":"Point","coordinates":[86.433197,23.763322]}},{"type":"Feature","properties":{"subsidence_mm":0.03,"tilt_deg":-0.00009,"strain_ue":0.08,"x_offset_m":285,"y_offset_m":-105,"source":"NCB_PFM","nearest_asset_distance_m":55,"consequence_weight":1.78},"geometry":{"type":"Point","coordinates":[86.433197,23.763457]}},{"type":"Feature","properties":{"subsidence_mm":0.03,"tilt_deg":-0.00009,"strain_ue":0.08,"x_offset_m":285,"y_offset_m":-90,"source":"NCB_PFM","nearest_asset_distance_m":69,"consequence_weight":1.72},"geometry":{"type":"Point","coordinates":[86.433197,23.763592]}},{"type":"Feature","properties":{"subsidence_mm":0.03,"tilt_deg":-0.00009,"strain_ue":0.08,"x_offset_m":285,"y_offset_m":-75,"source":"NCB_PFM","nearest_asset_distance_m":83,"consequence_weight":1.67},"geometry":{"type":"Point","coordinates":[86.433197,23.763726]}},{"type":"Feature","properties":{"subsidence_mm":0.03,"tilt_deg":-0.00009,"strain_ue":0.08,"x_offset_m":285,"y_offset_m":-60,"source":"NCB_PFM","nearest_asset_distance_m":98,"consequence_weight":1.61},"geometry":{"type":"Point","coordinates":[86.433197,23.763861]}},{"type":"Feature","properties":{"subsidence_mm":0.03,"tilt_deg":-0.00009,"strain_ue":0.08,"x_offset_m":285,"y_offset_m":-45,"source":"NCB_PFM","nearest_asset_distance_m":113,"consequence_weight":1.55},"geometry":{"type":"Point","coordinates":[86.433197,23.763996]}},{"type":"Feature","properties":{"subsidence_mm":0.03,"tilt_deg":-0.00009,"strain_ue":0.08,"x_offset_m":285,"y_offset_m":-30,"source":"NCB_PFM","nearest_asset_distance_m":127,"consequence_weight":1.49},"geometry":{"type":"Point","coordinates":[86.433197,23.764131]}},{"type":"Feature","properties":{"subsidence_mm":0.03,"tilt_deg":-0.00009,"strain_ue":0.08,"x_offset_m":285,"y_offset_m":-15,"source":"NCB_PFM","nearest_asset_distance_m":142,"consequence_weight":1.43},"geometry":{"type":"Point","coordinates":[86.433197,23.764265]}},{"type":"Feature","properties":{"subsidence_mm":0.03,"tilt_deg":-0.00009,"strain_ue":0.08,"x_offset_m":285,"y_offset_m":0,"source":"NCB_PFM","nearest_asset_distance_m":157,"consequence_weight":1.37},"geometry":{"type":"Point","coordinates":[86.433197,23.7644]}},{"type":"Feature","properties":{"subsidence_mm":0.03,"tilt_deg":-0.00009,"strain_ue":0.08,"x_offset_m":285,"y_offset_m":15,"source":"NCB_PFM","nearest_asset_distance_m":172,"consequence_weight":1.31},"geometry":{"type":"Point","coordinates":[86.433197,23.764535]}},{"type":"Feature","properties":{"subsidence_mm":0.03,"tilt_deg":-0.00009,"strain_ue":0.08,"x_offset_m":285,"y_offset_m":30,"source":"NCB_PFM","nearest_asset_distance_m":187,"consequence_weight":1.25},"geometry":{"type":"Point","coordinates":[86.433197,23.764669]}},{"type":"Feature","properties":{"subsidence_mm":0.03,"tilt_deg":-0.00009,"strain_ue":0.08,"x_offset_m":285,"y_offset_m":45,"source":"NCB_PFM","nearest_asset_distance_m":202,"consequence_weight":1.19},"geometry":{"type":"Point","coordinates":[86.433197,23.764804]}},{"type":"Feature","properties":{"subsidence_mm":0.03,"tilt_deg":-0.00009,"strain_ue":0.08,"x_offset_m":285,"y_offset_m":60,"source":"NCB_PFM","nearest_asset_distance_m":217,"consequence_weight":1.13},"geometry":{"type":"Point","coordinates":[86.433197,23.764939]}},{"type":"Feature","properties":{"subsidence_mm":0.03,"tilt_deg":-0.00009,"strain_ue":0.08,"x_offset_m":285,"y_offset_m":75,"source":"NCB_PFM","nearest_asset_distance_m":224,"consequence_weight":1.66},"geometry":{"type":"Point","coordinates":[86.433197,23.765074]}},{"type":"Feature","properties":{"subsidence_mm":0.03,"tilt_deg":-0.00009,"strain_ue":0.08,"x_offset_m":285,"y_offset_m":90,"source":"NCB_PFM","nearest_asset_distance_m":225,"consequence_weight":1.65},"geometry":{"type":"Point","coordinates":[86.433197,23.765208]}},{"type":"Feature","properties":{"subsidence_mm":0.03,"tilt_deg":-0.00009,"strain_ue":0.08,"x_offset_m":285,"y_offset_m":105,"source":"NCB_PFM","nearest_asset_distance_m":227,"consequence_weight":1.64},"geometry":{"type":"Point","coordinates":[86.433197,23.765343]}},{"type":"Feature","properties":{"subsidence_mm":0.03,"tilt_deg":-0.00009,"strain_ue":0.08,"x_offset_m":285,"y_offset_m":120,"source":"NCB_PFM","nearest_asset_distance_m":230,"consequence_weight":1.62},"geometry":{"type":"Point","coordinates":[86.433197,23.765478]}},{"type":"Feature","properties":{"subsidence_mm":0.03,"tilt_deg":-0.00009,"strain_ue":0.08,"x_offset_m":285,"y_offset_m":135,"source":"NCB_PFM","nearest_asset_distance_m":234,"consequence_weight":1.6},"geometry":{"type":"Point","coordinates":[86.433197,23.765613]}},{"type":"Feature","properties":{"subsidence_mm":0.03,"tilt_deg":-0.00009,"strain_ue":0.08,"x_offset_m":285,"y_offset_m":150,"source":"NCB_PFM","nearest_asset_distance_m":239,"consequence_weight":1.57},"geometry":{"type":"Point","coordinates":[86.433197,23.765747]}},{"type":"Feature","properties":{"subsidence_mm":0.03,"tilt_deg":-0.00009,"strain_ue":0.08,"x_offset_m":285,"y_offset_m":165,"source":"NCB_PFM","nearest_asset_distance_m":244,"consequence_weight":1.54},"geometry":{"type":"Point","coordinates":[86.433197,23.765882]}},{"type":"Feature","properties":{"subsidence_mm":0.03,"tilt_deg":-0.00009,"strain_ue":0.08,"x_offset_m":285,"y_offset_m":180,"source":"NCB_PFM","nearest_asset_distance_m":251,"consequence_weight":1.5},"geometry":{"type":"Point","coordinates":[86.433197,23.766017]}},{"type":"Feature","properties":{"subsidence_mm":0.03,"tilt_deg":-0.00009,"strain_ue":0.08,"x_offset_m":285,"y_offset_m":195,"source":"NCB_PFM","nearest_asset_distance_m":258,"consequence_weight":1.45},"geometry":{"type":"Point","coordinates":[86.433197,23.766152]}},{"type":"Feature","properties":{"subsidence_mm":0.03,"tilt_deg":-0.00009,"strain_ue":0.08,"x_offset_m":285,"y_offset_m":210,"source":"NCB_PFM","nearest_asset_distance_m":265,"consequence_weight":1.41},"geometry":{"type":"Point","coordinates":[86.433197,23.766286]}},{"type":"Feature","properties":{"subsidence_mm":0.03,"tilt_deg":-0.00009,"strain_ue":0.08,"x_offset_m":285,"y_offset_m":225,"source":"NCB_PFM","nearest_asset_distance_m":274,"consequence_weight":1.36},"geometry":{"type":"Point","coordinates":[86.433197,23.766421]}},{"type":"Feature","properties":{"subsidence_mm":0.03,"tilt_deg":-0.00009,"strain_ue":0.08,"x_offset_m":285,"y_offset_m":240,"source":"NCB_PFM","nearest_asset_distance_m":283,"consequence_weight":1.3},"geometry":{"type":"Point","coordinates":[86.433197,23.766556]}},{"type":"Feature","properties":{"subsidence_mm":0.03,"tilt_deg":-0.00009,"strain_ue":0.08,"x_offset_m":285,"y_offset_m":255,"source":"NCB_PFM","nearest_asset_distance_m":292,"consequence_weight":1.25},"geometry":{"type":"Point","coordinates":[86.433197,23.766691]}},{"type":"Feature","properties":{"subsidence_mm":0.03,"tilt_deg":-0.00009,"strain_ue":0.08,"x_offset_m":285,"y_offset_m":270,"source":"NCB_PFM","nearest_asset_distance_m":302,"consequence_weight":1.19},"geometry":{"type":"Point","coordinates":[86.433197,23.766825]}},{"type":"Feature","properties":{"subsidence_mm":0.03,"tilt_deg":-0.00009,"strain_ue":0.08,"x_offset_m":285,"y_offset_m":285,"source":"NCB_PFM","nearest_asset_distance_m":312,"consequence_weight":1.13},"geometry":{"type":"Point","coordinates":[86.433197,23.76696]}},{"type":"Feature","properties":{"subsidence_mm":0.03,"tilt_deg":-0.00009,"strain_ue":0.08,"x_offset_m":285,"y_offset_m":300,"source":"NCB_PFM","nearest_asset_distance_m":323,"consequence_weight":1.06},"geometry":{"type":"Point","coordinates":[86.433197,23.767095]}},{"type":"Feature","properties":{"subsidence_mm":0.01,"tilt_deg":-0.00005,"strain_ue":0.04,"x_offset_m":300,"y_offset_m":-300,"source":"NCB_PFM","nearest_asset_distance_m":148,"consequence_weight":1.41},"geometry":{"type":"Point","coordinates":[86.433345,23.761705]}},{"type":"Feature","properties":{"subsidence_mm":0.01,"tilt_deg":-0.00005,"strain_ue":0.04,"x_offset_m":300,"y_offset_m":-285,"source":"NCB_PFM","nearest_asset_distance_m":134,"consequence_weight":1.47},"geometry":{"type":"Point","coordinates":[86.433345,23.76184]}},{"type":"Feature","properties":{"subsidence_mm":0.01,"tilt_deg":-0.00005,"strain_ue":0.04,"x_offset_m":300,"y_offset_m":-270,"source":"NCB_PFM","nearest_asset_distance_m":119,"consequence_weight":1.52},"geometry":{"type":"Point","coordinates":[86.433345,23.761975]}},{"type":"Feature","properties":{"subsidence_mm":0.01,"tilt_deg":-0.00005,"strain_ue":0.04,"x_offset_m":300,"y_offset_m":-255,"source":"NCB_PFM","nearest_asset_distance_m":105,"consequence_weight":1.58},"geometry":{"type":"Point","coordinates":[86.433345,23.762109]}},{"type":"Feature","properties":{"subsidence_mm":0.01,"tilt_deg":-0.00005,"strain_ue":0.04,"x_offset_m":300,"y_offset_m":-240,"source":"NCB_PFM","nearest_asset_distance_m":91,"consequence_weight":1.64},"geometry":{"type":"Point","coordinates":[86.433345,23.762244]}},{"type":"Feature","properties":{"subsidence_mm":0.01,"tilt_deg":-0.00005,"strain_ue":0.04,"x_offset_m":300,"y_offset_m":-225,"source":"NCB_PFM","nearest_asset_distance_m":77,"consequence_weight":1.69},"geometry":{"type":"Point","coordinates":[86.433345,23.762379]}},{"type":"Feature","properties":{"subsidence_mm":0.01,"tilt_deg":-0.00005,"strain_ue":0.04,"x_offset_m":300,"y_offset_m":-210,"source":"NCB_PFM","nearest_asset_distance_m":64,"consequence_weight":1.74},"geometry":{"type":"Point","coordinates":[86.433345,23.762514]}},{"type":"Feature","properties":{"subsidence_mm":0.01,"tilt_deg":-0.00005,"strain_ue":0.04,"x_offset_m":300,"y_offset_m":-195,"source":"NCB_PFM","nearest_asset_distance_m":53,"consequence_weight":1.79},"geometry":{"type":"Point","coordinates":[86.433345,23.762648]}},{"type":"Feature","properties":{"subsidence_mm":0.01,"tilt_deg":-0.00005,"strain_ue":0.04,"x_offset_m":300,"y_offset_m":-180,"source":"NCB_PFM","nearest_asset_distance_m":43,"consequence_weight":1.83},"geometry":{"type":"Point","coordinates":[86.433345,23.762783]}},{"type":"Feature","properties":{"subsidence_mm":0.01,"tilt_deg":-0.00005,"strain_ue":0.04,"x_offset_m":300,"y_offset_m":-165,"source":"NCB_PFM","nearest_asset_distance_m":36,"consequence_weight":1.85},"geometry":{"type":"Point","coordinates":[86.433345,23.762918]}},{"type":"Feature","properties":{"subsidence_mm":0.01,"tilt_deg":-0.00005,"strain_ue":0.04,"x_offset_m":300,"y_offset_m":-150,"source":"NCB_PFM","nearest_asset_distance_m":36,"consequence_weight":1.86},"geometry":{"type":"Point","coordinates":[86.433345,23.763053]}},{"type":"Feature","properties":{"subsidence_mm":0.01,"tilt_deg":-0.00005,"strain_ue":0.04,"x_offset_m":300,"y_offset_m":-135,"source":"NCB_PFM","nearest_asset_distance_m":41,"consequence_weight":1.84},"geometry":{"type":"Point","coordinates":[86.433345,23.763187]}},{"type":"Feature","properties":{"subsidence_mm":0.01,"tilt_deg":-0.00005,"strain_ue":0.04,"x_offset_m":300,"y_offset_m":-120,"source":"NCB_PFM","nearest_asset_distance_m":50,"consequence_weight":1.8},"geometry":{"type":"Point","coordinates":[86.433345,23.763322]}},{"type":"Feature","properties":{"subsidence_mm":0.01,"tilt_deg":-0.00005,"strain_ue":0.04,"x_offset_m":300,"y_offset_m":-105,"source":"NCB_PFM","nearest_asset_distance_m":62,"consequence_weight":1.75},"geometry":{"type":"Point","coordinates":[86.433345,23.763457]}},{"type":"Feature","properties":{"subsidence_mm":0.01,"tilt_deg":-0.00005,"strain_ue":0.04,"x_offset_m":300,"y_offset_m":-90,"source":"NCB_PFM","nearest_asset_distance_m":75,"consequence_weight":1.7},"geometry":{"type":"Point","coordinates":[86.433345,23.763592]}},{"type":"Feature","properties":{"subsidence_mm":0.01,"tilt_deg":-0.00005,"strain_ue":0.04,"x_offset_m":300,"y_offset_m":-75,"source":"NCB_PFM","nearest_asset_distance_m":88,"consequence_weight":1.65},"geometry":{"type":"Point","coordinates":[86.433345,23.763726]}},{"type":"Feature","properties":{"subsidence_mm":0.01,"tilt_deg":-0.00005,"strain_ue":0.04,"x_offset_m":300,"y_offset_m":-60,"source":"NCB_PFM","nearest_asset_distance_m":102,"consequence_weight":1.59},"geometry":{"type":"Point","coordinates":[86.433345,23.763861]}},{"type":"Feature","properties":{"subsidence_mm":0.01,"tilt_deg":-0.00005,"strain_ue":0.04,"x_offset_m":300,"y_offset_m":-45,"source":"NCB_PFM","nearest_asset_distance_m":116,"consequence_weight":1.54},"geometry":{"type":"Point","coordinates":[86.433345,23.763996]}},{"type":"Feature","properties":{"subsidence_mm":0.01,"tilt_deg":-0.00005,"strain_ue":0.04,"x_offset_m":300,"y_offset_m":-30,"source":"NCB_PFM","nearest_asset_distance_m":131,"consequence_weight":1.48},"geometry":{"type":"Point","coordinates":[86.433345,23.764131]}},{"type":"Feature","properties":{"subsidence_mm":0.01,"tilt_deg":-0.00005,"strain_ue":0.04,"x_offset_m":300,"y_offset_m":-15,"source":"NCB_PFM","nearest_asset_distance_m":145,"consequence_weight":1.42},"geometry":{"type":"Point","coordinates":[86.433345,23.764265]}},{"type":"Feature","properties":{"subsidence_mm":0.01,"tilt_deg":-0.00005,"strain_ue":0.04,"x_offset_m":300,"y_offset_m":0,"source":"NCB_PFM","nearest_asset_distance_m":160,"consequence_weight":1.36},"geometry":{"type":"Point","coordinates":[86.433345,23.7644]}},{"type":"Feature","properties":{"subsidence_mm":0.01,"tilt_deg":-0.00005,"strain_ue":0.04,"x_offset_m":300,"y_offset_m":15,"source":"NCB_PFM","nearest_asset_distance_m":174,"consequence_weight":1.3},"geometry":{"type":"Point","coordinates":[86.433345,23.764535]}},{"type":"Feature","properties":{"subsidence_mm":0.01,"tilt_deg":-0.00005,"strain_ue":0.04,"x_offset_m":300,"y_offset_m":30,"source":"NCB_PFM","nearest_asset_distance_m":189,"consequence_weight":1.24},"geometry":{"type":"Point","coordinates":[86.433345,23.764669]}},{"type":"Feature","properties":{"subsidence_mm":0.01,"tilt_deg":-0.00005,"strain_ue":0.04,"x_offset_m":300,"y_offset_m":45,"source":"NCB_PFM","nearest_asset_distance_m":204,"consequence_weight":1.19},"geometry":{"type":"Point","coordinates":[86.433345,23.764804]}},{"type":"Feature","properties":{"subsidence_mm":0.01,"tilt_deg":-0.00005,"strain_ue":0.04,"x_offset_m":300,"y_offset_m":60,"source":"NCB_PFM","nearest_asset_distance_m":218,"consequence_weight":1.13},"geometry":{"type":"Point","coordinates":[86.433345,23.764939]}},{"type":"Feature","properties":{"subsidence_mm":0.01,"tilt_deg":-0.00005,"strain_ue":0.04,"x_offset_m":300,"y_offset_m":75,"source":"NCB_PFM","nearest_asset_distance_m":233,"consequence_weight":1.07},"geometry":{"type":"Point","coordinates":[86.433345,23.765074]}},{"type":"Feature","properties":{"subsidence_mm":0.01,"tilt_deg":-0.00005,"strain_ue":0.04,"x_offset_m":300,"y_offset_m":90,"source":"NCB_PFM","nearest_asset_distance_m":240,"consequence_weight":1.56},"geometry":{"type":"Point","coordinates":[86.433345,23.765208]}},{"type":"Feature","properties":{"subsidence_mm":0.01,"tilt_deg":-0.00005,"strain_ue":0.04,"x_offset_m":300,"y_offset_m":105,"source":"NCB_PFM","nearest_asset_distance_m":242,"consequence_weight":1.55},"geometry":{"type":"Point","coordinates":[86.433345,23.765343]}},{"type":"Feature","properties":{"subsidence_mm":0.01,"tilt_deg":-0.00005,"strain_ue":0.04,"x_offset_m":300,"y_offset_m":120,"source":"NCB_PFM","nearest_asset_distance_m":244,"consequence_weight":1.53},"geometry":{"type":"Point","coordinates":[86.433345,23.765478]}},{"type":"Feature","properties":{"subsidence_mm":0.01,"tilt_deg":-0.00005,"strain_ue":0.04,"x_offset_m":300,"y_offset_m":135,"source":"NCB_PFM","nearest_asset_distance_m":248,"consequence_weight":1.51},"geometry":{"type":"Point","coordinates":[86.433345,23.765613]}},{"type":"Feature","properties":{"subsidence_mm":0.01,"tilt_deg":-0.00005,"strain_ue":0.04,"x_offset_m":300,"y_offset_m":150,"source":"NCB_PFM","nearest_asset_distance_m":253,"consequence_weight":1.48},"geometry":{"type":"Point","coordinates":[86.433345,23.765747]}},{"type":"Feature","properties":{"subsidence_mm":0.01,"tilt_deg":-0.00005,"strain_ue":0.04,"x_offset_m":300,"y_offset_m":165,"source":"NCB_PFM","nearest_asset_distance_m":258,"consequence_weight":1.45},"geometry":{"type":"Point","coordinates":[86.433345,23.765882]}},{"type":"Feature","properties":{"subsidence_mm":0.01,"tilt_deg":-0.00005,"strain_ue":0.04,"x_offset_m":300,"y_offset_m":180,"source":"NCB_PFM","nearest_asset_distance_m":264,"consequence_weight":1.42},"geometry":{"type":"Point","coordinates":[86.433345,23.766017]}},{"type":"Feature","properties":{"subsidence_mm":0.01,"tilt_deg":-0.00005,"strain_ue":0.04,"x_offset_m":300,"y_offset_m":195,"source":"NCB_PFM","nearest_asset_distance_m":271,"consequence_weight":1.37},"geometry":{"type":"Point","coordinates":[86.433345,23.766152]}},{"type":"Feature","properties":{"subsidence_mm":0.01,"tilt_deg":-0.00005,"strain_ue":0.04,"x_offset_m":300,"y_offset_m":210,"source":"NCB_PFM","nearest_asset_distance_m":278,"consequence_weight":1.33},"geometry":{"type":"Point","coordinates":[86.433345,23.766286]}},{"type":"Feature","properties":{"subsidence_mm":0.01,"tilt_deg":-0.00005,"strain_ue":0.04,"x_offset_m":300,"y_offset_m":225,"source":"NCB_PFM","nearest_asset_distance_m":286,"consequence_weight":1.28},"geometry":{"type":"Point","coordinates":[86.433345,23.766421]}},{"type":"Feature","properties":{"subsidence_mm":0.01,"tilt_deg":-0.00005,"strain_ue":0.04,"x_offset_m":300,"y_offset_m":240,"source":"NCB_PFM","nearest_asset_distance_m":295,"consequence_weight":1.23},"geometry":{"type":"Point","coordinates":[86.433345,23.766556]}},{"type":"Feature","properties":{"subsidence_mm":0.01,"tilt_deg":-0.00005,"strain_ue":0.04,"x_offset_m":300,"y_offset_m":255,"source":"NCB_PFM","nearest_asset_distance_m":304,"consequence_weight":1.18},"geometry":{"type":"Point","coordinates":[86.433345,23.766691]}},{"type":"Feature","properties":{"subsidence_mm":0.01,"tilt_deg":-0.00005,"strain_ue":0.04,"x_offset_m":300,"y_offset_m":270,"source":"NCB_PFM","nearest_asset_distance_m":313,"consequence_weight":1.12},"geometry":{"type":"Point","coordinates":[86.433345,23.766825]}},{"type":"Feature","properties":{"subsidence_mm":0.01,"tilt_deg":-0.00005,"strain_ue":0.04,"x_offset_m":300,"y_offset_m":285,"source":"NCB_PFM","nearest_asset_distance_m":323,"consequence_weight":1.06},"geometry":{"type":"Point","coordinates":[86.433345,23.76696]}},{"type":"Feature","properties":{"subsidence_mm":0.01,"tilt_deg":-0.00005,"strain_ue":0.04,"x_offset_m":300,"y_offset_m":300,"source":"NCB_PFM","nearest_asset_distance_m":333,"consequence_weight":1},"geometry":{"type":"Point","coordinates":[86.433345,23.767095]}}]}