{"type": "FeatureCollection", "features": [{"type": "Feature", "geometry": {"type": "Point", "coordinates": [86.427455, 23.761705]}, "properties": {"subsidence_mm": 0.01, "tilt_deg": 5e-05, "strain_ue": 0.04, "x_offset_m": -300.0, "y_offset_m": -300.0, "source": "NCB_PFM"}}, {"type": "Feature", "geometry": {"type": "Point", "coordinates": [86.427455, 23.76184]}, "properties": {"subsidence_mm": 0.01, "tilt_deg": 5e-05, "strain_ue": 0.04, "x_offset_m": -300.0, "y_offset_m": -285.0, "source": "NCB_PFM"}}, {"type": "Feature", "geometry": {"type": "Point", "coordinates": [86.427455, 23.761975]}, "properties": {"subsidence_mm": 0.01, "tilt_deg": 5e-05, "strain_ue": 0.04, "x_offset_m": -300.0, "y_offset_m": -270.0, "source": "NCB_PFM"}}, {"type": "Feature", "geometry": {"type": "Point", "coordinates": [86.427455, 23.762109]}, "properties": {"subsidence_mm": 0.01, "tilt_deg": 5e-05, "strain_ue": 0.04, "x_offset_m": -300.0, "y_offset_m": -255.0, "source": "NCB_PFM"}}, {"type": "Feature", "geometry": {"type": "Point", "coordinates": [86.427455, 23.762244]}, "properties": {"subsidence_mm": 0.01, "tilt_deg": 5e-05, "strain_ue": 0.04, "x_offset_m": -300.0, "y_offset_m": -240.0, "source": "NCB_PFM"}}, {"type": "Feature", "geometry": {"type": "Point", "coordinates": [86.427455, 23.762379]}, "properties": {"subsidence_mm": 0.01, "tilt_deg": 5e-05, "strain_ue": 0.04, "x_offset_m": -300.0, "y_offset_m": -225.0, "source": "NCB_PFM"}}, {"type": "Feature", "geometry": {"type": "Point", "coordinates": [86.427455, 23.762514]}, "properties": {"subsidence_mm": 0.01, "tilt_deg": 5e-05, "strain_ue": 0.04, "x_offset_m": -300.0, "y_offset_m": -210.0, "source": "NCB_PFM"}}, {"type": "Feature", "geometry": {"type": "Point", "coordinates": [86.427455, 23.762648]}, "properties": {"subsidence_mm": 0.01, "tilt_deg": 5e-05, "strain_ue": 0.04, "x_offset_m": -300.0, "y_offset_m": -195.0, "source": "NCB_PFM"}}, {"type": "Feature", "geometry": {"type": "Point", "coordinates": [86.427455, 23.762783]}, "properties": {"subsidence_mm": 0.01, "tilt_deg": 5e-05, "strain_ue": 0.04, "x_offset_m": -300.0, "y_offset_m": -180.0, "source": "NCB_PFM"}}, {"type": "Feature", "geometry": {"type": "Point", "coordinates": [86.427455, 23.762918]}, "properties": {"subsidence_mm": 0.01, "tilt_deg": 5e-05, "strain_ue": 0.04, "x_offset_m": -300.0, "y_offset_m": -165.0, "source": "NCB_PFM"}}, {"type": "Feature", "geometry": {"type": "Point", "coordinates": [86.427455, 23.763053]}, "properties": {"subsidence_mm": 0.01, "tilt_deg": 5e-05, "strain_ue": 0.04, "x_offset_m": -300.0, "y_offset_m": -150.0, "source": "NCB_PFM"}}, {"type": "Feature", "geometry": {"type": "Point", "coordinates": [86.427455, 23.763187]}, "properties": {"subsidence_mm": 0.01, "tilt_deg": 5e-05, "strain_ue": 0.04, "x_offset_m": -300.0, "y_offset_m": -135.0, "source": "NCB_PFM"}}, {"type": "Feature", "geometry": {"type": "Point", "coordinates": [86.427455, 23.763322]}, "properties": {"subsidence_mm": 0.01, "tilt_deg": 5e-05, "strain_ue": 0.04, "x_offset_m": -300.0, "y_offset_m": -120.0, "source": "NCB_PFM"}}, {"type": "Feature", "geometry": {"type": "Point", "coordinates": [86.427455, 23.763457]}, "properties": {"subsidence_mm": 0.01, "tilt_deg": 5e-05, "strain_ue": 0.04, "x_offset_m": -300.0, "y_offset_m": -105.0, "source": "NCB_PFM"}}, {"type": "Feature", "geometry": {"type": "Point", "coordinates": [86.427455, 23.763592]}, "properties": {"subsidence_mm": 0.01, "tilt_deg": 5e-05, "strain_ue": 0.04, "x_offset_m": -300.0, "y_offset_m": -90.0, "source": "NCB_PFM"}}, {"type": "Feature", "geometry": {"type": "Point", "coordinates": [86.427455, 23.763726]}, "properties": {"subsidence_mm": 0.01, "tilt_deg": 5e-05, "strain_ue": 0.04, "x_offset_m": -300.0, "y_offset_m": -75.0, "source": "NCB_PFM"}}, {"type": "Feature", "geometry": {"type": "Point", "coordinates": [86.427455, 23.763861]}, "properties": {"subsidence_mm": 0.01, "tilt_deg": 5e-05, "strain_ue": 0.04, "x_offset_m": -300.0, "y_offset_m": -60.0, "source": "NCB_PFM"}}, {"type": "Feature", "geometry": {"type": "Point", "coordinates": [86.427455, 23.763996]}, "properties": {"subsidence_mm": 0.01, "tilt_deg": 5e-05, "strain_ue": 0.04, "x_offset_m": -300.0, "y_offset_m": -45.0, "source": "NCB_PFM"}}, {"type": "Feature", "geometry": {"type": "Point", "coordinates": [86.427455, 23.764131]}, "properties": {"subsidence_mm": 0.01, "tilt_deg": 5e-05, "strain_ue": 0.04, "x_offset_m": -300.0, "y_offset_m": -30.0, "source": "NCB_PFM"}}, {"type": "Feature", "geometry": {"type": "Point", "coordinates": [86.427455, 23.764265]}, "properties": {"subsidence_mm": 0.01, "tilt_deg": 5e-05, "strain_ue": 0.04, "x_offset_m": -300.0, "y_offset_m": -15.0, "source": "NCB_PFM"}}, {"type": "Feature", "geometry": {"type": "Point", "coordinates": [86.427455, 23.7644]}, "properties": {"subsidence_mm": 0.01, "tilt_deg": 5e-05, "strain_ue": 0.04, "x_offset_m": -300.0, "y_offset_m": 0.0, "source": "NCB_PFM"}}, {"type": "Feature", "geometry": {"type": "Point", "coordinates": [86.427455, 23.764535]}, "properties": {"subsidence_mm": 0.01, "tilt_deg": 5e-05, "strain_ue": 0.04, "x_offset_m": -300.0, "y_offset_m": 15.0, "source": "NCB_PFM"}}, {"type": "Feature", "geometry": {"type": "Point", "coordinates": [86.427455, 23.764669]}, "properties": {"subsidence_mm": 0.01, "tilt_deg": 5e-05, "strain_ue": 0.04, "x_offset_m": -300.0, "y_offset_m": 30.0, "source": "NCB_PFM"}}, {"type": "Feature", "geometry": {"type": "Point", "coordinates": [86.427455, 23.764804]}, "properties": {"subsidence_mm": 0.01, "tilt_deg": 5e-05, "strain_ue": 0.04, "x_offset_m": -300.0, "y_offset_m": 45.0, "source": "NCB_PFM"}}, {"type": "Feature", "geometry": {"type": "Point", "coordinates": [86.427455, 23.764939]}, "properties": {"subsidence_mm": 0.01, "tilt_deg": 5e-05, "strain_ue": 0.04, "x_offset_m": -300.0, "y_offset_m": 60.0, "source": "NCB_PFM"}}, {"type": "Feature", "geometry": {"type": "Point", "coordinates": [86.427455, 23.765074]}, "properties": {"subsidence_mm": 0.01, "tilt_deg": 5e-05, "strain_ue": 0.04, "x_offset_m": -300.0, "y_offset_m": 75.0, "source": "NCB_PFM"}}, {"type": "Feature", "geometry": {"type": "Point", "coordinates": [86.427455, 23.765208]}, "properties": {"subsidence_mm": 0.01, "tilt_deg": 5e-05, "strain_ue": 0.04, "x_offset_m": -300.0, "y_offset_m": 90.0, "source": "NCB_PFM"}}, {"type": "Feature", "geometry": {"type": "Point", "coordinates": [86.427455, 23.765343]}, "properties": {"subsidence_mm": 0.01, "tilt_deg": 5e-05, "strain_ue": 0.04, "x_offset_m": -300.0, "y_offset_m": 105.0, "source": "NCB_PFM"}}, {"type": "Feature", "geometry": {"type": "Point", "coordinates": [86.427455, 23.765478]}, "properties": {"subsidence_mm": 0.01, "tilt_deg": 5e-05, "strain_ue": 0.04, "x_offset_m": -300.0, "y_offset_m": 120.0, "source": "NCB_PFM"}}, {"type": "Feature", "geometry": {"type": "Point", "coordinates": [86.427455, 23.765613]}, "properties": {"subsidence_mm": 0.01, "tilt_deg": 5e-05, "strain_ue": 0.04, "x_offset_m": -300.0, "y_offset_m": 135.0, "source": "NCB_PFM"}}, {"type": "Feature", "geometry": {"type": "Point", "coordinates": [86.427455, 23.765747]}, "properties": {"subsidence_mm": 0.01, "tilt_deg": 5e-05, "strain_ue": 0.04, "x_offset_m": -300.0, "y_offset_m": 150.0, "source": "NCB_PFM"}}, {"type": "Feature", "geometry": {"type": "Point", "coordinates": [86.427455, 23.765882]}, "properties": {"subsidence_mm": 0.01, "tilt_deg": 5e-05, "strain_ue": 0.04, "x_offset_m": -300.0, "y_offset_m": 165.0, "source": "NCB_PFM"}}, {"type": "Feature", "geometry": {"type": "Point", "coordinates": [86.427455, 23.766017]}, "properties": {"subsidence_mm": 0.01, "tilt_deg": 5e-05, "strain_ue": 0.04, "x_offset_m": -300.0, "y_offset_m": 180.0, "source": "NCB_PFM"}}, {"type": "Feature", "geometry": {"type": "Point", "coordinates": [86.427455, 23.766152]}, "properties": {"subsidence_mm": 0.01, "tilt_deg": 5e-05, "strain_ue": 0.04, "x_offset_m": -300.0, "y_offset_m": 195.0, "source": "NCB_PFM"}}, {"type": "Feature", "geometry": {"type": "Point", "coordinates": [86.427455, 23.766286]}, "properties": {"subsidence_mm": 0.01, "tilt_deg": 5e-05, "strain_ue": 0.04, "x_offset_m": -300.0, "y_offset_m": 210.0, "source": "NCB_PFM"}}, {"type": "Feature", "geometry": {"type": "Point", "coordinates": [86.427455, 23.766421]}, "properties": {"subsidence_mm": 0.01, "tilt_deg": 5e-05, "strain_ue": 0.04, "x_offset_m": -300.0, "y_offset_m": 225.0, "source": "NCB_PFM"}}, {"type": "Feature", "geometry": {"type": "Point", "coordinates": [86.427455, 23.766556]}, "properties": {"subsidence_mm": 0.01, "tilt_deg": 5e-05, "strain_ue": 0.04, "x_offset_m": -300.0, "y_offset_m": 240.0, "source": "NCB_PFM"}}, {"type": "Feature", "geometry": {"type": "Point", "coordinates": [86.427455, 23.766691]}, "properties": {"subsidence_mm": 0.01, "tilt_deg": 5e-05, "strain_ue": 0.04, "x_offset_m": -300.0, "y_offset_m": 255.0, "source": "NCB_PFM"}}, {"type": "Feature", "geometry": {"type": "Point", "coordinates": [86.427455, 23.766825]}, "properties": {"subsidence_mm": 0.01, "tilt_deg": 5e-05, "strain_ue": 0.04, "x_offset_m": -300.0, "y_offset_m": 270.0, "source": "NCB_PFM"}}, {"type": "Feature", "geometry": {"type": "Point", "coordinates": [86.427455, 23.76696]}, "properties": {"subsidence_mm": 0.01, "tilt_deg": 5e-05, "strain_ue": 0.04, "x_offset_m": -300.0, "y_offset_m": 285.0, "source": "NCB_PFM"}}, {"type": "Feature", "geometry": {"type": "Point", "coordinates": [86.427455, 23.767095]}, "properties": {"subsidence_mm": 0.01, "tilt_deg": 5e-05, "strain_ue": 0.04, "x_offset_m": -300.0, "y_offset_m": 300.0, "source": "NCB_PFM"}}, {"type": "Feature", "geometry": {"type": "Point", "coordinates": [86.427603, 23.761705]}, "properties": {"subsidence_mm": 0.03, "tilt_deg": 9e-05, "strain_ue": 0.08, "x_offset_m": -285.0, "y_offset_m": -300.0, "source": "NCB_PFM"}}, {"type": "Feature", "geometry": {"type": "Point", "coordinates": [86.427603, 23.76184]}, "properties": {"subsidence_mm": 0.03, "tilt_deg": 9e-05, "strain_ue": 0.08, "x_offset_m": -285.0, "y_offset_m": -285.0, "source": "NCB_PFM"}}, {"type": "Feature", "geometry": {"type": "Point", "coordinates": [86.427603, 23.761975]}, "properties": {"subsidence_mm": 0.03, "tilt_deg": 9e-05, "strain_ue": 0.08, "x_offset_m": -285.0, "y_offset_m": -270.0, "source": "NCB_PFM"}}, {"type": "Feature", "geometry": {"type": "Point", "coordinates": [86.427603, 23.762109]}, "properties": {"subsidence_mm": 0.03, "tilt_deg": 9e-05, "strain_ue": 0.08, "x_offset_m": -285.0, "y_offset_m": -255.0, "source": "NCB_PFM"}}, {"type": "Feature", "geometry": {"type": "Point", "coordinates": [86.427603, 23.762244]}, "properties": {"subsidence_mm": 0.03, "tilt_deg": 9e-05, "strain_ue": 0.08, "x_offset_m": -285.0, "y_offset_m": -240.0, "source": "NCB_PFM"}}, {"type": "Feature", "geometry": {"type": "Point", "coordinates": [86.427603, 23.762379]}, "properties": {"subsidence_mm": 0.03, "tilt_deg": 9e-05, "strain_ue": 0.08, "x_offset_m": -285.0, "y_offset_m": -225.0, "source": "NCB_PFM"}}, {"type": "Feature", "geometry": {"type": "Point", "coordinates": [86.427603, 23.762514]}, "properties": {"subsidence_mm": 0.03, "tilt_deg": 9e-05, "strain_ue": 0.08, "x_offset_m": -285.0, "y_offset_m": -210.0, "source": "NCB_PFM"}}, {"type": "Feature", "geometry": {"type": "Point", "coordinates": [86.427603, 23.762648]}, "properties": {"subsidence_mm": 0.03, "tilt_deg": 9e-05, "strain_ue": 0.08, "x_offset_m": -285.0, "y_offset_m": -195.0, "source": "NCB_PFM"}}, {"type": "Feature", "geometry": {"type": "Point", "coordinates": [86.427603, 23.762783]}, "properties": {"subsidence_mm": 0.03, "tilt_deg": 9e-05, "strain_ue": 0.08, "x_offset_m": -285.0, "y_offset_m": -180.0, "source": "NCB_PFM"}}, {"type": "Feature", "geometry": {"type": "Point", "coordinates": [86.427603, 23.762918]}, "properties": {"subsidence_mm": 0.03, "tilt_deg": 9e-05, "strain_ue": 0.08, "x_offset_m": -285.0, "y_offset_m": -165.0, "source": "NCB_PFM"}}, {"type": "Feature", "geometry": {"type": "Point", "coordinates": [86.427603, 23.763053]}, "properties": {"subsidence_mm": 0.03, "tilt_deg": 9e-05, "strain_ue": 0.08, "x_offset_m": -285.0, "y_offset_m": -150.0, "source": "NCB_PFM"}}, {"type": "Feature", "geometry": {"type": "Point", "coordinates": [86.427603, 23.763187]}, "properties": {"subsidence_mm": 0.03, "tilt_deg": 9e-05, "strain_ue": 0.08, "x_offset_m": -285.0, "y_offset_m": -135.0, "source": "NCB_PFM"}}, {"type": "Feature", "geometry": {"type": "Point", "coordinates": [86.427603, 23.763322]}, "properties": {"subsidence_mm": 0.03, "tilt_deg": 9e-05, "strain_ue": 0.08, "x_offset_m": -285.0, "y_offset_m": -120.0, "source": "NCB_PFM"}}, {"type": "Feature", "geometry": {"type": "Point", "coordinates": [86.427603, 23.763457]}, "properties": {"subsidence_mm": 0.03, "tilt_deg": 9e-05, "strain_ue": 0.08, "x_offset_m": -285.0, "y_offset_m": -105.0, "source": "NCB_PFM"}}, {"type": "Feature", "geometry": {"type": "Point", "coordinates": [86.427603, 23.763592]}, "properties": {"subsidence_mm": 0.03, "tilt_deg": 9e-05, "strain_ue": 0.08, "x_offset_m": -285.0, "y_offset_m": -90.0, "source": "NCB_PFM"}}, {"type": "Feature", "geometry": {"type": "Point", "coordinates": [86.427603, 23.763726]}, "properties": {"subsidence_mm": 0.03, "tilt_deg": 9e-05, "strain_ue": 0.08, "x_offset_m": -285.0, "y_offset_m": -75.0, "source": "NCB_PFM"}}, {"type": "Feature", "geometry": {"type": "Point", "coordinates": [86.427603, 23.763861]}, "properties": {"subsidence_mm": 0.03, "tilt_deg": 9e-05, "strain_ue": 0.08, "x_offset_m": -285.0, "y_offset_m": -60.0, "source": "NCB_PFM"}}, {"type": "Feature", "geometry": {"type": "Point", "coordinates": [86.427603, 23.763996]}, "properties": {"subsidence_mm": 0.03, "tilt_deg": 9e-05, "strain_ue": 0.08, "x_offset_m": -285.0, "y_offset_m": -45.0, "source": "NCB_PFM"}}, {"type": "Feature", "geometry": {"type": "Point", "coordinates": [86.427603, 23.764131]}, "properties": {"subsidence_mm": 0.03, "tilt_deg": 9e-05, "strain_ue": 0.08, "x_offset_m": -285.0, "y_offset_m": -30.0, "source": "NCB_PFM"}}, {"type": "Feature", "geometry": {"type": "Point", "coordinates": [86.427603, 23.764265]}, "properties": {"subsidence_mm": 0.03, "tilt_deg": 9e-05, "strain_ue": 0.08, "x_offset_m": -285.0, "y_offset_m": -15.0, "source": "NCB_PFM"}}, {"type": "Feature", "geometry": {"type": "Point", "coordinates": [86.427603, 23.7644]}, "properties": {"subsidence_mm": 0.03, "tilt_deg": 9e-05, "strain_ue": 0.08, "x_offset_m": -285.0, "y_offset_m": 0.0, "source": "NCB_PFM"}}, {"type": "Feature", "geometry": {"type": "Point", "coordinates": [86.427603, 23.764535]}, "properties": {"subsidence_mm": 0.03, "tilt_deg": 9e-05, "strain_ue": 0.08, "x_offset_m": -285.0, "y_offset_m": 15.0, "source": "NCB_PFM"}}, {"type": "Feature", "geometry": {"type": "Point", "coordinates": [86.427603, 23.764669]}, "properties": {"subsidence_mm": 0.03, "tilt_deg": 9e-05, "strain_ue": 0.08, "x_offset_m": -285.0, "y_offset_m": 30.0, "source": "NCB_PFM"}}, {"type": "Feature", "geometry": {"type": "Point", "coordinates": [86.427603, 23.764804]}, "properties": {"subsidence_mm": 0.03, "tilt_deg": 9e-05, "strain_ue": 0.08, "x_offset_m": -285.0, "y_offset_m": 45.0, "source": "NCB_PFM"}}, {"type": "Feature", "geometry": {"type": "Point", "coordinates": [86.427603, 23.764939]}, "properties": {"subsidence_mm": 0.03, "tilt_deg": 9e-05, "strain_ue": 0.08, "x_offset_m": -285.0, "y_offset_m": 60.0, "source": "NCB_PFM"}}, {"type": "Feature", "geometry": {"type": "Point", "coordinates": [86.427603, 23.765074]}, "properties": {"subsidence_mm": 0.03, "tilt_deg": 9e-05, "strain_ue": 0.08, "x_offset_m": -285.0, "y_offset_m": 75.0, "source": "NCB_PFM"}}, {"type": "Feature", "geometry": {"type": "Point", "coordinates": [86.427603, 23.765208]}, "properties": {"subsidence_mm": 0.03, "tilt_deg": 9e-05, "strain_ue": 0.08, "x_offset_m": -285.0, "y_offset_m": 90.0, "source": "NCB_PFM"}}, {"type": "Feature", "geometry": {"type": "Point", "coordinates": [86.427603, 23.765343]}, "properties": {"subsidence_mm": 0.03, "tilt_deg": 9e-05, "strain_ue": 0.08, "x_offset_m": -285.0, "y_offset_m": 105.0, "source": "NCB_PFM"}}, {"type": "Feature", "geometry": {"type": "Point", "coordinates": [86.427603, 23.765478]}, "properties": {"subsidence_mm": 0.03, "tilt_deg": 9e-05, "strain_ue": 0.08, "x_offset_m": -285.0, "y_offset_m": 120.0, "source": "NCB_PFM"}}, {"type": "Feature", "geometry": {"type": "Point", "coordinates": [86.427603, 23.765613]}, "properties": {"subsidence_mm": 0.03, "tilt_deg": 9e-05, "strain_ue": 0.08, "x_offset_m": -285.0, "y_offset_m": 135.0, "source": "NCB_PFM"}}, {"type": "Feature", "geometry": {"type": "Point", "coordinates": [86.427603, 23.765747]}, "properties": {"subsidence_mm": 0.03, "tilt_deg": 9e-05, "strain_ue": 0.08, "x_offset_m": -285.0, "y_offset_m": 150.0, "source": "NCB_PFM"}}, {"type": "Feature", "geometry": {"type": "Point", "coordinates": [86.427603, 23.765882]}, "properties": {"subsidence_mm": 0.03, "tilt_deg": 9e-05, "strain_ue": 0.08, "x_offset_m": -285.0, "y_offset_m": 165.0, "source": "NCB_PFM"}}, {"type": "Feature", "geometry": {"type": "Point", "coordinates": [86.427603, 23.766017]}, "properties": {"subsidence_mm": 0.03, "tilt_deg": 9e-05, "strain_ue": 0.08, "x_offset_m": -285.0, "y_offset_m": 180.0, "source": "NCB_PFM"}}, {"type": "Feature", "geometry": {"type": "Point", "coordinates": [86.427603, 23.766152]}, "properties": {"subsidence_mm": 0.03, "tilt_deg": 9e-05, "strain_ue": 0.08, "x_offset_m": -285.0, "y_offset_m": 195.0, "source": "NCB_PFM"}}, {"type": "Feature", "geometry": {"type": "Point", "coordinates": [86.427603, 23.766286]}, "properties": {"subsidence_mm": 0.03, "tilt_deg": 9e-05, "strain_ue": 0.08, "x_offset_m": -285.0, "y_offset_m": 210.0, "source": "NCB_PFM"}}, {"type": "Feature", "geometry": {"type": "Point", "coordinates": [86.427603, 23.766421]}, "properties": {"subsidence_mm": 0.03, "tilt_deg": 9e-05, "strain_ue": 0.08, "x_offset_m": -285.0, "y_offset_m": 225.0, "source": "NCB_PFM"}}, {"type": "Feature", "geometry": {"type": "Point", "coordinates": [86.427603, 23.766556]}, "properties": {"subsidence_mm": 0.03, "tilt_deg": 9e-05, "strain_ue": 0.08, "x_offset_m": -285.0, "y_offset_m": 240.0, "source": "NCB_PFM"}}, {"type": "Feature", "geometry": {"type": "Point", "coordinates": [86.427603, 23.766691]}, "properties": {"subsidence_mm": 0.03, "tilt_deg": 9e-05, "strain_ue": 0.08, "x_offset_m": -285.0, "y_offset_m": 255.0, "source": "NCB_PFM"}}, {"type": "Feature", "geometry": {"type": "Point", "coordinates": [86.427603, 23.766825]}, "properties": {"subsidence_mm": 0.03, "tilt_deg": 9e-05, "strain_ue": 0.08, "x_offset_m": -285.0, "y_offset_m": 270.0, "source": "NCB_PFM"}}, {"type": "Feature", "geometry": {"type": "Point", "coordinates": [86.427603, 23.76696]}, "properties": {"subsidence_mm": 0.03, "tilt_deg": 9e-05, "strain_ue": 0.08, "x_offset_m": -285.0, "y_offset_m": 285.0, "source": "NCB_PFM"}}, {"type": "Feature", "geometry": {"type": "Point", "coordinates": [86.427603, 23.767095]}, "properties": {"subsidence_mm": 0.03, "tilt_deg": 9e-05, "strain_ue": 0.08, "x_offset_m": -285.0, "y_offset_m": 300.0, "source": "NCB_PFM"}}, {"type": "Feature", "geometry": {"type": "Point", "coordinates": [86.42775, 23.761705]}, "properties": {"subsidence_mm": 0.06, "tilt_deg": 0.00019, "strain_ue": 0.2, "x_offset_m": -270.0, "y_offset_m": -300.0, "source": "NCB_PFM"}}, {"type": "Feature", "geometry": {"type": "Point", "coordinates": [86.42775, 23.76184]}, "properties": {"subsidence_mm": 0.06, "tilt_deg": 0.00019, "strain_ue": 0.2, "x_offset_m": -270.0, "y_offset_m": -285.0, "source": "NCB_PFM"}}, {"type": "Feature", "geometry": {"type": "Point", "coordinates": [86.42775, 23.761975]}, "properties": {"subsidence_mm": 0.06, "tilt_deg": 0.00019, "strain_ue": 0.2, "x_offset_m": -270.0, "y_offset_m": -270.0, "source": "NCB_PFM"}}, {"type": "Feature", "geometry": {"type": "Point", "coordinates": [86.42775, 23.762109]}, "properties": {"subsidence_mm": 0.06, "tilt_deg": 0.00019, "strain_ue": 0.2, "x_offset_m": -270.0, "y_offset_m": -255.0, "source": "NCB_PFM"}}, {"type": "Feature", "geometry": {"type": "Point", "coordinates": [86.42775, 23.762244]}, "properties": {"subsidence_mm": 0.06, "tilt_deg": 0.00019, "strain_ue": 0.2, "x_offset_m": -270.0, "y_offset_m": -240.0, "source": "NCB_PFM"}}, {"type": "Feature", "geometry": {"type": "Point", "coordinates": [86.42775, 23.762379]}, "properties": {"subsidence_mm": 0.06, "tilt_deg": 0.00019, "strain_ue": 0.2, "x_offset_m": -270.0, "y_offset_m": -225.0, "source": "NCB_PFM"}}, {"type": "Feature", "geometry": {"type": "Point", "coordinates": [86.42775, 23.762514]}, "properties": {"subsidence_mm": 0.06, "tilt_deg": 0.00019, "strain_ue": 0.2, "x_offset_m": -270.0, "y_offset_m": -210.0, "source": "NCB_PFM"}}, {"type": "Feature", "geometry": {"type": "Point", "coordinates": [86.42775, 23.762648]}, "properties": {"subsidence_mm": 0.06, "tilt_deg": 0.00019, "strain_ue": 0.2, "x_offset_m": -270.0, "y_offset_m": -195.0, "source": "NCB_PFM"}}, {"type": "Feature", "geometry": {"type": "Point", "coordinates": [86.42775, 23.762783]}, "properties": {"subsidence_mm": 0.06, "tilt_deg": 0.00019, "strain_ue": 0.2, "x_offset_m": -270.0, "y_offset_m": -180.0, "source": "NCB_PFM"}}, {"type": "Feature", "geometry": {"type": "Point", "coordinates": [86.42775, 23.762918]}, "properties": {"subsidence_mm": 0.06, "tilt_deg": 0.00019, "strain_ue": 0.2, "x_offset_m": -270.0, "y_offset_m": -165.0, "source": "NCB_PFM"}}, {"type": "Feature", "geometry": {"type": "Point", "coordinates": [86.42775, 23.763053]}, "properties": {"subsidence_mm": 0.06, "tilt_deg": 0.00019, "strain_ue": 0.2, "x_offset_m": -270.0, "y_offset_m": -150.0, "source": "NCB_PFM"}}, {"type": "Feature", "geometry": {"type": "Point", "coordinates": [86.42775, 23.763187]}, "properties": {"subsidence_mm": 0.06, "tilt_deg": 0.00019, "strain_ue": 0.2, "x_offset_m": -270.0, "y_offset_m": -135.0, "source": "NCB_PFM"}}, {"type": "Feature", "geometry": {"type": "Point", "coordinates": [86.42775, 23.763322]}, "properties": {"subsidence_mm": 0.06, "tilt_deg": 0.00019, "strain_ue": 0.2, "x_offset_m": -270.0, "y_offset_m": -120.0, "source": "NCB_PFM"}}, {"type": "Feature", "geometry": {"type": "Point", "coordinates": [86.42775, 23.763457]}, "properties": {"subsidence_mm": 0.06, "tilt_deg": 0.00019, "strain_ue": 0.2, "x_offset_m": -270.0, "y_offset_m": -105.0, "source": "NCB_PFM"}}, {"type": "Feature", "geometry": {"type": "Point", "coordinates": [86.42775, 23.763592]}, "properties": {"subsidence_mm": 0.06, "tilt_deg": 0.00019, "strain_ue": 0.2, "x_offset_m": -270.0, "y_offset_m": -90.0, "source": "NCB_PFM"}}, {"type": "Feature", "geometry": {"type": "Point", "coordinates": [86.42775, 23.763726]}, "properties": {"subsidence_mm": 0.06, "tilt_deg": 0.00019, "strain_ue": 0.2, "x_offset_m": -270.0, "y_offset_m": -75.0, "source": "NCB_PFM"}}, {"type": "Feature", "geometry": {"type": "Point", "coordinates": [86.42775, 23.763861]}, "properties": {"subsidence_mm": 0.06, "tilt_deg": 0.00019, "strain_ue": 0.2, "x_offset_m": -270.0, "y_offset_m": -60.0, "source": "NCB_PFM"}}, {"type": "Feature", "geometry": {"type": "Point", "coordinates": [86.42775, 23.763996]}, "properties": {"subsidence_mm": 0.06, "tilt_deg": 0.00019, "strain_ue": 0.2, "x_offset_m": -270.0, "y_offset_m": -45.0, "source": "NCB_PFM"}}, {"type": "Feature", "geometry": {"type": "Point", "coordinates": [86.42775, 23.764131]}, "properties": {"subsidence_mm": 0.06, "tilt_deg": 0.00019, "strain_ue": 0.2, "x_offset_m": -270.0, "y_offset_m": -30.0, "source": "NCB_PFM"}}, {"type": "Feature", "geometry": {"type": "Point", "coordinates": [86.42775, 23.764265]}, "properties": {"subsidence_mm": 0.06, "tilt_deg": 0.00019, "strain_ue": 0.2, "x_offset_m": -270.0, "y_offset_m": -15.0, "source": "NCB_PFM"}}, {"type": "Feature", "geometry": {"type": "Point", "coordinates": [86.42775, 23.7644]}, "properties": {"subsidence_mm": 0.06, "tilt_deg": 0.00019, "strain_ue": 0.2, "x_offset_m": -270.0, "y_offset_m": 0.0, "source": "NCB_PFM"}}, {"type": "Feature", "geometry": {"type": "Point", "coordinates": [86.42775, 23.764535]}, "properties": {"subsidence_mm": 0.06, "tilt_deg": 0.00019, "strain_ue": 0.2, "x_offset_m": -270.0, "y_offset_m": 15.0, "source": "NCB_PFM"}}, {"type": "Feature", "geometry": {"type": "Point", "coordinates": [86.42775, 23.764669]}, "properties": {"subsidence_mm": 0.06, "tilt_deg": 0.00019, "strain_ue": 0.2, "x_offset_m": -270.0, "y_offset_m": 30.0, "source": "NCB_PFM"}}, {"type": "Feature", "geometry": {"type": "Point", "coordinates": [86.42775, 23.764804]}, "properties": {"subsidence_mm": 0.06, "tilt_deg": 0.00019, "strain_ue": 0.2, "x_offset_m": -270.0, "y_offset_m": 45.0, "source": "NCB_PFM"}}, {"type": "Feature", "geometry": {"type": "Point", "coordinates": [86.42775, 23.764939]}, "properties": {"subsidence_mm": 0.06, "tilt_deg": 0.00019, "strain_ue": 0.2, "x_offset_m": -270.0, "y_offset_m": 60.0, "source": "NCB_PFM"}}, {"type": "Feature", "geometry": {"type": "Point", "coordinates": [86.42775, 23.765074]}, "properties": {"subsidence_mm": 0.06, "tilt_deg": 0.00019, "strain_ue": 0.2, "x_offset_m": -270.0, "y_offset_m": 75.0, "source": "NCB_PFM"}}, {"type": "Feature", "geometry": {"type": "Point", "coordinates": [86.42775, 23.765208]}, "properties": {"subsidence_mm": 0.06, "tilt_deg": 0.00019, "strain_ue": 0.2, "x_offset_m": -270.0, "y_offset_m": 90.0, "source": "NCB_PFM"}}, {"type": "Feature", "geometry": {"type": "Point", "coordinates": [86.42775, 23.765343]}, "properties": {"subsidence_mm": 0.06, "tilt_deg": 0.00019, "strain_ue": 0.2, "x_offset_m": -270.0, "y_offset_m": 105.0, "source": "NCB_PFM"}}, {"type": "Feature", "geometry": {"type": "Point", "coordinates": [86.42775, 23.765478]}, "properties": {"subsidence_mm": 0.06, "tilt_deg": 0.00019, "strain_ue": 0.2, "x_offset_m": -270.0, "y_offset_m": 120.0, "source": "NCB_PFM"}}, {"type": "Feature", "geometry": {"type": "Point", "coordinates": [86.42775, 23.765613]}, "properties": {"subsidence_mm": 0.06, "tilt_deg": 0.00019, "strain_ue": 0.2, "x_offset_m": -270.0, "y_offset_m": 135.0, "source": "NCB_PFM"}}, {"type": "Feature", "geometry": {"type": "Point", "coordinates": [86.42775, 23.765747]}, "properties": {"subsidence_mm": 0.06, "tilt_deg": 0.00019, "strain_ue": 0.2, "x_offset_m": -270.0, "y_offset_m": 150.0, "source": "NCB_PFM"}}, {"type": "Feature", "geometry": {"type": "Point", "coordinates": [86.42775, 23.765882]}, "properties": {"subsidence_mm": 0.06, "tilt_deg": 0.00019, "strain_ue": 0.2, "x_offset_m": -270.0, "y_offset_m": 165.0, "source": "NCB_PFM"}}, {"type": "Feature", "geometry": {"type": "Point", "coordinates": [86.42775, 23.766017]}, "properties": {"subsidence_mm": 0.06, "tilt_deg": 0.00019, "strain_ue": 0.2, "x_offset_m": -270.0, "y_offset_m": 180.0, "source": "NCB_PFM"}}, {"type": "Feature", "geometry": {"type": "Point", "coordinates": [86.42775, 23.766152]}, "properties": {"subsidence_mm": 0.06, "tilt_deg": 0.00019, "strain_ue": 0.2, "x_offset_m": -270.0, "y_offset_m": 195.0, "source": "NCB_PFM"}}, {"type": "Feature", "geometry": {"type": "Point", "coordinates": [86.42775, 23.766286]}, "properties": {"subsidence_mm": 0.06, "tilt_deg": 0.00019, "strain_ue": 0.2, "x_offset_m": -270.0, "y_offset_m": 210.0, "source": "NCB_PFM"}}, {"type": "Feature", "geometry": {"type": "Point", "coordinates": [86.42775, 23.766421]}, "properties": {"subsidence_mm": 0.06, "tilt_deg": 0.00019, "strain_ue": 0.2, "x_offset_m": -270.0, "y_offset_m": 225.0, "source": "NCB_PFM"}}, {"type": "Feature", "geometry": {"type": "Point", "coordinates": [86.42775, 23.766556]}, "properties": {"subsidence_mm": 0.06, "tilt_deg": 0.00019, "strain_ue": 0.2, "x_offset_m": -270.0, "y_offset_m": 240.0, "source": "NCB_PFM"}}, {"type": "Feature", "geometry": {"type": "Point", "coordinates": [86.42775, 23.766691]}, "properties": {"subsidence_mm": 0.06, "tilt_deg": 0.00019, "strain_ue": 0.2, "x_offset_m": -270.0, "y_offset_m": 255.0, "source": "NCB_PFM"}}, {"type": "Feature", "geometry": {"type": "Point", "coordinates": [86.42775, 23.766825]}, "properties": {"subsidence_mm": 0.06, "tilt_deg": 0.00019, "strain_ue": 0.2, "x_offset_m": -270.0, "y_offset_m": 270.0, "source": "NCB_PFM"}}, {"type": "Feature", "geometry": {"type": "Point", "coordinates": [86.42775, 23.76696]}, "properties": {"subsidence_mm": 0.06, "tilt_deg": 0.00019, "strain_ue": 0.2, "x_offset_m": -270.0, "y_offset_m": 285.0, "source": "NCB_PFM"}}, {"type": "Feature", "geometry": {"type": "Point", "coordinates": [86.42775, 23.767095]}, "properties": {"subsidence_mm": 0.06, "tilt_deg": 0.00019, "strain_ue": 0.2, "x_offset_m": -270.0, "y_offset_m": 300.0, "source": "NCB_PFM"}}, {"type": "Feature", "geometry": {"type": "Point", "coordinates": [86.427897, 23.761705]}, "properties": {"subsidence_mm": 0.13, "tilt_deg": 0.00043, "strain_ue": 0.44, "x_offset_m": -255.0, "y_offset_m": -300.0, "source": "NCB_PFM"}}, {"type": "Feature", "geometry": {"type": "Point", "coordinates": [86.427897, 23.76184]}, "properties": {"subsidence_mm": 0.13, "tilt_deg": 0.00043, "strain_ue": 0.44, "x_offset_m": -255.0, "y_offset_m": -285.0, "source": "NCB_PFM"}}, {"type": "Feature", "geometry": {"type": "Point", "coordinates": [86.427897, 23.761975]}, "properties": {"subsidence_mm": 0.13, "tilt_deg": 0.00043, "strain_ue": 0.44, "x_offset_m": -255.0, "y_offset_m": -270.0, "source": "NCB_PFM"}}, {"type": "Feature", "geometry": {"type": "Point", "coordinates": [86.427897, 23.762109]}, "properties": {"subsidence_mm": 0.13, "tilt_deg": 0.00043, "strain_ue": 0.44, "x_offset_m": -255.0, "y_offset_m": -255.0, "source": "NCB_PFM"}}, {"type": "Feature", "geometry": {"type": "Point", "coordinates": [86.427897, 23.762244]}, "properties": {"subsidence_mm": 0.13, "tilt_deg": 0.00043, "strain_ue": 0.44, "x_offset_m": -255.0, "y_offset_m": -240.0, "source": "NCB_PFM"}}, {"type": "Feature", "geometry": {"type": "Point", "coordinates": [86.427897, 23.762379]}, "properties": {"subsidence_mm": 0.13, "tilt_deg": 0.00043, "strain_ue": 0.44, "x_offset_m": -255.0, "y_offset_m": -225.0, "source": "NCB_PFM"}}, {"type": "Feature", "geometry": {"type": "Point", "coordinates": [86.427897, 23.762514]}, "properties": {"subsidence_mm": 0.13, "tilt_deg": 0.00043, "strain_ue": 0.44, "x_offset_m": -255.0, "y_offset_m": -210.0, "source": "NCB_PFM"}}, {"type": "Feature", "geometry": {"type": "Point", "coordinates": [86.427897, 23.762648]}, "properties": {"subsidence_mm": 0.13, "tilt_deg": 0.00043, "strain_ue": 0.44, "x_offset_m": -255.0, "y_offset_m": -195.0, "source": "NCB_PFM"}}, {"type": "Feature", "geometry": {"type": "Point", "coordinates": [86.427897, 23.762783]}, "properties": {"subsidence_mm": 0.13, "tilt_deg": 0.00043, "strain_ue": 0.44, "x_offset_m": -255.0, "y_offset_m": -180.0, "source": "NCB_PFM"}}, {"type": "Feature", "geometry": {"type": "Point", "coordinates": [86.427897, 23.762918]}, "properties": {"subsidence_mm": 0.13, "tilt_deg": 0.00043, "strain_ue": 0.44, "x_offset_m": -255.0, "y_offset_m": -165.0, "source": "NCB_PFM"}}, {"type": "Feature", "geometry": {"type": "Point", "coordinates": [86.427897, 23.763053]}, "properties": {"subsidence_mm": 0.13, "tilt_deg": 0.00043, "strain_ue": 0.44, "x_offset_m": -255.0, "y_offset_m": -150.0, "source": "NCB_PFM"}}, {"type": "Feature", "geometry": {"type": "Point", "coordinates": [86.427897, 23.763187]}, "properties": {"subsidence_mm": 0.13, "tilt_deg": 0.00043, "strain_ue": 0.44, "x_offset_m": -255.0, "y_offset_m": -135.0, "source": "NCB_PFM"}}, {"type": "Feature", "geometry": {"type": "Point", "coordinates": [86.427897, 23.763322]}, "properties": {"subsidence_mm": 0.13, "tilt_deg": 0.00043, "strain_ue": 0.44, "x_offset_m": -255.0, "y_offset_m": -120.0, "source": "NCB_PFM"}}, {"type": "Feature", "geometry": {"type": "Point", "coordinates": [86.427897, 23.763457]}, "properties": {"subsidence_mm": 0.13, "tilt_deg": 0.00043, "strain_ue": 0.44, "x_offset_m": -255.0, "y_offset_m": -105.0, "source": "NCB_PFM"}}, {"type": "Feature", "geometry": {"type": "Point", "coordinates": [86.427897, 23.763592]}, "properties": {"subsidence_mm": 0.13, "tilt_deg": 0.00043, "strain_ue": 0.44, "x_offset_m": -255.0, "y_offset_m": -90.0, "source": "NCB_PFM"}}, {"type": "Feature", "geometry": {"type": "Point", "coordinates": [86.427897, 23.763726]}, "properties": {"subsidence_mm": 0.13, "tilt_deg": 0.00043, "strain_ue": 0.44, "x_offset_m": -255.0, "y_offset_m": -75.0, "source": "NCB_PFM"}}, {"type": "Feature", "geometry": {"type": "Point", "coordinates": [86.427897, 23.763861]}, "properties": {"subsidence_mm": 0.13, "tilt_deg": 0.00043, "strain_ue": 0.44, "x_offset_m": -255.0, "y_offset_m": -60.0, "source": "NCB_PFM"}}, {"type": "Feature", "geometry": {"type": "Point", "coordinates": [86.427897, 23.763996]}, "properties": {"subsidence_mm": 0.13, "tilt_deg": 0.00043, "strain_ue": 0.44, "x_offset_m": -255.0, "y_offset_m": -45.0, "source": "NCB_PFM"}}, {"type": "Feature", "geometry": {"type": "Point", "coordinates": [86.427897, 23.764131]}, "properties": {"subsidence_mm": 0.13, "tilt_deg": 0.00043, "strain_ue": 0.44, "x_offset_m": -255.0, "y_offset_m": -30.0, "source": "NCB_PFM"}}, {"type": "Feature", "geometry": {"type": "Point", "coordinates": [86.427897, 23.764265]}, "properties": {"subsidence_mm": 0.13, "tilt_deg": 0.00043, "strain_ue": 0.44, "x_offset_m": -255.0, "y_offset_m": -15.0, "source": "NCB_PFM"}}, {"type": "Feature", "geometry": {"type": "Point", "coordinates": [86.427897, 23.7644]}, "properties": {"subsidence_mm": 0.13, "tilt_deg": 0.00043, "strain_ue": 0.44, "x_offset_m": -255.0, "y_offset_m": 0.0, "source": "NCB_PFM"}}, {"type": "Feature", "geometry": {"type": "Point", "coordinates": [86.427897, 23.764535]}, "properties": {"subsidence_mm": 0.13, "tilt_deg": 0.00043, "strain_ue": 0.44, "x_offset_m": -255.0, "y_offset_m": 15.0, "source": "NCB_PFM"}}, {"type": "Feature", "geometry": {"type": "Point", "coordinates": [86.427897, 23.764669]}, "properties": {"subsidence_mm": 0.13, "tilt_deg": 0.00043, "strain_ue": 0.44, "x_offset_m": -255.0, "y_offset_m": 30.0, "source": "NCB_PFM"}}, {"type": "Feature", "geometry": {"type": "Point", "coordinates": [86.427897, 23.764804]}, "properties": {"subsidence_mm": 0.13, "tilt_deg": 0.00043, "strain_ue": 0.44, "x_offset_m": -255.0, "y_offset_m": 45.0, "source": "NCB_PFM"}}, {"type": "Feature", "geometry": {"type": "Point", "coordinates": [86.427897, 23.764939]}, "properties": {"subsidence_mm": 0.13, "tilt_deg": 0.00043, "strain_ue": 0.44, "x_offset_m": -255.0, "y_offset_m": 60.0, "source": "NCB_PFM"}}, {"type": "Feature", "geometry": {"type": "Point", "coordinates": [86.427897, 23.765074]}, "properties": {"subsidence_mm": 0.13, "tilt_deg": 0.00043, "strain_ue": 0.44, "x_offset_m": -255.0, "y_offset_m": 75.0, "source": "NCB_PFM"}}, {"type": "Feature", "geometry": {"type": "Point", "coordinates": [86.427897, 23.765208]}, "properties": {"subsidence_mm": 0.13, "tilt_deg": 0.00043, "strain_ue": 0.44, "x_offset_m": -255.0, "y_offset_m": 90.0, "source": "NCB_PFM"}}, {"type": "Feature", "geometry": {"type": "Point", "coordinates": [86.427897, 23.765343]}, "properties": {"subsidence_mm": 0.13, "tilt_deg": 0.00043, "strain_ue": 0.44, "x_offset_m": -255.0, "y_offset_m": 105.0, "source": "NCB_PFM"}}, {"type": "Feature", "geometry": {"type": "Point", "coordinates": [86.427897, 23.765478]}, "properties": {"subsidence_mm": 0.13, "tilt_deg": 0.00043, "strain_ue": 0.44, "x_offset_m": -255.0, "y_offset_m": 120.0, "source": "NCB_PFM"}}, {"type": "Feature", "geometry": {"type": "Point", "coordinates": [86.427897, 23.765613]}, "properties": {"subsidence_mm": 0.13, "tilt_deg": 0.00043, "strain_ue": 0.44, "x_offset_m": -255.0, "y_offset_m": 135.0, "source": "NCB_PFM"}}, {"type": "Feature", "geometry": {"type": "Point", "coordinates": [86.427897, 23.765747]}, "properties": {"subsidence_mm": 0.13, "tilt_deg": 0.00043, "strain_ue": 0.44, "x_offset_m": -255.0, "y_offset_m": 150.0, "source": "NCB_PFM"}}, {"type": "Feature", "geometry": {"type": "Point", "coordinates": [86.427897, 23.765882]}, "properties": {"subsidence_mm": 0.13, "tilt_deg": 0.00043, "strain_ue": 0.44, "x_offset_m": -255.0, "y_offset_m": 165.0, "source": "NCB_PFM"}}, {"type": "Feature", "geometry": {"type": "Point", "coordinates": [86.427897, 23.766017]}, "properties": {"subsidence_mm": 0.13, "tilt_deg": 0.00043, "strain_ue": 0.44, "x_offset_m": -255.0, "y_offset_m": 180.0, "source": "NCB_PFM"}}, {"type": "Feature", "geometry": {"type": "Point", "coordinates": [86.427897, 23.766152]}, "properties": {"subsidence_mm": 0.13, "tilt_deg": 0.00043, "strain_ue": 0.44, "x_offset_m": -255.0, "y_offset_m": 195.0, "source": "NCB_PFM"}}, {"type": "Feature", "geometry": {"type": "Point", "coordinates": [86.427897, 23.766286]}, "properties": {"subsidence_mm": 0.13, "tilt_deg": 0.00043, "strain_ue": 0.44, "x_offset_m": -255.0, "y_offset_m": 210.0, "source": "NCB_PFM"}}, {"type": "Feature", "geometry": {"type": "Point", "coordinates": [86.427897, 23.766421]}, "properties": {"subsidence_mm": 0.13, "tilt_deg": 0.00043, "strain_ue": 0.44, "x_offset_m": -255.0, "y_offset_m": 225.0, "source": "NCB_PFM"}}, {"type": "Feature", "geometry": {"type": "Point", "coordinates": [86.427897, 23.766556]}, "properties": {"subsidence_mm": 0.13, "tilt_deg": 0.00043, "strain_ue": 0.44, "x_offset_m": -255.0, "y_offset_m": 240.0, "source": "NCB_PFM"}}, {"type": "Feature", "geometry": {"type": "Point", "coordinates": [86.427897, 23.766691]}, "properties": {"subsidence_mm": 0.13, "tilt_deg": 0.00043, "strain_ue": 0.44, "x_offset_m": -255.0, "y_offset_m": 255.0, "source": "NCB_PFM"}}, {"type": "Feature", "geometry": {"type": "Point", "coordinates": [86.427897, 23.766825]}, "properties": {"subsidence_mm": 0.13, "tilt_deg": 0.00043, "strain_ue": 0.44, "x_offset_m": -255.0, "y_offset_m": 270.0, "source": "NCB_PFM"}}, {"type": "Feature", "geometry": {"type": "Point", "coordinates": [86.427897, 23.76696]}, "properties": {"subsidence_mm": 0.13, "tilt_deg": 0.00043, "strain_ue": 0.44, "x_offset_m": -255.0, "y_offset_m": 285.0, "source": "NCB_PFM"}}, {"type": "Feature", "geometry": {"type": "Point", "coordinates": [86.427897, 23.767095]}, "properties": {"subsidence_mm": 0.13, "tilt_deg": 0.00043, "strain_ue": 0.44, "x_offset_m": -255.0, "y_offset_m": 300.0, "source": "NCB_PFM"}}, {"type": "Feature", "geometry": {"type": "Point", "coordinates": [86.428044, 23.761705]}, "properties": {"subsidence_mm": 0.28, "tilt_deg": 0.00096, "strain_ue": 0.99, "x_offset_m": -240.0, "y_offset_m": -300.0, "source": "NCB_PFM"}}, {"type": "Feature", "geometry": {"type": "Point", "coordinates": [86.428044, 23.76184]}, "properties": {"subsidence_mm": 0.28, "tilt_deg": 0.00096, "strain_ue": 0.99, "x_offset_m": -240.0, "y_offset_m": -285.0, "source": "NCB_PFM"}}, {"type": "Feature", "geometry": {"type": "Point", "coordinates": [86.428044, 23.761975]}, "properties": {"subsidence_mm": 0.28, "tilt_deg": 0.00096, "strain_ue": 0.99, "x_offset_m": -240.0, "y_offset_m": -270.0, "source": "NCB_PFM"}}, {"type": "Feature", "geometry": {"type": "Point", "coordinates": [86.428044, 23.762109]}, "properties": {"subsidence_mm": 0.28, "tilt_deg": 0.00096, "strain_ue": 0.99, "x_offset_m": -240.0, "y_offset_m": -255.0, "source": "NCB_PFM"}}, {"type": "Feature", "geometry": {"type": "Point", "coordinates": [86.428044, 23.762244]}, "properties": {"subsidence_mm": 0.28, "tilt_deg": 0.00096, "strain_ue": 0.99, "x_offset_m": -240.0, "y_offset_m": -240.0, "source": "NCB_PFM"}}, {"type": "Feature", "geometry": {"type": "Point", "coordinates": [86.428044, 23.762379]}, "properties": {"subsidence_mm": 0.28, "tilt_deg": 0.00096, "strain_ue": 0.99, "x_offset_m": -240.0, "y_offset_m": -225.0, "source": "NCB_PFM"}}, {"type": "Feature", "geometry": {"type": "Point", "coordinates": [86.428044, 23.762514]}, "properties": {"subsidence_mm": 0.28, "tilt_deg": 0.00096, "strain_ue": 0.99, "x_offset_m": -240.0, "y_offset_m": -210.0, "source": "NCB_PFM"}}, {"type": "Feature", "geometry": {"type": "Point", "coordinates": [86.428044, 23.762648]}, "properties": {"subsidence_mm": 0.28, "tilt_deg": 0.00096, "strain_ue": 0.99, "x_offset_m": -240.0, "y_offset_m": -195.0, "source": "NCB_PFM"}}, {"type": "Feature", "geometry": {"type": "Point", "coordinates": [86.428044, 23.762783]}, "properties": {"subsidence_mm": 0.28, "tilt_deg": 0.00096, "strain_ue": 0.99, "x_offset_m": -240.0, "y_offset_m": -180.0, "source": "NCB_PFM"}}, {"type": "Feature", "geometry": {"type": "Point", "coordinates": [86.428044, 23.762918]}, "properties": {"subsidence_mm": 0.28, "tilt_deg": 0.00096, "strain_ue": 0.99, "x_offset_m": -240.0, "y_offset_m": -165.0, "source": "NCB_PFM"}}, {"type": "Feature", "geometry": {"type": "Point", "coordinates": [86.428044, 23.763053]}, "properties": {"subsidence_mm": 0.28, "tilt_deg": 0.00096, "strain_ue": 0.99, "x_offset_m": -240.0, "y_offset_m": -150.0, "source": "NCB_PFM"}}, {"type": "Feature", "geometry": {"type": "Point", "coordinates": [86.428044, 23.763187]}, "properties": {"subsidence_mm": 0.28, "tilt_deg": 0.00096, "strain_ue": 0.99, "x_offset_m": -240.0, "y_offset_m": -135.0, "source": "NCB_PFM"}}, {"type": "Feature", "geometry": {"type": "Point", "coordinates": [86.428044, 23.763322]}, "properties": {"subsidence_mm": 0.28, "tilt_deg": 0.00096, "strain_ue": 0.99, "x_offset_m": -240.0, "y_offset_m": -120.0, "source": "NCB_PFM"}}, {"type": "Feature", "geometry": {"type": "Point", "coordinates": [86.428044, 23.763457]}, "properties": {"subsidence_mm": 0.28, "tilt_deg": 0.00096, "strain_ue": 0.99, "x_offset_m": -240.0, "y_offset_m": -105.0, "source": "NCB_PFM"}}, {"type": "Feature", "geometry": {"type": "Point", "coordinates": [86.428044, 23.763592]}, "properties": {"subsidence_mm": 0.28, "tilt_deg": 0.00096, "strain_ue": 0.99, "x_offset_m": -240.0, "y_offset_m": -90.0, "source": "NCB_PFM"}}, {"type": "Feature", "geometry": {"type": "Point", "coordinates": [86.428044, 23.763726]}, "properties": {"subsidence_mm": 0.28, "tilt_deg": 0.00096, "strain_ue": 0.99, "x_offset_m": -240.0, "y_offset_m": -75.0, "source": "NCB_PFM"}}, {"type": "Feature", "geometry": {"type": "Point", "coordinates": [86.428044, 23.763861]}, "properties": {"subsidence_mm": 0.28, "tilt_deg": 0.00096, "strain_ue": 0.99, "x_offset_m": -240.0, "y_offset_m": -60.0, "source": "NCB_PFM"}}, {"type": "Feature", "geometry": {"type": "Point", "coordinates": [86.428044, 23.763996]}, "properties": {"subsidence_mm": 0.28, "tilt_deg": 0.00096, "strain_ue": 0.99, "x_offset_m": -240.0, "y_offset_m": -45.0, "source": "NCB_PFM"}}, {"type": "Feature", "geometry": {"type": "Point", "coordinates": [86.428044, 23.764131]}, "properties": {"subsidence_mm": 0.28, "tilt_deg": 0.00096, "strain_ue": 0.99, "x_offset_m": -240.0, "y_offset_m": -30.0, "source": "NCB_PFM"}}, {"type": "Feature", "geometry": {"type": "Point", "coordinates": [86.428044, 23.764265]}, "properties": {"subsidence_mm": 0.28, "tilt_deg": 0.00096, "strain_ue": 0.99, "x_offset_m": -240.0, "y_offset_m": -15.0, "source": "NCB_PFM"}}, {"type": "Feature", "geometry": {"type": "Point", "coordinates": [86.428044, 23.7644]}, "properties": {"subsidence_mm": 0.28, "tilt_deg": 0.00096, "strain_ue": 0.99, "x_offset_m": -240.0, "y_offset_m": 0.0, "source": "NCB_PFM"}}, {"type": "Feature", "geometry": {"type": "Point", "coordinates": [86.428044, 23.764535]}, "properties": {"subsidence_mm": 0.28, "tilt_deg": 0.00096, "strain_ue": 0.99, "x_offset_m": -240.0, "y_offset_m": 15.0, "source": "NCB_PFM"}}, {"type": "Feature", "geometry": {"type": "Point", "coordinates": [86.428044, 23.764669]}, "properties": {"subsidence_mm": 0.28, "tilt_deg": 0.00096, "strain_ue": 0.99, "x_offset_m": -240.0, "y_offset_m": 30.0, "source": "NCB_PFM"}}, {"type": "Feature", "geometry": {"type": "Point", "coordinates": [86.428044, 23.764804]}, "properties": {"subsidence_mm": 0.28, "tilt_deg": 0.00096, "strain_ue": 0.99, "x_offset_m": -240.0, "y_offset_m": 45.0, "source": "NCB_PFM"}}, {"type": "Feature", "geometry": {"type": "Point", "coordinates": [86.428044, 23.764939]}, "properties": {"subsidence_mm": 0.28, "tilt_deg": 0.00096, "strain_ue": 0.99, "x_offset_m": -240.0, "y_offset_m": 60.0, "source": "NCB_PFM"}}, {"type": "Feature", "geometry": {"type": "Point", "coordinates": [86.428044, 23.765074]}, "properties": {"subsidence_mm": 0.28, "tilt_deg": 0.00096, "strain_ue": 0.99, "x_offset_m": -240.0, "y_offset_m": 75.0, "source": "NCB_PFM"}}, {"type": "Feature", "geometry": {"type": "Point", "coordinates": [86.428044, 23.765208]}, "properties": {"subsidence_mm": 0.28, "tilt_deg": 0.00096, "strain_ue": 0.99, "x_offset_m": -240.0, "y_offset_m": 90.0, "source": "NCB_PFM"}}, {"type": "Feature", "geometry": {"type": "Point", "coordinates": [86.428044, 23.765343]}, "properties": {"subsidence_mm": 0.28, "tilt_deg": 0.00096, "strain_ue": 0.99, "x_offset_m": -240.0, "y_offset_m": 105.0, "source": "NCB_PFM"}}, {"type": "Feature", "geometry": {"type": "Point", "coordinates": [86.428044, 23.765478]}, "properties": {"subsidence_mm": 0.28, "tilt_deg": 0.00096, "strain_ue": 0.99, "x_offset_m": -240.0, "y_offset_m": 120.0, "source": "NCB_PFM"}}, {"type": "Feature", "geometry": {"type": "Point", "coordinates": [86.428044, 23.765613]}, "properties": {"subsidence_mm": 0.28, "tilt_deg": 0.00096, "strain_ue": 0.99, "x_offset_m": -240.0, "y_offset_m": 135.0, "source": "NCB_PFM"}}, {"type": "Feature", "geometry": {"type": "Point", "coordinates": [86.428044, 23.765747]}, "properties": {"subsidence_mm": 0.28, "tilt_deg": 0.00096, "strain_ue": 0.99, "x_offset_m": -240.0, "y_offset_m": 150.0, "source": "NCB_PFM"}}, {"type": "Feature", "geometry": {"type": "Point", "coordinates": [86.428044, 23.765882]}, "properties": {"subsidence_mm": 0.28, "tilt_deg": 0.00096, "strain_ue": 0.99, "x_offset_m": -240.0, "y_offset_m": 165.0, "source": "NCB_PFM"}}, {"type": "Feature", "geometry": {"type": "Point", "coordinates": [86.428044, 23.766017]}, "properties": {"subsidence_mm": 0.28, "tilt_deg": 0.00096, "strain_ue": 0.99, "x_offset_m": -240.0, "y_offset_m": 180.0, "source": "NCB_PFM"}}, {"type": "Feature", "geometry": {"type": "Point", "coordinates": [86.428044, 23.766152]}, "properties": {"subsidence_mm": 0.28, "tilt_deg": 0.00096, "strain_ue": 0.99, "x_offset_m": -240.0, "y_offset_m": 195.0, "source": "NCB_PFM"}}, {"type": "Feature", "geometry": {"type": "Point", "coordinates": [86.428044, 23.766286]}, "properties": {"subsidence_mm": 0.28, "tilt_deg": 0.00096, "strain_ue": 0.99, "x_offset_m": -240.0, "y_offset_m": 210.0, "source": "NCB_PFM"}}, {"type": "Feature", "geometry": {"type": "Point", "coordinates": [86.428044, 23.766421]}, "properties": {"subsidence_mm": 0.28, "tilt_deg": 0.00096, "strain_ue": 0.99, "x_offset_m": -240.0, "y_offset_m": 225.0, "source": "NCB_PFM"}}, {"type": "Feature", "geometry": {"type": "Point", "coordinates": [86.428044, 23.766556]}, "properties": {"subsidence_mm": 0.28, "tilt_deg": 0.00096, "strain_ue": 0.99, "x_offset_m": -240.0, "y_offset_m": 240.0, "source": "NCB_PFM"}}, {"type": "Feature", "geometry": {"type": "Point", "coordinates": [86.428044, 23.766691]}, "properties": {"subsidence_mm": 0.28, "tilt_deg": 0.00096, "strain_ue": 0.99, "x_offset_m": -240.0, "y_offset_m": 255.0, "source": "NCB_PFM"}}, {"type": "Feature", "geometry": {"type": "Point", "coordinates": [86.428044, 23.766825]}, "properties": {"subsidence_mm": 0.28, "tilt_deg": 0.00096, "strain_ue": 0.99, "x_offset_m": -240.0, "y_offset_m": 270.0, "source": "NCB_PFM"}}, {"type": "Feature", "geometry": {"type": "Point", "coordinates": [86.428044, 23.76696]}, "properties": {"subsidence_mm": 0.28, "tilt_deg": 0.00096, "strain_ue": 0.99, "x_offset_m": -240.0, "y_offset_m": 285.0, "source": "NCB_PFM"}}, {"type": "Feature", "geometry": {"type": "Point", "coordinates": [86.428044, 23.767095]}, "properties": {"subsidence_mm": 0.28, "tilt_deg": 0.00096, "strain_ue": 0.99, "x_offset_m": -240.0, "y_offset_m": 300.0, "source": "NCB_PFM"}}, {"type": "Feature", "geometry": {"type": "Point", "coordinates": [86.428192, 23.761705]}, "properties": {"subsidence_mm": 0.63, "tilt_deg": 0.00213, "strain_ue": 2.2, "x_offset_m": -225.0, "y_offset_m": -300.0, "source": "NCB_PFM"}}, {"type": "Feature", "geometry": {"type": "Point", "coordinates": [86.428192, 23.76184]}, "properties": {"subsidence_mm": 0.63, "tilt_deg": 0.00213, "strain_ue": 2.2, "x_offset_m": -225.0, "y_offset_m": -285.0, "source": "NCB_PFM"}}, {"type": "Feature", "geometry": {"type": "Point", "coordinates": [86.428192, 23.761975]}, "properties": {"subsidence_mm": 0.63, "tilt_deg": 0.00213, "strain_ue": 2.2, "x_offset_m": -225.0, "y_offset_m": -270.0, "source": "NCB_PFM"}}, {"type": "Feature", "geometry": {"type": "Point", "coordinates": [86.428192, 23.762109]}, "properties": {"subsidence_mm": 0.63, "tilt_deg": 0.00213, "strain_ue": 2.2, "x_offset_m": -225.0, "y_offset_m": -255.0, "source": "NCB_PFM"}}, {"type": "Feature", "geometry": {"type": "Point", "coordinates": [86.428192, 23.762244]}, "properties": {"subsidence_mm": 0.63, "tilt_deg": 0.00213, "strain_ue": 2.2, "x_offset_m": -225.0, "y_offset_m": -240.0, "source": "NCB_PFM"}}, {"type": "Feature", "geometry": {"type": "Point", "coordinates": [86.428192, 23.762379]}, "properties": {"subsidence_mm": 0.63, "tilt_deg": 0.00213, "strain_ue": 2.2, "x_offset_m": -225.0, "y_offset_m": -225.0, "source": "NCB_PFM"}}, {"type": "Feature", "geometry": {"type": "Point", "coordinates": [86.428192, 23.762514]}, "properties": {"subsidence_mm": 0.63, "tilt_deg": 0.00213, "strain_ue": 2.2, "x_offset_m": -225.0, "y_offset_m": -210.0, "source": "NCB_PFM"}}, {"type": "Feature", "geometry": {"type": "Point", "coordinates": [86.428192, 23.762648]}, "properties": {"subsidence_mm": 0.63, "tilt_deg": 0.00213, "strain_ue": 2.2, "x_offset_m": -225.0, "y_offset_m": -195.0, "source": "NCB_PFM"}}, {"type": "Feature", "geometry": {"type": "Point", "coordinates": [86.428192, 23.762783]}, "properties": {"subsidence_mm": 0.63, "tilt_deg": 0.00213, "strain_ue": 2.2, "x_offset_m": -225.0, "y_offset_m": -180.0, "source": "NCB_PFM"}}, {"type": "Feature", "geometry": {"type": "Point", "coordinates": [86.428192, 23.762918]}, "properties": {"subsidence_mm": 0.63, "tilt_deg": 0.00213, "strain_ue": 2.2, "x_offset_m": -225.0, "y_offset_m": -165.0, "source": "NCB_PFM"}}, {"type": "Feature", "geometry": {"type": "Point", "coordinates": [86.428192, 23.763053]}, "properties": {"subsidence_mm": 0.63, "tilt_deg": 0.00213, "strain_ue": 2.2, "x_offset_m": -225.0, "y_offset_m": -150.0, "source": "NCB_PFM"}}, {"type": "Feature", "geometry": {"type": "Point", "coordinates": [86.428192, 23.763187]}, "properties": {"subsidence_mm": 0.63, "tilt_deg": 0.00213, "strain_ue": 2.2, "x_offset_m": -225.0, "y_offset_m": -135.0, "source": "NCB_PFM"}}, {"type": "Feature", "geometry": {"type": "Point", "coordinates": [86.428192, 23.763322]}, "properties": {"subsidence_mm": 0.63, "tilt_deg": 0.00213, "strain_ue": 2.2, "x_offset_m": -225.0, "y_offset_m": -120.0, "source": "NCB_PFM"}}, {"type": "Feature", "geometry": {"type": "Point", "coordinates": [86.428192, 23.763457]}, "properties": {"subsidence_mm": 0.63, "tilt_deg": 0.00213, "strain_ue": 2.2, "x_offset_m": -225.0, "y_offset_m": -105.0, "source": "NCB_PFM"}}, {"type": "Feature", "geometry": {"type": "Point", "coordinates": [86.428192, 23.763592]}, "properties": {"subsidence_mm": 0.63, "tilt_deg": 0.00213, "strain_ue": 2.2, "x_offset_m": -225.0, "y_offset_m": -90.0, "source": "NCB_PFM"}}, {"type": "Feature", "geometry": {"type": "Point", "coordinates": [86.428192, 23.763726]}, "properties": {"subsidence_mm": 0.63, "tilt_deg": 0.00213, "strain_ue": 2.2, "x_offset_m": -225.0, "y_offset_m": -75.0, "source": "NCB_PFM"}}, {"type": "Feature", "geometry": {"type": "Point", "coordinates": [86.428192, 23.763861]}, "properties": {"subsidence_mm": 0.63, "tilt_deg": 0.00213, "strain_ue": 2.2, "x_offset_m": -225.0, "y_offset_m": -60.0, "source": "NCB_PFM"}}, {"type": "Feature", "geometry": {"type": "Point", "coordinates": [86.428192, 23.763996]}, "properties": {"subsidence_mm": 0.63, "tilt_deg": 0.00213, "strain_ue": 2.2, "x_offset_m": -225.0, "y_offset_m": -45.0, "source": "NCB_PFM"}}, {"type": "Feature", "geometry": {"type": "Point", "coordinates": [86.428192, 23.764131]}, "properties": {"subsidence_mm": 0.63, "tilt_deg": 0.00213, "strain_ue": 2.2, "x_offset_m": -225.0, "y_offset_m": -30.0, "source": "NCB_PFM"}}, {"type": "Feature", "geometry": {"type": "Point", "coordinates": [86.428192, 23.764265]}, "properties": {"subsidence_mm": 0.63, "tilt_deg": 0.00213, "strain_ue": 2.2, "x_offset_m": -225.0, "y_offset_m": -15.0, "source": "NCB_PFM"}}, {"type": "Feature", "geometry": {"type": "Point", "coordinates": [86.428192, 23.7644]}, "properties": {"subsidence_mm": 0.63, "tilt_deg": 0.00213, "strain_ue": 2.2, "x_offset_m": -225.0, "y_offset_m": 0.0, "source": "NCB_PFM"}}, {"type": "Feature", "geometry": {"type": "Point", "coordinates": [86.428192, 23.764535]}, "properties": {"subsidence_mm": 0.63, "tilt_deg": 0.00213, "strain_ue": 2.2, "x_offset_m": -225.0, "y_offset_m": 15.0, "source": "NCB_PFM"}}, {"type": "Feature", "geometry": {"type": "Point", "coordinates": [86.428192, 23.764669]}, "properties": {"subsidence_mm": 0.63, "tilt_deg": 0.00213, "strain_ue": 2.2, "x_offset_m": -225.0, "y_offset_m": 30.0, "source": "NCB_PFM"}}, {"type": "Feature", "geometry": {"type": "Point", "coordinates": [86.428192, 23.764804]}, "properties": {"subsidence_mm": 0.63, "tilt_deg": 0.00213, "strain_ue": 2.2, "x_offset_m": -225.0, "y_offset_m": 45.0, "source": "NCB_PFM"}}, {"type": "Feature", "geometry": {"type": "Point", "coordinates": [86.428192, 23.764939]}, "properties": {"subsidence_mm": 0.63, "tilt_deg": 0.00213, "strain_ue": 2.2, "x_offset_m": -225.0, "y_offset_m": 60.0, "source": "NCB_PFM"}}, {"type": "Feature", "geometry": {"type": "Point", "coordinates": [86.428192, 23.765074]}, "properties": {"subsidence_mm": 0.63, "tilt_deg": 0.00213, "strain_ue": 2.2, "x_offset_m": -225.0, "y_offset_m": 75.0, "source": "NCB_PFM"}}, {"type": "Feature", "geometry": {"type": "Point", "coordinates": [86.428192, 23.765208]}, "properties": {"subsidence_mm": 0.63, "tilt_deg": 0.00213, "strain_ue": 2.2, "x_offset_m": -225.0, "y_offset_m": 90.0, "source": "NCB_PFM"}}, {"type": "Feature", "geometry": {"type": "Point", "coordinates": [86.428192, 23.765343]}, "properties": {"subsidence_mm": 0.63, "tilt_deg": 0.00213, "strain_ue": 2.2, "x_offset_m": -225.0, "y_offset_m": 105.0, "source": "NCB_PFM"}}, {"type": "Feature", "geometry": {"type": "Point", "coordinates": [86.428192, 23.765478]}, "properties": {"subsidence_mm": 0.63, "tilt_deg": 0.00213, "strain_ue": 2.2, "x_offset_m": -225.0, "y_offset_m": 120.0, "source": "NCB_PFM"}}, {"type": "Feature", "geometry": {"type": "Point", "coordinates": [86.428192, 23.765613]}, "properties": {"subsidence_mm": 0.63, "tilt_deg": 0.00213, "strain_ue": 2.2, "x_offset_m": -225.0, "y_offset_m": 135.0, "source": "NCB_PFM"}}, {"type": "Feature", "geometry": {"type": "Point", "coordinates": [86.428192, 23.765747]}, "properties": {"subsidence_mm": 0.63, "tilt_deg": 0.00213, "strain_ue": 2.2, "x_offset_m": -225.0, "y_offset_m": 150.0, "source": "NCB_PFM"}}, {"type": "Feature", "geometry": {"type": "Point", "coordinates": [86.428192, 23.765882]}, "properties": {"subsidence_mm": 0.63, "tilt_deg": 0.00213, "strain_ue": 2.2, "x_offset_m": -225.0, "y_offset_m": 165.0, "source": "NCB_PFM"}}, {"type": "Feature", "geometry": {"type": "Point", "coordinates": [86.428192, 23.766017]}, "properties": {"subsidence_mm": 0.63, "tilt_deg": 0.00213, "strain_ue": 2.2, "x_offset_m": -225.0, "y_offset_m": 180.0, "source": "NCB_PFM"}}, {"type": "Feature", "geometry": {"type": "Point", "coordinates": [86.428192, 23.766152]}, "properties": {"subsidence_mm": 0.63, "tilt_deg": 0.00213, "strain_ue": 2.2, "x_offset_m": -225.0, "y_offset_m": 195.0, "source": "NCB_PFM"}}, {"type": "Feature", "geometry": {"type": "Point", "coordinates": [86.428192, 23.766286]}, "properties": {"subsidence_mm": 0.63, "tilt_deg": 0.00213, "strain_ue": 2.2, "x_offset_m": -225.0, "y_offset_m": 210.0, "source": "NCB_PFM"}}, {"type": "Feature", "geometry": {"type": "Point", "coordinates": [86.428192, 23.766421]}, "properties": {"subsidence_mm": 0.63, "tilt_deg": 0.00213, "strain_ue": 2.2, "x_offset_m": -225.0, "y_offset_m": 225.0, "source": "NCB_PFM"}}, {"type": "Feature", "geometry": {"type": "Point", "coordinates": [86.428192, 23.766556]}, "properties": {"subsidence_mm": 0.63, "tilt_deg": 0.00213, "strain_ue": 2.2, "x_offset_m": -225.0, "y_offset_m": 240.0, "source": "NCB_PFM"}}, {"type": "Feature", "geometry": {"type": "Point", "coordinates": [86.428192, 23.766691]}, "properties": {"subsidence_mm": 0.63, "tilt_deg": 0.00213, "strain_ue": 2.2, "x_offset_m": -225.0, "y_offset_m": 255.0, "source": "NCB_PFM"}}, {"type": "Feature", "geometry": {"type": "Point", "coordinates": [86.428192, 23.766825]}, "properties": {"subsidence_mm": 0.63, "tilt_deg": 0.00213, "strain_ue": 2.2, "x_offset_m": -225.0, "y_offset_m": 270.0, "source": "NCB_PFM"}}, {"type": "Feature", "geometry": {"type": "Point", "coordinates": [86.428192, 23.76696]}, "properties": {"subsidence_mm": 0.63, "tilt_deg": 0.00213, "strain_ue": 2.2, "x_offset_m": -225.0, "y_offset_m": 285.0, "source": "NCB_PFM"}}, {"type": "Feature", "geometry": {"type": "Point", "coordinates": [86.428192, 23.767095]}, "properties": {"subsidence_mm": 0.63, "tilt_deg": 0.00213, "strain_ue": 2.2, "x_offset_m": -225.0, "y_offset_m": 300.0, "source": "NCB_PFM"}}, {"type": "Feature", "geometry": {"type": "Point", "coordinates": [86.428339, 23.761705]}, "properties": {"subsidence_mm": 1.4, "tilt_deg": 0.00474, "strain_ue": 4.88, "x_offset_m": -210.0, "y_offset_m": -300.0, "source": "NCB_PFM"}}, {"type": "Feature", "geometry": {"type": "Point", "coordinates": [86.428339, 23.76184]}, "properties": {"subsidence_mm": 1.4, "tilt_deg": 0.00474, "strain_ue": 4.88, "x_offset_m": -210.0, "y_offset_m": -285.0, "source": "NCB_PFM"}}, {"type": "Feature", "geometry": {"type": "Point", "coordinates": [86.428339, 23.761975]}, "properties": {"subsidence_mm": 1.4, "tilt_deg": 0.00474, "strain_ue": 4.88, "x_offset_m": -210.0, "y_offset_m": -270.0, "source": "NCB_PFM"}}, {"type": "Feature", "geometry": {"type": "Point", "coordinates": [86.428339, 23.762109]}, "properties": {"subsidence_mm": 1.4, "tilt_deg": 0.00474, "strain_ue": 4.88, "x_offset_m": -210.0, "y_offset_m": -255.0, "source": "NCB_PFM"}}, {"type": "Feature", "geometry": {"type": "Point", "coordinates": [86.428339, 23.762244]}, "properties": {"subsidence_mm": 1.4, "tilt_deg": 0.00474, "strain_ue": 4.88, "x_offset_m": -210.0, "y_offset_m": -240.0, "source": "NCB_PFM"}}, {"type": "Feature", "geometry": {"type": "Point", "coordinates": [86.428339, 23.762379]}, "properties": {"subsidence_mm": 1.4, "tilt_deg": 0.00474, "strain_ue": 4.88, "x_offset_m": -210.0, "y_offset_m": -225.0, "source": "NCB_PFM"}}, {"type": "Feature", "geometry": {"type": "Point", "coordinates": [86.428339, 23.762514]}, "properties": {"subsidence_mm": 1.4, "tilt_deg": 0.00474, "strain_ue": 4.88, "x_offset_m": -210.0, "y_offset_m": -210.0, "source": "NCB_PFM"}}, {"type": "Feature", "geometry": {"type": "Point", "coordinates": [86.428339, 23.762648]}, "properties": {"subsidence_mm": 1.4, "tilt_deg": 0.00474, "strain_ue": 4.88, "x_offset_m": -210.0, "y_offset_m": -195.0, "source": "NCB_PFM"}}, {"type": "Feature", "geometry": {"type": "Point", "coordinates": [86.428339, 23.762783]}, "properties": {"subsidence_mm": 1.4, "tilt_deg": 0.00474, "strain_ue": 4.88, "x_offset_m": -210.0, "y_offset_m": -180.0, "source": "NCB_PFM"}}, {"type": "Feature", "geometry": {"type": "Point", "coordinates": [86.428339, 23.762918]}, "properties": {"subsidence_mm": 1.4, "tilt_deg": 0.00474, "strain_ue": 4.88, "x_offset_m": -210.0, "y_offset_m": -165.0, "source": "NCB_PFM"}}, {"type": "Feature", "geometry": {"type": "Point", "coordinates": [86.428339, 23.763053]}, "properties": {"subsidence_mm": 1.4, "tilt_deg": 0.00474, "strain_ue": 4.88, "x_offset_m": -210.0, "y_offset_m": -150.0, "source": "NCB_PFM"}}, {"type": "Feature", "geometry": {"type": "Point", "coordinates": [86.428339, 23.763187]}, "properties": {"subsidence_mm": 1.4, "tilt_deg": 0.00474, "strain_ue": 4.88, "x_offset_m": -210.0, "y_offset_m": -135.0, "source": "NCB_PFM"}}, {"type": "Feature", "geometry": {"type": "Point", "coordinates": [86.428339, 23.763322]}, "properties": {"subsidence_mm": 1.4, "tilt_deg": 0.00474, "strain_ue": 4.88, "x_offset_m": -210.0, "y_offset_m": -120.0, "source": "NCB_PFM"}}, {"type": "Feature", "geometry": {"type": "Point", "coordinates": [86.428339, 23.763457]}, "properties": {"subsidence_mm": 1.4, "tilt_deg": 0.00474, "strain_ue": 4.88, "x_offset_m": -210.0, "y_offset_m": -105.0, "source": "NCB_PFM"}}, {"type": "Feature", "geometry": {"type": "Point", "coordinates": [86.428339, 23.763592]}, "properties": {"subsidence_mm": 1.4, "tilt_deg": 0.00474, "strain_ue": 4.88, "x_offset_m": -210.0, "y_offset_m": -90.0, "source": "NCB_PFM"}}, {"type": "Feature", "geometry": {"type": "Point", "coordinates": [86.428339, 23.763726]}, "properties": {"subsidence_mm": 1.4, "tilt_deg": 0.00474, "strain_ue": 4.88, "x_offset_m": -210.0, "y_offset_m": -75.0, "source": "NCB_PFM"}}, {"type": "Feature", "geometry": {"type": "Point", "coordinates": [86.428339, 23.763861]}, "properties": {"subsidence_mm": 1.4, "tilt_deg": 0.00474, "strain_ue": 4.88, "x_offset_m": -210.0, "y_offset_m": -60.0, "source": "NCB_PFM"}}, {"type": "Feature", "geometry": {"type": "Point", "coordinates": [86.428339, 23.763996]}, "properties": {"subsidence_mm": 1.4, "tilt_deg": 0.00474, "strain_ue": 4.88, "x_offset_m": -210.0, "y_offset_m": -45.0, "source": "NCB_PFM"}}, {"type": "Feature", "geometry": {"type": "Point", "coordinates": [86.428339, 23.764131]}, "properties": {"subsidence_mm": 1.4, "tilt_deg": 0.00474, "strain_ue": 4.88, "x_offset_m": -210.0, "y_offset_m": -30.0, "source": "NCB_PFM"}}, {"type": "Feature", "geometry": {"type": "Point", "coordinates": [86.428339, 23.764265]}, "properties": {"subsidence_mm": 1.4, "tilt_deg": 0.00474, "strain_ue": 4.88, "x_offset_m": -210.0, "y_offset_m": -15.0, "source": "NCB_PFM"}}, {"type": "Feature", "geometry": {"type": "Point", "coordinates": [86.428339, 23.7644]}, "properties": {"subsidence_mm": 1.4, "tilt_deg": 0.00474, "strain_ue": 4.88, "x_offset_m": -210.0, "y_offset_m": 0.0, "source": "NCB_PFM"}}, {"type": "Feature", "geometry": {"type": "Point", "coordinates": [86.428339, 23.764535]}, "properties": {"subsidence_mm": 1.4, "tilt_deg": 0.00474, "strain_ue": 4.88, "x_offset_m": -210.0, "y_offset_m": 15.0, "source": "NCB_PFM"}}, {"type": "Feature", "geometry": {"type": "Point", "coordinates": [86.428339, 23.764669]}, "properties": {"subsidence_mm": 1.4, "tilt_deg": 0.00474, "strain_ue": 4.88, "x_offset_m": -210.0, "y_offset_m": 30.0, "source": "NCB_PFM"}}, {"type": "Feature", "geometry": {"type": "Point", "coordinates": [86.428339, 23.764804]}, "properties": {"subsidence_mm": 1.4, "tilt_deg": 0.00474, "strain_ue": 4.88, "x_offset_m": -210.0, "y_offset_m": 45.0, "source": "NCB_PFM"}}, {"type": "Feature", "geometry": {"type": "Point", "coordinates": [86.428339, 23.764939]}, "properties": {"subsidence_mm": 1.4, "tilt_deg": 0.00474, "strain_ue": 4.88, "x_offset_m": -210.0, "y_offset_m": 60.0, "source": "NCB_PFM"}}, {"type": "Feature", "geometry": {"type": "Point", "coordinates": [86.428339, 23.765074]}, "properties": {"subsidence_mm": 1.4, "tilt_deg": 0.00474, "strain_ue": 4.88, "x_offset_m": -210.0, "y_offset_m": 75.0, "source": "NCB_PFM"}}, {"type": "Feature", "geometry": {"type": "Point", "coordinates": [86.428339, 23.765208]}, "properties": {"subsidence_mm": 1.4, "tilt_deg": 0.00474, "strain_ue": 4.88, "x_offset_m": -210.0, "y_offset_m": 90.0, "source": "NCB_PFM"}}, {"type": "Feature", "geometry": {"type": "Point", "coordinates": [86.428339, 23.765343]}, "properties": {"subsidence_mm": 1.4, "tilt_deg": 0.00474, "strain_ue": 4.88, "x_offset_m": -210.0, "y_offset_m": 105.0, "source": "NCB_PFM"}}, {"type": "Feature", "geometry": {"type": "Point", "coordinates": [86.428339, 23.765478]}, "properties": {"subsidence_mm": 1.4, "tilt_deg": 0.00474, "strain_ue": 4.88, "x_offset_m": -210.0, "y_offset_m": 120.0, "source": "NCB_PFM"}}, {"type": "Feature", "geometry": {"type": "Point", "coordinates": [86.428339, 23.765613]}, "properties": {"subsidence_mm": 1.4, "tilt_deg": 0.00474, "strain_ue": 4.88, "x_offset_m": -210.0, "y_offset_m": 135.0, "source": "NCB_PFM"}}, {"type": "Feature", "geometry": {"type": "Point", "coordinates": [86.428339, 23.765747]}, "properties": {"subsidence_mm": 1.4, "tilt_deg": 0.00474, "strain_ue": 4.88, "x_offset_m": -210.0, "y_offset_m": 150.0, "source": "NCB_PFM"}}, {"type": "Feature", "geometry": {"type": "Point", "coordinates": [86.428339, 23.765882]}, "properties": {"subsidence_mm": 1.4, "tilt_deg": 0.00474, "strain_ue": 4.88, "x_offset_m": -210.0, "y_offset_m": 165.0, "source": "NCB_PFM"}}, {"type": "Feature", "geometry": {"type": "Point", "coordinates": [86.428339, 23.766017]}, "properties": {"subsidence_mm": 1.4, "tilt_deg": 0.00474, "strain_ue": 4.88, "x_offset_m": -210.0, "y_offset_m": 180.0, "source": "NCB_PFM"}}, {"type": "Feature", "geometry": {"type": "Point", "coordinates": [86.428339, 23.766152]}, "properties": {"subsidence_mm": 1.4, "tilt_deg": 0.00474, "strain_ue": 4.88, "x_offset_m": -210.0, "y_offset_m": 195.0, "source": "NCB_PFM"}}, {"type": "Feature", "geometry": {"type": "Point", "coordinates": [86.428339, 23.766286]}, "properties": {"subsidence_mm": 1.4, "tilt_deg": 0.00474, "strain_ue": 4.88, "x_offset_m": -210.0, "y_offset_m": 210.0, "source": "NCB_PFM"}}, {"type": "Feature", "geometry": {"type": "Point", "coordinates": [86.428339, 23.766421]}, "properties": {"subsidence_mm": 1.4, "tilt_deg": 0.00474, "strain_ue": 4.88, "x_offset_m": -210.0, "y_offset_m": 225.0, "source": "NCB_PFM"}}, {"type": "Feature", "geometry": {"type": "Point", "coordinates": [86.428339, 23.766556]}, "properties": {"subsidence_mm": 1.4, "tilt_deg": 0.00474, "strain_ue": 4.88, "x_offset_m": -210.0, "y_offset_m": 240.0, "source": "NCB_PFM"}}, {"type": "Feature", "geometry": {"type": "Point", "coordinates": [86.428339, 23.766691]}, "properties": {"subsidence_mm": 1.4, "tilt_deg": 0.00474, "strain_ue": 4.88, "x_offset_m": -210.0, "y_offset_m": 255.0, "source": "NCB_PFM"}}, {"type": "Feature", "geometry": {"type": "Point", "coordinates": [86.428339, 23.766825]}, "properties": {"subsidence_mm": 1.4, "tilt_deg": 0.00474, "strain_ue": 4.88, "x_offset_m": -210.0, "y_offset_m": 270.0, "source": "NCB_PFM"}}, {"type": "Feature", "geometry": {"type": "Point", "coordinates": [86.428339, 23.76696]}, "properties": {"subsidence_mm": 1.4, "tilt_deg": 0.00474, "strain_ue": 4.88, "x_offset_m": -210.0, "y_offset_m": 285.0, "source": "NCB_PFM"}}, {"type": "Feature", "geometry": {"type": "Point", "coordinates": [86.428339, 23.767095]}, "properties": {"subsidence_mm": 1.4, "tilt_deg": 0.00474, "strain_ue": 4.88, "x_offset_m": -210.0, "y_offset_m": 300.0, "source": "NCB_PFM"}}, {"type": "Feature", "geometry": {"type": "Point", "coordinates": [86.428486, 23.761705]}, "properties": {"subsidence_mm": 3.11, "tilt_deg": 0.01052, "strain_ue": 10.79, "x_offset_m": -195.0, "y_offset_m": -300.0, "source": "NCB_PFM"}}, {"type": "Feature", "geometry": {"type": "Point", "coordinates": [86.428486, 23.76184]}, "properties": {"subsidence_mm": 3.11, "tilt_deg": 0.01052, "strain_ue": 10.79, "x_offset_m": -195.0, "y_offset_m": -285.0, "source": "NCB_PFM"}}, {"type": "Feature", "geometry": {"type": "Point", "coordinates": [86.428486, 23.761975]}, "properties": {"subsidence_mm": 3.11, "tilt_deg": 0.01052, "strain_ue": 10.79, "x_offset_m": -195.0, "y_offset_m": -270.0, "source": "NCB_PFM"}}, {"type": "Feature", "geometry": {"type": "Point", "coordinates": [86.428486, 23.762109]}, "properties": {"subsidence_mm": 3.11, "tilt_deg": 0.01052, "strain_ue": 10.79, "x_offset_m": -195.0, "y_offset_m": -255.0, "source": "NCB_PFM"}}, {"type": "Feature", "geometry": {"type": "Point", "coordinates": [86.428486, 23.762244]}, "properties": {"subsidence_mm": 3.11, "tilt_deg": 0.01052, "strain_ue": 10.79, "x_offset_m": -195.0, "y_offset_m": -240.0, "source": "NCB_PFM"}}, {"type": "Feature", "geometry": {"type": "Point", "coordinates": [86.428486, 23.762379]}, "properties": {"subsidence_mm": 3.11, "tilt_deg": 0.01052, "strain_ue": 10.79, "x_offset_m": -195.0, "y_offset_m": -225.0, "source": "NCB_PFM"}}, {"type": "Feature", "geometry": {"type": "Point", "coordinates": [86.428486, 23.762514]}, "properties": {"subsidence_mm": 3.11, "tilt_deg": 0.01052, "strain_ue": 10.79, "x_offset_m": -195.0, "y_offset_m": -210.0, "source": "NCB_PFM"}}, {"type": "Feature", "geometry": {"type": "Point", "coordinates": [86.428486, 23.762648]}, "properties": {"subsidence_mm": 3.11, "tilt_deg": 0.01052, "strain_ue": 10.79, "x_offset_m": -195.0, "y_offset_m": -195.0, "source": "NCB_PFM"}}, {"type": "Feature", "geometry": {"type": "Point", "coordinates": [86.428486, 23.762783]}, "properties": {"subsidence_mm": 3.11, "tilt_deg": 0.01052, "strain_ue": 10.79, "x_offset_m": -195.0, "y_offset_m": -180.0, "source": "NCB_PFM"}}, {"type": "Feature", "geometry": {"type": "Point", "coordinates": [86.428486, 23.762918]}, "properties": {"subsidence_mm": 3.11, "tilt_deg": 0.01052, "strain_ue": 10.79, "x_offset_m": -195.0, "y_offset_m": -165.0, "source": "NCB_PFM"}}, {"type": "Feature", "geometry": {"type": "Point", "coordinates": [86.428486, 23.763053]}, "properties": {"subsidence_mm": 3.11, "tilt_deg": 0.01052, "strain_ue": 10.79, "x_offset_m": -195.0, "y_offset_m": -150.0, "source": "NCB_PFM"}}, {"type": "Feature", "geometry": {"type": "Point", "coordinates": [86.428486, 23.763187]}, "properties": {"subsidence_mm": 3.11, "tilt_deg": 0.01052, "strain_ue": 10.79, "x_offset_m": -195.0, "y_offset_m": -135.0, "source": "NCB_PFM"}}, {"type": "Feature", "geometry": {"type": "Point", "coordinates": [86.428486, 23.763322]}, "properties": {"subsidence_mm": 3.11, "tilt_deg": 0.01052, "strain_ue": 10.79, "x_offset_m": -195.0, "y_offset_m": -120.0, "source": "NCB_PFM"}}, {"type": "Feature", "geometry": {"type": "Point", "coordinates": [86.428486, 23.763457]}, "properties": {"subsidence_mm": 3.11, "tilt_deg": 0.01052, "strain_ue": 10.79, "x_offset_m": -195.0, "y_offset_m": -105.0, "source": "NCB_PFM"}}, {"type": "Feature", "geometry": {"type": "Point", "coordinates": [86.428486, 23.763592]}, "properties": {"subsidence_mm": 3.11, "tilt_deg": 0.01052, "strain_ue": 10.79, "x_offset_m": -195.0, "y_offset_m": -90.0, "source": "NCB_PFM"}}, {"type": "Feature", "geometry": {"type": "Point", "coordinates": [86.428486, 23.763726]}, "properties": {"subsidence_mm": 3.11, "tilt_deg": 0.01052, "strain_ue": 10.79, "x_offset_m": -195.0, "y_offset_m": -75.0, "source": "NCB_PFM"}}, {"type": "Feature", "geometry": {"type": "Point", "coordinates": [86.428486, 23.763861]}, "properties": {"subsidence_mm": 3.11, "tilt_deg": 0.01052, "strain_ue": 10.79, "x_offset_m": -195.0, "y_offset_m": -60.0, "source": "NCB_PFM"}}, {"type": "Feature", "geometry": {"type": "Point", "coordinates": [86.428486, 23.763996]}, "properties": {"subsidence_mm": 3.11, "tilt_deg": 0.01052, "strain_ue": 10.79, "x_offset_m": -195.0, "y_offset_m": -45.0, "source": "NCB_PFM"}}, {"type": "Feature", "geometry": {"type": "Point", "coordinates": [86.428486, 23.764131]}, "properties": {"subsidence_mm": 3.11, "tilt_deg": 0.01052, "strain_ue": 10.79, "x_offset_m": -195.0, "y_offset_m": -30.0, "source": "NCB_PFM"}}, {"type": "Feature", "geometry": {"type": "Point", "coordinates": [86.428486, 23.764265]}, "properties": {"subsidence_mm": 3.11, "tilt_deg": 0.01052, "strain_ue": 10.79, "x_offset_m": -195.0, "y_offset_m": -15.0, "source": "NCB_PFM"}}, {"type": "Feature", "geometry": {"type": "Point", "coordinates": [86.428486, 23.7644]}, "properties": {"subsidence_mm": 3.11, "tilt_deg": 0.01052, "strain_ue": 10.79, "x_offset_m": -195.0, "y_offset_m": 0.0, "source": "NCB_PFM"}}, {"type": "Feature", "geometry": {"type": "Point", "coordinates": [86.428486, 23.764535]}, "properties": {"subsidence_mm": 3.11, "tilt_deg": 0.01052, "strain_ue": 10.79, "x_offset_m": -195.0, "y_offset_m": 15.0, "source": "NCB_PFM"}}, {"type": "Feature", "geometry": {"type": "Point", "coordinates": [86.428486, 23.764669]}, "properties": {"subsidence_mm": 3.11, "tilt_deg": 0.01052, "strain_ue": 10.79, "x_offset_m": -195.0, "y_offset_m": 30.0, "source": "NCB_PFM"}}, {"type": "Feature", "geometry": {"type": "Point", "coordinates": [86.428486, 23.764804]}, "properties": {"subsidence_mm": 3.11, "tilt_deg": 0.01052, "strain_ue": 10.79, "x_offset_m": -195.0, "y_offset_m": 45.0, "source": "NCB_PFM"}}, {"type": "Feature", "geometry": {"type": "Point", "coordinates": [86.428486, 23.764939]}, "properties": {"subsidence_mm": 3.11, "tilt_deg": 0.01052, "strain_ue": 10.79, "x_offset_m": -195.0, "y_offset_m": 60.0, "source": "NCB_PFM"}}, {"type": "Feature", "geometry": {"type": "Point", "coordinates": [86.428486, 23.765074]}, "properties": {"subsidence_mm": 3.11, "tilt_deg": 0.01052, "strain_ue": 10.79, "x_offset_m": -195.0, "y_offset_m": 75.0, "source": "NCB_PFM"}}, {"type": "Feature", "geometry": {"type": "Point", "coordinates": [86.428486, 23.765208]}, "properties": {"subsidence_mm": 3.11, "tilt_deg": 0.01052, "strain_ue": 10.79, "x_offset_m": -195.0, "y_offset_m": 90.0, "source": "NCB_PFM"}}, {"type": "Feature", "geometry": {"type": "Point", "coordinates": [86.428486, 23.765343]}, "properties": {"subsidence_mm": 3.11, "tilt_deg": 0.01052, "strain_ue": 10.79, "x_offset_m": -195.0, "y_offset_m": 105.0, "source": "NCB_PFM"}}, {"type": "Feature", "geometry": {"type": "Point", "coordinates": [86.428486, 23.765478]}, "properties": {"subsidence_mm": 3.11, "tilt_deg": 0.01052, "strain_ue": 10.79, "x_offset_m": -195.0, "y_offset_m": 120.0, "source": "NCB_PFM"}}, {"type": "Feature", "geometry": {"type": "Point", "coordinates": [86.428486, 23.765613]}, "properties": {"subsidence_mm": 3.11, "tilt_deg": 0.01052, "strain_ue": 10.79, "x_offset_m": -195.0, "y_offset_m": 135.0, "source": "NCB_PFM"}}, {"type": "Feature", "geometry": {"type": "Point", "coordinates": [86.428486, 23.765747]}, "properties": {"subsidence_mm": 3.11, "tilt_deg": 0.01052, "strain_ue": 10.79, "x_offset_m": -195.0, "y_offset_m": 150.0, "source": "NCB_PFM"}}, {"type": "Feature", "geometry": {"type": "Point", "coordinates": [86.428486, 23.765882]}, "properties": {"subsidence_mm": 3.11, "tilt_deg": 0.01052, "strain_ue": 10.79, "x_offset_m": -195.0, "y_offset_m": 165.0, "source": "NCB_PFM"}}, {"type": "Feature", "geometry": {"type": "Point", "coordinates": [86.428486, 23.766017]}, "properties": {"subsidence_mm": 3.11, "tilt_deg": 0.01052, "strain_ue": 10.79, "x_offset_m": -195.0, "y_offset_m": 180.0, "source": "NCB_PFM"}}, {"type": "Feature", "geometry": {"type": "Point", "coordinates": [86.428486, 23.766152]}, "properties": {"subsidence_mm": 3.11, "tilt_deg": 0.01052, "strain_ue": 10.79, "x_offset_m": -195.0, "y_offset_m": 195.0, "source": "NCB_PFM"}}, {"type": "Feature", "geometry": {"type": "Point", "coordinates": [86.428486, 23.766286]}, "properties": {"subsidence_mm": 3.11, "tilt_deg": 0.01052, "strain_ue": 10.79, "x_offset_m": -195.0, "y_offset_m": 210.0, "source": "NCB_PFM"}}, {"type": "Feature", "geometry": {"type": "Point", "coordinates": [86.428486, 23.766421]}, "properties": {"subsidence_mm": 3.11, "tilt_deg": 0.01052, "strain_ue": 10.79, "x_offset_m": -195.0, "y_offset_m": 225.0, "source": "NCB_PFM"}}, {"type": "Feature", "geometry": {"type": "Point", "coordinates": [86.428486, 23.766556]}, "properties": {"subsidence_mm": 3.11, "tilt_deg": 0.01052, "strain_ue": 10.79, "x_offset_m": -195.0, "y_offset_m": 240.0, "source": "NCB_PFM"}}, {"type": "Feature", "geometry": {"type": "Point", "coordinates": [86.428486, 23.766691]}, "properties": {"subsidence_mm": 3.11, "tilt_deg": 0.01052, "strain_ue": 10.79, "x_offset_m": -195.0, "y_offset_m": 255.0, "source": "NCB_PFM"}}, {"type": "Feature", "geometry": {"type": "Point", "coordinates": [86.428486, 23.766825]}, "properties": {"subsidence_mm": 3.11, "tilt_deg": 0.01052, "strain_ue": 10.79, "x_offset_m": -195.0, "y_offset_m": 270.0, "source": "NCB_PFM"}}, {"type": "Feature", "geometry": {"type": "Point", "coordinates": [86.428486, 23.76696]}, "properties": {"subsidence_mm": 3.11, "tilt_deg": 0.01052, "strain_ue": 10.79, "x_offset_m": -195.0, "y_offset_m": 285.0, "source": "NCB_PFM"}}, {"type": "Feature", "geometry": {"type": "Point", "coordinates": [86.428486, 23.767095]}, "properties": {"subsidence_mm": 3.11, "tilt_deg": 0.01052, "strain_ue": 10.79, "x_offset_m": -195.0, "y_offset_m": 300.0, "source": "NCB_PFM"}}, {"type": "Feature", "geometry": {"type": "Point", "coordinates": [86.428633, 23.761705]}, "properties": {"subsidence_mm": 6.91, "tilt_deg": 0.02328, "strain_ue": 23.67, "x_offset_m": -180.0, "y_offset_m": -300.0, "source": "NCB_PFM"}}, {"type": "Feature", "geometry": {"type": "Point", "coordinates": [86.428633, 23.76184]}, "properties": {"subsidence_mm": 6.91, "tilt_deg": 0.02328, "strain_ue": 23.67, "x_offset_m": -180.0, "y_offset_m": -285.0, "source": "NCB_PFM"}}, {"type": "Feature", "geometry": {"type": "Point", "coordinates": [86.428633, 23.761975]}, "properties": {"subsidence_mm": 6.91, "tilt_deg": 0.02328, "strain_ue": 23.67, "x_offset_m": -180.0, "y_offset_m": -270.0, "source": "NCB_PFM"}}, {"type": "Feature", "geometry": {"type": "Point", "coordinates": [86.428633, 23.762109]}, "properties": {"subsidence_mm": 6.91, "tilt_deg": 0.02328, "strain_ue": 23.67, "x_offset_m": -180.0, "y_offset_m": -255.0, "source": "NCB_PFM"}}, {"type": "Feature", "geometry": {"type": "Point", "coordinates": [86.428633, 23.762244]}, "properties": {"subsidence_mm": 6.91, "tilt_deg": 0.02328, "strain_ue": 23.67, "x_offset_m": -180.0, "y_offset_m": -240.0, "source": "NCB_PFM"}}, {"type": "Feature", "geometry": {"type": "Point", "coordinates": [86.428633, 23.762379]}, "properties": {"subsidence_mm": 6.91, "tilt_deg": 0.02328, "strain_ue": 23.67, "x_offset_m": -180.0, "y_offset_m": -225.0, "source": "NCB_PFM"}}, {"type": "Feature", "geometry": {"type": "Point", "coordinates": [86.428633, 23.762514]}, "properties": {"subsidence_mm": 6.91, "tilt_deg": 0.02328, "strain_ue": 23.67, "x_offset_m": -180.0, "y_offset_m": -210.0, "source": "NCB_PFM"}}, {"type": "Feature", "geometry": {"type": "Point", "coordinates": [86.428633, 23.762648]}, "properties": {"subsidence_mm": 6.91, "tilt_deg": 0.02328, "strain_ue": 23.67, "x_offset_m": -180.0, "y_offset_m": -195.0, "source": "NCB_PFM"}}, {"type": "Feature", "geometry": {"type": "Point", "coordinates": [86.428633, 23.762783]}, "properties": {"subsidence_mm": 6.91, "tilt_deg": 0.02328, "strain_ue": 23.67, "x_offset_m": -180.0, "y_offset_m": -180.0, "source": "NCB_PFM"}}, {"type": "Feature", "geometry": {"type": "Point", "coordinates": [86.428633, 23.762918]}, "properties": {"subsidence_mm": 6.91, "tilt_deg": 0.02328, "strain_ue": 23.67, "x_offset_m": -180.0, "y_offset_m": -165.0, "source": "NCB_PFM"}}, {"type": "Feature", "geometry": {"type": "Point", "coordinates": [86.428633, 23.763053]}, "properties": {"subsidence_mm": 6.91, "tilt_deg": 0.02328, "strain_ue": 23.67, "x_offset_m": -180.0, "y_offset_m": -150.0, "source": "NCB_PFM"}}, {"type": "Feature", "geometry": {"type": "Point", "coordinates": [86.428633, 23.763187]}, "properties": {"subsidence_mm": 6.91, "tilt_deg": 0.02328, "strain_ue": 23.67, "x_offset_m": -180.0, "y_offset_m": -135.0, "source": "NCB_PFM"}}, {"type": "Feature", "geometry": {"type": "Point", "coordinates": [86.428633, 23.763322]}, "properties": {"subsidence_mm": 6.91, "tilt_deg": 0.02328, "strain_ue": 23.67, "x_offset_m": -180.0, "y_offset_m": -120.0, "source": "NCB_PFM"}}, {"type": "Feature", "geometry": {"type": "Point", "coordinates": [86.428633, 23.763457]}, "properties": {"subsidence_mm": 6.91, "tilt_deg": 0.02328, "strain_ue": 23.67, "x_offset_m": -180.0, "y_offset_m": -105.0, "source": "NCB_PFM"}}, {"type": "Feature", "geometry": {"type": "Point", "coordinates": [86.428633, 23.763592]}, "properties": {"subsidence_mm": 6.91, "tilt_deg": 0.02328, "strain_ue": 23.67, "x_offset_m": -180.0, "y_offset_m": -90.0, "source": "NCB_PFM"}}, {"type": "Feature", "geometry": {"type": "Point", "coordinates": [86.428633, 23.763726]}, "properties": {"subsidence_mm": 6.91, "tilt_deg": 0.02328, "strain_ue": 23.67, "x_offset_m": -180.0, "y_offset_m": -75.0, "source": "NCB_PFM"}}, {"type": "Feature", "geometry": {"type": "Point", "coordinates": [86.428633, 23.763861]}, "properties": {"subsidence_mm": 6.91, "tilt_deg": 0.02328, "strain_ue": 23.67, "x_offset_m": -180.0, "y_offset_m": -60.0, "source": "NCB_PFM"}}, {"type": "Feature", "geometry": {"type": "Point", "coordinates": [86.428633, 23.763996]}, "properties": {"subsidence_mm": 6.91, "tilt_deg": 0.02328, "strain_ue": 23.67, "x_offset_m": -180.0, "y_offset_m": -45.0, "source": "NCB_PFM"}}, {"type": "Feature", "geometry": {"type": "Point", "coordinates": [86.428633, 23.764131]}, "properties": {"subsidence_mm": 6.91, "tilt_deg": 0.02328, "strain_ue": 23.67, "x_offset_m": -180.0, "y_offset_m": -30.0, "source": "NCB_PFM"}}, {"type": "Feature", "geometry": {"type": "Point", "coordinates": [86.428633, 23.764265]}, "properties": {"subsidence_mm": 6.91, "tilt_deg": 0.02328, "strain_ue": 23.67, "x_offset_m": -180.0, "y_offset_m": -15.0, "source": "NCB_PFM"}}, {"type": "Feature", "geometry": {"type": "Point", "coordinates": [86.428633, 23.7644]}, "properties": {"subsidence_mm": 6.91, "tilt_deg": 0.02328, "strain_ue": 23.67, "x_offset_m": -180.0, "y_offset_m": 0.0, "source": "NCB_PFM"}}, {"type": "Feature", "geometry": {"type": "Point", "coordinates": [86.428633, 23.764535]}, "properties": {"subsidence_mm": 6.91, "tilt_deg": 0.02328, "strain_ue": 23.67, "x_offset_m": -180.0, "y_offset_m": 15.0, "source": "NCB_PFM"}}, {"type": "Feature", "geometry": {"type": "Point", "coordinates": [86.428633, 23.764669]}, "properties": {"subsidence_mm": 6.91, "tilt_deg": 0.02328, "strain_ue": 23.67, "x_offset_m": -180.0, "y_offset_m": 30.0, "source": "NCB_PFM"}}, {"type": "Feature", "geometry": {"type": "Point", "coordinates": [86.428633, 23.764804]}, "properties": {"subsidence_mm": 6.91, "tilt_deg": 0.02328, "strain_ue": 23.67, "x_offset_m": -180.0, "y_offset_m": 45.0, "source": "NCB_PFM"}}, {"type": "Feature", "geometry": {"type": "Point", "coordinates": [86.428633, 23.764939]}, "properties": {"subsidence_mm": 6.91, "tilt_deg": 0.02328, "strain_ue": 23.67, "x_offset_m": -180.0, "y_offset_m": 60.0, "source": "NCB_PFM"}}, {"type": "Feature", "geometry": {"type": "Point", "coordinates": [86.428633, 23.765074]}, "properties": {"subsidence_mm": 6.91, "tilt_deg": 0.02328, "strain_ue": 23.67, "x_offset_m": -180.0, "y_offset_m": 75.0, "source": "NCB_PFM"}}, {"type": "Feature", "geometry": {"type": "Point", "coordinates": [86.428633, 23.765208]}, "properties": {"subsidence_mm": 6.91, "tilt_deg": 0.02328, "strain_ue": 23.67, "x_offset_m": -180.0, "y_offset_m": 90.0, "source": "NCB_PFM"}}, {"type": "Feature", "geometry": {"type": "Point", "coordinates": [86.428633, 23.765343]}, "properties": {"subsidence_mm": 6.91, "tilt_deg": 0.02328, "strain_ue": 23.67, "x_offset_m": -180.0, "y_offset_m": 105.0, "source": "NCB_PFM"}}, {"type": "Feature", "geometry": {"type": "Point", "coordinates": [86.428633, 23.765478]}, "properties": {"subsidence_mm": 6.91, "tilt_deg": 0.02328, "strain_ue": 23.67, "x_offset_m": -180.0, "y_offset_m": 120.0, "source": "NCB_PFM"}}, {"type": "Feature", "geometry": {"type": "Point", "coordinates": [86.428633, 23.765613]}, "properties": {"subsidence_mm": 6.91, "tilt_deg": 0.02328, "strain_ue": 23.67, "x_offset_m": -180.0, "y_offset_m": 135.0, "source": "NCB_PFM"}}, {"type": "Feature", "geometry": {"type": "Point", "coordinates": [86.428633, 23.765747]}, "properties": {"subsidence_mm": 6.91, "tilt_deg": 0.02328, "strain_ue": 23.67, "x_offset_m": -180.0, "y_offset_m": 150.0, "source": "NCB_PFM"}}, {"type": "Feature", "geometry": {"type": "Point", "coordinates": [86.428633, 23.765882]}, "properties": {"subsidence_mm": 6.91, "tilt_deg": 0.02328, "strain_ue": 23.67, "x_offset_m": -180.0, "y_offset_m": 165.0, "source": "NCB_PFM"}}, {"type": "Feature", "geometry": {"type": "Point", "coordinates": [86.428633, 23.766017]}, "properties": {"subsidence_mm": 6.91, "tilt_deg": 0.02328, "strain_ue": 23.67, "x_offset_m": -180.0, "y_offset_m": 180.0, "source": "NCB_PFM"}}, {"type": "Feature", "geometry": {"type": "Point", "coordinates": [86.428633, 23.766152]}, "properties": {"subsidence_mm": 6.91, "tilt_deg": 0.02328, "strain_ue": 23.67, "x_offset_m": -180.0, "y_offset_m": 195.0, "source": "NCB_PFM"}}, {"type": "Feature", "geometry": {"type": "Point", "coordinates": [86.428633, 23.766286]}, "properties": {"subsidence_mm": 6.91, "tilt_deg": 0.02328, "strain_ue": 23.67, "x_offset_m": -180.0, "y_offset_m": 210.0, "source": "NCB_PFM"}}, {"type": "Feature", "geometry": {"type": "Point", "coordinates": [86.428633, 23.766421]}, "properties": {"subsidence_mm": 6.91, "tilt_deg": 0.02328, "strain_ue": 23.67, "x_offset_m": -180.0, "y_offset_m": 225.0, "source": "NCB_PFM"}}, {"type": "Feature", "geometry": {"type": "Point", "coordinates": [86.428633, 23.766556]}, "properties": {"subsidence_mm": 6.91, "tilt_deg": 0.02328, "strain_ue": 23.67, "x_offset_m": -180.0, "y_offset_m": 240.0, "source": "NCB_PFM"}}, {"type": "Feature", "geometry": {"type": "Point", "coordinates": [86.428633, 23.766691]}, "properties": {"subsidence_mm": 6.91, "tilt_deg": 0.02328, "strain_ue": 23.67, "x_offset_m": -180.0, "y_offset_m": 255.0, "source": "NCB_PFM"}}, {"type": "Feature", "geometry": {"type": "Point", "coordinates": [86.428633, 23.766825]}, "properties": {"subsidence_mm": 6.91, "tilt_deg": 0.02328, "strain_ue": 23.67, "x_offset_m": -180.0, "y_offset_m": 270.0, "source": "NCB_PFM"}}, {"type": "Feature", "geometry": {"type": "Point", "coordinates": [86.428633, 23.76696]}, "properties": {"subsidence_mm": 6.91, "tilt_deg": 0.02328, "strain_ue": 23.67, "x_offset_m": -180.0, "y_offset_m": 285.0, "source": "NCB_PFM"}}, {"type": "Feature", "geometry": {"type": "Point", "coordinates": [86.428633, 23.767095]}, "properties": {"subsidence_mm": 6.91, "tilt_deg": 0.02328, "strain_ue": 23.67, "x_offset_m": -180.0, "y_offset_m": 300.0, "source": "NCB_PFM"}}, {"type": "Feature", "geometry": {"type": "Point", "coordinates": [86.42878, 23.761705]}, "properties": {"subsidence_mm": 15.3, "tilt_deg": 0.0512, "strain_ue": 51.02, "x_offset_m": -165.0, "y_offset_m": -300.0, "source": "NCB_PFM"}}, {"type": "Feature", "geometry": {"type": "Point", "coordinates": [86.42878, 23.76184]}, "properties": {"subsidence_mm": 15.3, "tilt_deg": 0.0512, "strain_ue": 51.02, "x_offset_m": -165.0, "y_offset_m": -285.0, "source": "NCB_PFM"}}, {"type": "Feature", "geometry": {"type": "Point", "coordinates": [86.42878, 23.761975]}, "properties": {"subsidence_mm": 15.3, "tilt_deg": 0.0512, "strain_ue": 51.02, "x_offset_m": -165.0, "y_offset_m": -270.0, "source": "NCB_PFM"}}, {"type": "Feature", "geometry": {"type": "Point", "coordinates": [86.42878, 23.762109]}, "properties": {"subsidence_mm": 15.3, "tilt_deg": 0.0512, "strain_ue": 51.02, "x_offset_m": -165.0, "y_offset_m": -255.0, "source": "NCB_PFM"}}, {"type": "Feature", "geometry": {"type": "Point", "coordinates": [86.42878, 23.762244]}, "properties": {"subsidence_mm": 15.3, "tilt_deg": 0.0512, "strain_ue": 51.02, "x_offset_m": -165.0, "y_offset_m": -240.0, "source": "NCB_PFM"}}, {"type": "Feature", "geometry": {"type": "Point", "coordinates": [86.42878, 23.762379]}, "properties": {"subsidence_mm": 15.3, "tilt_deg": 0.0512, "strain_ue": 51.02, "x_offset_m": -165.0, "y_offset_m": -225.0, "source": "NCB_PFM"}}, {"type": "Feature", "geometry": {"type": "Point", "coordinates": [86.42878, 23.762514]}, "properties": {"subsidence_mm": 15.3, "tilt_deg": 0.0512, "strain_ue": 51.02, "x_offset_m": -165.0, "y_offset_m": -210.0, "source": "NCB_PFM"}}, {"type": "Feature", "geometry": {"type": "Point", "coordinates": [86.42878, 23.762648]}, "properties": {"subsidence_mm": 15.3, "tilt_deg": 0.0512, "strain_ue": 51.02, "x_offset_m": -165.0, "y_offset_m": -195.0, "source": "NCB_PFM"}}, {"type": "Feature", "geometry": {"type": "Point", "coordinates": [86.42878, 23.762783]}, "properties": {"subsidence_mm": 15.3, "tilt_deg": 0.0512, "strain_ue": 51.02, "x_offset_m": -165.0, "y_offset_m": -180.0, "source": "NCB_PFM"}}, {"type": "Feature", "geometry": {"type": "Point", "coordinates": [86.42878, 23.762918]}, "properties": {"subsidence_mm": 15.3, "tilt_deg": 0.0512, "strain_ue": 51.02, "x_offset_m": -165.0, "y_offset_m": -165.0, "source": "NCB_PFM"}}, {"type": "Feature", "geometry": {"type": "Point", "coordinates": [86.42878, 23.763053]}, "properties": {"subsidence_mm": 15.3, "tilt_deg": 0.0512, "strain_ue": 51.02, "x_offset_m": -165.0, "y_offset_m": -150.0, "source": "NCB_PFM"}}, {"type": "Feature", "geometry": {"type": "Point", "coordinates": [86.42878, 23.763187]}, "properties": {"subsidence_mm": 15.3, "tilt_deg": 0.0512, "strain_ue": 51.02, "x_offset_m": -165.0, "y_offset_m": -135.0, "source": "NCB_PFM"}}, {"type": "Feature", "geometry": {"type": "Point", "coordinates": [86.42878, 23.763322]}, "properties": {"subsidence_mm": 15.3, "tilt_deg": 0.0512, "strain_ue": 51.02, "x_offset_m": -165.0, "y_offset_m": -120.0, "source": "NCB_PFM"}}, {"type": "Feature", "geometry": {"type": "Point", "coordinates": [86.42878, 23.763457]}, "properties": {"subsidence_mm": 15.3, "tilt_deg": 0.0512, "strain_ue": 51.02, "x_offset_m": -165.0, "y_offset_m": -105.0, "source": "NCB_PFM"}}, {"type": "Feature", "geometry": {"type": "Point", "coordinates": [86.42878, 23.763592]}, "properties": {"subsidence_mm": 15.3, "tilt_deg": 0.0512, "strain_ue": 51.02, "x_offset_m": -165.0, "y_offset_m": -90.0, "source": "NCB_PFM"}}, {"type": "Feature", "geometry": {"type": "Point", "coordinates": [86.42878, 23.763726]}, "properties": {"subsidence_mm": 15.3, "tilt_deg": 0.0512, "strain_ue": 51.02, "x_offset_m": -165.0, "y_offset_m": -75.0, "source": "NCB_PFM"}}, {"type": "Feature", "geometry": {"type": "Point", "coordinates": [86.42878, 23.763861]}, "properties": {"subsidence_mm": 15.3, "tilt_deg": 0.0512, "strain_ue": 51.02, "x_offset_m": -165.0, "y_offset_m": -60.0, "source": "NCB_PFM"}}, {"type": "Feature", "geometry": {"type": "Point", "coordinates": [86.42878, 23.763996]}, "properties": {"subsidence_mm": 15.3, "tilt_deg": 0.0512, "strain_ue": 51.02, "x_offset_m": -165.0, "y_offset_m": -45.0, "source": "NCB_PFM"}}, {"type": "Feature", "geometry": {"type": "Point", "coordinates": [86.42878, 23.764131]}, "properties": {"subsidence_mm": 15.3, "tilt_deg": 0.0512, "strain_ue": 51.02, "x_offset_m": -165.0, "y_offset_m": -30.0, "source": "NCB_PFM"}}, {"type": "Feature", "geometry": {"type": "Point", "coordinates": [86.42878, 23.764265]}, "properties": {"subsidence_mm": 15.3, "tilt_deg": 0.0512, "strain_ue": 51.02, "x_offset_m": -165.0, "y_offset_m": -15.0, "source": "NCB_PFM"}}, {"type": "Feature", "geometry": {"type": "Point", "coordinates": [86.42878, 23.7644]}, "properties": {"subsidence_mm": 15.3, "tilt_deg": 0.0512, "strain_ue": 51.02, "x_offset_m": -165.0, "y_offset_m": 0.0, "source": "NCB_PFM"}}, {"type": "Feature", "geometry": {"type": "Point", "coordinates": [86.42878, 23.764535]}, "properties": {"subsidence_mm": 15.3, "tilt_deg": 0.0512, "strain_ue": 51.02, "x_offset_m": -165.0, "y_offset_m": 15.0, "source": "NCB_PFM"}}, {"type": "Feature", "geometry": {"type": "Point", "coordinates": [86.42878, 23.764669]}, "properties": {"subsidence_mm": 15.3, "tilt_deg": 0.0512, "strain_ue": 51.02, "x_offset_m": -165.0, "y_offset_m": 30.0, "source": "NCB_PFM"}}, {"type": "Feature", "geometry": {"type": "Point", "coordinates": [86.42878, 23.764804]}, "properties": {"subsidence_mm": 15.3, "tilt_deg": 0.0512, "strain_ue": 51.02, "x_offset_m": -165.0, "y_offset_m": 45.0, "source": "NCB_PFM"}}, {"type": "Feature", "geometry": {"type": "Point", "coordinates": [86.42878, 23.764939]}, "properties": {"subsidence_mm": 15.3, "tilt_deg": 0.0512, "strain_ue": 51.02, "x_offset_m": -165.0, "y_offset_m": 60.0, "source": "NCB_PFM"}}, {"type": "Feature", "geometry": {"type": "Point", "coordinates": [86.42878, 23.765074]}, "properties": {"subsidence_mm": 15.3, "tilt_deg": 0.0512, "strain_ue": 51.02, "x_offset_m": -165.0, "y_offset_m": 75.0, "source": "NCB_PFM"}}, {"type": "Feature", "geometry": {"type": "Point", "coordinates": [86.42878, 23.765208]}, "properties": {"subsidence_mm": 15.3, "tilt_deg": 0.0512, "strain_ue": 51.02, "x_offset_m": -165.0, "y_offset_m": 90.0, "source": "NCB_PFM"}}, {"type": "Feature", "geometry": {"type": "Point", "coordinates": [86.42878, 23.765343]}, "properties": {"subsidence_mm": 15.3, "tilt_deg": 0.0512, "strain_ue": 51.02, "x_offset_m": -165.0, "y_offset_m": 105.0, "source": "NCB_PFM"}}, {"type": "Feature", "geometry": {"type": "Point", "coordinates": [86.42878, 23.765478]}, "properties": {"subsidence_mm": 15.3, "tilt_deg": 0.0512, "strain_ue": 51.02, "x_offset_m": -165.0, "y_offset_m": 120.0, "source": "NCB_PFM"}}, {"type": "Feature", "geometry": {"type": "Point", "coordinates": [86.42878, 23.765613]}, "properties": {"subsidence_mm": 15.3, "tilt_deg": 0.0512, "strain_ue": 51.02, "x_offset_m": -165.0, "y_offset_m": 135.0, "source": "NCB_PFM"}}, {"type": "Feature", "geometry": {"type": "Point", "coordinates": [86.42878, 23.765747]}, "properties": {"subsidence_mm": 15.3, "tilt_deg": 0.0512, "strain_ue": 51.02, "x_offset_m": -165.0, "y_offset_m": 150.0, "source": "NCB_PFM"}}, {"type": "Feature", "geometry": {"type": "Point", "coordinates": [86.42878, 23.765882]}, "properties": {"subsidence_mm": 15.3, "tilt_deg": 0.0512, "strain_ue": 51.02, "x_offset_m": -165.0, "y_offset_m": 165.0, "source": "NCB_PFM"}}, {"type": "Feature", "geometry": {"type": "Point", "coordinates": [86.42878, 23.766017]}, "properties": {"subsidence_mm": 15.3, "tilt_deg": 0.0512, "strain_ue": 51.02, "x_offset_m": -165.0, "y_offset_m": 180.0, "source": "NCB_PFM"}}, {"type": "Feature", "geometry": {"type": "Point", "coordinates": [86.42878, 23.766152]}, "properties": {"subsidence_mm": 15.3, "tilt_deg": 0.0512, "strain_ue": 51.02, "x_offset_m": -165.0, "y_offset_m": 195.0, "source": "NCB_PFM"}}, {"type": "Feature", "geometry": {"type": "Point", "coordinates": [86.42878, 23.766286]}, "properties": {"subsidence_mm": 15.3, "tilt_deg": 0.0512, "strain_ue": 51.02, "x_offset_m": -165.0, "y_offset_m": 210.0, "source": "NCB_PFM"}}, {"type": "Feature", "geometry": {"type": "Point", "coordinates": [86.42878, 23.766421]}, "properties": {"subsidence_mm": 15.3, "tilt_deg": 0.0512, "strain_ue": 51.02, "x_offset_m": -165.0, "y_offset_m": 225.0, "source": "NCB_PFM"}}, {"type": "Feature", "geometry": {"type": "Point", "coordinates": [86.42878, 23.766556]}, "properties": {"subsidence_mm": 15.3, "tilt_deg": 0.0512, "strain_ue": 51.02, "x_offset_m": -165.0, "y_offset_m": 240.0, "source": "NCB_PFM"}}, {"type": "Feature", "geometry": {"type": "Point", "coordinates": [86.42878, 23.766691]}, "properties": {"subsidence_mm": 15.3, "tilt_deg": 0.0512, "strain_ue": 51.02, "x_offset_m": -165.0, "y_offset_m": 255.0, "source": "NCB_PFM"}}, {"type": "Feature", "geometry": {"type": "Point", "coordinates": [86.42878, 23.766825]}, "properties": {"subsidence_mm": 15.3, "tilt_deg": 0.0512, "strain_ue": 51.02, "x_offset_m": -165.0, "y_offset_m": 270.0, "source": "NCB_PFM"}}, {"type": "Feature", "geometry": {"type": "Point", "coordinates": [86.42878, 23.76696]}, "properties": {"subsidence_mm": 15.3, "tilt_deg": 0.0512, "strain_ue": 51.02, "x_offset_m": -165.0, "y_offset_m": 285.0, "source": "NCB_PFM"}}, {"type": "Feature", "geometry": {"type": "Point", "coordinates": [86.42878, 23.767095]}, "properties": {"subsidence_mm": 15.3, "tilt_deg": 0.0512, "strain_ue": 51.02, "x_offset_m": -165.0, "y_offset_m": 300.0, "source": "NCB_PFM"}}, {"type": "Feature", "geometry": {"type": "Point", "coordinates": [86.428928, 23.761705]}, "properties": {"subsidence_mm": 33.71, "tilt_deg": 0.11098, "strain_ue": 105.97, "x_offset_m": -150.0, "y_offset_m": -300.0, "source": "NCB_PFM"}}, {"type": "Feature", "geometry": {"type": "Point", "coordinates": [86.428928, 23.76184]}, "properties": {"subsidence_mm": 33.71, "tilt_deg": 0.11098, "strain_ue": 105.97, "x_offset_m": -150.0, "y_offset_m": -285.0, "source": "NCB_PFM"}}, {"type": "Feature", "geometry": {"type": "Point", "coordinates": [86.428928, 23.761975]}, "properties": {"subsidence_mm": 33.71, "tilt_deg": 0.11098, "strain_ue": 105.97, "x_offset_m": -150.0, "y_offset_m": -270.0, "source": "NCB_PFM"}}, {"type": "Feature", "geometry": {"type": "Point", "coordinates": [86.428928, 23.762109]}, "properties": {"subsidence_mm": 33.71, "tilt_deg": 0.11098, "strain_ue": 105.97, "x_offset_m": -150.0, "y_offset_m": -255.0, "source": "NCB_PFM"}}, {"type": "Feature", "geometry": {"type": "Point", "coordinates": [86.428928, 23.762244]}, "properties": {"subsidence_mm": 33.71, "tilt_deg": 0.11098, "strain_ue": 105.97, "x_offset_m": -150.0, "y_offset_m": -240.0, "source": "NCB_PFM"}}, {"type": "Feature", "geometry": {"type": "Point", "coordinates": [86.428928, 23.762379]}, "properties": {"subsidence_mm": 33.71, "tilt_deg": 0.11098, "strain_ue": 105.97, "x_offset_m": -150.0, "y_offset_m": -225.0, "source": "NCB_PFM"}}, {"type": "Feature", "geometry": {"type": "Point", "coordinates": [86.428928, 23.762514]}, "properties": {"subsidence_mm": 33.71, "tilt_deg": 0.11098, "strain_ue": 105.97, "x_offset_m": -150.0, "y_offset_m": -210.0, "source": "NCB_PFM"}}, {"type": "Feature", "geometry": {"type": "Point", "coordinates": [86.428928, 23.762648]}, "properties": {"subsidence_mm": 33.71, "tilt_deg": 0.11098, "strain_ue": 105.97, "x_offset_m": -150.0, "y_offset_m": -195.0, "source": "NCB_PFM"}}, {"type": "Feature", "geometry": {"type": "Point", "coordinates": [86.428928, 23.762783]}, "properties": {"subsidence_mm": 33.71, "tilt_deg": 0.11098, "strain_ue": 105.97, "x_offset_m": -150.0, "y_offset_m": -180.0, "source": "NCB_PFM"}}, {"type": "Feature", "geometry": {"type": "Point", "coordinates": [86.428928, 23.762918]}, "properties": {"subsidence_mm": 33.71, "tilt_deg": 0.11098, "strain_ue": 105.97, "x_offset_m": -150.0, "y_offset_m": -165.0, "source": "NCB_PFM"}}, {"type": "Feature", "geometry": {"type": "Point", "coordinates": [86.428928, 23.763053]}, "properties": {"subsidence_mm": 33.71, "tilt_deg": 0.11098, "strain_ue": 105.97, "x_offset_m": -150.0, "y_offset_m": -150.0, "source": "NCB_PFM"}}, {"type": "Feature", "geometry": {"type": "Point", "coordinates": [86.428928, 23.763187]}, "properties": {"subsidence_mm": 33.71, "tilt_deg": 0.11098, "strain_ue": 105.97, "x_offset_m": -150.0, "y_offset_m": -135.0, "source": "NCB_PFM"}}, {"type": "Feature", "geometry": {"type": "Point", "coordinates": [86.428928, 23.763322]}, "properties": {"subsidence_mm": 33.71, "tilt_deg": 0.11098, "strain_ue": 105.97, "x_offset_m": -150.0, "y_offset_m": -120.0, "source": "NCB_PFM"}}, {"type": "Feature", "geometry": {"type": "Point", "coordinates": [86.428928, 23.763457]}, "properties": {"subsidence_mm": 33.71, "tilt_deg": 0.11098, "strain_ue": 105.97, "x_offset_m": -150.0, "y_offset_m": -105.0, "source": "NCB_PFM"}}, {"type": "Feature", "geometry": {"type": "Point", "coordinates": [86.428928, 23.763592]}, "properties": {"subsidence_mm": 33.71, "tilt_deg": 0.11098, "strain_ue": 105.97, "x_offset_m": -150.0, "y_offset_m": -90.0, "source": "NCB_PFM"}}, {"type": "Feature", "geometry": {"type": "Point", "coordinates": [86.428928, 23.763726]}, "properties": {"subsidence_mm": 33.71, "tilt_deg": 0.11098, "strain_ue": 105.97, "x_offset_m": -150.0, "y_offset_m": -75.0, "source": "NCB_PFM"}}, {"type": "Feature", "geometry": {"type": "Point", "coordinates": [86.428928, 23.763861]}, "properties": {"subsidence_mm": 33.71, "tilt_deg": 0.11098, "strain_ue": 105.97, "x_offset_m": -150.0, "y_offset_m": -60.0, "source": "NCB_PFM"}}, {"type": "Feature", "geometry": {"type": "Point", "coordinates": [86.428928, 23.763996]}, "properties": {"subsidence_mm": 33.71, "tilt_deg": 0.11098, "strain_ue": 105.97, "x_offset_m": -150.0, "y_offset_m": -45.0, "source": "NCB_PFM"}}, {"type": "Feature", "geometry": {"type": "Point", "coordinates": [86.428928, 23.764131]}, "properties": {"subsidence_mm": 33.71, "tilt_deg": 0.11098, "strain_ue": 105.97, "x_offset_m": -150.0, "y_offset_m": -30.0, "source": "NCB_PFM"}}, {"type": "Feature", "geometry": {"type": "Point", "coordinates": [86.428928, 23.764265]}, "properties": {"subsidence_mm": 33.71, "tilt_deg": 0.11098, "strain_ue": 105.97, "x_offset_m": -150.0, "y_offset_m": -15.0, "source": "NCB_PFM"}}, {"type": "Feature", "geometry": {"type": "Point", "coordinates": [86.428928, 23.7644]}, "properties": {"subsidence_mm": 33.71, "tilt_deg": 0.11098, "strain_ue": 105.97, "x_offset_m": -150.0, "y_offset_m": 0.0, "source": "NCB_PFM"}}, {"type": "Feature", "geometry": {"type": "Point", "coordinates": [86.428928, 23.764535]}, "properties": {"subsidence_mm": 33.71, "tilt_deg": 0.11098, "strain_ue": 105.97, "x_offset_m": -150.0, "y_offset_m": 15.0, "source": "NCB_PFM"}}, {"type": "Feature", "geometry": {"type": "Point", "coordinates": [86.428928, 23.764669]}, "properties": {"subsidence_mm": 33.71, "tilt_deg": 0.11098, "strain_ue": 105.97, "x_offset_m": -150.0, "y_offset_m": 30.0, "source": "NCB_PFM"}}, {"type": "Feature", "geometry": {"type": "Point", "coordinates": [86.428928, 23.764804]}, "properties": {"subsidence_mm": 33.71, "tilt_deg": 0.11098, "strain_ue": 105.97, "x_offset_m": -150.0, "y_offset_m": 45.0, "source": "NCB_PFM"}}, {"type": "Feature", "geometry": {"type": "Point", "coordinates": [86.428928, 23.764939]}, "properties": {"subsidence_mm": 33.71, "tilt_deg": 0.11098, "strain_ue": 105.97, "x_offset_m": -150.0, "y_offset_m": 60.0, "source": "NCB_PFM"}}, {"type": "Feature", "geometry": {"type": "Point", "coordinates": [86.428928, 23.765074]}, "properties": {"subsidence_mm": 33.71, "tilt_deg": 0.11098, "strain_ue": 105.97, "x_offset_m": -150.0, "y_offset_m": 75.0, "source": "NCB_PFM"}}, {"type": "Feature", "geometry": {"type": "Point", "coordinates": [86.428928, 23.765208]}, "properties": {"subsidence_mm": 33.71, "tilt_deg": 0.11098, "strain_ue": 105.97, "x_offset_m": -150.0, "y_offset_m": 90.0, "source": "NCB_PFM"}}, {"type": "Feature", "geometry": {"type": "Point", "coordinates": [86.428928, 23.765343]}, "properties": {"subsidence_mm": 33.71, "tilt_deg": 0.11098, "strain_ue": 105.97, "x_offset_m": -150.0, "y_offset_m": 105.0, "source": "NCB_PFM"}}, {"type": "Feature", "geometry": {"type": "Point", "coordinates": [86.428928, 23.765478]}, "properties": {"subsidence_mm": 33.71, "tilt_deg": 0.11098, "strain_ue": 105.97, "x_offset_m": -150.0, "y_offset_m": 120.0, "source": "NCB_PFM"}}, {"type": "Feature", "geometry": {"type": "Point", "coordinates": [86.428928, 23.765613]}, "properties": {"subsidence_mm": 33.71, "tilt_deg": 0.11098, "strain_ue": 105.97, "x_offset_m": -150.0, "y_offset_m": 135.0, "source": "NCB_PFM"}}, {"type": "Feature", "geometry": {"type": "Point", "coordinates": [86.428928, 23.765747]}, "properties": {"subsidence_mm": 33.71, "tilt_deg": 0.11098, "strain_ue": 105.97, "x_offset_m": -150.0, "y_offset_m": 150.0, "source": "NCB_PFM"}}, {"type": "Feature", "geometry": {"type": "Point", "coordinates": [86.428928, 23.765882]}, "properties": {"subsidence_mm": 33.71, "tilt_deg": 0.11098, "strain_ue": 105.97, "x_offset_m": -150.0, "y_offset_m": 165.0, "source": "NCB_PFM"}}, {"type": "Feature", "geometry": {"type": "Point", "coordinates": [86.428928, 23.766017]}, "properties": {"subsidence_mm": 33.71, "tilt_deg": 0.11098, "strain_ue": 105.97, "x_offset_m": -150.0, "y_offset_m": 180.0, "source": "NCB_PFM"}}, {"type": "Feature", "geometry": {"type": "Point", "coordinates": [86.428928, 23.766152]}, "properties": {"subsidence_mm": 33.71, "tilt_deg": 0.11098, "strain_ue": 105.97, "x_offset_m": -150.0, "y_offset_m": 195.0, "source": "NCB_PFM"}}, {"type": "Feature", "geometry": {"type": "Point", "coordinates": [86.428928, 23.766286]}, "properties": {"subsidence_mm": 33.71, "tilt_deg": 0.11098, "strain_ue": 105.97, "x_offset_m": -150.0, "y_offset_m": 210.0, "source": "NCB_PFM"}}, {"type": "Feature", "geometry": {"type": "Point", "coordinates": [86.428928, 23.766421]}, "properties": {"subsidence_mm": 33.71, "tilt_deg": 0.11098, "strain_ue": 105.97, "x_offset_m": -150.0, "y_offset_m": 225.0, "source": "NCB_PFM"}}, {"type": "Feature", "geometry": {"type": "Point", "coordinates": [86.428928, 23.766556]}, "properties": {"subsidence_mm": 33.71, "tilt_deg": 0.11098, "strain_ue": 105.97, "x_offset_m": -150.0, "y_offset_m": 240.0, "source": "NCB_PFM"}}, {"type": "Feature", "geometry": {"type": "Point", "coordinates": [86.428928, 23.766691]}, "properties": {"subsidence_mm": 33.71, "tilt_deg": 0.11098, "strain_ue": 105.97, "x_offset_m": -150.0, "y_offset_m": 255.0, "source": "NCB_PFM"}}, {"type": "Feature", "geometry": {"type": "Point", "coordinates": [86.428928, 23.766825]}, "properties": {"subsidence_mm": 33.71, "tilt_deg": 0.11098, "strain_ue": 105.97, "x_offset_m": -150.0, "y_offset_m": 270.0, "source": "NCB_PFM"}}, {"type": "Feature", "geometry": {"type": "Point", "coordinates": [86.428928, 23.76696]}, "properties": {"subsidence_mm": 33.71, "tilt_deg": 0.11098, "strain_ue": 105.97, "x_offset_m": -150.0, "y_offset_m": 285.0, "source": "NCB_PFM"}}, {"type": "Feature", "geometry": {"type": "Point", "coordinates": [86.428928, 23.767095]}, "properties": {"subsidence_mm": 33.71, "tilt_deg": 0.11098, "strain_ue": 105.97, "x_offset_m": -150.0, "y_offset_m": 300.0, "source": "NCB_PFM"}}, {"type": "Feature", "geometry": {"type": "Point", "coordinates": [86.429075, 23.761705]}, "properties": {"subsidence_mm": 73.41, "tilt_deg": 0.23334, "strain_ue": 203.69, "x_offset_m": -135.0, "y_offset_m": -300.0, "source": "NCB_PFM"}}, {"type": "Feature", "geometry": {"type": "Point", "coordinates": [86.429075, 23.76184]}, "properties": {"subsidence_mm": 73.41, "tilt_deg": 0.23334, "strain_ue": 203.69, "x_offset_m": -135.0, "y_offset_m": -285.0, "source": "NCB_PFM"}}, {"type": "Feature", "geometry": {"type": "Point", "coordinates": [86.429075, 23.761975]}, "properties": {"subsidence_mm": 73.41, "tilt_deg": 0.23334, "strain_ue": 203.69, "x_offset_m": -135.0, "y_offset_m": -270.0, "source": "NCB_PFM"}}, {"type": "Feature", "geometry": {"type": "Point", "coordinates": [86.429075, 23.762109]}, "properties": {"subsidence_mm": 73.41, "tilt_deg": 0.23334, "strain_ue": 203.69, "x_offset_m": -135.0, "y_offset_m": -255.0, "source": "NCB_PFM"}}, {"type": "Feature", "geometry": {"type": "Point", "coordinates": [86.429075, 23.762244]}, "properties": {"subsidence_mm": 73.41, "tilt_deg": 0.23334, "strain_ue": 203.69, "x_offset_m": -135.0, "y_offset_m": -240.0, "source": "NCB_PFM"}}, {"type": "Feature", "geometry": {"type": "Point", "coordinates": [86.429075, 23.762379]}, "properties": {"subsidence_mm": 73.41, "tilt_deg": 0.23334, "strain_ue": 203.69, "x_offset_m": -135.0, "y_offset_m": -225.0, "source": "NCB_PFM"}}, {"type": "Feature", "geometry": {"type": "Point", "coordinates": [86.429075, 23.762514]}, "properties": {"subsidence_mm": 73.41, "tilt_deg": 0.23334, "strain_ue": 203.69, "x_offset_m": -135.0, "y_offset_m": -210.0, "source": "NCB_PFM"}}, {"type": "Feature", "geometry": {"type": "Point", "coordinates": [86.429075, 23.762648]}, "properties": {"subsidence_mm": 73.41, "tilt_deg": 0.23334, "strain_ue": 203.69, "x_offset_m": -135.0, "y_offset_m": -195.0, "source": "NCB_PFM"}}, {"type": "Feature", "geometry": {"type": "Point", "coordinates": [86.429075, 23.762783]}, "properties": {"subsidence_mm": 73.41, "tilt_deg": 0.23334, "strain_ue": 203.69, "x_offset_m": -135.0, "y_offset_m": -180.0, "source": "NCB_PFM"}}, {"type": "Feature", "geometry": {"type": "Point", "coordinates": [86.429075, 23.762918]}, "properties": {"subsidence_mm": 73.41, "tilt_deg": 0.23334, "strain_ue": 203.69, "x_offset_m": -135.0, "y_offset_m": -165.0, "source": "NCB_PFM"}}, {"type": "Feature", "geometry": {"type": "Point", "coordinates": [86.429075, 23.763053]}, "properties": {"subsidence_mm": 73.41, "tilt_deg": 0.23334, "strain_ue": 203.69, "x_offset_m": -135.0, "y_offset_m": -150.0, "source": "NCB_PFM"}}, {"type": "Feature", "geometry": {"type": "Point", "coordinates": [86.429075, 23.763187]}, "properties": {"subsidence_mm": 73.41, "tilt_deg": 0.23334, "strain_ue": 203.69, "x_offset_m": -135.0, "y_offset_m": -135.0, "source": "NCB_PFM"}}, {"type": "Feature", "geometry": {"type": "Point", "coordinates": [86.429075, 23.763322]}, "properties": {"subsidence_mm": 73.41, "tilt_deg": 0.23334, "strain_ue": 203.69, "x_offset_m": -135.0, "y_offset_m": -120.0, "source": "NCB_PFM"}}, {"type": "Feature", "geometry": {"type": "Point", "coordinates": [86.429075, 23.763457]}, "properties": {"subsidence_mm": 73.41, "tilt_deg": 0.23334, "strain_ue": 203.69, "x_offset_m": -135.0, "y_offset_m": -105.0, "source": "NCB_PFM"}}, {"type": "Feature", "geometry": {"type": "Point", "coordinates": [86.429075, 23.763592]}, "properties": {"subsidence_mm": 73.41, "tilt_deg": 0.23334, "strain_ue": 203.69, "x_offset_m": -135.0, "y_offset_m": -90.0, "source": "NCB_PFM"}}, {"type": "Feature", "geometry": {"type": "Point", "coordinates": [86.429075, 23.763726]}, "properties": {"subsidence_mm": 73.41, "tilt_deg": 0.23334, "strain_ue": 203.69, "x_offset_m": -135.0, "y_offset_m": -75.0, "source": "NCB_PFM"}}, {"type": "Feature", "geometry": {"type": "Point", "coordinates": [86.429075, 23.763861]}, "properties": {"subsidence_mm": 73.41, "tilt_deg": 0.23334, "strain_ue": 203.69, "x_offset_m": -135.0, "y_offset_m": -60.0, "source": "NCB_PFM"}}, {"type": "Feature", "geometry": {"type": "Point", "coordinates": [86.429075, 23.763996]}, "properties": {"subsidence_mm": 73.41, "tilt_deg": 0.23334, "strain_ue": 203.69, "x_offset_m": -135.0, "y_offset_m": -45.0, "source": "NCB_PFM"}}, {"type": "Feature", "geometry": {"type": "Point", "coordinates": [86.429075, 23.764131]}, "properties": {"subsidence_mm": 73.41, "tilt_deg": 0.23334, "strain_ue": 203.69, "x_offset_m": -135.0, "y_offset_m": -30.0, "source": "NCB_PFM"}}, {"type": "Feature", "geometry": {"type": "Point", "coordinates": [86.429075, 23.764265]}, "properties": {"subsidence_mm": 73.41, "tilt_deg": 0.23334, "strain_ue": 203.69, "x_offset_m": -135.0, "y_offset_m": -15.0, "source": "NCB_PFM"}}, {"type": "Feature", "geometry": {"type": "Point", "coordinates": [86.429075, 23.7644]}, "properties": {"subsidence_mm": 73.41, "tilt_deg": 0.23334, "strain_ue": 203.69, "x_offset_m": -135.0, "y_offset_m": 0.0, "source": "NCB_PFM"}}, {"type": "Feature", "geometry": {"type": "Point", "coordinates": [86.429075, 23.764535]}, "properties": {"subsidence_mm": 73.41, "tilt_deg": 0.23334, "strain_ue": 203.69, "x_offset_m": -135.0, "y_offset_m": 15.0, "source": "NCB_PFM"}}, {"type": "Feature", "geometry": {"type": "Point", "coordinates": [86.429075, 23.764669]}, "properties": {"subsidence_mm": 73.41, "tilt_deg": 0.23334, "strain_ue": 203.69, "x_offset_m": -135.0, "y_offset_m": 30.0, "source": "NCB_PFM"}}, {"type": "Feature", "geometry": {"type": "Point", "coordinates": [86.429075, 23.764804]}, "properties": {"subsidence_mm": 73.41, "tilt_deg": 0.23334, "strain_ue": 203.69, "x_offset_m": -135.0, "y_offset_m": 45.0, "source": "NCB_PFM"}}, {"type": "Feature", "geometry": {"type": "Point", "coordinates": [86.429075, 23.764939]}, "properties": {"subsidence_mm": 73.41, "tilt_deg": 0.23334, "strain_ue": 203.69, "x_offset_m": -135.0, "y_offset_m": 60.0, "source": "NCB_PFM"}}, {"type": "Feature", "geometry": {"type": "Point", "coordinates": [86.429075, 23.765074]}, "properties": {"subsidence_mm": 73.41, "tilt_deg": 0.23334, "strain_ue": 203.69, "x_offset_m": -135.0, "y_offset_m": 75.0, "source": "NCB_PFM"}}, {"type": "Feature", "geometry": {"type": "Point", "coordinates": [86.429075, 23.765208]}, "properties": {"subsidence_mm": 73.41, "tilt_deg": 0.23334, "strain_ue": 203.69, "x_offset_m": -135.0, "y_offset_m": 90.0, "source": "NCB_PFM"}}, {"type": "Feature", "geometry": {"type": "Point", "coordinates": [86.429075, 23.765343]}, "properties": {"subsidence_mm": 73.41, "tilt_deg": 0.23334, "strain_ue": 203.69, "x_offset_m": -135.0, "y_offset_m": 105.0, "source": "NCB_PFM"}}, {"type": "Feature", "geometry": {"type": "Point", "coordinates": [86.429075, 23.765478]}, "properties": {"subsidence_mm": 73.41, "tilt_deg": 0.23334, "strain_ue": 203.69, "x_offset_m": -135.0, "y_offset_m": 120.0, "source": "NCB_PFM"}}, {"type": "Feature", "geometry": {"type": "Point", "coordinates": [86.429075, 23.765613]}, "properties": {"subsidence_mm": 73.41, "tilt_deg": 0.23334, "strain_ue": 203.69, "x_offset_m": -135.0, "y_offset_m": 135.0, "source": "NCB_PFM"}}, {"type": "Feature", "geometry": {"type": "Point", "coordinates": [86.429075, 23.765747]}, "properties": {"subsidence_mm": 73.41, "tilt_deg": 0.23334, "strain_ue": 203.69, "x_offset_m": -135.0, "y_offset_m": 150.0, "source": "NCB_PFM"}}, {"type": "Feature", "geometry": {"type": "Point", "coordinates": [86.429075, 23.765882]}, "properties": {"subsidence_mm": 73.41, "tilt_deg": 0.23334, "strain_ue": 203.69, "x_offset_m": -135.0, "y_offset_m": 165.0, "source": "NCB_PFM"}}, {"type": "Feature", "geometry": {"type": "Point", "coordinates": [86.429075, 23.766017]}, "properties": {"subsidence_mm": 73.41, "tilt_deg": 0.23334, "strain_ue": 203.69, "x_offset_m": -135.0, "y_offset_m": 180.0, "source": "NCB_PFM"}}, {"type": "Feature", "geometry": {"type": "Point", "coordinates": [86.429075, 23.766152]}, "properties": {"subsidence_mm": 73.41, "tilt_deg": 0.23334, "strain_ue": 203.69, "x_offset_m": -135.0, "y_offset_m": 195.0, "source": "NCB_PFM"}}, {"type": "Feature", "geometry": {"type": "Point", "coordinates": [86.429075, 23.766286]}, "properties": {"subsidence_mm": 73.41, "tilt_deg": 0.23334, "strain_ue": 203.69, "x_offset_m": -135.0, "y_offset_m": 210.0, "source": "NCB_PFM"}}, {"type": "Feature", "geometry": {"type": "Point", "coordinates": [86.429075, 23.766421]}, "properties": {"subsidence_mm": 73.41, "tilt_deg": 0.23334, "strain_ue": 203.69, "x_offset_m": -135.0, "y_offset_m": 225.0, "source": "NCB_PFM"}}, {"type": "Feature", "geometry": {"type": "Point", "coordinates": [86.429075, 23.766556]}, "properties": {"subsidence_mm": 73.41, "tilt_deg": 0.23334, "strain_ue": 203.69, "x_offset_m": -135.0, "y_offset_m": 240.0, "source": "NCB_PFM"}}, {"type": "Feature", "geometry": {"type": "Point", "coordinates": [86.429075, 23.766691]}, "properties": {"subsidence_mm": 73.41, "tilt_deg": 0.23334, "strain_ue": 203.69, "x_offset_m": -135.0, "y_offset_m": 255.0, "source": "NCB_PFM"}}, {"type": "Feature", "geometry": {"type": "Point", "coordinates": [86.429075, 23.766825]}, "properties": {"subsidence_mm": 73.41, "tilt_deg": 0.23334, "strain_ue": 203.69, "x_offset_m": -135.0, "y_offset_m": 270.0, "source": "NCB_PFM"}}, {"type": "Feature", "geometry": {"type": "Point", "coordinates": [86.429075, 23.76696]}, "properties": {"subsidence_mm": 73.41, "tilt_deg": 0.23334, "strain_ue": 203.69, "x_offset_m": -135.0, "y_offset_m": 285.0, "source": "NCB_PFM"}}, {"type": "Feature", "geometry": {"type": "Point", "coordinates": [86.429075, 23.767095]}, "properties": {"subsidence_mm": 73.41, "tilt_deg": 0.23334, "strain_ue": 203.69, "x_offset_m": -135.0, "y_offset_m": 300.0, "source": "NCB_PFM"}}, {"type": "Feature", "geometry": {"type": "Point", "coordinates": [86.429222, 23.761705]}, "properties": {"subsidence_mm": 155.89, "tilt_deg": 0.46109, "strain_ue": 336.6, "x_offset_m": -120.0, "y_offset_m": -300.0, "source": "NCB_PFM"}}, {"type": "Feature", "geometry": {"type": "Point", "coordinates": [86.429222, 23.76184]}, "properties": {"subsidence_mm": 155.89, "tilt_deg": 0.46109, "strain_ue": 336.6, "x_offset_m": -120.0, "y_offset_m": -285.0, "source": "NCB_PFM"}}, {"type": "Feature", "geometry": {"type": "Point", "coordinates": [86.429222, 23.761975]}, "properties": {"subsidence_mm": 155.89, "tilt_deg": 0.46109, "strain_ue": 336.6, "x_offset_m": -120.0, "y_offset_m": -270.0, "source": "NCB_PFM"}}, {"type": "Feature", "geometry": {"type": "Point", "coordinates": [86.429222, 23.762109]}, "properties": {"subsidence_mm": 155.89, "tilt_deg": 0.46109, "strain_ue": 336.6, "x_offset_m": -120.0, "y_offset_m": -255.0, "source": "NCB_PFM"}}, {"type": "Feature", "geometry": {"type": "Point", "coordinates": [86.429222, 23.762244]}, "properties": {"subsidence_mm": 155.89, "tilt_deg": 0.46109, "strain_ue": 336.6, "x_offset_m": -120.0, "y_offset_m": -240.0, "source": "NCB_PFM"}}, {"type": "Feature", "geometry": {"type": "Point", "coordinates": [86.429222, 23.762379]}, "properties": {"subsidence_mm": 155.89, "tilt_deg": 0.46109, "strain_ue": 336.6, "x_offset_m": -120.0, "y_offset_m": -225.0, "source": "NCB_PFM"}}, {"type": "Feature", "geometry": {"type": "Point", "coordinates": [86.429222, 23.762514]}, "properties": {"subsidence_mm": 155.89, "tilt_deg": 0.46109, "strain_ue": 336.6, "x_offset_m": -120.0, "y_offset_m": -210.0, "source": "NCB_PFM"}}, {"type": "Feature", "geometry": {"type": "Point", "coordinates": [86.429222, 23.762648]}, "properties": {"subsidence_mm": 155.89, "tilt_deg": 0.46109, "strain_ue": 336.6, "x_offset_m": -120.0, "y_offset_m": -195.0, "source": "NCB_PFM"}}, {"type": "Feature", "geometry": {"type": "Point", "coordinates": [86.429222, 23.762783]}, "properties": {"subsidence_mm": 155.89, "tilt_deg": 0.46109, "strain_ue": 336.6, "x_offset_m": -120.0, "y_offset_m": -180.0, "source": "NCB_PFM"}}, {"type": "Feature", "geometry": {"type": "Point", "coordinates": [86.429222, 23.762918]}, "properties": {"subsidence_mm": 155.89, "tilt_deg": 0.46109, "strain_ue": 336.6, "x_offset_m": -120.0, "y_offset_m": -165.0, "source": "NCB_PFM"}}, {"type": "Feature", "geometry": {"type": "Point", "coordinates": [86.429222, 23.763053]}, "properties": {"subsidence_mm": 155.89, "tilt_deg": 0.46109, "strain_ue": 336.6, "x_offset_m": -120.0, "y_offset_m": -150.0, "source": "NCB_PFM"}}, {"type": "Feature", "geometry": {"type": "Point", "coordinates": [86.429222, 23.763187]}, "properties": {"subsidence_mm": 155.89, "tilt_deg": 0.46109, "strain_ue": 336.6, "x_offset_m": -120.0, "y_offset_m": -135.0, "source": "NCB_PFM"}}, {"type": "Feature", "geometry": {"type": "Point", "coordinates": [86.429222, 23.763322]}, "properties": {"subsidence_mm": 155.89, "tilt_deg": 0.46109, "strain_ue": 336.6, "x_offset_m": -120.0, "y_offset_m": -120.0, "source": "NCB_PFM"}}, {"type": "Feature", "geometry": {"type": "Point", "coordinates": [86.429222, 23.763457]}, "properties": {"subsidence_mm": 155.89, "tilt_deg": 0.46109, "strain_ue": 336.6, "x_offset_m": -120.0, "y_offset_m": -105.0, "source": "NCB_PFM"}}, {"type": "Feature", "geometry": {"type": "Point", "coordinates": [86.429222, 23.763592]}, "properties": {"subsidence_mm": 155.89, "tilt_deg": 0.46109, "strain_ue": 336.6, "x_offset_m": -120.0, "y_offset_m": -90.0, "source": "NCB_PFM"}}, {"type": "Feature", "geometry": {"type": "Point", "coordinates": [86.429222, 23.763726]}, "properties": {"subsidence_mm": 155.89, "tilt_deg": 0.46109, "strain_ue": 336.6, "x_offset_m": -120.0, "y_offset_m": -75.0, "source": "NCB_PFM"}}, {"type": "Feature", "geometry": {"type": "Point", "coordinates": [86.429222, 23.763861]}, "properties": {"subsidence_mm": 155.89, "tilt_deg": 0.46109, "strain_ue": 336.6, "x_offset_m": -120.0, "y_offset_m": -60.0, "source": "NCB_PFM"}}, {"type": "Feature", "geometry": {"type": "Point", "coordinates": [86.429222, 23.763996]}, "properties": {"subsidence_mm": 155.89, "tilt_deg": 0.46109, "strain_ue": 336.6, "x_offset_m": -120.0, "y_offset_m": -45.0, "source": "NCB_PFM"}}, {"type": "Feature", "geometry": {"type": "Point", "coordinates": [86.429222, 23.764131]}, "properties": {"subsidence_mm": 155.89, "tilt_deg": 0.46109, "strain_ue": 336.6, "x_offset_m": -120.0, "y_offset_m": -30.0, "source": "NCB_PFM"}}, {"type": "Feature", "geometry": {"type": "Point", "coordinates": [86.429222, 23.764265]}, "properties": {"subsidence_mm": 155.89, "tilt_deg": 0.46109, "strain_ue": 336.6, "x_offset_m": -120.0, "y_offset_m": -15.0, "source": "NCB_PFM"}}, {"type": "Feature", "geometry": {"type": "Point", "coordinates": [86.429222, 23.7644]}, "properties": {"subsidence_mm": 155.89, "tilt_deg": 0.46109, "strain_ue": 336.6, "x_offset_m": -120.0, "y_offset_m": 0.0, "source": "NCB_PFM"}}, {"type": "Feature", "geometry": {"type": "Point", "coordinates": [86.429222, 23.764535]}, "properties": {"subsidence_mm": 155.89, "tilt_deg": 0.46109, "strain_ue": 336.6, "x_offset_m": -120.0, "y_offset_m": 15.0, "source": "NCB_PFM"}}, {"type": "Feature", "geometry": {"type": "Point", "coordinates": [86.429222, 23.764669]}, "properties": {"subsidence_mm": 155.89, "tilt_deg": 0.46109, "strain_ue": 336.6, "x_offset_m": -120.0, "y_offset_m": 30.0, "source": "NCB_PFM"}}, {"type": "Feature", "geometry": {"type": "Point", "coordinates": [86.429222, 23.764804]}, "properties": {"subsidence_mm": 155.89, "tilt_deg": 0.46109, "strain_ue": 336.6, "x_offset_m": -120.0, "y_offset_m": 45.0, "source": "NCB_PFM"}}, {"type": "Feature", "geometry": {"type": "Point", "coordinates": [86.429222, 23.764939]}, "properties": {"subsidence_mm": 155.89, "tilt_deg": 0.46109, "strain_ue": 336.6, "x_offset_m": -120.0, "y_offset_m": 60.0, "source": "NCB_PFM"}}, {"type": "Feature", "geometry": {"type": "Point", "coordinates": [86.429222, 23.765074]}, "properties": {"subsidence_mm": 155.89, "tilt_deg": 0.46109, "strain_ue": 336.6, "x_offset_m": -120.0, "y_offset_m": 75.0, "source": "NCB_PFM"}}, {"type": "Feature", "geometry": {"type": "Point", "coordinates": [86.429222, 23.765208]}, "properties": {"subsidence_mm": 155.89, "tilt_deg": 0.46109, "strain_ue": 336.6, "x_offset_m": -120.0, "y_offset_m": 90.0, "source": "NCB_PFM"}}, {"type": "Feature", "geometry": {"type": "Point", "coordinates": [86.429222, 23.765343]}, "properties": {"subsidence_mm": 155.89, "tilt_deg": 0.46109, "strain_ue": 336.6, "x_offset_m": -120.0, "y_offset_m": 105.0, "source": "NCB_PFM"}}, {"type": "Feature", "geometry": {"type": "Point", "coordinates": [86.429222, 23.765478]}, "properties": {"subsidence_mm": 155.89, "tilt_deg": 0.46109, "strain_ue": 336.6, "x_offset_m": -120.0, "y_offset_m": 120.0, "source": "NCB_PFM"}}, {"type": "Feature", "geometry": {"type": "Point", "coordinates": [86.429222, 23.765613]}, "properties": {"subsidence_mm": 155.89, "tilt_deg": 0.46109, "strain_ue": 336.6, "x_offset_m": -120.0, "y_offset_m": 135.0, "source": "NCB_PFM"}}, {"type": "Feature", "geometry": {"type": "Point", "coordinates": [86.429222, 23.765747]}, "properties": {"subsidence_mm": 155.89, "tilt_deg": 0.46109, "strain_ue": 336.6, "x_offset_m": -120.0, "y_offset_m": 150.0, "source": "NCB_PFM"}}, {"type": "Feature", "geometry": {"type": "Point", "coordinates": [86.429222, 23.765882]}, "properties": {"subsidence_mm": 155.89, "tilt_deg": 0.46109, "strain_ue": 336.6, "x_offset_m": -120.0, "y_offset_m": 165.0, "source": "NCB_PFM"}}, {"type": "Feature", "geometry": {"type": "Point", "coordinates": [86.429222, 23.766017]}, "properties": {"subsidence_mm": 155.89, "tilt_deg": 0.46109, "strain_ue": 336.6, "x_offset_m": -120.0, "y_offset_m": 180.0, "source": "NCB_PFM"}}, {"type": "Feature", "geometry": {"type": "Point", "coordinates": [86.429222, 23.766152]}, "properties": {"subsidence_mm": 155.89, "tilt_deg": 0.46109, "strain_ue": 336.6, "x_offset_m": -120.0, "y_offset_m": 195.0, "source": "NCB_PFM"}}, {"type": "Feature", "geometry": {"type": "Point", "coordinates": [86.429222, 23.766286]}, "properties": {"subsidence_mm": 155.89, "tilt_deg": 0.46109, "strain_ue": 336.6, "x_offset_m": -120.0, "y_offset_m": 210.0, "source": "NCB_PFM"}}, {"type": "Feature", "geometry": {"type": "Point", "coordinates": [86.429222, 23.766421]}, "properties": {"subsidence_mm": 155.89, "tilt_deg": 0.46109, "strain_ue": 336.6, "x_offset_m": -120.0, "y_offset_m": 225.0, "source": "NCB_PFM"}}, {"type": "Feature", "geometry": {"type": "Point", "coordinates": [86.429222, 23.766556]}, "properties": {"subsidence_mm": 155.89, "tilt_deg": 0.46109, "strain_ue": 336.6, "x_offset_m": -120.0, "y_offset_m": 240.0, "source": "NCB_PFM"}}, {"type": "Feature", "geometry": {"type": "Point", "coordinates": [86.429222, 23.766691]}, "properties": {"subsidence_mm": 155.89, "tilt_deg": 0.46109, "strain_ue": 336.6, "x_offset_m": -120.0, "y_offset_m": 255.0, "source": "NCB_PFM"}}, {"type": "Feature", "geometry": {"type": "Point", "coordinates": [86.429222, 23.766825]}, "properties": {"subsidence_mm": 155.89, "tilt_deg": 0.46109, "strain_ue": 336.6, "x_offset_m": -120.0, "y_offset_m": 270.0, "source": "NCB_PFM"}}, {"type": "Feature", "geometry": {"type": "Point", "coordinates": [86.429222, 23.76696]}, "properties": {"subsidence_mm": 155.89, "tilt_deg": 0.46109, "strain_ue": 336.6, "x_offset_m": -120.0, "y_offset_m": 285.0, "source": "NCB_PFM"}}, {"type": "Feature", "geometry": {"type": "Point", "coordinates": [86.429222, 23.767095]}, "properties": {"subsidence_mm": 155.89, "tilt_deg": 0.46109, "strain_ue": 336.6, "x_offset_m": -120.0, "y_offset_m": 300.0, "source": "NCB_PFM"}}, {"type": "Feature", "geometry": {"type": "Point", "coordinates": [86.429369, 23.761705]}, "properties": {"subsidence_mm": 314.84, "tilt_deg": 0.81193, "strain_ue": 422.89, "x_offset_m": -105.0, "y_offset_m": -300.0, "source": "NCB_PFM"}}, {"type": "Feature", "geometry": {"type": "Point", "coordinates": [86.429369, 23.76184]}, "properties": {"subsidence_mm": 314.84, "tilt_deg": 0.81193, "strain_ue": 422.89, "x_offset_m": -105.0, "y_offset_m": -285.0, "source": "NCB_PFM"}}, {"type": "Feature", "geometry": {"type": "Point", "coordinates": [86.429369, 23.761975]}, "properties": {"subsidence_mm": 314.84, "tilt_deg": 0.81193, "strain_ue": 422.89, "x_offset_m": -105.0, "y_offset_m": -270.0, "source": "NCB_PFM"}}, {"type": "Feature", "geometry": {"type": "Point", "coordinates": [86.429369, 23.762109]}, "properties": {"subsidence_mm": 314.84, "tilt_deg": 0.81193, "strain_ue": 422.89, "x_offset_m": -105.0, "y_offset_m": -255.0, "source": "NCB_PFM"}}, {"type": "Feature", "geometry": {"type": "Point", "coordinates": [86.429369, 23.762244]}, "properties": {"subsidence_mm": 314.84, "tilt_deg": 0.81193, "strain_ue": 422.89, "x_offset_m": -105.0, "y_offset_m": -240.0, "source": "NCB_PFM"}}, {"type": "Feature", "geometry": {"type": "Point", "coordinates": [86.429369, 23.762379]}, "properties": {"subsidence_mm": 314.84, "tilt_deg": 0.81193, "strain_ue": 422.89, "x_offset_m": -105.0, "y_offset_m": -225.0, "source": "NCB_PFM"}}, {"type": "Feature", "geometry": {"type": "Point", "coordinates": [86.429369, 23.762514]}, "properties": {"subsidence_mm": 314.84, "tilt_deg": 0.81193, "strain_ue": 422.89, "x_offset_m": -105.0, "y_offset_m": -210.0, "source": "NCB_PFM"}}, {"type": "Feature", "geometry": {"type": "Point", "coordinates": [86.429369, 23.762648]}, "properties": {"subsidence_mm": 314.84, "tilt_deg": 0.81193, "strain_ue": 422.89, "x_offset_m": -105.0, "y_offset_m": -195.0, "source": "NCB_PFM"}}, {"type": "Feature", "geometry": {"type": "Point", "coordinates": [86.429369, 23.762783]}, "properties": {"subsidence_mm": 314.84, "tilt_deg": 0.81193, "strain_ue": 422.89, "x_offset_m": -105.0, "y_offset_m": -180.0, "source": "NCB_PFM"}}, {"type": "Feature", "geometry": {"type": "Point", "coordinates": [86.429369, 23.762918]}, "properties": {"subsidence_mm": 314.84, "tilt_deg": 0.81193, "strain_ue": 422.89, "x_offset_m": -105.0, "y_offset_m": -165.0, "source": "NCB_PFM"}}, {"type": "Feature", "geometry": {"type": "Point", "coordinates": [86.429369, 23.763053]}, "properties": {"subsidence_mm": 314.84, "tilt_deg": 0.81193, "strain_ue": 422.89, "x_offset_m": -105.0, "y_offset_m": -150.0, "source": "NCB_PFM"}}, {"type": "Feature", "geometry": {"type": "Point", "coordinates": [86.429369, 23.763187]}, "properties": {"subsidence_mm": 314.84, "tilt_deg": 0.81193, "strain_ue": 422.89, "x_offset_m": -105.0, "y_offset_m": -135.0, "source": "NCB_PFM"}}, {"type": "Feature", "geometry": {"type": "Point", "coordinates": [86.429369, 23.763322]}, "properties": {"subsidence_mm": 314.84, "tilt_deg": 0.81193, "strain_ue": 422.89, "x_offset_m": -105.0, "y_offset_m": -120.0, "source": "NCB_PFM"}}, {"type": "Feature", "geometry": {"type": "Point", "coordinates": [86.429369, 23.763457]}, "properties": {"subsidence_mm": 314.84, "tilt_deg": 0.81193, "strain_ue": 422.89, "x_offset_m": -105.0, "y_offset_m": -105.0, "source": "NCB_PFM"}}, {"type": "Feature", "geometry": {"type": "Point", "coordinates": [86.429369, 23.763592]}, "properties": {"subsidence_mm": 314.84, "tilt_deg": 0.81193, "strain_ue": 422.89, "x_offset_m": -105.0, "y_offset_m": -90.0, "source": "NCB_PFM"}}, {"type": "Feature", "geometry": {"type": "Point", "coordinates": [86.429369, 23.763726]}, "properties": {"subsidence_mm": 314.84, "tilt_deg": 0.81193, "strain_ue": 422.89, "x_offset_m": -105.0, "y_offset_m": -75.0, "source": "NCB_PFM"}}, {"type": "Feature", "geometry": {"type": "Point", "coordinates": [86.429369, 23.763861]}, "properties": {"subsidence_mm": 314.84, "tilt_deg": 0.81193, "strain_ue": 422.89, "x_offset_m": -105.0, "y_offset_m": -60.0, "source": "NCB_PFM"}}, {"type": "Feature", "geometry": {"type": "Point", "coordinates": [86.429369, 23.763996]}, "properties": {"subsidence_mm": 314.84, "tilt_deg": 0.81193, "strain_ue": 422.89, "x_offset_m": -105.0, "y_offset_m": -45.0, "source": "NCB_PFM"}}, {"type": "Feature", "geometry": {"type": "Point", "coordinates": [86.429369, 23.764131]}, "properties": {"subsidence_mm": 314.84, "tilt_deg": 0.81193, "strain_ue": 422.89, "x_offset_m": -105.0, "y_offset_m": -30.0, "source": "NCB_PFM"}}, {"type": "Feature", "geometry": {"type": "Point", "coordinates": [86.429369, 23.764265]}, "properties": {"subsidence_mm": 314.84, "tilt_deg": 0.81193, "strain_ue": 422.89, "x_offset_m": -105.0, "y_offset_m": -15.0, "source": "NCB_PFM"}}, {"type": "Feature", "geometry": {"type": "Point", "coordinates": [86.429369, 23.7644]}, "properties": {"subsidence_mm": 314.84, "tilt_deg": 0.81193, "strain_ue": 422.89, "x_offset_m": -105.0, "y_offset_m": 0.0, "source": "NCB_PFM"}}, {"type": "Feature", "geometry": {"type": "Point", "coordinates": [86.429369, 23.764535]}, "properties": {"subsidence_mm": 314.84, "tilt_deg": 0.81193, "strain_ue": 422.89, "x_offset_m": -105.0, "y_offset_m": 15.0, "source": "NCB_PFM"}}, {"type": "Feature", "geometry": {"type": "Point", "coordinates": [86.429369, 23.764669]}, "properties": {"subsidence_mm": 314.84, "tilt_deg": 0.81193, "strain_ue": 422.89, "x_offset_m": -105.0, "y_offset_m": 30.0, "source": "NCB_PFM"}}, {"type": "Feature", "geometry": {"type": "Point", "coordinates": [86.429369, 23.764804]}, "properties": {"subsidence_mm": 314.84, "tilt_deg": 0.81193, "strain_ue": 422.89, "x_offset_m": -105.0, "y_offset_m": 45.0, "source": "NCB_PFM"}}, {"type": "Feature", "geometry": {"type": "Point", "coordinates": [86.429369, 23.764939]}, "properties": {"subsidence_mm": 314.84, "tilt_deg": 0.81193, "strain_ue": 422.89, "x_offset_m": -105.0, "y_offset_m": 60.0, "source": "NCB_PFM"}}, {"type": "Feature", "geometry": {"type": "Point", "coordinates": [86.429369, 23.765074]}, "properties": {"subsidence_mm": 314.84, "tilt_deg": 0.81193, "strain_ue": 422.89, "x_offset_m": -105.0, "y_offset_m": 75.0, "source": "NCB_PFM"}}, {"type": "Feature", "geometry": {"type": "Point", "coordinates": [86.429369, 23.765208]}, "properties": {"subsidence_mm": 314.84, "tilt_deg": 0.81193, "strain_ue": 422.89, "x_offset_m": -105.0, "y_offset_m": 90.0, "source": "NCB_PFM"}}, {"type": "Feature", "geometry": {"type": "Point", "coordinates": [86.429369, 23.765343]}, "properties": {"subsidence_mm": 314.84, "tilt_deg": 0.81193, "strain_ue": 422.89, "x_offset_m": -105.0, "y_offset_m": 105.0, "source": "NCB_PFM"}}, {"type": "Feature", "geometry": {"type": "Point", "coordinates": [86.429369, 23.765478]}, "properties": {"subsidence_mm": 314.84, "tilt_deg": 0.81193, "strain_ue": 422.89, "x_offset_m": -105.0, "y_offset_m": 120.0, "source": "NCB_PFM"}}, {"type": "Feature", "geometry": {"type": "Point", "coordinates": [86.429369, 23.765613]}, "properties": {"subsidence_mm": 314.84, "tilt_deg": 0.81193, "strain_ue": 422.89, "x_offset_m": -105.0, "y_offset_m": 135.0, "source": "NCB_PFM"}}, {"type": "Feature", "geometry": {"type": "Point", "coordinates": [86.429369, 23.765747]}, "properties": {"subsidence_mm": 314.84, "tilt_deg": 0.81193, "strain_ue": 422.89, "x_offset_m": -105.0, "y_offset_m": 150.0, "source": "NCB_PFM"}}, {"type": "Feature", "geometry": {"type": "Point", "coordinates": [86.429369, 23.765882]}, "properties": {"subsidence_mm": 314.84, "tilt_deg": 0.81193, "strain_ue": 422.89, "x_offset_m": -105.0, "y_offset_m": 165.0, "source": "NCB_PFM"}}, {"type": "Feature", "geometry": {"type": "Point", "coordinates": [86.429369, 23.766017]}, "properties": {"subsidence_mm": 314.84, "tilt_deg": 0.81193, "strain_ue": 422.89, "x_offset_m": -105.0, "y_offset_m": 180.0, "source": "NCB_PFM"}}, {"type": "Feature", "geometry": {"type": "Point", "coordinates": [86.429369, 23.766152]}, "properties": {"subsidence_mm": 314.84, "tilt_deg": 0.81193, "strain_ue": 422.89, "x_offset_m": -105.0, "y_offset_m": 195.0, "source": "NCB_PFM"}}, {"type": "Feature", "geometry": {"type": "Point", "coordinates": [86.429369, 23.766286]}, "properties": {"subsidence_mm": 314.84, "tilt_deg": 0.81193, "strain_ue": 422.89, "x_offset_m": -105.0, "y_offset_m": 210.0, "source": "NCB_PFM"}}, {"type": "Feature", "geometry": {"type": "Point", "coordinates": [86.429369, 23.766421]}, "properties": {"subsidence_mm": 314.84, "tilt_deg": 0.81193, "strain_ue": 422.89, "x_offset_m": -105.0, "y_offset_m": 225.0, "source": "NCB_PFM"}}, {"type": "Feature", "geometry": {"type": "Point", "coordinates": [86.429369, 23.766556]}, "properties": {"subsidence_mm": 314.84, "tilt_deg": 0.81193, "strain_ue": 422.89, "x_offset_m": -105.0, "y_offset_m": 240.0, "source": "NCB_PFM"}}, {"type": "Feature", "geometry": {"type": "Point", "coordinates": [86.429369, 23.766691]}, "properties": {"subsidence_mm": 314.84, "tilt_deg": 0.81193, "strain_ue": 422.89, "x_offset_m": -105.0, "y_offset_m": 255.0, "source": "NCB_PFM"}}, {"type": "Feature", "geometry": {"type": "Point", "coordinates": [86.429369, 23.766825]}, "properties": {"subsidence_mm": 314.84, "tilt_deg": 0.81193, "strain_ue": 422.89, "x_offset_m": -105.0, "y_offset_m": 270.0, "source": "NCB_PFM"}}, {"type": "Feature", "geometry": {"type": "Point", "coordinates": [86.429369, 23.76696]}, "properties": {"subsidence_mm": 314.84, "tilt_deg": 0.81193, "strain_ue": 422.89, "x_offset_m": -105.0, "y_offset_m": 285.0, "source": "NCB_PFM"}}, {"type": "Feature", "geometry": {"type": "Point", "coordinates": [86.429369, 23.767095]}, "properties": {"subsidence_mm": 314.84, "tilt_deg": 0.81193, "strain_ue": 422.89, "x_offset_m": -105.0, "y_offset_m": 300.0, "source": "NCB_PFM"}}, {"type": "Feature", "geometry": {"type": "Point", "coordinates": [86.429517, 23.761705]}, "properties": {"subsidence_mm": 581.02, "tilt_deg": 1.18799, "strain_ue": 317.96, "x_offset_m": -90.0, "y_offset_m": -300.0, "source": "NCB_PFM"}}, {"type": "Feature", "geometry": {"type": "Point", "coordinates": [86.429517, 23.76184]}, "properties": {"subsidence_mm": 581.02, "tilt_deg": 1.18799, "strain_ue": 317.96, "x_offset_m": -90.0, "y_offset_m": -285.0, "source": "NCB_PFM"}}, {"type": "Feature", "geometry": {"type": "Point", "coordinates": [86.429517, 23.761975]}, "properties": {"subsidence_mm": 581.02, "tilt_deg": 1.18799, "strain_ue": 317.96, "x_offset_m": -90.0, "y_offset_m": -270.0, "source": "NCB_PFM"}}, {"type": "Feature", "geometry": {"type": "Point", "coordinates": [86.429517, 23.762109]}, "properties": {"subsidence_mm": 581.02, "tilt_deg": 1.18799, "strain_ue": 317.96, "x_offset_m": -90.0, "y_offset_m": -255.0, "source": "NCB_PFM"}}, {"type": "Feature", "geometry": {"type": "Point", "coordinates": [86.429517, 23.762244]}, "properties": {"subsidence_mm": 581.02, "tilt_deg": 1.18799, "strain_ue": 317.96, "x_offset_m": -90.0, "y_offset_m": -240.0, "source": "NCB_PFM"}}, {"type": "Feature", "geometry": {"type": "Point", "coordinates": [86.429517, 23.762379]}, "properties": {"subsidence_mm": 581.02, "tilt_deg": 1.18799, "strain_ue": 317.96, "x_offset_m": -90.0, "y_offset_m": -225.0, "source": "NCB_PFM"}}, {"type": "Feature", "geometry": {"type": "Point", "coordinates": [86.429517, 23.762514]}, "properties": {"subsidence_mm": 581.02, "tilt_deg": 1.18799, "strain_ue": 317.96, "x_offset_m": -90.0, "y_offset_m": -210.0, "source": "NCB_PFM"}}, {"type": "Feature", "geometry": {"type": "Point", "coordinates": [86.429517, 23.762648]}, "properties": {"subsidence_mm": 581.02, "tilt_deg": 1.18799, "strain_ue": 317.96, "x_offset_m": -90.0, "y_offset_m": -195.0, "source": "NCB_PFM"}}, {"type": "Feature", "geometry": {"type": "Point", "coordinates": [86.429517, 23.762783]}, "properties": {"subsidence_mm": 581.02, "tilt_deg": 1.18799, "strain_ue": 317.96, "x_offset_m": -90.0, "y_offset_m": -180.0, "source": "NCB_PFM"}}, {"type": "Feature", "geometry": {"type": "Point", "coordinates": [86.429517, 23.762918]}, "properties": {"subsidence_mm": 581.02, "tilt_deg": 1.18799, "strain_ue": 317.96, "x_offset_m": -90.0, "y_offset_m": -165.0, "source": "NCB_PFM"}}, {"type": "Feature", "geometry": {"type": "Point", "coordinates": [86.429517, 23.763053]}, "properties": {"subsidence_mm": 581.02, "tilt_deg": 1.18799, "strain_ue": 317.96, "x_offset_m": -90.0, "y_offset_m": -150.0, "source": "NCB_PFM"}}, {"type": "Feature", "geometry": {"type": "Point", "coordinates": [86.429517, 23.763187]}, "properties": {"subsidence_mm": 581.02, "tilt_deg": 1.18799, "strain_ue": 317.96, "x_offset_m": -90.0, "y_offset_m": -135.0, "source": "NCB_PFM"}}, {"type": "Feature", "geometry": {"type": "Point", "coordinates": [86.429517, 23.763322]}, "properties": {"subsidence_mm": 581.02, "tilt_deg": 1.18799, "strain_ue": 317.96, "x_offset_m": -90.0, "y_offset_m": -120.0, "source": "NCB_PFM"}}, {"type": "Feature", "geometry": {"type": "Point", "coordinates": [86.429517, 23.763457]}, "properties": {"subsidence_mm": 581.02, "tilt_deg": 1.18799, "strain_ue": 317.96, "x_offset_m": -90.0, "y_offset_m": -105.0, "source": "NCB_PFM"}}, {"type": "Feature", "geometry": {"type": "Point", "coordinates": [86.429517, 23.763592]}, "properties": {"subsidence_mm": 581.02, "tilt_deg": 1.18799, "strain_ue": 317.96, "x_offset_m": -90.0, "y_offset_m": -90.0, "source": "NCB_PFM"}}, {"type": "Feature", "geometry": {"type": "Point", "coordinates": [86.429517, 23.763726]}, "properties": {"subsidence_mm": 581.02, "tilt_deg": 1.18799, "strain_ue": 317.96, "x_offset_m": -90.0, "y_offset_m": -75.0, "source": "NCB_PFM"}}, {"type": "Feature", "geometry": {"type": "Point", "coordinates": [86.429517, 23.763861]}, "properties": {"subsidence_mm": 581.02, "tilt_deg": 1.18799, "strain_ue": 317.96, "x_offset_m": -90.0, "y_offset_m": -60.0, "source": "NCB_PFM"}}, {"type": "Feature", "geometry": {"type": "Point", "coordinates": [86.429517, 23.763996]}, "properties": {"subsidence_mm": 581.02, "tilt_deg": 1.18799, "strain_ue": 317.96, "x_offset_m": -90.0, "y_offset_m": -45.0, "source": "NCB_PFM"}}, {"type": "Feature", "geometry": {"type": "Point", "coordinates": [86.429517, 23.764131]}, "properties": {"subsidence_mm": 581.02, "tilt_deg": 1.18799, "strain_ue": 317.96, "x_offset_m": -90.0, "y_offset_m": -30.0, "source": "NCB_PFM"}}, {"type": "Feature", "geometry": {"type": "Point", "coordinates": [86.429517, 23.764265]}, "properties": {"subsidence_mm": 581.02, "tilt_deg": 1.18799, "strain_ue": 317.96, "x_offset_m": -90.0, "y_offset_m": -15.0, "source": "NCB_PFM"}}, {"type": "Feature", "geometry": {"type": "Point", "coordinates": [86.429517, 23.7644]}, "properties": {"subsidence_mm": 581.02, "tilt_deg": 1.18799, "strain_ue": 317.96, "x_offset_m": -90.0, "y_offset_m": 0.0, "source": "NCB_PFM"}}, {"type": "Feature", "geometry": {"type": "Point", "coordinates": [86.429517, 23.764535]}, "properties": {"subsidence_mm": 581.02, "tilt_deg": 1.18799, "strain_ue": 317.96, "x_offset_m": -90.0, "y_offset_m": 15.0, "source": "NCB_PFM"}}, {"type": "Feature", "geometry": {"type": "Point", "coordinates": [86.429517, 23.764669]}, "properties": {"subsidence_mm": 581.02, "tilt_deg": 1.18799, "strain_ue": 317.96, "x_offset_m": -90.0, "y_offset_m": 30.0, "source": "NCB_PFM"}}, {"type": "Feature", "geometry": {"type": "Point", "coordinates": [86.429517, 23.764804]}, "properties": {"subsidence_mm": 581.02, "tilt_deg": 1.18799, "strain_ue": 317.96, "x_offset_m": -90.0, "y_offset_m": 45.0, "source": "NCB_PFM"}}, {"type": "Feature", "geometry": {"type": "Point", "coordinates": [86.429517, 23.764939]}, "properties": {"subsidence_mm": 581.02, "tilt_deg": 1.18799, "strain_ue": 317.96, "x_offset_m": -90.0, "y_offset_m": 60.0, "source": "NCB_PFM"}}, {"type": "Feature", "geometry": {"type": "Point", "coordinates": [86.429517, 23.765074]}, "properties": {"subsidence_mm": 581.02, "tilt_deg": 1.18799, "strain_ue": 317.96, "x_offset_m": -90.0, "y_offset_m": 75.0, "source": "NCB_PFM"}}, {"type": "Feature", "geometry": {"type": "Point", "coordinates": [86.429517, 23.765208]}, "properties": {"subsidence_mm": 581.02, "tilt_deg": 1.18799, "strain_ue": 317.96, "x_offset_m": -90.0, "y_offset_m": 90.0, "source": "NCB_PFM"}}, {"type": "Feature", "geometry": {"type": "Point", "coordinates": [86.429517, 23.765343]}, "properties": {"subsidence_mm": 581.02, "tilt_deg": 1.18799, "strain_ue": 317.96, "x_offset_m": -90.0, "y_offset_m": 105.0, "source": "NCB_PFM"}}, {"type": "Feature", "geometry": {"type": "Point", "coordinates": [86.429517, 23.765478]}, "properties": {"subsidence_mm": 581.02, "tilt_deg": 1.18799, "strain_ue": 317.96, "x_offset_m": -90.0, "y_offset_m": 120.0, "source": "NCB_PFM"}}, {"type": "Feature", "geometry": {"type": "Point", "coordinates": [86.429517, 23.765613]}, "properties": {"subsidence_mm": 581.02, "tilt_deg": 1.18799, "strain_ue": 317.96, "x_offset_m": -90.0, "y_offset_m": 135.0, "source": "NCB_PFM"}}, {"type": "Feature", "geometry": {"type": "Point", "coordinates": [86.429517, 23.765747]}, "properties": {"subsidence_mm": 581.02, "tilt_deg": 1.18799, "strain_ue": 317.96, "x_offset_m": -90.0, "y_offset_m": 150.0, "source": "NCB_PFM"}}, {"type": "Feature", "geometry": {"type": "Point", "coordinates": [86.429517, 23.765882]}, "properties": {"subsidence_mm": 581.02, "tilt_deg": 1.18799, "strain_ue": 317.96, "x_offset_m": -90.0, "y_offset_m": 165.0, "source": "NCB_PFM"}}, {"type": "Feature", "geometry": {"type": "Point", "coordinates": [86.429517, 23.766017]}, "properties": {"subsidence_mm": 581.02, "tilt_deg": 1.18799, "strain_ue": 317.96, "x_offset_m": -90.0, "y_offset_m": 180.0, "source": "NCB_PFM"}}, {"type": "Feature", "geometry": {"type": "Point", "coordinates": [86.429517, 23.766152]}, "properties": {"subsidence_mm": 581.02, "tilt_deg": 1.18799, "strain_ue": 317.96, "x_offset_m": -90.0, "y_offset_m": 195.0, "source": "NCB_PFM"}}, {"type": "Feature", "geometry": {"type": "Point", "coordinates": [86.429517, 23.766286]}, "properties": {"subsidence_mm": 581.02, "tilt_deg": 1.18799, "strain_ue": 317.96, "x_offset_m": -90.0, "y_offset_m": 210.0, "source": "NCB_PFM"}}, {"type": "Feature", "geometry": {"type": "Point", "coordinates": [86.429517, 23.766421]}, "properties": {"subsidence_mm": 581.02, "tilt_deg": 1.18799, "strain_ue": 317.96, "x_offset_m": -90.0, "y_offset_m": 225.0, "source": "NCB_PFM"}}, {"type": "Feature", "geometry": {"type": "Point", "coordinates": [86.429517, 23.766556]}, "properties": {"subsidence_mm": 581.02, "tilt_deg": 1.18799, "strain_ue": 317.96, "x_offset_m": -90.0, "y_offset_m": 240.0, "source": "NCB_PFM"}}, {"type": "Feature", "geometry": {"type": "Point", "coordinates": [86.429517, 23.766691]}, "properties": {"subsidence_mm": 581.02, "tilt_deg": 1.18799, "strain_ue": 317.96, "x_offset_m": -90.0, "y_offset_m": 255.0, "source": "NCB_PFM"}}, {"type": "Feature", "geometry": {"type": "Point", "coordinates": [86.429517, 23.766825]}, "properties": {"subsidence_mm": 581.02, "tilt_deg": 1.18799, "strain_ue": 317.96, "x_offset_m": -90.0, "y_offset_m": 270.0, "source": "NCB_PFM"}}, {"type": "Feature", "geometry": {"type": "Point", "coordinates": [86.429517, 23.76696]}, "properties": {"subsidence_mm": 581.02, "tilt_deg": 1.18799, "strain_ue": 317.96, "x_offset_m": -90.0, "y_offset_m": 285.0, "source": "NCB_PFM"}}, {"type": "Feature", "geometry": {"type": "Point", "coordinates": [86.429517, 23.767095]}, "properties": {"subsidence_mm": 581.02, "tilt_deg": 1.18799, "strain_ue": 317.96, "x_offset_m": -90.0, "y_offset_m": 300.0, "source": "NCB_PFM"}}, {"type": "Feature", "geometry": {"type": "Point", "coordinates": [86.429664, 23.761705]}, "properties": {"subsidence_mm": 936.87, "tilt_deg": 1.35846, "strain_ue": -2.2, "x_offset_m": -75.0, "y_offset_m": -300.0, "source": "NCB_PFM"}}, {"type": "Feature", "geometry": {"type": "Point", "coordinates": [86.429664, 23.76184]}, "properties": {"subsidence_mm": 936.87, "tilt_deg": 1.35846, "strain_ue": -2.2, "x_offset_m": -75.0, "y_offset_m": -285.0, "source": "NCB_PFM"}}, {"type": "Feature", "geometry": {"type": "Point", "coordinates": [86.429664, 23.761975]}, "properties": {"subsidence_mm": 936.87, "tilt_deg": 1.35846, "strain_ue": -2.2, "x_offset_m": -75.0, "y_offset_m": -270.0, "source": "NCB_PFM"}}, {"type": "Feature", "geometry": {"type": "Point", "coordinates": [86.429664, 23.762109]}, "properties": {"subsidence_mm": 936.87, "tilt_deg": 1.35846, "strain_ue": -2.2, "x_offset_m": -75.0, "y_offset_m": -255.0, "source": "NCB_PFM"}}, {"type": "Feature", "geometry": {"type": "Point", "coordinates": [86.429664, 23.762244]}, "properties": {"subsidence_mm": 936.87, "tilt_deg": 1.35846, "strain_ue": -2.2, "x_offset_m": -75.0, "y_offset_m": -240.0, "source": "NCB_PFM"}}, {"type": "Feature", "geometry": {"type": "Point", "coordinates": [86.429664, 23.762379]}, "properties": {"subsidence_mm": 936.87, "tilt_deg": 1.35846, "strain_ue": -2.2, "x_offset_m": -75.0, "y_offset_m": -225.0, "source": "NCB_PFM"}}, {"type": "Feature", "geometry": {"type": "Point", "coordinates": [86.429664, 23.762514]}, "properties": {"subsidence_mm": 936.87, "tilt_deg": 1.35846, "strain_ue": -2.2, "x_offset_m": -75.0, "y_offset_m": -210.0, "source": "NCB_PFM"}}, {"type": "Feature", "geometry": {"type": "Point", "coordinates": [86.429664, 23.762648]}, "properties": {"subsidence_mm": 936.87, "tilt_deg": 1.35846, "strain_ue": -2.2, "x_offset_m": -75.0, "y_offset_m": -195.0, "source": "NCB_PFM"}}, {"type": "Feature", "geometry": {"type": "Point", "coordinates": [86.429664, 23.762783]}, "properties": {"subsidence_mm": 936.87, "tilt_deg": 1.35846, "strain_ue": -2.2, "x_offset_m": -75.0, "y_offset_m": -180.0, "source": "NCB_PFM"}}, {"type": "Feature", "geometry": {"type": "Point", "coordinates": [86.429664, 23.762918]}, "properties": {"subsidence_mm": 936.87, "tilt_deg": 1.35846, "strain_ue": -2.2, "x_offset_m": -75.0, "y_offset_m": -165.0, "source": "NCB_PFM"}}, {"type": "Feature", "geometry": {"type": "Point", "coordinates": [86.429664, 23.763053]}, "properties": {"subsidence_mm": 936.87, "tilt_deg": 1.35846, "strain_ue": -2.2, "x_offset_m": -75.0, "y_offset_m": -150.0, "source": "NCB_PFM"}}, {"type": "Feature", "geometry": {"type": "Point", "coordinates": [86.429664, 23.763187]}, "properties": {"subsidence_mm": 936.87, "tilt_deg": 1.35846, "strain_ue": -2.2, "x_offset_m": -75.0, "y_offset_m": -135.0, "source": "NCB_PFM"}}, {"type": "Feature", "geometry": {"type": "Point", "coordinates": [86.429664, 23.763322]}, "properties": {"subsidence_mm": 936.87, "tilt_deg": 1.35846, "strain_ue": -2.2, "x_offset_m": -75.0, "y_offset_m": -120.0, "source": "NCB_PFM"}}, {"type": "Feature", "geometry": {"type": "Point", "coordinates": [86.429664, 23.763457]}, "properties": {"subsidence_mm": 936.87, "tilt_deg": 1.35846, "strain_ue": -2.2, "x_offset_m": -75.0, "y_offset_m": -105.0, "source": "NCB_PFM"}}, {"type": "Feature", "geometry": {"type": "Point", "coordinates": [86.429664, 23.763592]}, "properties": {"subsidence_mm": 936.87, "tilt_deg": 1.35846, "strain_ue": -2.2, "x_offset_m": -75.0, "y_offset_m": -90.0, "source": "NCB_PFM"}}, {"type": "Feature", "geometry": {"type": "Point", "coordinates": [86.429664, 23.763726]}, "properties": {"subsidence_mm": 936.87, "tilt_deg": 1.35846, "strain_ue": -2.2, "x_offset_m": -75.0, "y_offset_m": -75.0, "source": "NCB_PFM"}}, {"type": "Feature", "geometry": {"type": "Point", "coordinates": [86.429664, 23.763861]}, "properties": {"subsidence_mm": 936.87, "tilt_deg": 1.35846, "strain_ue": -2.2, "x_offset_m": -75.0, "y_offset_m": -60.0, "source": "NCB_PFM"}}, {"type": "Feature", "geometry": {"type": "Point", "coordinates": [86.429664, 23.763996]}, "properties": {"subsidence_mm": 936.87, "tilt_deg": 1.35846, "strain_ue": -2.2, "x_offset_m": -75.0, "y_offset_m": -45.0, "source": "NCB_PFM"}}, {"type": "Feature", "geometry": {"type": "Point", "coordinates": [86.429664, 23.764131]}, "properties": {"subsidence_mm": 936.87, "tilt_deg": 1.35846, "strain_ue": -2.2, "x_offset_m": -75.0, "y_offset_m": -30.0, "source": "NCB_PFM"}}, {"type": "Feature", "geometry": {"type": "Point", "coordinates": [86.429664, 23.764265]}, "properties": {"subsidence_mm": 936.87, "tilt_deg": 1.35846, "strain_ue": -2.2, "x_offset_m": -75.0, "y_offset_m": -15.0, "source": "NCB_PFM"}}, {"type": "Feature", "geometry": {"type": "Point", "coordinates": [86.429664, 23.7644]}, "properties": {"subsidence_mm": 936.87, "tilt_deg": 1.35846, "strain_ue": -2.2, "x_offset_m": -75.0, "y_offset_m": 0.0, "source": "NCB_PFM"}}, {"type": "Feature", "geometry": {"type": "Point", "coordinates": [86.429664, 23.764535]}, "properties": {"subsidence_mm": 936.87, "tilt_deg": 1.35846, "strain_ue": -2.2, "x_offset_m": -75.0, "y_offset_m": 15.0, "source": "NCB_PFM"}}, {"type": "Feature", "geometry": {"type": "Point", "coordinates": [86.429664, 23.764669]}, "properties": {"subsidence_mm": 936.87, "tilt_deg": 1.35846, "strain_ue": -2.2, "x_offset_m": -75.0, "y_offset_m": 30.0, "source": "NCB_PFM"}}, {"type": "Feature", "geometry": {"type": "Point", "coordinates": [86.429664, 23.764804]}, "properties": {"subsidence_mm": 936.87, "tilt_deg": 1.35846, "strain_ue": -2.2, "x_offset_m": -75.0, "y_offset_m": 45.0, "source": "NCB_PFM"}}, {"type": "Feature", "geometry": {"type": "Point", "coordinates": [86.429664, 23.764939]}, "properties": {"subsidence_mm": 936.87, "tilt_deg": 1.35846, "strain_ue": -2.2, "x_offset_m": -75.0, "y_offset_m": 60.0, "source": "NCB_PFM"}}, {"type": "Feature", "geometry": {"type": "Point", "coordinates": [86.429664, 23.765074]}, "properties": {"subsidence_mm": 936.87, "tilt_deg": 1.35846, "strain_ue": -2.2, "x_offset_m": -75.0, "y_offset_m": 75.0, "source": "NCB_PFM"}}, {"type": "Feature", "geometry": {"type": "Point", "coordinates": [86.429664, 23.765208]}, "properties": {"subsidence_mm": 936.87, "tilt_deg": 1.35846, "strain_ue": -2.2, "x_offset_m": -75.0, "y_offset_m": 90.0, "source": "NCB_PFM"}}, {"type": "Feature", "geometry": {"type": "Point", "coordinates": [86.429664, 23.765343]}, "properties": {"subsidence_mm": 936.87, "tilt_deg": 1.35846, "strain_ue": -2.2, "x_offset_m": -75.0, "y_offset_m": 105.0, "source": "NCB_PFM"}}, {"type": "Feature", "geometry": {"type": "Point", "coordinates": [86.429664, 23.765478]}, "properties": {"subsidence_mm": 936.87, "tilt_deg": 1.35846, "strain_ue": -2.2, "x_offset_m": -75.0, "y_offset_m": 120.0, "source": "NCB_PFM"}}, {"type": "Feature", "geometry": {"type": "Point", "coordinates": [86.429664, 23.765613]}, "properties": {"subsidence_mm": 936.87, "tilt_deg": 1.35846, "strain_ue": -2.2, "x_offset_m": -75.0, "y_offset_m": 135.0, "source": "NCB_PFM"}}, {"type": "Feature", "geometry": {"type": "Point", "coordinates": [86.429664, 23.765747]}, "properties": {"subsidence_mm": 936.87, "tilt_deg": 1.35846, "strain_ue": -2.2, "x_offset_m": -75.0, "y_offset_m": 150.0, "source": "NCB_PFM"}}, {"type": "Feature", "geometry": {"type": "Point", "coordinates": [86.429664, 23.765882]}, "properties": {"subsidence_mm": 936.87, "tilt_deg": 1.35846, "strain_ue": -2.2, "x_offset_m": -75.0, "y_offset_m": 165.0, "source": "NCB_PFM"}}, {"type": "Feature", "geometry": {"type": "Point", "coordinates": [86.429664, 23.766017]}, "properties": {"subsidence_mm": 936.87, "tilt_deg": 1.35846, "strain_ue": -2.2, "x_offset_m": -75.0, "y_offset_m": 180.0, "source": "NCB_PFM"}}, {"type": "Feature", "geometry": {"type": "Point", "coordinates": [86.429664, 23.766152]}, "properties": {"subsidence_mm": 936.87, "tilt_deg": 1.35846, "strain_ue": -2.2, "x_offset_m": -75.0, "y_offset_m": 195.0, "source": "NCB_PFM"}}, {"type": "Feature", "geometry": {"type": "Point", "coordinates": [86.429664, 23.766286]}, "properties": {"subsidence_mm": 936.87, "tilt_deg": 1.35846, "strain_ue": -2.2, "x_offset_m": -75.0, "y_offset_m": 210.0, "source": "NCB_PFM"}}, {"type": "Feature", "geometry": {"type": "Point", "coordinates": [86.429664, 23.766421]}, "properties": {"subsidence_mm": 936.87, "tilt_deg": 1.35846, "strain_ue": -2.2, "x_offset_m": -75.0, "y_offset_m": 225.0, "source": "NCB_PFM"}}, {"type": "Feature", "geometry": {"type": "Point", "coordinates": [86.429664, 23.766556]}, "properties": {"subsidence_mm": 936.87, "tilt_deg": 1.35846, "strain_ue": -2.2, "x_offset_m": -75.0, "y_offset_m": 240.0, "source": "NCB_PFM"}}, {"type": "Feature", "geometry": {"type": "Point", "coordinates": [86.429664, 23.766691]}, "properties": {"subsidence_mm": 936.87, "tilt_deg": 1.35846, "strain_ue": -2.2, "x_offset_m": -75.0, "y_offset_m": 255.0, "source": "NCB_PFM"}}, {"type": "Feature", "geometry": {"type": "Point", "coordinates": [86.429664, 23.766825]}, "properties": {"subsidence_mm": 936.87, "tilt_deg": 1.35846, "strain_ue": -2.2, "x_offset_m": -75.0, "y_offset_m": 270.0, "source": "NCB_PFM"}}, {"type": "Feature", "geometry": {"type": "Point", "coordinates": [86.429664, 23.76696]}, "properties": {"subsidence_mm": 936.87, "tilt_deg": 1.35846, "strain_ue": -2.2, "x_offset_m": -75.0, "y_offset_m": 285.0, "source": "NCB_PFM"}}, {"type": "Feature", "geometry": {"type": "Point", "coordinates": [86.429664, 23.767095]}, "properties": {"subsidence_mm": 936.87, "tilt_deg": 1.35846, "strain_ue": -2.2, "x_offset_m": -75.0, "y_offset_m": 300.0, "source": "NCB_PFM"}}, {"type": "Feature", "geometry": {"type": "Point", "coordinates": [86.429811, 23.761705]}, "properties": {"subsidence_mm": 1292.3, "tilt_deg": 1.18421, "strain_ue": -323.83, "x_offset_m": -60.0, "y_offset_m": -300.0, "source": "NCB_PFM"}}, {"type": "Feature", "geometry": {"type": "Point", "coordinates": [86.429811, 23.76184]}, "properties": {"subsidence_mm": 1292.3, "tilt_deg": 1.18421, "strain_ue": -323.83, "x_offset_m": -60.0, "y_offset_m": -285.0, "source": "NCB_PFM"}}, {"type": "Feature", "geometry": {"type": "Point", "coordinates": [86.429811, 23.761975]}, "properties": {"subsidence_mm": 1292.3, "tilt_deg": 1.18421, "strain_ue": -323.83, "x_offset_m": -60.0, "y_offset_m": -270.0, "source": "NCB_PFM"}}, {"type": "Feature", "geometry": {"type": "Point", "coordinates": [86.429811, 23.762109]}, "properties": {"subsidence_mm": 1292.3, "tilt_deg": 1.18421, "strain_ue": -323.83, "x_offset_m": -60.0, "y_offset_m": -255.0, "source": "NCB_PFM"}}, {"type": "Feature", "geometry": {"type": "Point", "coordinates": [86.429811, 23.762244]}, "properties": {"subsidence_mm": 1292.3, "tilt_deg": 1.18421, "strain_ue": -323.83, "x_offset_m": -60.0, "y_offset_m": -240.0, "source": "NCB_PFM"}}, {"type": "Feature", "geometry": {"type": "Point", "coordinates": [86.429811, 23.762379]}, "properties": {"subsidence_mm": 1292.3, "tilt_deg": 1.18421, "strain_ue": -323.83, "x_offset_m": -60.0, "y_offset_m": -225.0, "source": "NCB_PFM"}}, {"type": "Feature", "geometry": {"type": "Point", "coordinates": [86.429811, 23.762514]}, "properties": {"subsidence_mm": 1292.3, "tilt_deg": 1.18421, "strain_ue": -323.83, "x_offset_m": -60.0, "y_offset_m": -210.0, "source": "NCB_PFM"}}, {"type": "Feature", "geometry": {"type": "Point", "coordinates": [86.429811, 23.762648]}, "properties": {"subsidence_mm": 1292.3, "tilt_deg": 1.18421, "strain_ue": -323.83, "x_offset_m": -60.0, "y_offset_m": -195.0, "source": "NCB_PFM"}}, {"type": "Feature", "geometry": {"type": "Point", "coordinates": [86.429811, 23.762783]}, "properties": {"subsidence_mm": 1292.3, "tilt_deg": 1.18421, "strain_ue": -323.83, "x_offset_m": -60.0, "y_offset_m": -180.0, "source": "NCB_PFM"}}, {"type": "Feature", "geometry": {"type": "Point", "coordinates": [86.429811, 23.762918]}, "properties": {"subsidence_mm": 1292.3, "tilt_deg": 1.18421, "strain_ue": -323.83, "x_offset_m": -60.0, "y_offset_m": -165.0, "source": "NCB_PFM"}}, {"type": "Feature", "geometry": {"type": "Point", "coordinates": [86.429811, 23.763053]}, "properties": {"subsidence_mm": 1292.3, "tilt_deg": 1.18421, "strain_ue": -323.83, "x_offset_m": -60.0, "y_offset_m": -150.0, "source": "NCB_PFM"}}, {"type": "Feature", "geometry": {"type": "Point", "coordinates": [86.429811, 23.763187]}, "properties": {"subsidence_mm": 1292.3, "tilt_deg": 1.18421, "strain_ue": -323.83, "x_offset_m": -60.0, "y_offset_m": -135.0, "source": "NCB_PFM"}}, {"type": "Feature", "geometry": {"type": "Point", "coordinates": [86.429811, 23.763322]}, "properties": {"subsidence_mm": 1292.3, "tilt_deg": 1.18421, "strain_ue": -323.83, "x_offset_m": -60.0, "y_offset_m": -120.0, "source": "NCB_PFM"}}, {"type": "Feature", "geometry": {"type": "Point", "coordinates": [86.429811, 23.763457]}, "properties": {"subsidence_mm": 1292.3, "tilt_deg": 1.18421, "strain_ue": -323.83, "x_offset_m": -60.0, "y_offset_m": -105.0, "source": "NCB_PFM"}}, {"type": "Feature", "geometry": {"type": "Point", "coordinates": [86.429811, 23.763592]}, "properties": {"subsidence_mm": 1292.3, "tilt_deg": 1.18421, "strain_ue": -323.83, "x_offset_m": -60.0, "y_offset_m": -90.0, "source": "NCB_PFM"}}, {"type": "Feature", "geometry": {"type": "Point", "coordinates": [86.429811, 23.763726]}, "properties": {"subsidence_mm": 1292.3, "tilt_deg": 1.18421, "strain_ue": -323.83, "x_offset_m": -60.0, "y_offset_m": -75.0, "source": "NCB_PFM"}}, {"type": "Feature", "geometry": {"type": "Point", "coordinates": [86.429811, 23.763861]}, "properties": {"subsidence_mm": 1292.3, "tilt_deg": 1.18421, "strain_ue": -323.83, "x_offset_m": -60.0, "y_offset_m": -60.0, "source": "NCB_PFM"}}, {"type": "Feature", "geometry": {"type": "Point", "coordinates": [86.429811, 23.763996]}, "properties": {"subsidence_mm": 1292.3, "tilt_deg": 1.18421, "strain_ue": -323.83, "x_offset_m": -60.0, "y_offset_m": -45.0, "source": "NCB_PFM"}}, {"type": "Feature", "geometry": {"type": "Point", "coordinates": [86.429811, 23.764131]}, "properties": {"subsidence_mm": 1292.3, "tilt_deg": 1.18421, "strain_ue": -323.83, "x_offset_m": -60.0, "y_offset_m": -30.0, "source": "NCB_PFM"}}, {"type": "Feature", "geometry": {"type": "Point", "coordinates": [86.429811, 23.764265]}, "properties": {"subsidence_mm": 1292.3, "tilt_deg": 1.18421, "strain_ue": -323.83, "x_offset_m": -60.0, "y_offset_m": -15.0, "source": "NCB_PFM"}}, {"type": "Feature", "geometry": {"type": "Point", "coordinates": [86.429811, 23.7644]}, "properties": {"subsidence_mm": 1292.3, "tilt_deg": 1.18421, "strain_ue": -323.83, "x_offset_m": -60.0, "y_offset_m": 0.0, "source": "NCB_PFM"}}, {"type": "Feature", "geometry": {"type": "Point", "coordinates": [86.429811, 23.764535]}, "properties": {"subsidence_mm": 1292.3, "tilt_deg": 1.18421, "strain_ue": -323.83, "x_offset_m": -60.0, "y_offset_m": 15.0, "source": "NCB_PFM"}}, {"type": "Feature", "geometry": {"type": "Point", "coordinates": [86.429811, 23.764669]}, "properties": {"subsidence_mm": 1292.3, "tilt_deg": 1.18421, "strain_ue": -323.83, "x_offset_m": -60.0, "y_offset_m": 30.0, "source": "NCB_PFM"}}, {"type": "Feature", "geometry": {"type": "Point", "coordinates": [86.429811, 23.764804]}, "properties": {"subsidence_mm": 1292.3, "tilt_deg": 1.18421, "strain_ue": -323.83, "x_offset_m": -60.0, "y_offset_m": 45.0, "source": "NCB_PFM"}}, {"type": "Feature", "geometry": {"type": "Point", "coordinates": [86.429811, 23.764939]}, "properties": {"subsidence_mm": 1292.3, "tilt_deg": 1.18421, "strain_ue": -323.83, "x_offset_m": -60.0, "y_offset_m": 60.0, "source": "NCB_PFM"}}, {"type": "Feature", "geometry": {"type": "Point", "coordinates": [86.429811, 23.765074]}, "properties": {"subsidence_mm": 1292.3, "tilt_deg": 1.18421, "strain_ue": -323.83, "x_offset_m": -60.0, "y_offset_m": 75.0, "source": "NCB_PFM"}}, {"type": "Feature", "geometry": {"type": "Point", "coordinates": [86.429811, 23.765208]}, "properties": {"subsidence_mm": 1292.3, "tilt_deg": 1.18421, "strain_ue": -323.83, "x_offset_m": -60.0, "y_offset_m": 90.0, "source": "NCB_PFM"}}, {"type": "Feature", "geometry": {"type": "Point", "coordinates": [86.429811, 23.765343]}, "properties": {"subsidence_mm": 1292.3, "tilt_deg": 1.18421, "strain_ue": -323.83, "x_offset_m": -60.0, "y_offset_m": 105.0, "source": "NCB_PFM"}}, {"type": "Feature", "geometry": {"type": "Point", "coordinates": [86.429811, 23.765478]}, "properties": {"subsidence_mm": 1292.3, "tilt_deg": 1.18421, "strain_ue": -323.83, "x_offset_m": -60.0, "y_offset_m": 120.0, "source": "NCB_PFM"}}, {"type": "Feature", "geometry": {"type": "Point", "coordinates": [86.429811, 23.765613]}, "properties": {"subsidence_mm": 1292.3, "tilt_deg": 1.18421, "strain_ue": -323.83, "x_offset_m": -60.0, "y_offset_m": 135.0, "source": "NCB_PFM"}}, {"type": "Feature", "geometry": {"type": "Point", "coordinates": [86.429811, 23.765747]}, "properties": {"subsidence_mm": 1292.3, "tilt_deg": 1.18421, "strain_ue": -323.83, "x_offset_m": -60.0, "y_offset_m": 150.0, "source": "NCB_PFM"}}, {"type": "Feature", "geometry": {"type": "Point", "coordinates": [86.429811, 23.765882]}, "properties": {"subsidence_mm": 1292.3, "tilt_deg": 1.18421, "strain_ue": -323.83, "x_offset_m": -60.0, "y_offset_m": 165.0, "source": "NCB_PFM"}}, {"type": "Feature", "geometry": {"type": "Point", "coordinates": [86.429811, 23.766017]}, "properties": {"subsidence_mm": 1292.3, "tilt_deg": 1.18421, "strain_ue": -323.83, "x_offset_m": -60.0, "y_offset_m": 180.0, "source": "NCB_PFM"}}, {"type": "Feature", "geometry": {"type": "Point", "coordinates": [86.429811, 23.766152]}, "properties": {"subsidence_mm": 1292.3, "tilt_deg": 1.18421, "strain_ue": -323.83, "x_offset_m": -60.0, "y_offset_m": 195.0, "source": "NCB_PFM"}}, {"type": "Feature", "geometry": {"type": "Point", "coordinates": [86.429811, 23.766286]}, "properties": {"subsidence_mm": 1292.3, "tilt_deg": 1.18421, "strain_ue": -323.83, "x_offset_m": -60.0, "y_offset_m": 210.0, "source": "NCB_PFM"}}, {"type": "Feature", "geometry": {"type": "Point", "coordinates": [86.429811, 23.766421]}, "properties": {"subsidence_mm": 1292.3, "tilt_deg": 1.18421, "strain_ue": -323.83, "x_offset_m": -60.0, "y_offset_m": 225.0, "source": "NCB_PFM"}}, {"type": "Feature", "geometry": {"type": "Point", "coordinates": [86.429811, 23.766556]}, "properties": {"subsidence_mm": 1292.3, "tilt_deg": 1.18421, "strain_ue": -323.83, "x_offset_m": -60.0, "y_offset_m": 240.0, "source": "NCB_PFM"}}, {"type": "Feature", "geometry": {"type": "Point", "coordinates": [86.429811, 23.766691]}, "properties": {"subsidence_mm": 1292.3, "tilt_deg": 1.18421, "strain_ue": -323.83, "x_offset_m": -60.0, "y_offset_m": 255.0, "source": "NCB_PFM"}}, {"type": "Feature", "geometry": {"type": "Point", "coordinates": [86.429811, 23.766825]}, "properties": {"subsidence_mm": 1292.3, "tilt_deg": 1.18421, "strain_ue": -323.83, "x_offset_m": -60.0, "y_offset_m": 270.0, "source": "NCB_PFM"}}, {"type": "Feature", "geometry": {"type": "Point", "coordinates": [86.429811, 23.76696]}, "properties": {"subsidence_mm": 1292.3, "tilt_deg": 1.18421, "strain_ue": -323.83, "x_offset_m": -60.0, "y_offset_m": 285.0, "source": "NCB_PFM"}}, {"type": "Feature", "geometry": {"type": "Point", "coordinates": [86.429811, 23.767095]}, "properties": {"subsidence_mm": 1292.3, "tilt_deg": 1.18421, "strain_ue": -323.83, "x_offset_m": -60.0, "y_offset_m": 300.0, "source": "NCB_PFM"}}, {"type": "Feature", "geometry": {"type": "Point", "coordinates": [86.429958, 23.761705]}, "properties": {"subsidence_mm": 1556.92, "tilt_deg": 0.80184, "strain_ue": -434.13, "x_offset_m": -45.0, "y_offset_m": -300.0, "source": "NCB_PFM"}}, {"type": "Feature", "geometry": {"type": "Point", "coordinates": [86.429958, 23.76184]}, "properties": {"subsidence_mm": 1556.92, "tilt_deg": 0.80184, "strain_ue": -434.13, "x_offset_m": -45.0, "y_offset_m": -285.0, "source": "NCB_PFM"}}, {"type": "Feature", "geometry": {"type": "Point", "coordinates": [86.429958, 23.761975]}, "properties": {"subsidence_mm": 1556.92, "tilt_deg": 0.80184, "strain_ue": -434.13, "x_offset_m": -45.0, "y_offset_m": -270.0, "source": "NCB_PFM"}}, {"type": "Feature", "geometry": {"type": "Point", "coordinates": [86.429958, 23.762109]}, "properties": {"subsidence_mm": 1556.92, "tilt_deg": 0.80184, "strain_ue": -434.13, "x_offset_m": -45.0, "y_offset_m": -255.0, "source": "NCB_PFM"}}, {"type": "Feature", "geometry": {"type": "Point", "coordinates": [86.429958, 23.762244]}, "properties": {"subsidence_mm": 1556.92, "tilt_deg": 0.80184, "strain_ue": -434.13, "x_offset_m": -45.0, "y_offset_m": -240.0, "source": "NCB_PFM"}}, {"type": "Feature", "geometry": {"type": "Point", "coordinates": [86.429958, 23.762379]}, "properties": {"subsidence_mm": 1556.92, "tilt_deg": 0.80184, "strain_ue": -434.13, "x_offset_m": -45.0, "y_offset_m": -225.0, "source": "NCB_PFM"}}, {"type": "Feature", "geometry": {"type": "Point", "coordinates": [86.429958, 23.762514]}, "properties": {"subsidence_mm": 1556.92, "tilt_deg": 0.80184, "strain_ue": -434.13, "x_offset_m": -45.0, "y_offset_m": -210.0, "source": "NCB_PFM"}}, {"type": "Feature", "geometry": {"type": "Point", "coordinates": [86.429958, 23.762648]}, "properties": {"subsidence_mm": 1556.92, "tilt_deg": 0.80184, "strain_ue": -434.13, "x_offset_m": -45.0, "y_offset_m": -195.0, "source": "NCB_PFM"}}, {"type": "Feature", "geometry": {"type": "Point", "coordinates": [86.429958, 23.762783]}, "properties": {"subsidence_mm": 1556.92, "tilt_deg": 0.80184, "strain_ue": -434.13, "x_offset_m": -45.0, "y_offset_m": -180.0, "source": "NCB_PFM"}}, {"type": "Feature", "geometry": {"type": "Point", "coordinates": [86.429958, 23.762918]}, "properties": {"subsidence_mm": 1556.92, "tilt_deg": 0.80184, "strain_ue": -434.13, "x_offset_m": -45.0, "y_offset_m": -165.0, "source": "NCB_PFM"}}, {"type": "Feature", "geometry": {"type": "Point", "coordinates": [86.429958, 23.763053]}, "properties": {"subsidence_mm": 1556.92, "tilt_deg": 0.80184, "strain_ue": -434.13, "x_offset_m": -45.0, "y_offset_m": -150.0, "source": "NCB_PFM"}}, {"type": "Feature", "geometry": {"type": "Point", "coordinates": [86.429958, 23.763187]}, "properties": {"subsidence_mm": 1556.92, "tilt_deg": 0.80184, "strain_ue": -434.13, "x_offset_m": -45.0, "y_offset_m": -135.0, "source": "NCB_PFM"}}, {"type": "Feature", "geometry": {"type": "Point", "coordinates": [86.429958, 23.763322]}, "properties": {"subsidence_mm": 1556.92, "tilt_deg": 0.80184, "strain_ue": -434.13, "x_offset_m": -45.0, "y_offset_m": -120.0, "source": "NCB_PFM"}}, {"type": "Feature", "geometry": {"type": "Point", "coordinates": [86.429958, 23.763457]}, "properties": {"subsidence_mm": 1556.92, "tilt_deg": 0.80184, "strain_ue": -434.13, "x_offset_m": -45.0, "y_offset_m": -105.0, "source": "NCB_PFM"}}, {"type": "Feature", "geometry": {"type": "Point", "coordinates": [86.429958, 23.763592]}, "properties": {"subsidence_mm": 1556.92, "tilt_deg": 0.80184, "strain_ue": -434.13, "x_offset_m": -45.0, "y_offset_m": -90.0, "source": "NCB_PFM"}}, {"type": "Feature", "geometry": {"type": "Point", "coordinates": [86.429958, 23.763726]}, "properties": {"subsidence_mm": 1556.92, "tilt_deg": 0.80184, "strain_ue": -434.13, "x_offset_m": -45.0, "y_offset_m": -75.0, "source": "NCB_PFM"}}, {"type": "Feature", "geometry": {"type": "Point", "coordinates": [86.429958, 23.763861]}, "properties": {"subsidence_mm": 1556.92, "tilt_deg": 0.80184, "strain_ue": -434.13, "x_offset_m": -45.0, "y_offset_m": -60.0, "source": "NCB_PFM"}}, {"type": "Feature", "geometry": {"type": "Point", "coordinates": [86.429958, 23.763996]}, "properties": {"subsidence_mm": 1556.92, "tilt_deg": 0.80184, "strain_ue": -434.13, "x_offset_m": -45.0, "y_offset_m": -45.0, "source": "NCB_PFM"}}, {"type": "Feature", "geometry": {"type": "Point", "coordinates": [86.429958, 23.764131]}, "properties": {"subsidence_mm": 1556.92, "tilt_deg": 0.80184, "strain_ue": -434.13, "x_offset_m": -45.0, "y_offset_m": -30.0, "source": "NCB_PFM"}}, {"type": "Feature", "geometry": {"type": "Point", "coordinates": [86.429958, 23.764265]}, "properties": {"subsidence_mm": 1556.92, "tilt_deg": 0.80184, "strain_ue": -434.13, "x_offset_m": -45.0, "y_offset_m": -15.0, "source": "NCB_PFM"}}, {"type": "Feature", "geometry": {"type": "Point", "coordinates": [86.429958, 23.7644]}, "properties": {"subsidence_mm": 1556.92, "tilt_deg": 0.80184, "strain_ue": -434.13, "x_offset_m": -45.0, "y_offset_m": 0.0, "source": "NCB_PFM"}}, {"type": "Feature", "geometry": {"type": "Point", "coordinates": [86.429958, 23.764535]}, "properties": {"subsidence_mm": 1556.92, "tilt_deg": 0.80184, "strain_ue": -434.13, "x_offset_m": -45.0, "y_offset_m": 15.0, "source": "NCB_PFM"}}, {"type": "Feature", "geometry": {"type": "Point", "coordinates": [86.429958, 23.764669]}, "properties": {"subsidence_mm": 1556.92, "tilt_deg": 0.80184, "strain_ue": -434.13, "x_offset_m": -45.0, "y_offset_m": 30.0, "source": "NCB_PFM"}}, {"type": "Feature", "geometry": {"type": "Point", "coordinates": [86.429958, 23.764804]}, "properties": {"subsidence_mm": 1556.92, "tilt_deg": 0.80184, "strain_ue": -434.13, "x_offset_m": -45.0, "y_offset_m": 45.0, "source": "NCB_PFM"}}, {"type": "Feature", "geometry": {"type": "Point", "coordinates": [86.429958, 23.764939]}, "properties": {"subsidence_mm": 1556.92, "tilt_deg": 0.80184, "strain_ue": -434.13, "x_offset_m": -45.0, "y_offset_m": 60.0, "source": "NCB_PFM"}}, {"type": "Feature", "geometry": {"type": "Point", "coordinates": [86.429958, 23.765074]}, "properties": {"subsidence_mm": 1556.92, "tilt_deg": 0.80184, "strain_ue": -434.13, "x_offset_m": -45.0, "y_offset_m": 75.0, "source": "NCB_PFM"}}, {"type": "Feature", "geometry": {"type": "Point", "coordinates": [86.429958, 23.765208]}, "properties": {"subsidence_mm": 1556.92, "tilt_deg": 0.80184, "strain_ue": -434.13, "x_offset_m": -45.0, "y_offset_m": 90.0, "source": "NCB_PFM"}}, {"type": "Feature", "geometry": {"type": "Point", "coordinates": [86.429958, 23.765343]}, "properties": {"subsidence_mm": 1556.92, "tilt_deg": 0.80184, "strain_ue": -434.13, "x_offset_m": -45.0, "y_offset_m": 105.0, "source": "NCB_PFM"}}, {"type": "Feature", "geometry": {"type": "Point", "coordinates": [86.429958, 23.765478]}, "properties": {"subsidence_mm": 1556.92, "tilt_deg": 0.80184, "strain_ue": -434.13, "x_offset_m": -45.0, "y_offset_m": 120.0, "source": "NCB_PFM"}}, {"type": "Feature", "geometry": {"type": "Point", "coordinates": [86.429958, 23.765613]}, "properties": {"subsidence_mm": 1556.92, "tilt_deg": 0.80184, "strain_ue": -434.13, "x_offset_m": -45.0, "y_offset_m": 135.0, "source": "NCB_PFM"}}, {"type": "Feature", "geometry": {"type": "Point", "coordinates": [86.429958, 23.765747]}, "properties": {"subsidence_mm": 1556.92, "tilt_deg": 0.80184, "strain_ue": -434.13, "x_offset_m": -45.0, "y_offset_m": 150.0, "source": "NCB_PFM"}}, {"type": "Feature", "geometry": {"type": "Point", "coordinates": [86.429958, 23.765882]}, "properties": {"subsidence_mm": 1556.92, "tilt_deg": 0.80184, "strain_ue": -434.13, "x_offset_m": -45.0, "y_offset_m": 165.0, "source": "NCB_PFM"}}, {"type": "Feature", "geometry": {"type": "Point", "coordinates": [86.429958, 23.766017]}, "properties": {"subsidence_mm": 1556.92, "tilt_deg": 0.80184, "strain_ue": -434.13, "x_offset_m": -45.0, "y_offset_m": 180.0, "source": "NCB_PFM"}}, {"type": "Feature", "geometry": {"type": "Point", "coordinates": [86.429958, 23.766152]}, "properties": {"subsidence_mm": 1556.92, "tilt_deg": 0.80184, "strain_ue": -434.13, "x_offset_m": -45.0, "y_offset_m": 195.0, "source": "NCB_PFM"}}, {"type": "Feature", "geometry": {"type": "Point", "coordinates": [86.429958, 23.766286]}, "properties": {"subsidence_mm": 1556.92, "tilt_deg": 0.80184, "strain_ue": -434.13, "x_offset_m": -45.0, "y_offset_m": 210.0, "source": "NCB_PFM"}}, {"type": "Feature", "geometry": {"type": "Point", "coordinates": [86.429958, 23.766421]}, "properties": {"subsidence_mm": 1556.92, "tilt_deg": 0.80184, "strain_ue": -434.13, "x_offset_m": -45.0, "y_offset_m": 225.0, "source": "NCB_PFM"}}, {"type": "Feature", "geometry": {"type": "Point", "coordinates": [86.429958, 23.766556]}, "properties": {"subsidence_mm": 1556.92, "tilt_deg": 0.80184, "strain_ue": -434.13, "x_offset_m": -45.0, "y_offset_m": 240.0, "source": "NCB_PFM"}}, {"type": "Feature", "geometry": {"type": "Point", "coordinates": [86.429958, 23.766691]}, "properties": {"subsidence_mm": 1556.92, "tilt_deg": 0.80184, "strain_ue": -434.13, "x_offset_m": -45.0, "y_offset_m": 255.0, "source": "NCB_PFM"}}, {"type": "Feature", "geometry": {"type": "Point", "coordinates": [86.429958, 23.766825]}, "properties": {"subsidence_mm": 1556.92, "tilt_deg": 0.80184, "strain_ue": -434.13, "x_offset_m": -45.0, "y_offset_m": 270.0, "source": "NCB_PFM"}}, {"type": "Feature", "geometry": {"type": "Point", "coordinates": [86.429958, 23.76696]}, "properties": {"subsidence_mm": 1556.92, "tilt_deg": 0.80184, "strain_ue": -434.13, "x_offset_m": -45.0, "y_offset_m": 285.0, "source": "NCB_PFM"}}, {"type": "Feature", "geometry": {"type": "Point", "coordinates": [86.429958, 23.767095]}, "properties": {"subsidence_mm": 1556.92, "tilt_deg": 0.80184, "strain_ue": -434.13, "x_offset_m": -45.0, "y_offset_m": 300.0, "source": "NCB_PFM"}}, {"type": "Feature", "geometry": {"type": "Point", "coordinates": [86.430106, 23.761705]}, "properties": {"subsidence_mm": 1712.14, "tilt_deg": 0.438, "strain_ue": -360.48, "x_offset_m": -30.0, "y_offset_m": -300.0, "source": "NCB_PFM"}}, {"type": "Feature", "geometry": {"type": "Point", "coordinates": [86.430106, 23.76184]}, "properties": {"subsidence_mm": 1712.14, "tilt_deg": 0.438, "strain_ue": -360.48, "x_offset_m": -30.0, "y_offset_m": -285.0, "source": "NCB_PFM"}}, {"type": "Feature", "geometry": {"type": "Point", "coordinates": [86.430106, 23.761975]}, "properties": {"subsidence_mm": 1712.14, "tilt_deg": 0.438, "strain_ue": -360.48, "x_offset_m": -30.0, "y_offset_m": -270.0, "source": "NCB_PFM"}}, {"type": "Feature", "geometry": {"type": "Point", "coordinates": [86.430106, 23.762109]}, "properties": {"subsidence_mm": 1712.14, "tilt_deg": 0.438, "strain_ue": -360.48, "x_offset_m": -30.0, "y_offset_m": -255.0, "source": "NCB_PFM"}}, {"type": "Feature", "geometry": {"type": "Point", "coordinates": [86.430106, 23.762244]}, "properties": {"subsidence_mm": 1712.14, "tilt_deg": 0.438, "strain_ue": -360.48, "x_offset_m": -30.0, "y_offset_m": -240.0, "source": "NCB_PFM"}}, {"type": "Feature", "geometry": {"type": "Point", "coordinates": [86.430106, 23.762379]}, "properties": {"subsidence_mm": 1712.14, "tilt_deg": 0.438, "strain_ue": -360.48, "x_offset_m": -30.0, "y_offset_m": -225.0, "source": "NCB_PFM"}}, {"type": "Feature", "geometry": {"type": "Point", "coordinates": [86.430106, 23.762514]}, "properties": {"subsidence_mm": 1712.14, "tilt_deg": 0.438, "strain_ue": -360.48, "x_offset_m": -30.0, "y_offset_m": -210.0, "source": "NCB_PFM"}}, {"type": "Feature", "geometry": {"type": "Point", "coordinates": [86.430106, 23.762648]}, "properties": {"subsidence_mm": 1712.14, "tilt_deg": 0.438, "strain_ue": -360.48, "x_offset_m": -30.0, "y_offset_m": -195.0, "source": "NCB_PFM"}}, {"type": "Feature", "geometry": {"type": "Point", "coordinates": [86.430106, 23.762783]}, "properties": {"subsidence_mm": 1712.14, "tilt_deg": 0.438, "strain_ue": -360.48, "x_offset_m": -30.0, "y_offset_m": -180.0, "source": "NCB_PFM"}}, {"type": "Feature", "geometry": {"type": "Point", "coordinates": [86.430106, 23.762918]}, "properties": {"subsidence_mm": 1712.14, "tilt_deg": 0.438, "strain_ue": -360.48, "x_offset_m": -30.0, "y_offset_m": -165.0, "source": "NCB_PFM"}}, {"type": "Feature", "geometry": {"type": "Point", "coordinates": [86.430106, 23.763053]}, "properties": {"subsidence_mm": 1712.14, "tilt_deg": 0.438, "strain_ue": -360.48, "x_offset_m": -30.0, "y_offset_m": -150.0, "source": "NCB_PFM"}}, {"type": "Feature", "geometry": {"type": "Point", "coordinates": [86.430106, 23.763187]}, "properties": {"subsidence_mm": 1712.14, "tilt_deg": 0.438, "strain_ue": -360.48, "x_offset_m": -30.0, "y_offset_m": -135.0, "source": "NCB_PFM"}}, {"type": "Feature", "geometry": {"type": "Point", "coordinates": [86.430106, 23.763322]}, "properties": {"subsidence_mm": 1712.14, "tilt_deg": 0.438, "strain_ue": -360.48, "x_offset_m": -30.0, "y_offset_m": -120.0, "source": "NCB_PFM"}}, {"type": "Feature", "geometry": {"type": "Point", "coordinates": [86.430106, 23.763457]}, "properties": {"subsidence_mm": 1712.14, "tilt_deg": 0.438, "strain_ue": -360.48, "x_offset_m": -30.0, "y_offset_m": -105.0, "source": "NCB_PFM"}}, {"type": "Feature", "geometry": {"type": "Point", "coordinates": [86.430106, 23.763592]}, "properties": {"subsidence_mm": 1712.14, "tilt_deg": 0.438, "strain_ue": -360.48, "x_offset_m": -30.0, "y_offset_m": -90.0, "source": "NCB_PFM"}}, {"type": "Feature", "geometry": {"type": "Point", "coordinates": [86.430106, 23.763726]}, "properties": {"subsidence_mm": 1712.14, "tilt_deg": 0.438, "strain_ue": -360.48, "x_offset_m": -30.0, "y_offset_m": -75.0, "source": "NCB_PFM"}}, {"type": "Feature", "geometry": {"type": "Point", "coordinates": [86.430106, 23.763861]}, "properties": {"subsidence_mm": 1712.14, "tilt_deg": 0.438, "strain_ue": -360.48, "x_offset_m": -30.0, "y_offset_m": -60.0, "source": "NCB_PFM"}}, {"type": "Feature", "geometry": {"type": "Point", "coordinates": [86.430106, 23.763996]}, "properties": {"subsidence_mm": 1712.14, "tilt_deg": 0.438, "strain_ue": -360.48, "x_offset_m": -30.0, "y_offset_m": -45.0, "source": "NCB_PFM"}}, {"type": "Feature", "geometry": {"type": "Point", "coordinates": [86.430106, 23.764131]}, "properties": {"subsidence_mm": 1712.14, "tilt_deg": 0.438, "strain_ue": -360.48, "x_offset_m": -30.0, "y_offset_m": -30.0, "source": "NCB_PFM"}}, {"type": "Feature", "geometry": {"type": "Point", "coordinates": [86.430106, 23.764265]}, "properties": {"subsidence_mm": 1712.14, "tilt_deg": 0.438, "strain_ue": -360.48, "x_offset_m": -30.0, "y_offset_m": -15.0, "source": "NCB_PFM"}}, {"type": "Feature", "geometry": {"type": "Point", "coordinates": [86.430106, 23.7644]}, "properties": {"subsidence_mm": 1712.14, "tilt_deg": 0.438, "strain_ue": -360.48, "x_offset_m": -30.0, "y_offset_m": 0.0, "source": "NCB_PFM"}}, {"type": "Feature", "geometry": {"type": "Point", "coordinates": [86.430106, 23.764535]}, "properties": {"subsidence_mm": 1712.14, "tilt_deg": 0.438, "strain_ue": -360.48, "x_offset_m": -30.0, "y_offset_m": 15.0, "source": "NCB_PFM"}}, {"type": "Feature", "geometry": {"type": "Point", "coordinates": [86.430106, 23.764669]}, "properties": {"subsidence_mm": 1712.14, "tilt_deg": 0.438, "strain_ue": -360.48, "x_offset_m": -30.0, "y_offset_m": 30.0, "source": "NCB_PFM"}}, {"type": "Feature", "geometry": {"type": "Point", "coordinates": [86.430106, 23.764804]}, "properties": {"subsidence_mm": 1712.14, "tilt_deg": 0.438, "strain_ue": -360.48, "x_offset_m": -30.0, "y_offset_m": 45.0, "source": "NCB_PFM"}}, {"type": "Feature", "geometry": {"type": "Point", "coordinates": [86.430106, 23.764939]}, "properties": {"subsidence_mm": 1712.14, "tilt_deg": 0.438, "strain_ue": -360.48, "x_offset_m": -30.0, "y_offset_m": 60.0, "source": "NCB_PFM"}}, {"type": "Feature", "geometry": {"type": "Point", "coordinates": [86.430106, 23.765074]}, "properties": {"subsidence_mm": 1712.14, "tilt_deg": 0.438, "strain_ue": -360.48, "x_offset_m": -30.0, "y_offset_m": 75.0, "source": "NCB_PFM"}}, {"type": "Feature", "geometry": {"type": "Point", "coordinates": [86.430106, 23.765208]}, "properties": {"subsidence_mm": 1712.14, "tilt_deg": 0.438, "strain_ue": -360.48, "x_offset_m": -30.0, "y_offset_m": 90.0, "source": "NCB_PFM"}}, {"type": "Feature", "geometry": {"type": "Point", "coordinates": [86.430106, 23.765343]}, "properties": {"subsidence_mm": 1712.14, "tilt_deg": 0.438, "strain_ue": -360.48, "x_offset_m": -30.0, "y_offset_m": 105.0, "source": "NCB_PFM"}}, {"type": "Feature", "geometry": {"type": "Point", "coordinates": [86.430106, 23.765478]}, "properties": {"subsidence_mm": 1712.14, "tilt_deg": 0.438, "strain_ue": -360.48, "x_offset_m": -30.0, "y_offset_m": 120.0, "source": "NCB_PFM"}}, {"type": "Feature", "geometry": {"type": "Point", "coordinates": [86.430106, 23.765613]}, "properties": {"subsidence_mm": 1712.14, "tilt_deg": 0.438, "strain_ue": -360.48, "x_offset_m": -30.0, "y_offset_m": 135.0, "source": "NCB_PFM"}}, {"type": "Feature", "geometry": {"type": "Point", "coordinates": [86.430106, 23.765747]}, "properties": {"subsidence_mm": 1712.14, "tilt_deg": 0.438, "strain_ue": -360.48, "x_offset_m": -30.0, "y_offset_m": 150.0, "source": "NCB_PFM"}}, {"type": "Feature", "geometry": {"type": "Point", "coordinates": [86.430106, 23.765882]}, "properties": {"subsidence_mm": 1712.14, "tilt_deg": 0.438, "strain_ue": -360.48, "x_offset_m": -30.0, "y_offset_m": 165.0, "source": "NCB_PFM"}}, {"type": "Feature", "geometry": {"type": "Point", "coordinates": [86.430106, 23.766017]}, "properties": {"subsidence_mm": 1712.14, "tilt_deg": 0.438, "strain_ue": -360.48, "x_offset_m": -30.0, "y_offset_m": 180.0, "source": "NCB_PFM"}}, {"type": "Feature", "geometry": {"type": "Point", "coordinates": [86.430106, 23.766152]}, "properties": {"subsidence_mm": 1712.14, "tilt_deg": 0.438, "strain_ue": -360.48, "x_offset_m": -30.0, "y_offset_m": 195.0, "source": "NCB_PFM"}}, {"type": "Feature", "geometry": {"type": "Point", "coordinates": [86.430106, 23.766286]}, "properties": {"subsidence_mm": 1712.14, "tilt_deg": 0.438, "strain_ue": -360.48, "x_offset_m": -30.0, "y_offset_m": 210.0, "source": "NCB_PFM"}}, {"type": "Feature", "geometry": {"type": "Point", "coordinates": [86.430106, 23.766421]}, "properties": {"subsidence_mm": 1712.14, "tilt_deg": 0.438, "strain_ue": -360.48, "x_offset_m": -30.0, "y_offset_m": 225.0, "source": "NCB_PFM"}}, {"type": "Feature", "geometry": {"type": "Point", "coordinates": [86.430106, 23.766556]}, "properties": {"subsidence_mm": 1712.14, "tilt_deg": 0.438, "strain_ue": -360.48, "x_offset_m": -30.0, "y_offset_m": 240.0, "source": "NCB_PFM"}}, {"type": "Feature", "geometry": {"type": "Point", "coordinates": [86.430106, 23.766691]}, "properties": {"subsidence_mm": 1712.14, "tilt_deg": 0.438, "strain_ue": -360.48, "x_offset_m": -30.0, "y_offset_m": 255.0, "source": "NCB_PFM"}}, {"type": "Feature", "geometry": {"type": "Point", "coordinates": [86.430106, 23.766825]}, "properties": {"subsidence_mm": 1712.14, "tilt_deg": 0.438, "strain_ue": -360.48, "x_offset_m": -30.0, "y_offset_m": 270.0, "source": "NCB_PFM"}}, {"type": "Feature", "geometry": {"type": "Point", "coordinates": [86.430106, 23.76696]}, "properties": {"subsidence_mm": 1712.14, "tilt_deg": 0.438, "strain_ue": -360.48, "x_offset_m": -30.0, "y_offset_m": 285.0, "source": "NCB_PFM"}}, {"type": "Feature", "geometry": {"type": "Point", "coordinates": [86.430106, 23.767095]}, "properties": {"subsidence_mm": 1712.14, "tilt_deg": 0.438, "strain_ue": -360.48, "x_offset_m": -30.0, "y_offset_m": 300.0, "source": "NCB_PFM"}}, {"type": "Feature", "geometry": {"type": "Point", "coordinates": [86.430253, 23.761705]}, "properties": {"subsidence_mm": 1786.26, "tilt_deg": 0.18222, "strain_ue": -254.82, "x_offset_m": -15.0, "y_offset_m": -300.0, "source": "NCB_PFM"}}, {"type": "Feature", "geometry": {"type": "Point", "coordinates": [86.430253, 23.76184]}, "properties": {"subsidence_mm": 1786.26, "tilt_deg": 0.18222, "strain_ue": -254.82, "x_offset_m": -15.0, "y_offset_m": -285.0, "source": "NCB_PFM"}}, {"type": "Feature", "geometry": {"type": "Point", "coordinates": [86.430253, 23.761975]}, "properties": {"subsidence_mm": 1786.26, "tilt_deg": 0.18222, "strain_ue": -254.82, "x_offset_m": -15.0, "y_offset_m": -270.0, "source": "NCB_PFM"}}, {"type": "Feature", "geometry": {"type": "Point", "coordinates": [86.430253, 23.762109]}, "properties": {"subsidence_mm": 1786.26, "tilt_deg": 0.18222, "strain_ue": -254.82, "x_offset_m": -15.0, "y_offset_m": -255.0, "source": "NCB_PFM"}}, {"type": "Feature", "geometry": {"type": "Point", "coordinates": [86.430253, 23.762244]}, "properties": {"subsidence_mm": 1786.26, "tilt_deg": 0.18222, "strain_ue": -254.82, "x_offset_m": -15.0, "y_offset_m": -240.0, "source": "NCB_PFM"}}, {"type": "Feature", "geometry": {"type": "Point", "coordinates": [86.430253, 23.762379]}, "properties": {"subsidence_mm": 1786.26, "tilt_deg": 0.18222, "strain_ue": -254.82, "x_offset_m": -15.0, "y_offset_m": -225.0, "source": "NCB_PFM"}}, {"type": "Feature", "geometry": {"type": "Point", "coordinates": [86.430253, 23.762514]}, "properties": {"subsidence_mm": 1786.26, "tilt_deg": 0.18222, "strain_ue": -254.82, "x_offset_m": -15.0, "y_offset_m": -210.0, "source": "NCB_PFM"}}, {"type": "Feature", "geometry": {"type": "Point", "coordinates": [86.430253, 23.762648]}, "properties": {"subsidence_mm": 1786.26, "tilt_deg": 0.18222, "strain_ue": -254.82, "x_offset_m": -15.0, "y_offset_m": -195.0, "source": "NCB_PFM"}}, {"type": "Feature", "geometry": {"type": "Point", "coordinates": [86.430253, 23.762783]}, "properties": {"subsidence_mm": 1786.26, "tilt_deg": 0.18222, "strain_ue": -254.82, "x_offset_m": -15.0, "y_offset_m": -180.0, "source": "NCB_PFM"}}, {"type": "Feature", "geometry": {"type": "Point", "coordinates": [86.430253, 23.762918]}, "properties": {"subsidence_mm": 1786.26, "tilt_deg": 0.18222, "strain_ue": -254.82, "x_offset_m": -15.0, "y_offset_m": -165.0, "source": "NCB_PFM"}}, {"type": "Feature", "geometry": {"type": "Point", "coordinates": [86.430253, 23.763053]}, "properties": {"subsidence_mm": 1786.26, "tilt_deg": 0.18222, "strain_ue": -254.82, "x_offset_m": -15.0, "y_offset_m": -150.0, "source": "NCB_PFM"}}, {"type": "Feature", "geometry": {"type": "Point", "coordinates": [86.430253, 23.763187]}, "properties": {"subsidence_mm": 1786.26, "tilt_deg": 0.18222, "strain_ue": -254.82, "x_offset_m": -15.0, "y_offset_m": -135.0, "source": "NCB_PFM"}}, {"type": "Feature", "geometry": {"type": "Point", "coordinates": [86.430253, 23.763322]}, "properties": {"subsidence_mm": 1786.26, "tilt_deg": 0.18222, "strain_ue": -254.82, "x_offset_m": -15.0, "y_offset_m": -120.0, "source": "NCB_PFM"}}, {"type": "Feature", "geometry": {"type": "Point", "coordinates": [86.430253, 23.763457]}, "properties": {"subsidence_mm": 1786.26, "tilt_deg": 0.18222, "strain_ue": -254.82, "x_offset_m": -15.0, "y_offset_m": -105.0, "source": "NCB_PFM"}}, {"type": "Feature", "geometry": {"type": "Point", "coordinates": [86.430253, 23.763592]}, "properties": {"subsidence_mm": 1786.26, "tilt_deg": 0.18222, "strain_ue": -254.82, "x_offset_m": -15.0, "y_offset_m": -90.0, "source": "NCB_PFM"}}, {"type": "Feature", "geometry": {"type": "Point", "coordinates": [86.430253, 23.763726]}, "properties": {"subsidence_mm": 1786.26, "tilt_deg": 0.18222, "strain_ue": -254.82, "x_offset_m": -15.0, "y_offset_m": -75.0, "source": "NCB_PFM"}}, {"type": "Feature", "geometry": {"type": "Point", "coordinates": [86.430253, 23.763861]}, "properties": {"subsidence_mm": 1786.26, "tilt_deg": 0.18222, "strain_ue": -254.82, "x_offset_m": -15.0, "y_offset_m": -60.0, "source": "NCB_PFM"}}, {"type": "Feature", "geometry": {"type": "Point", "coordinates": [86.430253, 23.763996]}, "properties": {"subsidence_mm": 1786.26, "tilt_deg": 0.18222, "strain_ue": -254.82, "x_offset_m": -15.0, "y_offset_m": -45.0, "source": "NCB_PFM"}}, {"type": "Feature", "geometry": {"type": "Point", "coordinates": [86.430253, 23.764131]}, "properties": {"subsidence_mm": 1786.26, "tilt_deg": 0.18222, "strain_ue": -254.82, "x_offset_m": -15.0, "y_offset_m": -30.0, "source": "NCB_PFM"}}, {"type": "Feature", "geometry": {"type": "Point", "coordinates": [86.430253, 23.764265]}, "properties": {"subsidence_mm": 1786.26, "tilt_deg": 0.18222, "strain_ue": -254.82, "x_offset_m": -15.0, "y_offset_m": -15.0, "source": "NCB_PFM"}}, {"type": "Feature", "geometry": {"type": "Point", "coordinates": [86.430253, 23.7644]}, "properties": {"subsidence_mm": 1786.26, "tilt_deg": 0.18222, "strain_ue": -254.82, "x_offset_m": -15.0, "y_offset_m": 0.0, "source": "NCB_PFM"}}, {"type": "Feature", "geometry": {"type": "Point", "coordinates": [86.430253, 23.764535]}, "properties": {"subsidence_mm": 1786.26, "tilt_deg": 0.18222, "strain_ue": -254.82, "x_offset_m": -15.0, "y_offset_m": 15.0, "source": "NCB_PFM"}}, {"type": "Feature", "geometry": {"type": "Point", "coordinates": [86.430253, 23.764669]}, "properties": {"subsidence_mm": 1786.26, "tilt_deg": 0.18222, "strain_ue": -254.82, "x_offset_m": -15.0, "y_offset_m": 30.0, "source": "NCB_PFM"}}, {"type": "Feature", "geometry": {"type": "Point", "coordinates": [86.430253, 23.764804]}, "properties": {"subsidence_mm": 1786.26, "tilt_deg": 0.18222, "strain_ue": -254.82, "x_offset_m": -15.0, "y_offset_m": 45.0, "source": "NCB_PFM"}}, {"type": "Feature", "geometry": {"type": "Point", "coordinates": [86.430253, 23.764939]}, "properties": {"subsidence_mm": 1786.26, "tilt_deg": 0.18222, "strain_ue": -254.82, "x_offset_m": -15.0, "y_offset_m": 60.0, "source": "NCB_PFM"}}, {"type": "Feature", "geometry": {"type": "Point", "coordinates": [86.430253, 23.765074]}, "properties": {"subsidence_mm": 1786.26, "tilt_deg": 0.18222, "strain_ue": -254.82, "x_offset_m": -15.0, "y_offset_m": 75.0, "source": "NCB_PFM"}}, {"type": "Feature", "geometry": {"type": "Point", "coordinates": [86.430253, 23.765208]}, "properties": {"subsidence_mm": 1786.26, "tilt_deg": 0.18222, "strain_ue": -254.82, "x_offset_m": -15.0, "y_offset_m": 90.0, "source": "NCB_PFM"}}, {"type": "Feature", "geometry": {"type": "Point", "coordinates": [86.430253, 23.765343]}, "properties": {"subsidence_mm": 1786.26, "tilt_deg": 0.18222, "strain_ue": -254.82, "x_offset_m": -15.0, "y_offset_m": 105.0, "source": "NCB_PFM"}}, {"type": "Feature", "geometry": {"type": "Point", "coordinates": [86.430253, 23.765478]}, "properties": {"subsidence_mm": 1786.26, "tilt_deg": 0.18222, "strain_ue": -254.82, "x_offset_m": -15.0, "y_offset_m": 120.0, "source": "NCB_PFM"}}, {"type": "Feature", "geometry": {"type": "Point", "coordinates": [86.430253, 23.765613]}, "properties": {"subsidence_mm": 1786.26, "tilt_deg": 0.18222, "strain_ue": -254.82, "x_offset_m": -15.0, "y_offset_m": 135.0, "source": "NCB_PFM"}}, {"type": "Feature", "geometry": {"type": "Point", "coordinates": [86.430253, 23.765747]}, "properties": {"subsidence_mm": 1786.26, "tilt_deg": 0.18222, "strain_ue": -254.82, "x_offset_m": -15.0, "y_offset_m": 150.0, "source": "NCB_PFM"}}, {"type": "Feature", "geometry": {"type": "Point", "coordinates": [86.430253, 23.765882]}, "properties": {"subsidence_mm": 1786.26, "tilt_deg": 0.18222, "strain_ue": -254.82, "x_offset_m": -15.0, "y_offset_m": 165.0, "source": "NCB_PFM"}}, {"type": "Feature", "geometry": {"type": "Point", "coordinates": [86.430253, 23.766017]}, "properties": {"subsidence_mm": 1786.26, "tilt_deg": 0.18222, "strain_ue": -254.82, "x_offset_m": -15.0, "y_offset_m": 180.0, "source": "NCB_PFM"}}, {"type": "Feature", "geometry": {"type": "Point", "coordinates": [86.430253, 23.766152]}, "properties": {"subsidence_mm": 1786.26, "tilt_deg": 0.18222, "strain_ue": -254.82, "x_offset_m": -15.0, "y_offset_m": 195.0, "source": "NCB_PFM"}}, {"type": "Feature", "geometry": {"type": "Point", "coordinates": [86.430253, 23.766286]}, "properties": {"subsidence_mm": 1786.26, "tilt_deg": 0.18222, "strain_ue": -254.82, "x_offset_m": -15.0, "y_offset_m": 210.0, "source": "NCB_PFM"}}, {"type": "Feature", "geometry": {"type": "Point", "coordinates": [86.430253, 23.766421]}, "properties": {"subsidence_mm": 1786.26, "tilt_deg": 0.18222, "strain_ue": -254.82, "x_offset_m": -15.0, "y_offset_m": 225.0, "source": "NCB_PFM"}}, {"type": "Feature", "geometry": {"type": "Point", "coordinates": [86.430253, 23.766556]}, "properties": {"subsidence_mm": 1786.26, "tilt_deg": 0.18222, "strain_ue": -254.82, "x_offset_m": -15.0, "y_offset_m": 240.0, "source": "NCB_PFM"}}, {"type": "Feature", "geometry": {"type": "Point", "coordinates": [86.430253, 23.766691]}, "properties": {"subsidence_mm": 1786.26, "tilt_deg": 0.18222, "strain_ue": -254.82, "x_offset_m": -15.0, "y_offset_m": 255.0, "source": "NCB_PFM"}}, {"type": "Feature", "geometry": {"type": "Point", "coordinates": [86.430253, 23.766825]}, "properties": {"subsidence_mm": 1786.26, "tilt_deg": 0.18222, "strain_ue": -254.82, "x_offset_m": -15.0, "y_offset_m": 270.0, "source": "NCB_PFM"}}, {"type": "Feature", "geometry": {"type": "Point", "coordinates": [86.430253, 23.76696]}, "properties": {"subsidence_mm": 1786.26, "tilt_deg": 0.18222, "strain_ue": -254.82, "x_offset_m": -15.0, "y_offset_m": 285.0, "source": "NCB_PFM"}}, {"type": "Feature", "geometry": {"type": "Point", "coordinates": [86.430253, 23.767095]}, "properties": {"subsidence_mm": 1786.26, "tilt_deg": 0.18222, "strain_ue": -254.82, "x_offset_m": -15.0, "y_offset_m": 300.0, "source": "NCB_PFM"}}, {"type": "Feature", "geometry": {"type": "Point", "coordinates": [86.4304, 23.761705]}, "properties": {"subsidence_mm": 1807.55, "tilt_deg": 0.0, "strain_ue": -212.02, "x_offset_m": 0.0, "y_offset_m": -300.0, "source": "NCB_PFM"}}, {"type": "Feature", "geometry": {"type": "Point", "coordinates": [86.4304, 23.76184]}, "properties": {"subsidence_mm": 1807.55, "tilt_deg": 0.0, "strain_ue": -212.02, "x_offset_m": 0.0, "y_offset_m": -285.0, "source": "NCB_PFM"}}, {"type": "Feature", "geometry": {"type": "Point", "coordinates": [86.4304, 23.761975]}, "properties": {"subsidence_mm": 1807.55, "tilt_deg": 0.0, "strain_ue": -212.02, "x_offset_m": 0.0, "y_offset_m": -270.0, "source": "NCB_PFM"}}, {"type": "Feature", "geometry": {"type": "Point", "coordinates": [86.4304, 23.762109]}, "properties": {"subsidence_mm": 1807.55, "tilt_deg": 0.0, "strain_ue": -212.02, "x_offset_m": 0.0, "y_offset_m": -255.0, "source": "NCB_PFM"}}, {"type": "Feature", "geometry": {"type": "Point", "coordinates": [86.4304, 23.762244]}, "properties": {"subsidence_mm": 1807.55, "tilt_deg": 0.0, "strain_ue": -212.02, "x_offset_m": 0.0, "y_offset_m": -240.0, "source": "NCB_PFM"}}, {"type": "Feature", "geometry": {"type": "Point", "coordinates": [86.4304, 23.762379]}, "properties": {"subsidence_mm": 1807.55, "tilt_deg": 0.0, "strain_ue": -212.02, "x_offset_m": 0.0, "y_offset_m": -225.0, "source": "NCB_PFM"}}, {"type": "Feature", "geometry": {"type": "Point", "coordinates": [86.4304, 23.762514]}, "properties": {"subsidence_mm": 1807.55, "tilt_deg": 0.0, "strain_ue": -212.02, "x_offset_m": 0.0, "y_offset_m": -210.0, "source": "NCB_PFM"}}, {"type": "Feature", "geometry": {"type": "Point", "coordinates": [86.4304, 23.762648]}, "properties": {"subsidence_mm": 1807.55, "tilt_deg": 0.0, "strain_ue": -212.02, "x_offset_m": 0.0, "y_offset_m": -195.0, "source": "NCB_PFM"}}, {"type": "Feature", "geometry": {"type": "Point", "coordinates": [86.4304, 23.762783]}, "properties": {"subsidence_mm": 1807.55, "tilt_deg": 0.0, "strain_ue": -212.02, "x_offset_m": 0.0, "y_offset_m": -180.0, "source": "NCB_PFM"}}, {"type": "Feature", "geometry": {"type": "Point", "coordinates": [86.4304, 23.762918]}, "properties": {"subsidence_mm": 1807.55, "tilt_deg": 0.0, "strain_ue": -212.02, "x_offset_m": 0.0, "y_offset_m": -165.0, "source": "NCB_PFM"}}, {"type": "Feature", "geometry": {"type": "Point", "coordinates": [86.4304, 23.763053]}, "properties": {"subsidence_mm": 1807.55, "tilt_deg": 0.0, "strain_ue": -212.02, "x_offset_m": 0.0, "y_offset_m": -150.0, "source": "NCB_PFM"}}, {"type": "Feature", "geometry": {"type": "Point", "coordinates": [86.4304, 23.763187]}, "properties": {"subsidence_mm": 1807.55, "tilt_deg": 0.0, "strain_ue": -212.02, "x_offset_m": 0.0, "y_offset_m": -135.0, "source": "NCB_PFM"}}, {"type": "Feature", "geometry": {"type": "Point", "coordinates": [86.4304, 23.763322]}, "properties": {"subsidence_mm": 1807.55, "tilt_deg": 0.0, "strain_ue": -212.02, "x_offset_m": 0.0, "y_offset_m": -120.0, "source": "NCB_PFM"}}, {"type": "Feature", "geometry": {"type": "Point", "coordinates": [86.4304, 23.763457]}, "properties": {"subsidence_mm": 1807.55, "tilt_deg": 0.0, "strain_ue": -212.02, "x_offset_m": 0.0, "y_offset_m": -105.0, "source": "NCB_PFM"}}, {"type": "Feature", "geometry": {"type": "Point", "coordinates": [86.4304, 23.763592]}, "properties": {"subsidence_mm": 1807.55, "tilt_deg": 0.0, "strain_ue": -212.02, "x_offset_m": 0.0, "y_offset_m": -90.0, "source": "NCB_PFM"}}, {"type": "Feature", "geometry": {"type": "Point", "coordinates": [86.4304, 23.763726]}, "properties": {"subsidence_mm": 1807.55, "tilt_deg": 0.0, "strain_ue": -212.02, "x_offset_m": 0.0, "y_offset_m": -75.0, "source": "NCB_PFM"}}, {"type": "Feature", "geometry": {"type": "Point", "coordinates": [86.4304, 23.763861]}, "properties": {"subsidence_mm": 1807.55, "tilt_deg": 0.0, "strain_ue": -212.02, "x_offset_m": 0.0, "y_offset_m": -60.0, "source": "NCB_PFM"}}, {"type": "Feature", "geometry": {"type": "Point", "coordinates": [86.4304, 23.763996]}, "properties": {"subsidence_mm": 1807.55, "tilt_deg": 0.0, "strain_ue": -212.02, "x_offset_m": 0.0, "y_offset_m": -45.0, "source": "NCB_PFM"}}, {"type": "Feature", "geometry": {"type": "Point", "coordinates": [86.4304, 23.764131]}, "properties": {"subsidence_mm": 1807.55, "tilt_deg": 0.0, "strain_ue": -212.02, "x_offset_m": 0.0, "y_offset_m": -30.0, "source": "NCB_PFM"}}, {"type": "Feature", "geometry": {"type": "Point", "coordinates": [86.4304, 23.764265]}, "properties": {"subsidence_mm": 1807.55, "tilt_deg": 0.0, "strain_ue": -212.02, "x_offset_m": 0.0, "y_offset_m": -15.0, "source": "NCB_PFM"}}, {"type": "Feature", "geometry": {"type": "Point", "coordinates": [86.4304, 23.7644]}, "properties": {"subsidence_mm": 1807.55, "tilt_deg": 0.0, "strain_ue": -212.02, "x_offset_m": 0.0, "y_offset_m": 0.0, "source": "NCB_PFM"}}, {"type": "Feature", "geometry": {"type": "Point", "coordinates": [86.4304, 23.764535]}, "properties": {"subsidence_mm": 1807.55, "tilt_deg": 0.0, "strain_ue": -212.02, "x_offset_m": 0.0, "y_offset_m": 15.0, "source": "NCB_PFM"}}, {"type": "Feature", "geometry": {"type": "Point", "coordinates": [86.4304, 23.764669]}, "properties": {"subsidence_mm": 1807.55, "tilt_deg": 0.0, "strain_ue": -212.02, "x_offset_m": 0.0, "y_offset_m": 30.0, "source": "NCB_PFM"}}, {"type": "Feature", "geometry": {"type": "Point", "coordinates": [86.4304, 23.764804]}, "properties": {"subsidence_mm": 1807.55, "tilt_deg": 0.0, "strain_ue": -212.02, "x_offset_m": 0.0, "y_offset_m": 45.0, "source": "NCB_PFM"}}, {"type": "Feature", "geometry": {"type": "Point", "coordinates": [86.4304, 23.764939]}, "properties": {"subsidence_mm": 1807.55, "tilt_deg": 0.0, "strain_ue": -212.02, "x_offset_m": 0.0, "y_offset_m": 60.0, "source": "NCB_PFM"}}, {"type": "Feature", "geometry": {"type": "Point", "coordinates": [86.4304, 23.765074]}, "properties": {"subsidence_mm": 1807.55, "tilt_deg": 0.0, "strain_ue": -212.02, "x_offset_m": 0.0, "y_offset_m": 75.0, "source": "NCB_PFM"}}, {"type": "Feature", "geometry": {"type": "Point", "coordinates": [86.4304, 23.765208]}, "properties": {"subsidence_mm": 1807.55, "tilt_deg": 0.0, "strain_ue": -212.02, "x_offset_m": 0.0, "y_offset_m": 90.0, "source": "NCB_PFM"}}, {"type": "Feature", "geometry": {"type": "Point", "coordinates": [86.4304, 23.765343]}, "properties": {"subsidence_mm": 1807.55, "tilt_deg": 0.0, "strain_ue": -212.02, "x_offset_m": 0.0, "y_offset_m": 105.0, "source": "NCB_PFM"}}, {"type": "Feature", "geometry": {"type": "Point", "coordinates": [86.4304, 23.765478]}, "properties": {"subsidence_mm": 1807.55, "tilt_deg": 0.0, "strain_ue": -212.02, "x_offset_m": 0.0, "y_offset_m": 120.0, "source": "NCB_PFM"}}, {"type": "Feature", "geometry": {"type": "Point", "coordinates": [86.4304, 23.765613]}, "properties": {"subsidence_mm": 1807.55, "tilt_deg": 0.0, "strain_ue": -212.02, "x_offset_m": 0.0, "y_offset_m": 135.0, "source": "NCB_PFM"}}, {"type": "Feature", "geometry": {"type": "Point", "coordinates": [86.4304, 23.765747]}, "properties": {"subsidence_mm": 1807.55, "tilt_deg": 0.0, "strain_ue": -212.02, "x_offset_m": 0.0, "y_offset_m": 150.0, "source": "NCB_PFM"}}, {"type": "Feature", "geometry": {"type": "Point", "coordinates": [86.4304, 23.765882]}, "properties": {"subsidence_mm": 1807.55, "tilt_deg": 0.0, "strain_ue": -212.02, "x_offset_m": 0.0, "y_offset_m": 165.0, "source": "NCB_PFM"}}, {"type": "Feature", "geometry": {"type": "Point", "coordinates": [86.4304, 23.766017]}, "properties": {"subsidence_mm": 1807.55, "tilt_deg": 0.0, "strain_ue": -212.02, "x_offset_m": 0.0, "y_offset_m": 180.0, "source": "NCB_PFM"}}, {"type": "Feature", "geometry": {"type": "Point", "coordinates": [86.4304, 23.766152]}, "properties": {"subsidence_mm": 1807.55, "tilt_deg": 0.0, "strain_ue": -212.02, "x_offset_m": 0.0, "y_offset_m": 195.0, "source": "NCB_PFM"}}, {"type": "Feature", "geometry": {"type": "Point", "coordinates": [86.4304, 23.766286]}, "properties": {"subsidence_mm": 1807.55, "tilt_deg": 0.0, "strain_ue": -212.02, "x_offset_m": 0.0, "y_offset_m": 210.0, "source": "NCB_PFM"}}, {"type": "Feature", "geometry": {"type": "Point", "coordinates": [86.4304, 23.766421]}, "properties": {"subsidence_mm": 1807.55, "tilt_deg": 0.0, "strain_ue": -212.02, "x_offset_m": 0.0, "y_offset_m": 225.0, "source": "NCB_PFM"}}, {"type": "Feature", "geometry": {"type": "Point", "coordinates": [86.4304, 23.766556]}, "properties": {"subsidence_mm": 1807.55, "tilt_deg": 0.0, "strain_ue": -212.02, "x_offset_m": 0.0, "y_offset_m": 240.0, "source": "NCB_PFM"}}, {"type": "Feature", "geometry": {"type": "Point", "coordinates": [86.4304, 23.766691]}, "properties": {"subsidence_mm": 1807.55, "tilt_deg": 0.0, "strain_ue": -212.02, "x_offset_m": 0.0, "y_offset_m": 255.0, "source": "NCB_PFM"}}, {"type": "Feature", "geometry": {"type": "Point", "coordinates": [86.4304, 23.766825]}, "properties": {"subsidence_mm": 1807.55, "tilt_deg": 0.0, "strain_ue": -212.02, "x_offset_m": 0.0, "y_offset_m": 270.0, "source": "NCB_PFM"}}, {"type": "Feature", "geometry": {"type": "Point", "coordinates": [86.4304, 23.76696]}, "properties": {"subsidence_mm": 1807.55, "tilt_deg": 0.0, "strain_ue": -212.02, "x_offset_m": 0.0, "y_offset_m": 285.0, "source": "NCB_PFM"}}, {"type": "Feature", "geometry": {"type": "Point", "coordinates": [86.4304, 23.767095]}, "properties": {"subsidence_mm": 1807.55, "tilt_deg": 0.0, "strain_ue": -212.02, "x_offset_m": 0.0, "y_offset_m": 300.0, "source": "NCB_PFM"}}, {"type": "Feature", "geometry": {"type": "Point", "coordinates": [86.430547, 23.761705]}, "properties": {"subsidence_mm": 1786.26, "tilt_deg": -0.18222, "strain_ue": -254.82, "x_offset_m": 15.0, "y_offset_m": -300.0, "source": "NCB_PFM"}}, {"type": "Feature", "geometry": {"type": "Point", "coordinates": [86.430547, 23.76184]}, "properties": {"subsidence_mm": 1786.26, "tilt_deg": -0.18222, "strain_ue": -254.82, "x_offset_m": 15.0, "y_offset_m": -285.0, "source": "NCB_PFM"}}, {"type": "Feature", "geometry": {"type": "Point", "coordinates": [86.430547, 23.761975]}, "properties": {"subsidence_mm": 1786.26, "tilt_deg": -0.18222, "strain_ue": -254.82, "x_offset_m": 15.0, "y_offset_m": -270.0, "source": "NCB_PFM"}}, {"type": "Feature", "geometry": {"type": "Point", "coordinates": [86.430547, 23.762109]}, "properties": {"subsidence_mm": 1786.26, "tilt_deg": -0.18222, "strain_ue": -254.82, "x_offset_m": 15.0, "y_offset_m": -255.0, "source": "NCB_PFM"}}, {"type": "Feature", "geometry": {"type": "Point", "coordinates": [86.430547, 23.762244]}, "properties": {"subsidence_mm": 1786.26, "tilt_deg": -0.18222, "strain_ue": -254.82, "x_offset_m": 15.0, "y_offset_m": -240.0, "source": "NCB_PFM"}}, {"type": "Feature", "geometry": {"type": "Point", "coordinates": [86.430547, 23.762379]}, "properties": {"subsidence_mm": 1786.26, "tilt_deg": -0.18222, "strain_ue": -254.82, "x_offset_m": 15.0, "y_offset_m": -225.0, "source": "NCB_PFM"}}, {"type": "Feature", "geometry": {"type": "Point", "coordinates": [86.430547, 23.762514]}, "properties": {"subsidence_mm": 1786.26, "tilt_deg": -0.18222, "strain_ue": -254.82, "x_offset_m": 15.0, "y_offset_m": -210.0, "source": "NCB_PFM"}}, {"type": "Feature", "geometry": {"type": "Point", "coordinates": [86.430547, 23.762648]}, "properties": {"subsidence_mm": 1786.26, "tilt_deg": -0.18222, "strain_ue": -254.82, "x_offset_m": 15.0, "y_offset_m": -195.0, "source": "NCB_PFM"}}, {"type": "Feature", "geometry": {"type": "Point", "coordinates": [86.430547, 23.762783]}, "properties": {"subsidence_mm": 1786.26, "tilt_deg": -0.18222, "strain_ue": -254.82, "x_offset_m": 15.0, "y_offset_m": -180.0, "source": "NCB_PFM"}}, {"type": "Feature", "geometry": {"type": "Point", "coordinates": [86.430547, 23.762918]}, "properties": {"subsidence_mm": 1786.26, "tilt_deg": -0.18222, "strain_ue": -254.82, "x_offset_m": 15.0, "y_offset_m": -165.0, "source": "NCB_PFM"}}, {"type": "Feature", "geometry": {"type": "Point", "coordinates": [86.430547, 23.763053]}, "properties": {"subsidence_mm": 1786.26, "tilt_deg": -0.18222, "strain_ue": -254.82, "x_offset_m": 15.0, "y_offset_m": -150.0, "source": "NCB_PFM"}}, {"type": "Feature", "geometry": {"type": "Point", "coordinates": [86.430547, 23.763187]}, "properties": {"subsidence_mm": 1786.26, "tilt_deg": -0.18222, "strain_ue": -254.82, "x_offset_m": 15.0, "y_offset_m": -135.0, "source": "NCB_PFM"}}, {"type": "Feature", "geometry": {"type": "Point", "coordinates": [86.430547, 23.763322]}, "properties": {"subsidence_mm": 1786.26, "tilt_deg": -0.18222, "strain_ue": -254.82, "x_offset_m": 15.0, "y_offset_m": -120.0, "source": "NCB_PFM"}}, {"type": "Feature", "geometry": {"type": "Point", "coordinates": [86.430547, 23.763457]}, "properties": {"subsidence_mm": 1786.26, "tilt_deg": -0.18222, "strain_ue": -254.82, "x_offset_m": 15.0, "y_offset_m": -105.0, "source": "NCB_PFM"}}, {"type": "Feature", "geometry": {"type": "Point", "coordinates": [86.430547, 23.763592]}, "properties": {"subsidence_mm": 1786.26, "tilt_deg": -0.18222, "strain_ue": -254.82, "x_offset_m": 15.0, "y_offset_m": -90.0, "source": "NCB_PFM"}}, {"type": "Feature", "geometry": {"type": "Point", "coordinates": [86.430547, 23.763726]}, "properties": {"subsidence_mm": 1786.26, "tilt_deg": -0.18222, "strain_ue": -254.82, "x_offset_m": 15.0, "y_offset_m": -75.0, "source": "NCB_PFM"}}, {"type": "Feature", "geometry": {"type": "Point", "coordinates": [86.430547, 23.763861]}, "properties": {"subsidence_mm": 1786.26, "tilt_deg": -0.18222, "strain_ue": -254.82, "x_offset_m": 15.0, "y_offset_m": -60.0, "source": "NCB_PFM"}}, {"type": "Feature", "geometry": {"type": "Point", "coordinates": [86.430547, 23.763996]}, "properties": {"subsidence_mm": 1786.26, "tilt_deg": -0.18222, "strain_ue": -254.82, "x_offset_m": 15.0, "y_offset_m": -45.0, "source": "NCB_PFM"}}, {"type": "Feature", "geometry": {"type": "Point", "coordinates": [86.430547, 23.764131]}, "properties": {"subsidence_mm": 1786.26, "tilt_deg": -0.18222, "strain_ue": -254.82, "x_offset_m": 15.0, "y_offset_m": -30.0, "source": "NCB_PFM"}}, {"type": "Feature", "geometry": {"type": "Point", "coordinates": [86.430547, 23.764265]}, "properties": {"subsidence_mm": 1786.26, "tilt_deg": -0.18222, "strain_ue": -254.82, "x_offset_m": 15.0, "y_offset_m": -15.0, "source": "NCB_PFM"}}, {"type": "Feature", "geometry": {"type": "Point", "coordinates": [86.430547, 23.7644]}, "properties": {"subsidence_mm": 1786.26, "tilt_deg": -0.18222, "strain_ue": -254.82, "x_offset_m": 15.0, "y_offset_m": 0.0, "source": "NCB_PFM"}}, {"type": "Feature", "geometry": {"type": "Point", "coordinates": [86.430547, 23.764535]}, "properties": {"subsidence_mm": 1786.26, "tilt_deg": -0.18222, "strain_ue": -254.82, "x_offset_m": 15.0, "y_offset_m": 15.0, "source": "NCB_PFM"}}, {"type": "Feature", "geometry": {"type": "Point", "coordinates": [86.430547, 23.764669]}, "properties": {"subsidence_mm": 1786.26, "tilt_deg": -0.18222, "strain_ue": -254.82, "x_offset_m": 15.0, "y_offset_m": 30.0, "source": "NCB_PFM"}}, {"type": "Feature", "geometry": {"type": "Point", "coordinates": [86.430547, 23.764804]}, "properties": {"subsidence_mm": 1786.26, "tilt_deg": -0.18222, "strain_ue": -254.82, "x_offset_m": 15.0, "y_offset_m": 45.0, "source": "NCB_PFM"}}, {"type": "Feature", "geometry": {"type": "Point", "coordinates": [86.430547, 23.764939]}, "properties": {"subsidence_mm": 1786.26, "tilt_deg": -0.18222, "strain_ue": -254.82, "x_offset_m": 15.0, "y_offset_m": 60.0, "source": "NCB_PFM"}}, {"type": "Feature", "geometry": {"type": "Point", "coordinates": [86.430547, 23.765074]}, "properties": {"subsidence_mm": 1786.26, "tilt_deg": -0.18222, "strain_ue": -254.82, "x_offset_m": 15.0, "y_offset_m": 75.0, "source": "NCB_PFM"}}, {"type": "Feature", "geometry": {"type": "Point", "coordinates": [86.430547, 23.765208]}, "properties": {"subsidence_mm": 1786.26, "tilt_deg": -0.18222, "strain_ue": -254.82, "x_offset_m": 15.0, "y_offset_m": 90.0, "source": "NCB_PFM"}}, {"type": "Feature", "geometry": {"type": "Point", "coordinates": [86.430547, 23.765343]}, "properties": {"subsidence_mm": 1786.26, "tilt_deg": -0.18222, "strain_ue": -254.82, "x_offset_m": 15.0, "y_offset_m": 105.0, "source": "NCB_PFM"}}, {"type": "Feature", "geometry": {"type": "Point", "coordinates": [86.430547, 23.765478]}, "properties": {"subsidence_mm": 1786.26, "tilt_deg": -0.18222, "strain_ue": -254.82, "x_offset_m": 15.0, "y_offset_m": 120.0, "source": "NCB_PFM"}}, {"type": "Feature", "geometry": {"type": "Point", "coordinates": [86.430547, 23.765613]}, "properties": {"subsidence_mm": 1786.26, "tilt_deg": -0.18222, "strain_ue": -254.82, "x_offset_m": 15.0, "y_offset_m": 135.0, "source": "NCB_PFM"}}, {"type": "Feature", "geometry": {"type": "Point", "coordinates": [86.430547, 23.765747]}, "properties": {"subsidence_mm": 1786.26, "tilt_deg": -0.18222, "strain_ue": -254.82, "x_offset_m": 15.0, "y_offset_m": 150.0, "source": "NCB_PFM"}}, {"type": "Feature", "geometry": {"type": "Point", "coordinates": [86.430547, 23.765882]}, "properties": {"subsidence_mm": 1786.26, "tilt_deg": -0.18222, "strain_ue": -254.82, "x_offset_m": 15.0, "y_offset_m": 165.0, "source": "NCB_PFM"}}, {"type": "Feature", "geometry": {"type": "Point", "coordinates": [86.430547, 23.766017]}, "properties": {"subsidence_mm": 1786.26, "tilt_deg": -0.18222, "strain_ue": -254.82, "x_offset_m": 15.0, "y_offset_m": 180.0, "source": "NCB_PFM"}}, {"type": "Feature", "geometry": {"type": "Point", "coordinates": [86.430547, 23.766152]}, "properties": {"subsidence_mm": 1786.26, "tilt_deg": -0.18222, "strain_ue": -254.82, "x_offset_m": 15.0, "y_offset_m": 195.0, "source": "NCB_PFM"}}, {"type": "Feature", "geometry": {"type": "Point", "coordinates": [86.430547, 23.766286]}, "properties": {"subsidence_mm": 1786.26, "tilt_deg": -0.18222, "strain_ue": -254.82, "x_offset_m": 15.0, "y_offset_m": 210.0, "source": "NCB_PFM"}}, {"type": "Feature", "geometry": {"type": "Point", "coordinates": [86.430547, 23.766421]}, "properties": {"subsidence_mm": 1786.26, "tilt_deg": -0.18222, "strain_ue": -254.82, "x_offset_m": 15.0, "y_offset_m": 225.0, "source": "NCB_PFM"}}, {"type": "Feature", "geometry": {"type": "Point", "coordinates": [86.430547, 23.766556]}, "properties": {"subsidence_mm": 1786.26, "tilt_deg": -0.18222, "strain_ue": -254.82, "x_offset_m": 15.0, "y_offset_m": 240.0, "source": "NCB_PFM"}}, {"type": "Feature", "geometry": {"type": "Point", "coordinates": [86.430547, 23.766691]}, "properties": {"subsidence_mm": 1786.26, "tilt_deg": -0.18222, "strain_ue": -254.82, "x_offset_m": 15.0, "y_offset_m": 255.0, "source": "NCB_PFM"}}, {"type": "Feature", "geometry": {"type": "Point", "coordinates": [86.430547, 23.766825]}, "properties": {"subsidence_mm": 1786.26, "tilt_deg": -0.18222, "strain_ue": -254.82, "x_offset_m": 15.0, "y_offset_m": 270.0, "source": "NCB_PFM"}}, {"type": "Feature", "geometry": {"type": "Point", "coordinates": [86.430547, 23.76696]}, "properties": {"subsidence_mm": 1786.26, "tilt_deg": -0.18222, "strain_ue": -254.82, "x_offset_m": 15.0, "y_offset_m": 285.0, "source": "NCB_PFM"}}, {"type": "Feature", "geometry": {"type": "Point", "coordinates": [86.430547, 23.767095]}, "properties": {"subsidence_mm": 1786.26, "tilt_deg": -0.18222, "strain_ue": -254.82, "x_offset_m": 15.0, "y_offset_m": 300.0, "source": "NCB_PFM"}}, {"type": "Feature", "geometry": {"type": "Point", "coordinates": [86.430694, 23.761705]}, "properties": {"subsidence_mm": 1712.14, "tilt_deg": -0.438, "strain_ue": -360.48, "x_offset_m": 30.0, "y_offset_m": -300.0, "source": "NCB_PFM"}}, {"type": "Feature", "geometry": {"type": "Point", "coordinates": [86.430694, 23.76184]}, "properties": {"subsidence_mm": 1712.14, "tilt_deg": -0.438, "strain_ue": -360.48, "x_offset_m": 30.0, "y_offset_m": -285.0, "source": "NCB_PFM"}}, {"type": "Feature", "geometry": {"type": "Point", "coordinates": [86.430694, 23.761975]}, "properties": {"subsidence_mm": 1712.14, "tilt_deg": -0.438, "strain_ue": -360.48, "x_offset_m": 30.0, "y_offset_m": -270.0, "source": "NCB_PFM"}}, {"type": "Feature", "geometry": {"type": "Point", "coordinates": [86.430694, 23.762109]}, "properties": {"subsidence_mm": 1712.14, "tilt_deg": -0.438, "strain_ue": -360.48, "x_offset_m": 30.0, "y_offset_m": -255.0, "source": "NCB_PFM"}}, {"type": "Feature", "geometry": {"type": "Point", "coordinates": [86.430694, 23.762244]}, "properties": {"subsidence_mm": 1712.14, "tilt_deg": -0.438, "strain_ue": -360.48, "x_offset_m": 30.0, "y_offset_m": -240.0, "source": "NCB_PFM"}}, {"type": "Feature", "geometry": {"type": "Point", "coordinates": [86.430694, 23.762379]}, "properties": {"subsidence_mm": 1712.14, "tilt_deg": -0.438, "strain_ue": -360.48, "x_offset_m": 30.0, "y_offset_m": -225.0, "source": "NCB_PFM"}}, {"type": "Feature", "geometry": {"type": "Point", "coordinates": [86.430694, 23.762514]}, "properties": {"subsidence_mm": 1712.14, "tilt_deg": -0.438, "strain_ue": -360.48, "x_offset_m": 30.0, "y_offset_m": -210.0, "source": "NCB_PFM"}}, {"type": "Feature", "geometry": {"type": "Point", "coordinates": [86.430694, 23.762648]}, "properties": {"subsidence_mm": 1712.14, "tilt_deg": -0.438, "strain_ue": -360.48, "x_offset_m": 30.0, "y_offset_m": -195.0, "source": "NCB_PFM"}}, {"type": "Feature", "geometry": {"type": "Point", "coordinates": [86.430694, 23.762783]}, "properties": {"subsidence_mm": 1712.14, "tilt_deg": -0.438, "strain_ue": -360.48, "x_offset_m": 30.0, "y_offset_m": -180.0, "source": "NCB_PFM"}}, {"type": "Feature", "geometry": {"type": "Point", "coordinates": [86.430694, 23.762918]}, "properties": {"subsidence_mm": 1712.14, "tilt_deg": -0.438, "strain_ue": -360.48, "x_offset_m": 30.0, "y_offset_m": -165.0, "source": "NCB_PFM"}}, {"type": "Feature", "geometry": {"type": "Point", "coordinates": [86.430694, 23.763053]}, "properties": {"subsidence_mm": 1712.14, "tilt_deg": -0.438, "strain_ue": -360.48, "x_offset_m": 30.0, "y_offset_m": -150.0, "source": "NCB_PFM"}}, {"type": "Feature", "geometry": {"type": "Point", "coordinates": [86.430694, 23.763187]}, "properties": {"subsidence_mm": 1712.14, "tilt_deg": -0.438, "strain_ue": -360.48, "x_offset_m": 30.0, "y_offset_m": -135.0, "source": "NCB_PFM"}}, {"type": "Feature", "geometry": {"type": "Point", "coordinates": [86.430694, 23.763322]}, "properties": {"subsidence_mm": 1712.14, "tilt_deg": -0.438, "strain_ue": -360.48, "x_offset_m": 30.0, "y_offset_m": -120.0, "source": "NCB_PFM"}}, {"type": "Feature", "geometry": {"type": "Point", "coordinates": [86.430694, 23.763457]}, "properties": {"subsidence_mm": 1712.14, "tilt_deg": -0.438, "strain_ue": -360.48, "x_offset_m": 30.0, "y_offset_m": -105.0, "source": "NCB_PFM"}}, {"type": "Feature", "geometry": {"type": "Point", "coordinates": [86.430694, 23.763592]}, "properties": {"subsidence_mm": 1712.14, "tilt_deg": -0.438, "strain_ue": -360.48, "x_offset_m": 30.0, "y_offset_m": -90.0, "source": "NCB_PFM"}}, {"type": "Feature", "geometry": {"type": "Point", "coordinates": [86.430694, 23.763726]}, "properties": {"subsidence_mm": 1712.14, "tilt_deg": -0.438, "strain_ue": -360.48, "x_offset_m": 30.0, "y_offset_m": -75.0, "source": "NCB_PFM"}}, {"type": "Feature", "geometry": {"type": "Point", "coordinates": [86.430694, 23.763861]}, "properties": {"subsidence_mm": 1712.14, "tilt_deg": -0.438, "strain_ue": -360.48, "x_offset_m": 30.0, "y_offset_m": -60.0, "source": "NCB_PFM"}}, {"type": "Feature", "geometry": {"type": "Point", "coordinates": [86.430694, 23.763996]}, "properties": {"subsidence_mm": 1712.14, "tilt_deg": -0.438, "strain_ue": -360.48, "x_offset_m": 30.0, "y_offset_m": -45.0, "source": "NCB_PFM"}}, {"type": "Feature", "geometry": {"type": "Point", "coordinates": [86.430694, 23.764131]}, "properties": {"subsidence_mm": 1712.14, "tilt_deg": -0.438, "strain_ue": -360.48, "x_offset_m": 30.0, "y_offset_m": -30.0, "source": "NCB_PFM"}}, {"type": "Feature", "geometry": {"type": "Point", "coordinates": [86.430694, 23.764265]}, "properties": {"subsidence_mm": 1712.14, "tilt_deg": -0.438, "strain_ue": -360.48, "x_offset_m": 30.0, "y_offset_m": -15.0, "source": "NCB_PFM"}}, {"type": "Feature", "geometry": {"type": "Point", "coordinates": [86.430694, 23.7644]}, "properties": {"subsidence_mm": 1712.14, "tilt_deg": -0.438, "strain_ue": -360.48, "x_offset_m": 30.0, "y_offset_m": 0.0, "source": "NCB_PFM"}}, {"type": "Feature", "geometry": {"type": "Point", "coordinates": [86.430694, 23.764535]}, "properties": {"subsidence_mm": 1712.14, "tilt_deg": -0.438, "strain_ue": -360.48, "x_offset_m": 30.0, "y_offset_m": 15.0, "source": "NCB_PFM"}}, {"type": "Feature", "geometry": {"type": "Point", "coordinates": [86.430694, 23.764669]}, "properties": {"subsidence_mm": 1712.14, "tilt_deg": -0.438, "strain_ue": -360.48, "x_offset_m": 30.0, "y_offset_m": 30.0, "source": "NCB_PFM"}}, {"type": "Feature", "geometry": {"type": "Point", "coordinates": [86.430694, 23.764804]}, "properties": {"subsidence_mm": 1712.14, "tilt_deg": -0.438, "strain_ue": -360.48, "x_offset_m": 30.0, "y_offset_m": 45.0, "source": "NCB_PFM"}}, {"type": "Feature", "geometry": {"type": "Point", "coordinates": [86.430694, 23.764939]}, "properties": {"subsidence_mm": 1712.14, "tilt_deg": -0.438, "strain_ue": -360.48, "x_offset_m": 30.0, "y_offset_m": 60.0, "source": "NCB_PFM"}}, {"type": "Feature", "geometry": {"type": "Point", "coordinates": [86.430694, 23.765074]}, "properties": {"subsidence_mm": 1712.14, "tilt_deg": -0.438, "strain_ue": -360.48, "x_offset_m": 30.0, "y_offset_m": 75.0, "source": "NCB_PFM"}}, {"type": "Feature", "geometry": {"type": "Point", "coordinates": [86.430694, 23.765208]}, "properties": {"subsidence_mm": 1712.14, "tilt_deg": -0.438, "strain_ue": -360.48, "x_offset_m": 30.0, "y_offset_m": 90.0, "source": "NCB_PFM"}}, {"type": "Feature", "geometry": {"type": "Point", "coordinates": [86.430694, 23.765343]}, "properties": {"subsidence_mm": 1712.14, "tilt_deg": -0.438, "strain_ue": -360.48, "x_offset_m": 30.0, "y_offset_m": 105.0, "source": "NCB_PFM"}}, {"type": "Feature", "geometry": {"type": "Point", "coordinates": [86.430694, 23.765478]}, "properties": {"subsidence_mm": 1712.14, "tilt_deg": -0.438, "strain_ue": -360.48, "x_offset_m": 30.0, "y_offset_m": 120.0, "source": "NCB_PFM"}}, {"type": "Feature", "geometry": {"type": "Point", "coordinates": [86.430694, 23.765613]}, "properties": {"subsidence_mm": 1712.14, "tilt_deg": -0.438, "strain_ue": -360.48, "x_offset_m": 30.0, "y_offset_m": 135.0, "source": "NCB_PFM"}}, {"type": "Feature", "geometry": {"type": "Point", "coordinates": [86.430694, 23.765747]}, "properties": {"subsidence_mm": 1712.14, "tilt_deg": -0.438, "strain_ue": -360.48, "x_offset_m": 30.0, "y_offset_m": 150.0, "source": "NCB_PFM"}}, {"type": "Feature", "geometry": {"type": "Point", "coordinates": [86.430694, 23.765882]}, "properties": {"subsidence_mm": 1712.14, "tilt_deg": -0.438, "strain_ue": -360.48, "x_offset_m": 30.0, "y_offset_m": 165.0, "source": "NCB_PFM"}}, {"type": "Feature", "geometry": {"type": "Point", "coordinates": [86.430694, 23.766017]}, "properties": {"subsidence_mm": 1712.14, "tilt_deg": -0.438, "strain_ue": -360.48, "x_offset_m": 30.0, "y_offset_m": 180.0, "source": "NCB_PFM"}}, {"type": "Feature", "geometry": {"type": "Point", "coordinates": [86.430694, 23.766152]}, "properties": {"subsidence_mm": 1712.14, "tilt_deg": -0.438, "strain_ue": -360.48, "x_offset_m": 30.0, "y_offset_m": 195.0, "source": "NCB_PFM"}}, {"type": "Feature", "geometry": {"type": "Point", "coordinates": [86.430694, 23.766286]}, "properties": {"subsidence_mm": 1712.14, "tilt_deg": -0.438, "strain_ue": -360.48, "x_offset_m": 30.0, "y_offset_m": 210.0, "source": "NCB_PFM"}}, {"type": "Feature", "geometry": {"type": "Point", "coordinates": [86.430694, 23.766421]}, "properties": {"subsidence_mm": 1712.14, "tilt_deg": -0.438, "strain_ue": -360.48, "x_offset_m": 30.0, "y_offset_m": 225.0, "source": "NCB_PFM"}}, {"type": "Feature", "geometry": {"type": "Point", "coordinates": [86.430694, 23.766556]}, "properties": {"subsidence_mm": 1712.14, "tilt_deg": -0.438, "strain_ue": -360.48, "x_offset_m": 30.0, "y_offset_m": 240.0, "source": "NCB_PFM"}}, {"type": "Feature", "geometry": {"type": "Point", "coordinates": [86.430694, 23.766691]}, "properties": {"subsidence_mm": 1712.14, "tilt_deg": -0.438, "strain_ue": -360.48, "x_offset_m": 30.0, "y_offset_m": 255.0, "source": "NCB_PFM"}}, {"type": "Feature", "geometry": {"type": "Point", "coordinates": [86.430694, 23.766825]}, "properties": {"subsidence_mm": 1712.14, "tilt_deg": -0.438, "strain_ue": -360.48, "x_offset_m": 30.0, "y_offset_m": 270.0, "source": "NCB_PFM"}}, {"type": "Feature", "geometry": {"type": "Point", "coordinates": [86.430694, 23.76696]}, "properties": {"subsidence_mm": 1712.14, "tilt_deg": -0.438, "strain_ue": -360.48, "x_offset_m": 30.0, "y_offset_m": 285.0, "source": "NCB_PFM"}}, {"type": "Feature", "geometry": {"type": "Point", "coordinates": [86.430694, 23.767095]}, "properties": {"subsidence_mm": 1712.14, "tilt_deg": -0.438, "strain_ue": -360.48, "x_offset_m": 30.0, "y_offset_m": 300.0, "source": "NCB_PFM"}}, {"type": "Feature", "geometry": {"type": "Point", "coordinates": [86.430842, 23.761705]}, "properties": {"subsidence_mm": 1556.92, "tilt_deg": -0.80184, "strain_ue": -434.13, "x_offset_m": 45.0, "y_offset_m": -300.0, "source": "NCB_PFM"}}, {"type": "Feature", "geometry": {"type": "Point", "coordinates": [86.430842, 23.76184]}, "properties": {"subsidence_mm": 1556.92, "tilt_deg": -0.80184, "strain_ue": -434.13, "x_offset_m": 45.0, "y_offset_m": -285.0, "source": "NCB_PFM"}}, {"type": "Feature", "geometry": {"type": "Point", "coordinates": [86.430842, 23.761975]}, "properties": {"subsidence_mm": 1556.92, "tilt_deg": -0.80184, "strain_ue": -434.13, "x_offset_m": 45.0, "y_offset_m": -270.0, "source": "NCB_PFM"}}, {"type": "Feature", "geometry": {"type": "Point", "coordinates": [86.430842, 23.762109]}, "properties": {"subsidence_mm": 1556.92, "tilt_deg": -0.80184, "strain_ue": -434.13, "x_offset_m": 45.0, "y_offset_m": -255.0, "source": "NCB_PFM"}}, {"type": "Feature", "geometry": {"type": "Point", "coordinates": [86.430842, 23.762244]}, "properties": {"subsidence_mm": 1556.92, "tilt_deg": -0.80184, "strain_ue": -434.13, "x_offset_m": 45.0, "y_offset_m": -240.0, "source": "NCB_PFM"}}, {"type": "Feature", "geometry": {"type": "Point", "coordinates": [86.430842, 23.762379]}, "properties": {"subsidence_mm": 1556.92, "tilt_deg": -0.80184, "strain_ue": -434.13, "x_offset_m": 45.0, "y_offset_m": -225.0, "source": "NCB_PFM"}}, {"type": "Feature", "geometry": {"type": "Point", "coordinates": [86.430842, 23.762514]}, "properties": {"subsidence_mm": 1556.92, "tilt_deg": -0.80184, "strain_ue": -434.13, "x_offset_m": 45.0, "y_offset_m": -210.0, "source": "NCB_PFM"}}, {"type": "Feature", "geometry": {"type": "Point", "coordinates": [86.430842, 23.762648]}, "properties": {"subsidence_mm": 1556.92, "tilt_deg": -0.80184, "strain_ue": -434.13, "x_offset_m": 45.0, "y_offset_m": -195.0, "source": "NCB_PFM"}}, {"type": "Feature", "geometry": {"type": "Point", "coordinates": [86.430842, 23.762783]}, "properties": {"subsidence_mm": 1556.92, "tilt_deg": -0.80184, "strain_ue": -434.13, "x_offset_m": 45.0, "y_offset_m": -180.0, "source": "NCB_PFM"}}, {"type": "Feature", "geometry": {"type": "Point", "coordinates": [86.430842, 23.762918]}, "properties": {"subsidence_mm": 1556.92, "tilt_deg": -0.80184, "strain_ue": -434.13, "x_offset_m": 45.0, "y_offset_m": -165.0, "source": "NCB_PFM"}}, {"type": "Feature", "geometry": {"type": "Point", "coordinates": [86.430842, 23.763053]}, "properties": {"subsidence_mm": 1556.92, "tilt_deg": -0.80184, "strain_ue": -434.13, "x_offset_m": 45.0, "y_offset_m": -150.0, "source": "NCB_PFM"}}, {"type": "Feature", "geometry": {"type": "Point", "coordinates": [86.430842, 23.763187]}, "properties": {"subsidence_mm": 1556.92, "tilt_deg": -0.80184, "strain_ue": -434.13, "x_offset_m": 45.0, "y_offset_m": -135.0, "source": "NCB_PFM"}}, {"type": "Feature", "geometry": {"type": "Point", "coordinates": [86.430842, 23.763322]}, "properties": {"subsidence_mm": 1556.92, "tilt_deg": -0.80184, "strain_ue": -434.13, "x_offset_m": 45.0, "y_offset_m": -120.0, "source": "NCB_PFM"}}, {"type": "Feature", "geometry": {"type": "Point", "coordinates": [86.430842, 23.763457]}, "properties": {"subsidence_mm": 1556.92, "tilt_deg": -0.80184, "strain_ue": -434.13, "x_offset_m": 45.0, "y_offset_m": -105.0, "source": "NCB_PFM"}}, {"type": "Feature", "geometry": {"type": "Point", "coordinates": [86.430842, 23.763592]}, "properties": {"subsidence_mm": 1556.92, "tilt_deg": -0.80184, "strain_ue": -434.13, "x_offset_m": 45.0, "y_offset_m": -90.0, "source": "NCB_PFM"}}, {"type": "Feature", "geometry": {"type": "Point", "coordinates": [86.430842, 23.763726]}, "properties": {"subsidence_mm": 1556.92, "tilt_deg": -0.80184, "strain_ue": -434.13, "x_offset_m": 45.0, "y_offset_m": -75.0, "source": "NCB_PFM"}}, {"type": "Feature", "geometry": {"type": "Point", "coordinates": [86.430842, 23.763861]}, "properties": {"subsidence_mm": 1556.92, "tilt_deg": -0.80184, "strain_ue": -434.13, "x_offset_m": 45.0, "y_offset_m": -60.0, "source": "NCB_PFM"}}, {"type": "Feature", "geometry": {"type": "Point", "coordinates": [86.430842, 23.763996]}, "properties": {"subsidence_mm": 1556.92, "tilt_deg": -0.80184, "strain_ue": -434.13, "x_offset_m": 45.0, "y_offset_m": -45.0, "source": "NCB_PFM"}}, {"type": "Feature", "geometry": {"type": "Point", "coordinates": [86.430842, 23.764131]}, "properties": {"subsidence_mm": 1556.92, "tilt_deg": -0.80184, "strain_ue": -434.13, "x_offset_m": 45.0, "y_offset_m": -30.0, "source": "NCB_PFM"}}, {"type": "Feature", "geometry": {"type": "Point", "coordinates": [86.430842, 23.764265]}, "properties": {"subsidence_mm": 1556.92, "tilt_deg": -0.80184, "strain_ue": -434.13, "x_offset_m": 45.0, "y_offset_m": -15.0, "source": "NCB_PFM"}}, {"type": "Feature", "geometry": {"type": "Point", "coordinates": [86.430842, 23.7644]}, "properties": {"subsidence_mm": 1556.92, "tilt_deg": -0.80184, "strain_ue": -434.13, "x_offset_m": 45.0, "y_offset_m": 0.0, "source": "NCB_PFM"}}, {"type": "Feature", "geometry": {"type": "Point", "coordinates": [86.430842, 23.764535]}, "properties": {"subsidence_mm": 1556.92, "tilt_deg": -0.80184, "strain_ue": -434.13, "x_offset_m": 45.0, "y_offset_m": 15.0, "source": "NCB_PFM"}}, {"type": "Feature", "geometry": {"type": "Point", "coordinates": [86.430842, 23.764669]}, "properties": {"subsidence_mm": 1556.92, "tilt_deg": -0.80184, "strain_ue": -434.13, "x_offset_m": 45.0, "y_offset_m": 30.0, "source": "NCB_PFM"}}, {"type": "Feature", "geometry": {"type": "Point", "coordinates": [86.430842, 23.764804]}, "properties": {"subsidence_mm": 1556.92, "tilt_deg": -0.80184, "strain_ue": -434.13, "x_offset_m": 45.0, "y_offset_m": 45.0, "source": "NCB_PFM"}}, {"type": "Feature", "geometry": {"type": "Point", "coordinates": [86.430842, 23.764939]}, "properties": {"subsidence_mm": 1556.92, "tilt_deg": -0.80184, "strain_ue": -434.13, "x_offset_m": 45.0, "y_offset_m": 60.0, "source": "NCB_PFM"}}, {"type": "Feature", "geometry": {"type": "Point", "coordinates": [86.430842, 23.765074]}, "properties": {"subsidence_mm": 1556.92, "tilt_deg": -0.80184, "strain_ue": -434.13, "x_offset_m": 45.0, "y_offset_m": 75.0, "source": "NCB_PFM"}}, {"type": "Feature", "geometry": {"type": "Point", "coordinates": [86.430842, 23.765208]}, "properties": {"subsidence_mm": 1556.92, "tilt_deg": -0.80184, "strain_ue": -434.13, "x_offset_m": 45.0, "y_offset_m": 90.0, "source": "NCB_PFM"}}, {"type": "Feature", "geometry": {"type": "Point", "coordinates": [86.430842, 23.765343]}, "properties": {"subsidence_mm": 1556.92, "tilt_deg": -0.80184, "strain_ue": -434.13, "x_offset_m": 45.0, "y_offset_m": 105.0, "source": "NCB_PFM"}}, {"type": "Feature", "geometry": {"type": "Point", "coordinates": [86.430842, 23.765478]}, "properties": {"subsidence_mm": 1556.92, "tilt_deg": -0.80184, "strain_ue": -434.13, "x_offset_m": 45.0, "y_offset_m": 120.0, "source": "NCB_PFM"}}, {"type": "Feature", "geometry": {"type": "Point", "coordinates": [86.430842, 23.765613]}, "properties": {"subsidence_mm": 1556.92, "tilt_deg": -0.80184, "strain_ue": -434.13, "x_offset_m": 45.0, "y_offset_m": 135.0, "source": "NCB_PFM"}}, {"type": "Feature", "geometry": {"type": "Point", "coordinates": [86.430842, 23.765747]}, "properties": {"subsidence_mm": 1556.92, "tilt_deg": -0.80184, "strain_ue": -434.13, "x_offset_m": 45.0, "y_offset_m": 150.0, "source": "NCB_PFM"}}, {"type": "Feature", "geometry": {"type": "Point", "coordinates": [86.430842, 23.765882]}, "properties": {"subsidence_mm": 1556.92, "tilt_deg": -0.80184, "strain_ue": -434.13, "x_offset_m": 45.0, "y_offset_m": 165.0, "source": "NCB_PFM"}}, {"type": "Feature", "geometry": {"type": "Point", "coordinates": [86.430842, 23.766017]}, "properties": {"subsidence_mm": 1556.92, "tilt_deg": -0.80184, "strain_ue": -434.13, "x_offset_m": 45.0, "y_offset_m": 180.0, "source": "NCB_PFM"}}, {"type": "Feature", "geometry": {"type": "Point", "coordinates": [86.430842, 23.766152]}, "properties": {"subsidence_mm": 1556.92, "tilt_deg": -0.80184, "strain_ue": -434.13, "x_offset_m": 45.0, "y_offset_m": 195.0, "source": "NCB_PFM"}}, {"type": "Feature", "geometry": {"type": "Point", "coordinates": [86.430842, 23.766286]}, "properties": {"subsidence_mm": 1556.92, "tilt_deg": -0.80184, "strain_ue": -434.13, "x_offset_m": 45.0, "y_offset_m": 210.0, "source": "NCB_PFM"}}, {"type": "Feature", "geometry": {"type": "Point", "coordinates": [86.430842, 23.766421]}, "properties": {"subsidence_mm": 1556.92, "tilt_deg": -0.80184, "strain_ue": -434.13, "x_offset_m": 45.0, "y_offset_m": 225.0, "source": "NCB_PFM"}}, {"type": "Feature", "geometry": {"type": "Point", "coordinates": [86.430842, 23.766556]}, "properties": {"subsidence_mm": 1556.92, "tilt_deg": -0.80184, "strain_ue": -434.13, "x_offset_m": 45.0, "y_offset_m": 240.0, "source": "NCB_PFM"}}, {"type": "Feature", "geometry": {"type": "Point", "coordinates": [86.430842, 23.766691]}, "properties": {"subsidence_mm": 1556.92, "tilt_deg": -0.80184, "strain_ue": -434.13, "x_offset_m": 45.0, "y_offset_m": 255.0, "source": "NCB_PFM"}}, {"type": "Feature", "geometry": {"type": "Point", "coordinates": [86.430842, 23.766825]}, "properties": {"subsidence_mm": 1556.92, "tilt_deg": -0.80184, "strain_ue": -434.13, "x_offset_m": 45.0, "y_offset_m": 270.0, "source": "NCB_PFM"}}, {"type": "Feature", "geometry": {"type": "Point", "coordinates": [86.430842, 23.76696]}, "properties": {"subsidence_mm": 1556.92, "tilt_deg": -0.80184, "strain_ue": -434.13, "x_offset_m": 45.0, "y_offset_m": 285.0, "source": "NCB_PFM"}}, {"type": "Feature", "geometry": {"type": "Point", "coordinates": [86.430842, 23.767095]}, "properties": {"subsidence_mm": 1556.92, "tilt_deg": -0.80184, "strain_ue": -434.13, "x_offset_m": 45.0, "y_offset_m": 300.0, "source": "NCB_PFM"}}, {"type": "Feature", "geometry": {"type": "Point", "coordinates": [86.430989, 23.761705]}, "properties": {"subsidence_mm": 1292.3, "tilt_deg": -1.18421, "strain_ue": -323.83, "x_offset_m": 60.0, "y_offset_m": -300.0, "source": "NCB_PFM"}}, {"type": "Feature", "geometry": {"type": "Point", "coordinates": [86.430989, 23.76184]}, "properties": {"subsidence_mm": 1292.3, "tilt_deg": -1.18421, "strain_ue": -323.83, "x_offset_m": 60.0, "y_offset_m": -285.0, "source": "NCB_PFM"}}, {"type": "Feature", "geometry": {"type": "Point", "coordinates": [86.430989, 23.761975]}, "properties": {"subsidence_mm": 1292.3, "tilt_deg": -1.18421, "strain_ue": -323.83, "x_offset_m": 60.0, "y_offset_m": -270.0, "source": "NCB_PFM"}}, {"type": "Feature", "geometry": {"type": "Point", "coordinates": [86.430989, 23.762109]}, "properties": {"subsidence_mm": 1292.3, "tilt_deg": -1.18421, "strain_ue": -323.83, "x_offset_m": 60.0, "y_offset_m": -255.0, "source": "NCB_PFM"}}, {"type": "Feature", "geometry": {"type": "Point", "coordinates": [86.430989, 23.762244]}, "properties": {"subsidence_mm": 1292.3, "tilt_deg": -1.18421, "strain_ue": -323.83, "x_offset_m": 60.0, "y_offset_m": -240.0, "source": "NCB_PFM"}}, {"type": "Feature", "geometry": {"type": "Point", "coordinates": [86.430989, 23.762379]}, "properties": {"subsidence_mm": 1292.3, "tilt_deg": -1.18421, "strain_ue": -323.83, "x_offset_m": 60.0, "y_offset_m": -225.0, "source": "NCB_PFM"}}, {"type": "Feature", "geometry": {"type": "Point", "coordinates": [86.430989, 23.762514]}, "properties": {"subsidence_mm": 1292.3, "tilt_deg": -1.18421, "strain_ue": -323.83, "x_offset_m": 60.0, "y_offset_m": -210.0, "source": "NCB_PFM"}}, {"type": "Feature", "geometry": {"type": "Point", "coordinates": [86.430989, 23.762648]}, "properties": {"subsidence_mm": 1292.3, "tilt_deg": -1.18421, "strain_ue": -323.83, "x_offset_m": 60.0, "y_offset_m": -195.0, "source": "NCB_PFM"}}, {"type": "Feature", "geometry": {"type": "Point", "coordinates": [86.430989, 23.762783]}, "properties": {"subsidence_mm": 1292.3, "tilt_deg": -1.18421, "strain_ue": -323.83, "x_offset_m": 60.0, "y_offset_m": -180.0, "source": "NCB_PFM"}}, {"type": "Feature", "geometry": {"type": "Point", "coordinates": [86.430989, 23.762918]}, "properties": {"subsidence_mm": 1292.3, "tilt_deg": -1.18421, "strain_ue": -323.83, "x_offset_m": 60.0, "y_offset_m": -165.0, "source": "NCB_PFM"}}, {"type": "Feature", "geometry": {"type": "Point", "coordinates": [86.430989, 23.763053]}, "properties": {"subsidence_mm": 1292.3, "tilt_deg": -1.18421, "strain_ue": -323.83, "x_offset_m": 60.0, "y_offset_m": -150.0, "source": "NCB_PFM"}}, {"type": "Feature", "geometry": {"type": "Point", "coordinates": [86.430989, 23.763187]}, "properties": {"subsidence_mm": 1292.3, "tilt_deg": -1.18421, "strain_ue": -323.83, "x_offset_m": 60.0, "y_offset_m": -135.0, "source": "NCB_PFM"}}, {"type": "Feature", "geometry": {"type": "Point", "coordinates": [86.430989, 23.763322]}, "properties": {"subsidence_mm": 1292.3, "tilt_deg": -1.18421, "strain_ue": -323.83, "x_offset_m": 60.0, "y_offset_m": -120.0, "source": "NCB_PFM"}}, {"type": "Feature", "geometry": {"type": "Point", "coordinates": [86.430989, 23.763457]}, "properties": {"subsidence_mm": 1292.3, "tilt_deg": -1.18421, "strain_ue": -323.83, "x_offset_m": 60.0, "y_offset_m": -105.0, "source": "NCB_PFM"}}, {"type": "Feature", "geometry": {"type": "Point", "coordinates": [86.430989, 23.763592]}, "properties": {"subsidence_mm": 1292.3, "tilt_deg": -1.18421, "strain_ue": -323.83, "x_offset_m": 60.0, "y_offset_m": -90.0, "source": "NCB_PFM"}}, {"type": "Feature", "geometry": {"type": "Point", "coordinates": [86.430989, 23.763726]}, "properties": {"subsidence_mm": 1292.3, "tilt_deg": -1.18421, "strain_ue": -323.83, "x_offset_m": 60.0, "y_offset_m": -75.0, "source": "NCB_PFM"}}, {"type": "Feature", "geometry": {"type": "Point", "coordinates": [86.430989, 23.763861]}, "properties": {"subsidence_mm": 1292.3, "tilt_deg": -1.18421, "strain_ue": -323.83, "x_offset_m": 60.0, "y_offset_m": -60.0, "source": "NCB_PFM"}}, {"type": "Feature", "geometry": {"type": "Point", "coordinates": [86.430989, 23.763996]}, "properties": {"subsidence_mm": 1292.3, "tilt_deg": -1.18421, "strain_ue": -323.83, "x_offset_m": 60.0, "y_offset_m": -45.0, "source": "NCB_PFM"}}, {"type": "Feature", "geometry": {"type": "Point", "coordinates": [86.430989, 23.764131]}, "properties": {"subsidence_mm": 1292.3, "tilt_deg": -1.18421, "strain_ue": -323.83, "x_offset_m": 60.0, "y_offset_m": -30.0, "source": "NCB_PFM"}}, {"type": "Feature", "geometry": {"type": "Point", "coordinates": [86.430989, 23.764265]}, "properties": {"subsidence_mm": 1292.3, "tilt_deg": -1.18421, "strain_ue": -323.83, "x_offset_m": 60.0, "y_offset_m": -15.0, "source": "NCB_PFM"}}, {"type": "Feature", "geometry": {"type": "Point", "coordinates": [86.430989, 23.7644]}, "properties": {"subsidence_mm": 1292.3, "tilt_deg": -1.18421, "strain_ue": -323.83, "x_offset_m": 60.0, "y_offset_m": 0.0, "source": "NCB_PFM"}}, {"type": "Feature", "geometry": {"type": "Point", "coordinates": [86.430989, 23.764535]}, "properties": {"subsidence_mm": 1292.3, "tilt_deg": -1.18421, "strain_ue": -323.83, "x_offset_m": 60.0, "y_offset_m": 15.0, "source": "NCB_PFM"}}, {"type": "Feature", "geometry": {"type": "Point", "coordinates": [86.430989, 23.764669]}, "properties": {"subsidence_mm": 1292.3, "tilt_deg": -1.18421, "strain_ue": -323.83, "x_offset_m": 60.0, "y_offset_m": 30.0, "source": "NCB_PFM"}}, {"type": "Feature", "geometry": {"type": "Point", "coordinates": [86.430989, 23.764804]}, "properties": {"subsidence_mm": 1292.3, "tilt_deg": -1.18421, "strain_ue": -323.83, "x_offset_m": 60.0, "y_offset_m": 45.0, "source": "NCB_PFM"}}, {"type": "Feature", "geometry": {"type": "Point", "coordinates": [86.430989, 23.764939]}, "properties": {"subsidence_mm": 1292.3, "tilt_deg": -1.18421, "strain_ue": -323.83, "x_offset_m": 60.0, "y_offset_m": 60.0, "source": "NCB_PFM"}}, {"type": "Feature", "geometry": {"type": "Point", "coordinates": [86.430989, 23.765074]}, "properties": {"subsidence_mm": 1292.3, "tilt_deg": -1.18421, "strain_ue": -323.83, "x_offset_m": 60.0, "y_offset_m": 75.0, "source": "NCB_PFM"}}, {"type": "Feature", "geometry": {"type": "Point", "coordinates": [86.430989, 23.765208]}, "properties": {"subsidence_mm": 1292.3, "tilt_deg": -1.18421, "strain_ue": -323.83, "x_offset_m": 60.0, "y_offset_m": 90.0, "source": "NCB_PFM"}}, {"type": "Feature", "geometry": {"type": "Point", "coordinates": [86.430989, 23.765343]}, "properties": {"subsidence_mm": 1292.3, "tilt_deg": -1.18421, "strain_ue": -323.83, "x_offset_m": 60.0, "y_offset_m": 105.0, "source": "NCB_PFM"}}, {"type": "Feature", "geometry": {"type": "Point", "coordinates": [86.430989, 23.765478]}, "properties": {"subsidence_mm": 1292.3, "tilt_deg": -1.18421, "strain_ue": -323.83, "x_offset_m": 60.0, "y_offset_m": 120.0, "source": "NCB_PFM"}}, {"type": "Feature", "geometry": {"type": "Point", "coordinates": [86.430989, 23.765613]}, "properties": {"subsidence_mm": 1292.3, "tilt_deg": -1.18421, "strain_ue": -323.83, "x_offset_m": 60.0, "y_offset_m": 135.0, "source": "NCB_PFM"}}, {"type": "Feature", "geometry": {"type": "Point", "coordinates": [86.430989, 23.765747]}, "properties": {"subsidence_mm": 1292.3, "tilt_deg": -1.18421, "strain_ue": -323.83, "x_offset_m": 60.0, "y_offset_m": 150.0, "source": "NCB_PFM"}}, {"type": "Feature", "geometry": {"type": "Point", "coordinates": [86.430989, 23.765882]}, "properties": {"subsidence_mm": 1292.3, "tilt_deg": -1.18421, "strain_ue": -323.83, "x_offset_m": 60.0, "y_offset_m": 165.0, "source": "NCB_PFM"}}, {"type": "Feature", "geometry": {"type": "Point", "coordinates": [86.430989, 23.766017]}, "properties": {"subsidence_mm": 1292.3, "tilt_deg": -1.18421, "strain_ue": -323.83, "x_offset_m": 60.0, "y_offset_m": 180.0, "source": "NCB_PFM"}}, {"type": "Feature", "geometry": {"type": "Point", "coordinates": [86.430989, 23.766152]}, "properties": {"subsidence_mm": 1292.3, "tilt_deg": -1.18421, "strain_ue": -323.83, "x_offset_m": 60.0, "y_offset_m": 195.0, "source": "NCB_PFM"}}, {"type": "Feature", "geometry": {"type": "Point", "coordinates": [86.430989, 23.766286]}, "properties": {"subsidence_mm": 1292.3, "tilt_deg": -1.18421, "strain_ue": -323.83, "x_offset_m": 60.0, "y_offset_m": 210.0, "source": "NCB_PFM"}}, {"type": "Feature", "geometry": {"type": "Point", "coordinates": [86.430989, 23.766421]}, "properties": {"subsidence_mm": 1292.3, "tilt_deg": -1.18421, "strain_ue": -323.83, "x_offset_m": 60.0, "y_offset_m": 225.0, "source": "NCB_PFM"}}, {"type": "Feature", "geometry": {"type": "Point", "coordinates": [86.430989, 23.766556]}, "properties": {"subsidence_mm": 1292.3, "tilt_deg": -1.18421, "strain_ue": -323.83, "x_offset_m": 60.0, "y_offset_m": 240.0, "source": "NCB_PFM"}}, {"type": "Feature", "geometry": {"type": "Point", "coordinates": [86.430989, 23.766691]}, "properties": {"subsidence_mm": 1292.3, "tilt_deg": -1.18421, "strain_ue": -323.83, "x_offset_m": 60.0, "y_offset_m": 255.0, "source": "NCB_PFM"}}, {"type": "Feature", "geometry": {"type": "Point", "coordinates": [86.430989, 23.766825]}, "properties": {"subsidence_mm": 1292.3, "tilt_deg": -1.18421, "strain_ue": -323.83, "x_offset_m": 60.0, "y_offset_m": 270.0, "source": "NCB_PFM"}}, {"type": "Feature", "geometry": {"type": "Point", "coordinates": [86.430989, 23.76696]}, "properties": {"subsidence_mm": 1292.3, "tilt_deg": -1.18421, "strain_ue": -323.83, "x_offset_m": 60.0, "y_offset_m": 285.0, "source": "NCB_PFM"}}, {"type": "Feature", "geometry": {"type": "Point", "coordinates": [86.430989, 23.767095]}, "properties": {"subsidence_mm": 1292.3, "tilt_deg": -1.18421, "strain_ue": -323.83, "x_offset_m": 60.0, "y_offset_m": 300.0, "source": "NCB_PFM"}}, {"type": "Feature", "geometry": {"type": "Point", "coordinates": [86.431136, 23.761705]}, "properties": {"subsidence_mm": 936.87, "tilt_deg": -1.35846, "strain_ue": -2.2, "x_offset_m": 75.0, "y_offset_m": -300.0, "source": "NCB_PFM"}}, {"type": "Feature", "geometry": {"type": "Point", "coordinates": [86.431136, 23.76184]}, "properties": {"subsidence_mm": 936.87, "tilt_deg": -1.35846, "strain_ue": -2.2, "x_offset_m": 75.0, "y_offset_m": -285.0, "source": "NCB_PFM"}}, {"type": "Feature", "geometry": {"type": "Point", "coordinates": [86.431136, 23.761975]}, "properties": {"subsidence_mm": 936.87, "tilt_deg": -1.35846, "strain_ue": -2.2, "x_offset_m": 75.0, "y_offset_m": -270.0, "source": "NCB_PFM"}}, {"type": "Feature", "geometry": {"type": "Point", "coordinates": [86.431136, 23.762109]}, "properties": {"subsidence_mm": 936.87, "tilt_deg": -1.35846, "strain_ue": -2.2, "x_offset_m": 75.0, "y_offset_m": -255.0, "source": "NCB_PFM"}}, {"type": "Feature", "geometry": {"type": "Point", "coordinates": [86.431136, 23.762244]}, "properties": {"subsidence_mm": 936.87, "tilt_deg": -1.35846, "strain_ue": -2.2, "x_offset_m": 75.0, "y_offset_m": -240.0, "source": "NCB_PFM"}}, {"type": "Feature", "geometry": {"type": "Point", "coordinates": [86.431136, 23.762379]}, "properties": {"subsidence_mm": 936.87, "tilt_deg": -1.35846, "strain_ue": -2.2, "x_offset_m": 75.0, "y_offset_m": -225.0, "source": "NCB_PFM"}}, {"type": "Feature", "geometry": {"type": "Point", "coordinates": [86.431136, 23.762514]}, "properties": {"subsidence_mm": 936.87, "tilt_deg": -1.35846, "strain_ue": -2.2, "x_offset_m": 75.0, "y_offset_m": -210.0, "source": "NCB_PFM"}}, {"type": "Feature", "geometry": {"type": "Point", "coordinates": [86.431136, 23.762648]}, "properties": {"subsidence_mm": 936.87, "tilt_deg": -1.35846, "strain_ue": -2.2, "x_offset_m": 75.0, "y_offset_m": -195.0, "source": "NCB_PFM"}}, {"type": "Feature", "geometry": {"type": "Point", "coordinates": [86.431136, 23.762783]}, "properties": {"subsidence_mm": 936.87, "tilt_deg": -1.35846, "strain_ue": -2.2, "x_offset_m": 75.0, "y_offset_m": -180.0, "source": "NCB_PFM"}}, {"type": "Feature", "geometry": {"type": "Point", "coordinates": [86.431136, 23.762918]}, "properties": {"subsidence_mm": 936.87, "tilt_deg": -1.35846, "strain_ue": -2.2, "x_offset_m": 75.0, "y_offset_m": -165.0, "source": "NCB_PFM"}}, {"type": "Feature", "geometry": {"type": "Point", "coordinates": [86.431136, 23.763053]}, "properties": {"subsidence_mm": 936.87, "tilt_deg": -1.35846, "strain_ue": -2.2, "x_offset_m": 75.0, "y_offset_m": -150.0, "source": "NCB_PFM"}}, {"type": "Feature", "geometry": {"type": "Point", "coordinates": [86.431136, 23.763187]}, "properties": {"subsidence_mm": 936.87, "tilt_deg": -1.35846, "strain_ue": -2.2, "x_offset_m": 75.0, "y_offset_m": -135.0, "source": "NCB_PFM"}}, {"type": "Feature", "geometry": {"type": "Point", "coordinates": [86.431136, 23.763322]}, "properties": {"subsidence_mm": 936.87, "tilt_deg": -1.35846, "strain_ue": -2.2, "x_offset_m": 75.0, "y_offset_m": -120.0, "source": "NCB_PFM"}}, {"type": "Feature", "geometry": {"type": "Point", "coordinates": [86.431136, 23.763457]}, "properties": {"subsidence_mm": 936.87, "tilt_deg": -1.35846, "strain_ue": -2.2, "x_offset_m": 75.0, "y_offset_m": -105.0, "source": "NCB_PFM"}}, {"type": "Feature", "geometry": {"type": "Point", "coordinates": [86.431136, 23.763592]}, "properties": {"subsidence_mm": 936.87, "tilt_deg": -1.35846, "strain_ue": -2.2, "x_offset_m": 75.0, "y_offset_m": -90.0, "source": "NCB_PFM"}}, {"type": "Feature", "geometry": {"type": "Point", "coordinates": [86.431136, 23.763726]}, "properties": {"subsidence_mm": 936.87, "tilt_deg": -1.35846, "strain_ue": -2.2, "x_offset_m": 75.0, "y_offset_m": -75.0, "source": "NCB_PFM"}}, {"type": "Feature", "geometry": {"type": "Point", "coordinates": [86.431136, 23.763861]}, "properties": {"subsidence_mm": 936.87, "tilt_deg": -1.35846, "strain_ue": -2.2, "x_offset_m": 75.0, "y_offset_m": -60.0, "source": "NCB_PFM"}}, {"type": "Feature", "geometry": {"type": "Point", "coordinates": [86.431136, 23.763996]}, "properties": {"subsidence_mm": 936.87, "tilt_deg": -1.35846, "strain_ue": -2.2, "x_offset_m": 75.0, "y_offset_m": -45.0, "source": "NCB_PFM"}}, {"type": "Feature", "geometry": {"type": "Point", "coordinates": [86.431136, 23.764131]}, "properties": {"subsidence_mm": 936.87, "tilt_deg": -1.35846, "strain_ue": -2.2, "x_offset_m": 75.0, "y_offset_m": -30.0, "source": "NCB_PFM"}}, {"type": "Feature", "geometry": {"type": "Point", "coordinates": [86.431136, 23.764265]}, "properties": {"subsidence_mm": 936.87, "tilt_deg": -1.35846, "strain_ue": -2.2, "x_offset_m": 75.0, "y_offset_m": -15.0, "source": "NCB_PFM"}}, {"type": "Feature", "geometry": {"type": "Point", "coordinates": [86.431136, 23.7644]}, "properties": {"subsidence_mm": 936.87, "tilt_deg": -1.35846, "strain_ue": -2.2, "x_offset_m": 75.0, "y_offset_m": 0.0, "source": "NCB_PFM"}}, {"type": "Feature", "geometry": {"type": "Point", "coordinates": [86.431136, 23.764535]}, "properties": {"subsidence_mm": 936.87, "tilt_deg": -1.35846, "strain_ue": -2.2, "x_offset_m": 75.0, "y_offset_m": 15.0, "source": "NCB_PFM"}}, {"type": "Feature", "geometry": {"type": "Point", "coordinates": [86.431136, 23.764669]}, "properties": {"subsidence_mm": 936.87, "tilt_deg": -1.35846, "strain_ue": -2.2, "x_offset_m": 75.0, "y_offset_m": 30.0, "source": "NCB_PFM"}}, {"type": "Feature", "geometry": {"type": "Point", "coordinates": [86.431136, 23.764804]}, "properties": {"subsidence_mm": 936.87, "tilt_deg": -1.35846, "strain_ue": -2.2, "x_offset_m": 75.0, "y_offset_m": 45.0, "source": "NCB_PFM"}}, {"type": "Feature", "geometry": {"type": "Point", "coordinates": [86.431136, 23.764939]}, "properties": {"subsidence_mm": 936.87, "tilt_deg": -1.35846, "strain_ue": -2.2, "x_offset_m": 75.0, "y_offset_m": 60.0, "source": "NCB_PFM"}}, {"type": "Feature", "geometry": {"type": "Point", "coordinates": [86.431136, 23.765074]}, "properties": {"subsidence_mm": 936.87, "tilt_deg": -1.35846, "strain_ue": -2.2, "x_offset_m": 75.0, "y_offset_m": 75.0, "source": "NCB_PFM"}}, {"type": "Feature", "geometry": {"type": "Point", "coordinates": [86.431136, 23.765208]}, "properties": {"subsidence_mm": 936.87, "tilt_deg": -1.35846, "strain_ue": -2.2, "x_offset_m": 75.0, "y_offset_m": 90.0, "source": "NCB_PFM"}}, {"type": "Feature", "geometry": {"type": "Point", "coordinates": [86.431136, 23.765343]}, "properties": {"subsidence_mm": 936.87, "tilt_deg": -1.35846, "strain_ue": -2.2, "x_offset_m": 75.0, "y_offset_m": 105.0, "source": "NCB_PFM"}}, {"type": "Feature", "geometry": {"type": "Point", "coordinates": [86.431136, 23.765478]}, "properties": {"subsidence_mm": 936.87, "tilt_deg": -1.35846, "strain_ue": -2.2, "x_offset_m": 75.0, "y_offset_m": 120.0, "source": "NCB_PFM"}}, {"type": "Feature", "geometry": {"type": "Point", "coordinates": [86.431136, 23.765613]}, "properties": {"subsidence_mm": 936.87, "tilt_deg": -1.35846, "strain_ue": -2.2, "x_offset_m": 75.0, "y_offset_m": 135.0, "source": "NCB_PFM"}}, {"type": "Feature", "geometry": {"type": "Point", "coordinates": [86.431136, 23.765747]}, "properties": {"subsidence_mm": 936.87, "tilt_deg": -1.35846, "strain_ue": -2.2, "x_offset_m": 75.0, "y_offset_m": 150.0, "source": "NCB_PFM"}}, {"type": "Feature", "geometry": {"type": "Point", "coordinates": [86.431136, 23.765882]}, "properties": {"subsidence_mm": 936.87, "tilt_deg": -1.35846, "strain_ue": -2.2, "x_offset_m": 75.0, "y_offset_m": 165.0, "source": "NCB_PFM"}}, {"type": "Feature", "geometry": {"type": "Point", "coordinates": [86.431136, 23.766017]}, "properties": {"subsidence_mm": 936.87, "tilt_deg": -1.35846, "strain_ue": -2.2, "x_offset_m": 75.0, "y_offset_m": 180.0, "source": "NCB_PFM"}}, {"type": "Feature", "geometry": {"type": "Point", "coordinates": [86.431136, 23.766152]}, "properties": {"subsidence_mm": 936.87, "tilt_deg": -1.35846, "strain_ue": -2.2, "x_offset_m": 75.0, "y_offset_m": 195.0, "source": "NCB_PFM"}}, {"type": "Feature", "geometry": {"type": "Point", "coordinates": [86.431136, 23.766286]}, "properties": {"subsidence_mm": 936.87, "tilt_deg": -1.35846, "strain_ue": -2.2, "x_offset_m": 75.0, "y_offset_m": 210.0, "source": "NCB_PFM"}}, {"type": "Feature", "geometry": {"type": "Point", "coordinates": [86.431136, 23.766421]}, "properties": {"subsidence_mm": 936.87, "tilt_deg": -1.35846, "strain_ue": -2.2, "x_offset_m": 75.0, "y_offset_m": 225.0, "source": "NCB_PFM"}}, {"type": "Feature", "geometry": {"type": "Point", "coordinates": [86.431136, 23.766556]}, "properties": {"subsidence_mm": 936.87, "tilt_deg": -1.35846, "strain_ue": -2.2, "x_offset_m": 75.0, "y_offset_m": 240.0, "source": "NCB_PFM"}}, {"type": "Feature", "geometry": {"type": "Point", "coordinates": [86.431136, 23.766691]}, "properties": {"subsidence_mm": 936.87, "tilt_deg": -1.35846, "strain_ue": -2.2, "x_offset_m": 75.0, "y_offset_m": 255.0, "source": "NCB_PFM"}}, {"type": "Feature", "geometry": {"type": "Point", "coordinates": [86.431136, 23.766825]}, "properties": {"subsidence_mm": 936.87, "tilt_deg": -1.35846, "strain_ue": -2.2, "x_offset_m": 75.0, "y_offset_m": 270.0, "source": "NCB_PFM"}}, {"type": "Feature", "geometry": {"type": "Point", "coordinates": [86.431136, 23.76696]}, "properties": {"subsidence_mm": 936.87, "tilt_deg": -1.35846, "strain_ue": -2.2, "x_offset_m": 75.0, "y_offset_m": 285.0, "source": "NCB_PFM"}}, {"type": "Feature", "geometry": {"type": "Point", "coordinates": [86.431136, 23.767095]}, "properties": {"subsidence_mm": 936.87, "tilt_deg": -1.35846, "strain_ue": -2.2, "x_offset_m": 75.0, "y_offset_m": 300.0, "source": "NCB_PFM"}}, {"type": "Feature", "geometry": {"type": "Point", "coordinates": [86.431283, 23.761705]}, "properties": {"subsidence_mm": 581.02, "tilt_deg": -1.18799, "strain_ue": 317.96, "x_offset_m": 90.0, "y_offset_m": -300.0, "source": "NCB_PFM"}}, {"type": "Feature", "geometry": {"type": "Point", "coordinates": [86.431283, 23.76184]}, "properties": {"subsidence_mm": 581.02, "tilt_deg": -1.18799, "strain_ue": 317.96, "x_offset_m": 90.0, "y_offset_m": -285.0, "source": "NCB_PFM"}}, {"type": "Feature", "geometry": {"type": "Point", "coordinates": [86.431283, 23.761975]}, "properties": {"subsidence_mm": 581.02, "tilt_deg": -1.18799, "strain_ue": 317.96, "x_offset_m": 90.0, "y_offset_m": -270.0, "source": "NCB_PFM"}}, {"type": "Feature", "geometry": {"type": "Point", "coordinates": [86.431283, 23.762109]}, "properties": {"subsidence_mm": 581.02, "tilt_deg": -1.18799, "strain_ue": 317.96, "x_offset_m": 90.0, "y_offset_m": -255.0, "source": "NCB_PFM"}}, {"type": "Feature", "geometry": {"type": "Point", "coordinates": [86.431283, 23.762244]}, "properties": {"subsidence_mm": 581.02, "tilt_deg": -1.18799, "strain_ue": 317.96, "x_offset_m": 90.0, "y_offset_m": -240.0, "source": "NCB_PFM"}}, {"type": "Feature", "geometry": {"type": "Point", "coordinates": [86.431283, 23.762379]}, "properties": {"subsidence_mm": 581.02, "tilt_deg": -1.18799, "strain_ue": 317.96, "x_offset_m": 90.0, "y_offset_m": -225.0, "source": "NCB_PFM"}}, {"type": "Feature", "geometry": {"type": "Point", "coordinates": [86.431283, 23.762514]}, "properties": {"subsidence_mm": 581.02, "tilt_deg": -1.18799, "strain_ue": 317.96, "x_offset_m": 90.0, "y_offset_m": -210.0, "source": "NCB_PFM"}}, {"type": "Feature", "geometry": {"type": "Point", "coordinates": [86.431283, 23.762648]}, "properties": {"subsidence_mm": 581.02, "tilt_deg": -1.18799, "strain_ue": 317.96, "x_offset_m": 90.0, "y_offset_m": -195.0, "source": "NCB_PFM"}}, {"type": "Feature", "geometry": {"type": "Point", "coordinates": [86.431283, 23.762783]}, "properties": {"subsidence_mm": 581.02, "tilt_deg": -1.18799, "strain_ue": 317.96, "x_offset_m": 90.0, "y_offset_m": -180.0, "source": "NCB_PFM"}}, {"type": "Feature", "geometry": {"type": "Point", "coordinates": [86.431283, 23.762918]}, "properties": {"subsidence_mm": 581.02, "tilt_deg": -1.18799, "strain_ue": 317.96, "x_offset_m": 90.0, "y_offset_m": -165.0, "source": "NCB_PFM"}}, {"type": "Feature", "geometry": {"type": "Point", "coordinates": [86.431283, 23.763053]}, "properties": {"subsidence_mm": 581.02, "tilt_deg": -1.18799, "strain_ue": 317.96, "x_offset_m": 90.0, "y_offset_m": -150.0, "source": "NCB_PFM"}}, {"type": "Feature", "geometry": {"type": "Point", "coordinates": [86.431283, 23.763187]}, "properties": {"subsidence_mm": 581.02, "tilt_deg": -1.18799, "strain_ue": 317.96, "x_offset_m": 90.0, "y_offset_m": -135.0, "source": "NCB_PFM"}}, {"type": "Feature", "geometry": {"type": "Point", "coordinates": [86.431283, 23.763322]}, "properties": {"subsidence_mm": 581.02, "tilt_deg": -1.18799, "strain_ue": 317.96, "x_offset_m": 90.0, "y_offset_m": -120.0, "source": "NCB_PFM"}}, {"type": "Feature", "geometry": {"type": "Point", "coordinates": [86.431283, 23.763457]}, "properties": {"subsidence_mm": 581.02, "tilt_deg": -1.18799, "strain_ue": 317.96, "x_offset_m": 90.0, "y_offset_m": -105.0, "source": "NCB_PFM"}}, {"type": "Feature", "geometry": {"type": "Point", "coordinates": [86.431283, 23.763592]}, "properties": {"subsidence_mm": 581.02, "tilt_deg": -1.18799, "strain_ue": 317.96, "x_offset_m": 90.0, "y_offset_m": -90.0, "source": "NCB_PFM"}}, {"type": "Feature", "geometry": {"type": "Point", "coordinates": [86.431283, 23.763726]}, "properties": {"subsidence_mm": 581.02, "tilt_deg": -1.18799, "strain_ue": 317.96, "x_offset_m": 90.0, "y_offset_m": -75.0, "source": "NCB_PFM"}}, {"type": "Feature", "geometry": {"type": "Point", "coordinates": [86.431283, 23.763861]}, "properties": {"subsidence_mm": 581.02, "tilt_deg": -1.18799, "strain_ue": 317.96, "x_offset_m": 90.0, "y_offset_m": -60.0, "source": "NCB_PFM"}}, {"type": "Feature", "geometry": {"type": "Point", "coordinates": [86.431283, 23.763996]}, "properties": {"subsidence_mm": 581.02, "tilt_deg": -1.18799, "strain_ue": 317.96, "x_offset_m": 90.0, "y_offset_m": -45.0, "source": "NCB_PFM"}}, {"type": "Feature", "geometry": {"type": "Point", "coordinates": [86.431283, 23.764131]}, "properties": {"subsidence_mm": 581.02, "tilt_deg": -1.18799, "strain_ue": 317.96, "x_offset_m": 90.0, "y_offset_m": -30.0, "source": "NCB_PFM"}}, {"type": "Feature", "geometry": {"type": "Point", "coordinates": [86.431283, 23.764265]}, "properties": {"subsidence_mm": 581.02, "tilt_deg": -1.18799, "strain_ue": 317.96, "x_offset_m": 90.0, "y_offset_m": -15.0, "source": "NCB_PFM"}}, {"type": "Feature", "geometry": {"type": "Point", "coordinates": [86.431283, 23.7644]}, "properties": {"subsidence_mm": 581.02, "tilt_deg": -1.18799, "strain_ue": 317.96, "x_offset_m": 90.0, "y_offset_m": 0.0, "source": "NCB_PFM"}}, {"type": "Feature", "geometry": {"type": "Point", "coordinates": [86.431283, 23.764535]}, "properties": {"subsidence_mm": 581.02, "tilt_deg": -1.18799, "strain_ue": 317.96, "x_offset_m": 90.0, "y_offset_m": 15.0, "source": "NCB_PFM"}}, {"type": "Feature", "geometry": {"type": "Point", "coordinates": [86.431283, 23.764669]}, "properties": {"subsidence_mm": 581.02, "tilt_deg": -1.18799, "strain_ue": 317.96, "x_offset_m": 90.0, "y_offset_m": 30.0, "source": "NCB_PFM"}}, {"type": "Feature", "geometry": {"type": "Point", "coordinates": [86.431283, 23.764804]}, "properties": {"subsidence_mm": 581.02, "tilt_deg": -1.18799, "strain_ue": 317.96, "x_offset_m": 90.0, "y_offset_m": 45.0, "source": "NCB_PFM"}}, {"type": "Feature", "geometry": {"type": "Point", "coordinates": [86.431283, 23.764939]}, "properties": {"subsidence_mm": 581.02, "tilt_deg": -1.18799, "strain_ue": 317.96, "x_offset_m": 90.0, "y_offset_m": 60.0, "source": "NCB_PFM"}}, {"type": "Feature", "geometry": {"type": "Point", "coordinates": [86.431283, 23.765074]}, "properties": {"subsidence_mm": 581.02, "tilt_deg": -1.18799, "strain_ue": 317.96, "x_offset_m": 90.0, "y_offset_m": 75.0, "source": "NCB_PFM"}}, {"type": "Feature", "geometry": {"type": "Point", "coordinates": [86.431283, 23.765208]}, "properties": {"subsidence_mm": 581.02, "tilt_deg": -1.18799, "strain_ue": 317.96, "x_offset_m": 90.0, "y_offset_m": 90.0, "source": "NCB_PFM"}}, {"type": "Feature", "geometry": {"type": "Point", "coordinates": [86.431283, 23.765343]}, "properties": {"subsidence_mm": 581.02, "tilt_deg": -1.18799, "strain_ue": 317.96, "x_offset_m": 90.0, "y_offset_m": 105.0, "source": "NCB_PFM"}}, {"type": "Feature", "geometry": {"type": "Point", "coordinates": [86.431283, 23.765478]}, "properties": {"subsidence_mm": 581.02, "tilt_deg": -1.18799, "strain_ue": 317.96, "x_offset_m": 90.0, "y_offset_m": 120.0, "source": "NCB_PFM"}}, {"type": "Feature", "geometry": {"type": "Point", "coordinates": [86.431283, 23.765613]}, "properties": {"subsidence_mm": 581.02, "tilt_deg": -1.18799, "strain_ue": 317.96, "x_offset_m": 90.0, "y_offset_m": 135.0, "source": "NCB_PFM"}}, {"type": "Feature", "geometry": {"type": "Point", "coordinates": [86.431283, 23.765747]}, "properties": {"subsidence_mm": 581.02, "tilt_deg": -1.18799, "strain_ue": 317.96, "x_offset_m": 90.0, "y_offset_m": 150.0, "source": "NCB_PFM"}}, {"type": "Feature", "geometry": {"type": "Point", "coordinates": [86.431283, 23.765882]}, "properties": {"subsidence_mm": 581.02, "tilt_deg": -1.18799, "strain_ue": 317.96, "x_offset_m": 90.0, "y_offset_m": 165.0, "source": "NCB_PFM"}}, {"type": "Feature", "geometry": {"type": "Point", "coordinates": [86.431283, 23.766017]}, "properties": {"subsidence_mm": 581.02, "tilt_deg": -1.18799, "strain_ue": 317.96, "x_offset_m": 90.0, "y_offset_m": 180.0, "source": "NCB_PFM"}}, {"type": "Feature", "geometry": {"type": "Point", "coordinates": [86.431283, 23.766152]}, "properties": {"subsidence_mm": 581.02, "tilt_deg": -1.18799, "strain_ue": 317.96, "x_offset_m": 90.0, "y_offset_m": 195.0, "source": "NCB_PFM"}}, {"type": "Feature", "geometry": {"type": "Point", "coordinates": [86.431283, 23.766286]}, "properties": {"subsidence_mm": 581.02, "tilt_deg": -1.18799, "strain_ue": 317.96, "x_offset_m": 90.0, "y_offset_m": 210.0, "source": "NCB_PFM"}}, {"type": "Feature", "geometry": {"type": "Point", "coordinates": [86.431283, 23.766421]}, "properties": {"subsidence_mm": 581.02, "tilt_deg": -1.18799, "strain_ue": 317.96, "x_offset_m": 90.0, "y_offset_m": 225.0, "source": "NCB_PFM"}}, {"type": "Feature", "geometry": {"type": "Point", "coordinates": [86.431283, 23.766556]}, "properties": {"subsidence_mm": 581.02, "tilt_deg": -1.18799, "strain_ue": 317.96, "x_offset_m": 90.0, "y_offset_m": 240.0, "source": "NCB_PFM"}}, {"type": "Feature", "geometry": {"type": "Point", "coordinates": [86.431283, 23.766691]}, "properties": {"subsidence_mm": 581.02, "tilt_deg": -1.18799, "strain_ue": 317.96, "x_offset_m": 90.0, "y_offset_m": 255.0, "source": "NCB_PFM"}}, {"type": "Feature", "geometry": {"type": "Point", "coordinates": [86.431283, 23.766825]}, "properties": {"subsidence_mm": 581.02, "tilt_deg": -1.18799, "strain_ue": 317.96, "x_offset_m": 90.0, "y_offset_m": 270.0, "source": "NCB_PFM"}}, {"type": "Feature", "geometry": {"type": "Point", "coordinates": [86.431283, 23.76696]}, "properties": {"subsidence_mm": 581.02, "tilt_deg": -1.18799, "strain_ue": 317.96, "x_offset_m": 90.0, "y_offset_m": 285.0, "source": "NCB_PFM"}}, {"type": "Feature", "geometry": {"type": "Point", "coordinates": [86.431283, 23.767095]}, "properties": {"subsidence_mm": 581.02, "tilt_deg": -1.18799, "strain_ue": 317.96, "x_offset_m": 90.0, "y_offset_m": 300.0, "source": "NCB_PFM"}}, {"type": "Feature", "geometry": {"type": "Point", "coordinates": [86.431431, 23.761705]}, "properties": {"subsidence_mm": 314.84, "tilt_deg": -0.81193, "strain_ue": 422.89, "x_offset_m": 105.0, "y_offset_m": -300.0, "source": "NCB_PFM"}}, {"type": "Feature", "geometry": {"type": "Point", "coordinates": [86.431431, 23.76184]}, "properties": {"subsidence_mm": 314.84, "tilt_deg": -0.81193, "strain_ue": 422.89, "x_offset_m": 105.0, "y_offset_m": -285.0, "source": "NCB_PFM"}}, {"type": "Feature", "geometry": {"type": "Point", "coordinates": [86.431431, 23.761975]}, "properties": {"subsidence_mm": 314.84, "tilt_deg": -0.81193, "strain_ue": 422.89, "x_offset_m": 105.0, "y_offset_m": -270.0, "source": "NCB_PFM"}}, {"type": "Feature", "geometry": {"type": "Point", "coordinates": [86.431431, 23.762109]}, "properties": {"subsidence_mm": 314.84, "tilt_deg": -0.81193, "strain_ue": 422.89, "x_offset_m": 105.0, "y_offset_m": -255.0, "source": "NCB_PFM"}}, {"type": "Feature", "geometry": {"type": "Point", "coordinates": [86.431431, 23.762244]}, "properties": {"subsidence_mm": 314.84, "tilt_deg": -0.81193, "strain_ue": 422.89, "x_offset_m": 105.0, "y_offset_m": -240.0, "source": "NCB_PFM"}}, {"type": "Feature", "geometry": {"type": "Point", "coordinates": [86.431431, 23.762379]}, "properties": {"subsidence_mm": 314.84, "tilt_deg": -0.81193, "strain_ue": 422.89, "x_offset_m": 105.0, "y_offset_m": -225.0, "source": "NCB_PFM"}}, {"type": "Feature", "geometry": {"type": "Point", "coordinates": [86.431431, 23.762514]}, "properties": {"subsidence_mm": 314.84, "tilt_deg": -0.81193, "strain_ue": 422.89, "x_offset_m": 105.0, "y_offset_m": -210.0, "source": "NCB_PFM"}}, {"type": "Feature", "geometry": {"type": "Point", "coordinates": [86.431431, 23.762648]}, "properties": {"subsidence_mm": 314.84, "tilt_deg": -0.81193, "strain_ue": 422.89, "x_offset_m": 105.0, "y_offset_m": -195.0, "source": "NCB_PFM"}}, {"type": "Feature", "geometry": {"type": "Point", "coordinates": [86.431431, 23.762783]}, "properties": {"subsidence_mm": 314.84, "tilt_deg": -0.81193, "strain_ue": 422.89, "x_offset_m": 105.0, "y_offset_m": -180.0, "source": "NCB_PFM"}}, {"type": "Feature", "geometry": {"type": "Point", "coordinates": [86.431431, 23.762918]}, "properties": {"subsidence_mm": 314.84, "tilt_deg": -0.81193, "strain_ue": 422.89, "x_offset_m": 105.0, "y_offset_m": -165.0, "source": "NCB_PFM"}}, {"type": "Feature", "geometry": {"type": "Point", "coordinates": [86.431431, 23.763053]}, "properties": {"subsidence_mm": 314.84, "tilt_deg": -0.81193, "strain_ue": 422.89, "x_offset_m": 105.0, "y_offset_m": -150.0, "source": "NCB_PFM"}}, {"type": "Feature", "geometry": {"type": "Point", "coordinates": [86.431431, 23.763187]}, "properties": {"subsidence_mm": 314.84, "tilt_deg": -0.81193, "strain_ue": 422.89, "x_offset_m": 105.0, "y_offset_m": -135.0, "source": "NCB_PFM"}}, {"type": "Feature", "geometry": {"type": "Point", "coordinates": [86.431431, 23.763322]}, "properties": {"subsidence_mm": 314.84, "tilt_deg": -0.81193, "strain_ue": 422.89, "x_offset_m": 105.0, "y_offset_m": -120.0, "source": "NCB_PFM"}}, {"type": "Feature", "geometry": {"type": "Point", "coordinates": [86.431431, 23.763457]}, "properties": {"subsidence_mm": 314.84, "tilt_deg": -0.81193, "strain_ue": 422.89, "x_offset_m": 105.0, "y_offset_m": -105.0, "source": "NCB_PFM"}}, {"type": "Feature", "geometry": {"type": "Point", "coordinates": [86.431431, 23.763592]}, "properties": {"subsidence_mm": 314.84, "tilt_deg": -0.81193, "strain_ue": 422.89, "x_offset_m": 105.0, "y_offset_m": -90.0, "source": "NCB_PFM"}}, {"type": "Feature", "geometry": {"type": "Point", "coordinates": [86.431431, 23.763726]}, "properties": {"subsidence_mm": 314.84, "tilt_deg": -0.81193, "strain_ue": 422.89, "x_offset_m": 105.0, "y_offset_m": -75.0, "source": "NCB_PFM"}}, {"type": "Feature", "geometry": {"type": "Point", "coordinates": [86.431431, 23.763861]}, "properties": {"subsidence_mm": 314.84, "tilt_deg": -0.81193, "strain_ue": 422.89, "x_offset_m": 105.0, "y_offset_m": -60.0, "source": "NCB_PFM"}}, {"type": "Feature", "geometry": {"type": "Point", "coordinates": [86.431431, 23.763996]}, "properties": {"subsidence_mm": 314.84, "tilt_deg": -0.81193, "strain_ue": 422.89, "x_offset_m": 105.0, "y_offset_m": -45.0, "source": "NCB_PFM"}}, {"type": "Feature", "geometry": {"type": "Point", "coordinates": [86.431431, 23.764131]}, "properties": {"subsidence_mm": 314.84, "tilt_deg": -0.81193, "strain_ue": 422.89, "x_offset_m": 105.0, "y_offset_m": -30.0, "source": "NCB_PFM"}}, {"type": "Feature", "geometry": {"type": "Point", "coordinates": [86.431431, 23.764265]}, "properties": {"subsidence_mm": 314.84, "tilt_deg": -0.81193, "strain_ue": 422.89, "x_offset_m": 105.0, "y_offset_m": -15.0, "source": "NCB_PFM"}}, {"type": "Feature", "geometry": {"type": "Point", "coordinates": [86.431431, 23.7644]}, "properties": {"subsidence_mm": 314.84, "tilt_deg": -0.81193, "strain_ue": 422.89, "x_offset_m": 105.0, "y_offset_m": 0.0, "source": "NCB_PFM"}}, {"type": "Feature", "geometry": {"type": "Point", "coordinates": [86.431431, 23.764535]}, "properties": {"subsidence_mm": 314.84, "tilt_deg": -0.81193, "strain_ue": 422.89, "x_offset_m": 105.0, "y_offset_m": 15.0, "source": "NCB_PFM"}}, {"type": "Feature", "geometry": {"type": "Point", "coordinates": [86.431431, 23.764669]}, "properties": {"subsidence_mm": 314.84, "tilt_deg": -0.81193, "strain_ue": 422.89, "x_offset_m": 105.0, "y_offset_m": 30.0, "source": "NCB_PFM"}}, {"type": "Feature", "geometry": {"type": "Point", "coordinates": [86.431431, 23.764804]}, "properties": {"subsidence_mm": 314.84, "tilt_deg": -0.81193, "strain_ue": 422.89, "x_offset_m": 105.0, "y_offset_m": 45.0, "source": "NCB_PFM"}}, {"type": "Feature", "geometry": {"type": "Point", "coordinates": [86.431431, 23.764939]}, "properties": {"subsidence_mm": 314.84, "tilt_deg": -0.81193, "strain_ue": 422.89, "x_offset_m": 105.0, "y_offset_m": 60.0, "source": "NCB_PFM"}}, {"type": "Feature", "geometry": {"type": "Point", "coordinates": [86.431431, 23.765074]}, "properties": {"subsidence_mm": 314.84, "tilt_deg": -0.81193, "strain_ue": 422.89, "x_offset_m": 105.0, "y_offset_m": 75.0, "source": "NCB_PFM"}}, {"type": "Feature", "geometry": {"type": "Point", "coordinates": [86.431431, 23.765208]}, "properties": {"subsidence_mm": 314.84, "tilt_deg": -0.81193, "strain_ue": 422.89, "x_offset_m": 105.0, "y_offset_m": 90.0, "source": "NCB_PFM"}}, {"type": "Feature", "geometry": {"type": "Point", "coordinates": [86.431431, 23.765343]}, "properties": {"subsidence_mm": 314.84, "tilt_deg": -0.81193, "strain_ue": 422.89, "x_offset_m": 105.0, "y_offset_m": 105.0, "source": "NCB_PFM"}}, {"type": "Feature", "geometry": {"type": "Point", "coordinates": [86.431431, 23.765478]}, "properties": {"subsidence_mm": 314.84, "tilt_deg": -0.81193, "strain_ue": 422.89, "x_offset_m": 105.0, "y_offset_m": 120.0, "source": "NCB_PFM"}}, {"type": "Feature", "geometry": {"type": "Point", "coordinates": [86.431431, 23.765613]}, "properties": {"subsidence_mm": 314.84, "tilt_deg": -0.81193, "strain_ue": 422.89, "x_offset_m": 105.0, "y_offset_m": 135.0, "source": "NCB_PFM"}}, {"type": "Feature", "geometry": {"type": "Point", "coordinates": [86.431431, 23.765747]}, "properties": {"subsidence_mm": 314.84, "tilt_deg": -0.81193, "strain_ue": 422.89, "x_offset_m": 105.0, "y_offset_m": 150.0, "source": "NCB_PFM"}}, {"type": "Feature", "geometry": {"type": "Point", "coordinates": [86.431431, 23.765882]}, "properties": {"subsidence_mm": 314.84, "tilt_deg": -0.81193, "strain_ue": 422.89, "x_offset_m": 105.0, "y_offset_m": 165.0, "source": "NCB_PFM"}}, {"type": "Feature", "geometry": {"type": "Point", "coordinates": [86.431431, 23.766017]}, "properties": {"subsidence_mm": 314.84, "tilt_deg": -0.81193, "strain_ue": 422.89, "x_offset_m": 105.0, "y_offset_m": 180.0, "source": "NCB_PFM"}}, {"type": "Feature", "geometry": {"type": "Point", "coordinates": [86.431431, 23.766152]}, "properties": {"subsidence_mm": 314.84, "tilt_deg": -0.81193, "strain_ue": 422.89, "x_offset_m": 105.0, "y_offset_m": 195.0, "source": "NCB_PFM"}}, {"type": "Feature", "geometry": {"type": "Point", "coordinates": [86.431431, 23.766286]}, "properties": {"subsidence_mm": 314.84, "tilt_deg": -0.81193, "strain_ue": 422.89, "x_offset_m": 105.0, "y_offset_m": 210.0, "source": "NCB_PFM"}}, {"type": "Feature", "geometry": {"type": "Point", "coordinates": [86.431431, 23.766421]}, "properties": {"subsidence_mm": 314.84, "tilt_deg": -0.81193, "strain_ue": 422.89, "x_offset_m": 105.0, "y_offset_m": 225.0, "source": "NCB_PFM"}}, {"type": "Feature", "geometry": {"type": "Point", "coordinates": [86.431431, 23.766556]}, "properties": {"subsidence_mm": 314.84, "tilt_deg": -0.81193, "strain_ue": 422.89, "x_offset_m": 105.0, "y_offset_m": 240.0, "source": "NCB_PFM"}}, {"type": "Feature", "geometry": {"type": "Point", "coordinates": [86.431431, 23.766691]}, "properties": {"subsidence_mm": 314.84, "tilt_deg": -0.81193, "strain_ue": 422.89, "x_offset_m": 105.0, "y_offset_m": 255.0, "source": "NCB_PFM"}}, {"type": "Feature", "geometry": {"type": "Point", "coordinates": [86.431431, 23.766825]}, "properties": {"subsidence_mm": 314.84, "tilt_deg": -0.81193, "strain_ue": 422.89, "x_offset_m": 105.0, "y_offset_m": 270.0, "source": "NCB_PFM"}}, {"type": "Feature", "geometry": {"type": "Point", "coordinates": [86.431431, 23.76696]}, "properties": {"subsidence_mm": 314.84, "tilt_deg": -0.81193, "strain_ue": 422.89, "x_offset_m": 105.0, "y_offset_m": 285.0, "source": "NCB_PFM"}}, {"type": "Feature", "geometry": {"type": "Point", "coordinates": [86.431431, 23.767095]}, "properties": {"subsidence_mm": 314.84, "tilt_deg": -0.81193, "strain_ue": 422.89, "x_offset_m": 105.0, "y_offset_m": 300.0, "source": "NCB_PFM"}}, {"type": "Feature", "geometry": {"type": "Point", "coordinates": [86.431578, 23.761705]}, "properties": {"subsidence_mm": 155.89, "tilt_deg": -0.46109, "strain_ue": 336.6, "x_offset_m": 120.0, "y_offset_m": -300.0, "source": "NCB_PFM"}}, {"type": "Feature", "geometry": {"type": "Point", "coordinates": [86.431578, 23.76184]}, "properties": {"subsidence_mm": 155.89, "tilt_deg": -0.46109, "strain_ue": 336.6, "x_offset_m": 120.0, "y_offset_m": -285.0, "source": "NCB_PFM"}}, {"type": "Feature", "geometry": {"type": "Point", "coordinates": [86.431578, 23.761975]}, "properties": {"subsidence_mm": 155.89, "tilt_deg": -0.46109, "strain_ue": 336.6, "x_offset_m": 120.0, "y_offset_m": -270.0, "source": "NCB_PFM"}}, {"type": "Feature", "geometry": {"type": "Point", "coordinates": [86.431578, 23.762109]}, "properties": {"subsidence_mm": 155.89, "tilt_deg": -0.46109, "strain_ue": 336.6, "x_offset_m": 120.0, "y_offset_m": -255.0, "source": "NCB_PFM"}}, {"type": "Feature", "geometry": {"type": "Point", "coordinates": [86.431578, 23.762244]}, "properties": {"subsidence_mm": 155.89, "tilt_deg": -0.46109, "strain_ue": 336.6, "x_offset_m": 120.0, "y_offset_m": -240.0, "source": "NCB_PFM"}}, {"type": "Feature", "geometry": {"type": "Point", "coordinates": [86.431578, 23.762379]}, "properties": {"subsidence_mm": 155.89, "tilt_deg": -0.46109, "strain_ue": 336.6, "x_offset_m": 120.0, "y_offset_m": -225.0, "source": "NCB_PFM"}}, {"type": "Feature", "geometry": {"type": "Point", "coordinates": [86.431578, 23.762514]}, "properties": {"subsidence_mm": 155.89, "tilt_deg": -0.46109, "strain_ue": 336.6, "x_offset_m": 120.0, "y_offset_m": -210.0, "source": "NCB_PFM"}}, {"type": "Feature", "geometry": {"type": "Point", "coordinates": [86.431578, 23.762648]}, "properties": {"subsidence_mm": 155.89, "tilt_deg": -0.46109, "strain_ue": 336.6, "x_offset_m": 120.0, "y_offset_m": -195.0, "source": "NCB_PFM"}}, {"type": "Feature", "geometry": {"type": "Point", "coordinates": [86.431578, 23.762783]}, "properties": {"subsidence_mm": 155.89, "tilt_deg": -0.46109, "strain_ue": 336.6, "x_offset_m": 120.0, "y_offset_m": -180.0, "source": "NCB_PFM"}}, {"type": "Feature", "geometry": {"type": "Point", "coordinates": [86.431578, 23.762918]}, "properties": {"subsidence_mm": 155.89, "tilt_deg": -0.46109, "strain_ue": 336.6, "x_offset_m": 120.0, "y_offset_m": -165.0, "source": "NCB_PFM"}}, {"type": "Feature", "geometry": {"type": "Point", "coordinates": [86.431578, 23.763053]}, "properties": {"subsidence_mm": 155.89, "tilt_deg": -0.46109, "strain_ue": 336.6, "x_offset_m": 120.0, "y_offset_m": -150.0, "source": "NCB_PFM"}}, {"type": "Feature", "geometry": {"type": "Point", "coordinates": [86.431578, 23.763187]}, "properties": {"subsidence_mm": 155.89, "tilt_deg": -0.46109, "strain_ue": 336.6, "x_offset_m": 120.0, "y_offset_m": -135.0, "source": "NCB_PFM"}}, {"type": "Feature", "geometry": {"type": "Point", "coordinates": [86.431578, 23.763322]}, "properties": {"subsidence_mm": 155.89, "tilt_deg": -0.46109, "strain_ue": 336.6, "x_offset_m": 120.0, "y_offset_m": -120.0, "source": "NCB_PFM"}}, {"type": "Feature", "geometry": {"type": "Point", "coordinates": [86.431578, 23.763457]}, "properties": {"subsidence_mm": 155.89, "tilt_deg": -0.46109, "strain_ue": 336.6, "x_offset_m": 120.0, "y_offset_m": -105.0, "source": "NCB_PFM"}}, {"type": "Feature", "geometry": {"type": "Point", "coordinates": [86.431578, 23.763592]}, "properties": {"subsidence_mm": 155.89, "tilt_deg": -0.46109, "strain_ue": 336.6, "x_offset_m": 120.0, "y_offset_m": -90.0, "source": "NCB_PFM"}}, {"type": "Feature", "geometry": {"type": "Point", "coordinates": [86.431578, 23.763726]}, "properties": {"subsidence_mm": 155.89, "tilt_deg": -0.46109, "strain_ue": 336.6, "x_offset_m": 120.0, "y_offset_m": -75.0, "source": "NCB_PFM"}}, {"type": "Feature", "geometry": {"type": "Point", "coordinates": [86.431578, 23.763861]}, "properties": {"subsidence_mm": 155.89, "tilt_deg": -0.46109, "strain_ue": 336.6, "x_offset_m": 120.0, "y_offset_m": -60.0, "source": "NCB_PFM"}}, {"type": "Feature", "geometry": {"type": "Point", "coordinates": [86.431578, 23.763996]}, "properties": {"subsidence_mm": 155.89, "tilt_deg": -0.46109, "strain_ue": 336.6, "x_offset_m": 120.0, "y_offset_m": -45.0, "source": "NCB_PFM"}}, {"type": "Feature", "geometry": {"type": "Point", "coordinates": [86.431578, 23.764131]}, "properties": {"subsidence_mm": 155.89, "tilt_deg": -0.46109, "strain_ue": 336.6, "x_offset_m": 120.0, "y_offset_m": -30.0, "source": "NCB_PFM"}}, {"type": "Feature", "geometry": {"type": "Point", "coordinates": [86.431578, 23.764265]}, "properties": {"subsidence_mm": 155.89, "tilt_deg": -0.46109, "strain_ue": 336.6, "x_offset_m": 120.0, "y_offset_m": -15.0, "source": "NCB_PFM"}}, {"type": "Feature", "geometry": {"type": "Point", "coordinates": [86.431578, 23.7644]}, "properties": {"subsidence_mm": 155.89, "tilt_deg": -0.46109, "strain_ue": 336.6, "x_offset_m": 120.0, "y_offset_m": 0.0, "source": "NCB_PFM"}}, {"type": "Feature", "geometry": {"type": "Point", "coordinates": [86.431578, 23.764535]}, "properties": {"subsidence_mm": 155.89, "tilt_deg": -0.46109, "strain_ue": 336.6, "x_offset_m": 120.0, "y_offset_m": 15.0, "source": "NCB_PFM"}}, {"type": "Feature", "geometry": {"type": "Point", "coordinates": [86.431578, 23.764669]}, "properties": {"subsidence_mm": 155.89, "tilt_deg": -0.46109, "strain_ue": 336.6, "x_offset_m": 120.0, "y_offset_m": 30.0, "source": "NCB_PFM"}}, {"type": "Feature", "geometry": {"type": "Point", "coordinates": [86.431578, 23.764804]}, "properties": {"subsidence_mm": 155.89, "tilt_deg": -0.46109, "strain_ue": 336.6, "x_offset_m": 120.0, "y_offset_m": 45.0, "source": "NCB_PFM"}}, {"type": "Feature", "geometry": {"type": "Point", "coordinates": [86.431578, 23.764939]}, "properties": {"subsidence_mm": 155.89, "tilt_deg": -0.46109, "strain_ue": 336.6, "x_offset_m": 120.0, "y_offset_m": 60.0, "source": "NCB_PFM"}}, {"type": "Feature", "geometry": {"type": "Point", "coordinates": [86.431578, 23.765074]}, "properties": {"subsidence_mm": 155.89, "tilt_deg": -0.46109, "strain_ue": 336.6, "x_offset_m": 120.0, "y_offset_m": 75.0, "source": "NCB_PFM"}}, {"type": "Feature", "geometry": {"type": "Point", "coordinates": [86.431578, 23.765208]}, "properties": {"subsidence_mm": 155.89, "tilt_deg": -0.46109, "strain_ue": 336.6, "x_offset_m": 120.0, "y_offset_m": 90.0, "source": "NCB_PFM"}}, {"type": "Feature", "geometry": {"type": "Point", "coordinates": [86.431578, 23.765343]}, "properties": {"subsidence_mm": 155.89, "tilt_deg": -0.46109, "strain_ue": 336.6, "x_offset_m": 120.0, "y_offset_m": 105.0, "source": "NCB_PFM"}}, {"type": "Feature", "geometry": {"type": "Point", "coordinates": [86.431578, 23.765478]}, "properties": {"subsidence_mm": 155.89, "tilt_deg": -0.46109, "strain_ue": 336.6, "x_offset_m": 120.0, "y_offset_m": 120.0, "source": "NCB_PFM"}}, {"type": "Feature", "geometry": {"type": "Point", "coordinates": [86.431578, 23.765613]}, "properties": {"subsidence_mm": 155.89, "tilt_deg": -0.46109, "strain_ue": 336.6, "x_offset_m": 120.0, "y_offset_m": 135.0, "source": "NCB_PFM"}}, {"type": "Feature", "geometry": {"type": "Point", "coordinates": [86.431578, 23.765747]}, "properties": {"subsidence_mm": 155.89, "tilt_deg": -0.46109, "strain_ue": 336.6, "x_offset_m": 120.0, "y_offset_m": 150.0, "source": "NCB_PFM"}}, {"type": "Feature", "geometry": {"type": "Point", "coordinates": [86.431578, 23.765882]}, "properties": {"subsidence_mm": 155.89, "tilt_deg": -0.46109, "strain_ue": 336.6, "x_offset_m": 120.0, "y_offset_m": 165.0, "source": "NCB_PFM"}}, {"type": "Feature", "geometry": {"type": "Point", "coordinates": [86.431578, 23.766017]}, "properties": {"subsidence_mm": 155.89, "tilt_deg": -0.46109, "strain_ue": 336.6, "x_offset_m": 120.0, "y_offset_m": 180.0, "source": "NCB_PFM"}}, {"type": "Feature", "geometry": {"type": "Point", "coordinates": [86.431578, 23.766152]}, "properties": {"subsidence_mm": 155.89, "tilt_deg": -0.46109, "strain_ue": 336.6, "x_offset_m": 120.0, "y_offset_m": 195.0, "source": "NCB_PFM"}}, {"type": "Feature", "geometry": {"type": "Point", "coordinates": [86.431578, 23.766286]}, "properties": {"subsidence_mm": 155.89, "tilt_deg": -0.46109, "strain_ue": 336.6, "x_offset_m": 120.0, "y_offset_m": 210.0, "source": "NCB_PFM"}}, {"type": "Feature", "geometry": {"type": "Point", "coordinates": [86.431578, 23.766421]}, "properties": {"subsidence_mm": 155.89, "tilt_deg": -0.46109, "strain_ue": 336.6, "x_offset_m": 120.0, "y_offset_m": 225.0, "source": "NCB_PFM"}}, {"type": "Feature", "geometry": {"type": "Point", "coordinates": [86.431578, 23.766556]}, "properties": {"subsidence_mm": 155.89, "tilt_deg": -0.46109, "strain_ue": 336.6, "x_offset_m": 120.0, "y_offset_m": 240.0, "source": "NCB_PFM"}}, {"type": "Feature", "geometry": {"type": "Point", "coordinates": [86.431578, 23.766691]}, "properties": {"subsidence_mm": 155.89, "tilt_deg": -0.46109, "strain_ue": 336.6, "x_offset_m": 120.0, "y_offset_m": 255.0, "source": "NCB_PFM"}}, {"type": "Feature", "geometry": {"type": "Point", "coordinates": [86.431578, 23.766825]}, "properties": {"subsidence_mm": 155.89, "tilt_deg": -0.46109, "strain_ue": 336.6, "x_offset_m": 120.0, "y_offset_m": 270.0, "source": "NCB_PFM"}}, {"type": "Feature", "geometry": {"type": "Point", "coordinates": [86.431578, 23.76696]}, "properties": {"subsidence_mm": 155.89, "tilt_deg": -0.46109, "strain_ue": 336.6, "x_offset_m": 120.0, "y_offset_m": 285.0, "source": "NCB_PFM"}}, {"type": "Feature", "geometry": {"type": "Point", "coordinates": [86.431578, 23.767095]}, "properties": {"subsidence_mm": 155.89, "tilt_deg": -0.46109, "strain_ue": 336.6, "x_offset_m": 120.0, "y_offset_m": 300.0, "source": "NCB_PFM"}}, {"type": "Feature", "geometry": {"type": "Point", "coordinates": [86.431725, 23.761705]}, "properties": {"subsidence_mm": 73.41, "tilt_deg": -0.23334, "strain_ue": 203.69, "x_offset_m": 135.0, "y_offset_m": -300.0, "source": "NCB_PFM"}}, {"type": "Feature", "geometry": {"type": "Point", "coordinates": [86.431725, 23.76184]}, "properties": {"subsidence_mm": 73.41, "tilt_deg": -0.23334, "strain_ue": 203.69, "x_offset_m": 135.0, "y_offset_m": -285.0, "source": "NCB_PFM"}}, {"type": "Feature", "geometry": {"type": "Point", "coordinates": [86.431725, 23.761975]}, "properties": {"subsidence_mm": 73.41, "tilt_deg": -0.23334, "strain_ue": 203.69, "x_offset_m": 135.0, "y_offset_m": -270.0, "source": "NCB_PFM"}}, {"type": "Feature", "geometry": {"type": "Point", "coordinates": [86.431725, 23.762109]}, "properties": {"subsidence_mm": 73.41, "tilt_deg": -0.23334, "strain_ue": 203.69, "x_offset_m": 135.0, "y_offset_m": -255.0, "source": "NCB_PFM"}}, {"type": "Feature", "geometry": {"type": "Point", "coordinates": [86.431725, 23.762244]}, "properties": {"subsidence_mm": 73.41, "tilt_deg": -0.23334, "strain_ue": 203.69, "x_offset_m": 135.0, "y_offset_m": -240.0, "source": "NCB_PFM"}}, {"type": "Feature", "geometry": {"type": "Point", "coordinates": [86.431725, 23.762379]}, "properties": {"subsidence_mm": 73.41, "tilt_deg": -0.23334, "strain_ue": 203.69, "x_offset_m": 135.0, "y_offset_m": -225.0, "source": "NCB_PFM"}}, {"type": "Feature", "geometry": {"type": "Point", "coordinates": [86.431725, 23.762514]}, "properties": {"subsidence_mm": 73.41, "tilt_deg": -0.23334, "strain_ue": 203.69, "x_offset_m": 135.0, "y_offset_m": -210.0, "source": "NCB_PFM"}}, {"type": "Feature", "geometry": {"type": "Point", "coordinates": [86.431725, 23.762648]}, "properties": {"subsidence_mm": 73.41, "tilt_deg": -0.23334, "strain_ue": 203.69, "x_offset_m": 135.0, "y_offset_m": -195.0, "source": "NCB_PFM"}}, {"type": "Feature", "geometry": {"type": "Point", "coordinates": [86.431725, 23.762783]}, "properties": {"subsidence_mm": 73.41, "tilt_deg": -0.23334, "strain_ue": 203.69, "x_offset_m": 135.0, "y_offset_m": -180.0, "source": "NCB_PFM"}}, {"type": "Feature", "geometry": {"type": "Point", "coordinates": [86.431725, 23.762918]}, "properties": {"subsidence_mm": 73.41, "tilt_deg": -0.23334, "strain_ue": 203.69, "x_offset_m": 135.0, "y_offset_m": -165.0, "source": "NCB_PFM"}}, {"type": "Feature", "geometry": {"type": "Point", "coordinates": [86.431725, 23.763053]}, "properties": {"subsidence_mm": 73.41, "tilt_deg": -0.23334, "strain_ue": 203.69, "x_offset_m": 135.0, "y_offset_m": -150.0, "source": "NCB_PFM"}}, {"type": "Feature", "geometry": {"type": "Point", "coordinates": [86.431725, 23.763187]}, "properties": {"subsidence_mm": 73.41, "tilt_deg": -0.23334, "strain_ue": 203.69, "x_offset_m": 135.0, "y_offset_m": -135.0, "source": "NCB_PFM"}}, {"type": "Feature", "geometry": {"type": "Point", "coordinates": [86.431725, 23.763322]}, "properties": {"subsidence_mm": 73.41, "tilt_deg": -0.23334, "strain_ue": 203.69, "x_offset_m": 135.0, "y_offset_m": -120.0, "source": "NCB_PFM"}}, {"type": "Feature", "geometry": {"type": "Point", "coordinates": [86.431725, 23.763457]}, "properties": {"subsidence_mm": 73.41, "tilt_deg": -0.23334, "strain_ue": 203.69, "x_offset_m": 135.0, "y_offset_m": -105.0, "source": "NCB_PFM"}}, {"type": "Feature", "geometry": {"type": "Point", "coordinates": [86.431725, 23.763592]}, "properties": {"subsidence_mm": 73.41, "tilt_deg": -0.23334, "strain_ue": 203.69, "x_offset_m": 135.0, "y_offset_m": -90.0, "source": "NCB_PFM"}}, {"type": "Feature", "geometry": {"type": "Point", "coordinates": [86.431725, 23.763726]}, "properties": {"subsidence_mm": 73.41, "tilt_deg": -0.23334, "strain_ue": 203.69, "x_offset_m": 135.0, "y_offset_m": -75.0, "source": "NCB_PFM"}}, {"type": "Feature", "geometry": {"type": "Point", "coordinates": [86.431725, 23.763861]}, "properties": {"subsidence_mm": 73.41, "tilt_deg": -0.23334, "strain_ue": 203.69, "x_offset_m": 135.0, "y_offset_m": -60.0, "source": "NCB_PFM"}}, {"type": "Feature", "geometry": {"type": "Point", "coordinates": [86.431725, 23.763996]}, "properties": {"subsidence_mm": 73.41, "tilt_deg": -0.23334, "strain_ue": 203.69, "x_offset_m": 135.0, "y_offset_m": -45.0, "source": "NCB_PFM"}}, {"type": "Feature", "geometry": {"type": "Point", "coordinates": [86.431725, 23.764131]}, "properties": {"subsidence_mm": 73.41, "tilt_deg": -0.23334, "strain_ue": 203.69, "x_offset_m": 135.0, "y_offset_m": -30.0, "source": "NCB_PFM"}}, {"type": "Feature", "geometry": {"type": "Point", "coordinates": [86.431725, 23.764265]}, "properties": {"subsidence_mm": 73.41, "tilt_deg": -0.23334, "strain_ue": 203.69, "x_offset_m": 135.0, "y_offset_m": -15.0, "source": "NCB_PFM"}}, {"type": "Feature", "geometry": {"type": "Point", "coordinates": [86.431725, 23.7644]}, "properties": {"subsidence_mm": 73.41, "tilt_deg": -0.23334, "strain_ue": 203.69, "x_offset_m": 135.0, "y_offset_m": 0.0, "source": "NCB_PFM"}}, {"type": "Feature", "geometry": {"type": "Point", "coordinates": [86.431725, 23.764535]}, "properties": {"subsidence_mm": 73.41, "tilt_deg": -0.23334, "strain_ue": 203.69, "x_offset_m": 135.0, "y_offset_m": 15.0, "source": "NCB_PFM"}}, {"type": "Feature", "geometry": {"type": "Point", "coordinates": [86.431725, 23.764669]}, "properties": {"subsidence_mm": 73.41, "tilt_deg": -0.23334, "strain_ue": 203.69, "x_offset_m": 135.0, "y_offset_m": 30.0, "source": "NCB_PFM"}}, {"type": "Feature", "geometry": {"type": "Point", "coordinates": [86.431725, 23.764804]}, "properties": {"subsidence_mm": 73.41, "tilt_deg": -0.23334, "strain_ue": 203.69, "x_offset_m": 135.0, "y_offset_m": 45.0, "source": "NCB_PFM"}}, {"type": "Feature", "geometry": {"type": "Point", "coordinates": [86.431725, 23.764939]}, "properties": {"subsidence_mm": 73.41, "tilt_deg": -0.23334, "strain_ue": 203.69, "x_offset_m": 135.0, "y_offset_m": 60.0, "source": "NCB_PFM"}}, {"type": "Feature", "geometry": {"type": "Point", "coordinates": [86.431725, 23.765074]}, "properties": {"subsidence_mm": 73.41, "tilt_deg": -0.23334, "strain_ue": 203.69, "x_offset_m": 135.0, "y_offset_m": 75.0, "source": "NCB_PFM"}}, {"type": "Feature", "geometry": {"type": "Point", "coordinates": [86.431725, 23.765208]}, "properties": {"subsidence_mm": 73.41, "tilt_deg": -0.23334, "strain_ue": 203.69, "x_offset_m": 135.0, "y_offset_m": 90.0, "source": "NCB_PFM"}}, {"type": "Feature", "geometry": {"type": "Point", "coordinates": [86.431725, 23.765343]}, "properties": {"subsidence_mm": 73.41, "tilt_deg": -0.23334, "strain_ue": 203.69, "x_offset_m": 135.0, "y_offset_m": 105.0, "source": "NCB_PFM"}}, {"type": "Feature", "geometry": {"type": "Point", "coordinates": [86.431725, 23.765478]}, "properties": {"subsidence_mm": 73.41, "tilt_deg": -0.23334, "strain_ue": 203.69, "x_offset_m": 135.0, "y_offset_m": 120.0, "source": "NCB_PFM"}}, {"type": "Feature", "geometry": {"type": "Point", "coordinates": [86.431725, 23.765613]}, "properties": {"subsidence_mm": 73.41, "tilt_deg": -0.23334, "strain_ue": 203.69, "x_offset_m": 135.0, "y_offset_m": 135.0, "source": "NCB_PFM"}}, {"type": "Feature", "geometry": {"type": "Point", "coordinates": [86.431725, 23.765747]}, "properties": {"subsidence_mm": 73.41, "tilt_deg": -0.23334, "strain_ue": 203.69, "x_offset_m": 135.0, "y_offset_m": 150.0, "source": "NCB_PFM"}}, {"type": "Feature", "geometry": {"type": "Point", "coordinates": [86.431725, 23.765882]}, "properties": {"subsidence_mm": 73.41, "tilt_deg": -0.23334, "strain_ue": 203.69, "x_offset_m": 135.0, "y_offset_m": 165.0, "source": "NCB_PFM"}}, {"type": "Feature", "geometry": {"type": "Point", "coordinates": [86.431725, 23.766017]}, "properties": {"subsidence_mm": 73.41, "tilt_deg": -0.23334, "strain_ue": 203.69, "x_offset_m": 135.0, "y_offset_m": 180.0, "source": "NCB_PFM"}}, {"type": "Feature", "geometry": {"type": "Point", "coordinates": [86.431725, 23.766152]}, "properties": {"subsidence_mm": 73.41, "tilt_deg": -0.23334, "strain_ue": 203.69, "x_offset_m": 135.0, "y_offset_m": 195.0, "source": "NCB_PFM"}}, {"type": "Feature", "geometry": {"type": "Point", "coordinates": [86.431725, 23.766286]}, "properties": {"subsidence_mm": 73.41, "tilt_deg": -0.23334, "strain_ue": 203.69, "x_offset_m": 135.0, "y_offset_m": 210.0, "source": "NCB_PFM"}}, {"type": "Feature", "geometry": {"type": "Point", "coordinates": [86.431725, 23.766421]}, "properties": {"subsidence_mm": 73.41, "tilt_deg": -0.23334, "strain_ue": 203.69, "x_offset_m": 135.0, "y_offset_m": 225.0, "source": "NCB_PFM"}}, {"type": "Feature", "geometry": {"type": "Point", "coordinates": [86.431725, 23.766556]}, "properties": {"subsidence_mm": 73.41, "tilt_deg": -0.23334, "strain_ue": 203.69, "x_offset_m": 135.0, "y_offset_m": 240.0, "source": "NCB_PFM"}}, {"type": "Feature", "geometry": {"type": "Point", "coordinates": [86.431725, 23.766691]}, "properties": {"subsidence_mm": 73.41, "tilt_deg": -0.23334, "strain_ue": 203.69, "x_offset_m": 135.0, "y_offset_m": 255.0, "source": "NCB_PFM"}}, {"type": "Feature", "geometry": {"type": "Point", "coordinates": [86.431725, 23.766825]}, "properties": {"subsidence_mm": 73.41, "tilt_deg": -0.23334, "strain_ue": 203.69, "x_offset_m": 135.0, "y_offset_m": 270.0, "source": "NCB_PFM"}}, {"type": "Feature", "geometry": {"type": "Point", "coordinates": [86.431725, 23.76696]}, "properties": {"subsidence_mm": 73.41, "tilt_deg": -0.23334, "strain_ue": 203.69, "x_offset_m": 135.0, "y_offset_m": 285.0, "source": "NCB_PFM"}}, {"type": "Feature", "geometry": {"type": "Point", "coordinates": [86.431725, 23.767095]}, "properties": {"subsidence_mm": 73.41, "tilt_deg": -0.23334, "strain_ue": 203.69, "x_offset_m": 135.0, "y_offset_m": 300.0, "source": "NCB_PFM"}}, {"type": "Feature", "geometry": {"type": "Point", "coordinates": [86.431872, 23.761705]}, "properties": {"subsidence_mm": 33.71, "tilt_deg": -0.11098, "strain_ue": 105.97, "x_offset_m": 150.0, "y_offset_m": -300.0, "source": "NCB_PFM"}}, {"type": "Feature", "geometry": {"type": "Point", "coordinates": [86.431872, 23.76184]}, "properties": {"subsidence_mm": 33.71, "tilt_deg": -0.11098, "strain_ue": 105.97, "x_offset_m": 150.0, "y_offset_m": -285.0, "source": "NCB_PFM"}}, {"type": "Feature", "geometry": {"type": "Point", "coordinates": [86.431872, 23.761975]}, "properties": {"subsidence_mm": 33.71, "tilt_deg": -0.11098, "strain_ue": 105.97, "x_offset_m": 150.0, "y_offset_m": -270.0, "source": "NCB_PFM"}}, {"type": "Feature", "geometry": {"type": "Point", "coordinates": [86.431872, 23.762109]}, "properties": {"subsidence_mm": 33.71, "tilt_deg": -0.11098, "strain_ue": 105.97, "x_offset_m": 150.0, "y_offset_m": -255.0, "source": "NCB_PFM"}}, {"type": "Feature", "geometry": {"type": "Point", "coordinates": [86.431872, 23.762244]}, "properties": {"subsidence_mm": 33.71, "tilt_deg": -0.11098, "strain_ue": 105.97, "x_offset_m": 150.0, "y_offset_m": -240.0, "source": "NCB_PFM"}}, {"type": "Feature", "geometry": {"type": "Point", "coordinates": [86.431872, 23.762379]}, "properties": {"subsidence_mm": 33.71, "tilt_deg": -0.11098, "strain_ue": 105.97, "x_offset_m": 150.0, "y_offset_m": -225.0, "source": "NCB_PFM"}}, {"type": "Feature", "geometry": {"type": "Point", "coordinates": [86.431872, 23.762514]}, "properties": {"subsidence_mm": 33.71, "tilt_deg": -0.11098, "strain_ue": 105.97, "x_offset_m": 150.0, "y_offset_m": -210.0, "source": "NCB_PFM"}}, {"type": "Feature", "geometry": {"type": "Point", "coordinates": [86.431872, 23.762648]}, "properties": {"subsidence_mm": 33.71, "tilt_deg": -0.11098, "strain_ue": 105.97, "x_offset_m": 150.0, "y_offset_m": -195.0, "source": "NCB_PFM"}}, {"type": "Feature", "geometry": {"type": "Point", "coordinates": [86.431872, 23.762783]}, "properties": {"subsidence_mm": 33.71, "tilt_deg": -0.11098, "strain_ue": 105.97, "x_offset_m": 150.0, "y_offset_m": -180.0, "source": "NCB_PFM"}}, {"type": "Feature", "geometry": {"type": "Point", "coordinates": [86.431872, 23.762918]}, "properties": {"subsidence_mm": 33.71, "tilt_deg": -0.11098, "strain_ue": 105.97, "x_offset_m": 150.0, "y_offset_m": -165.0, "source": "NCB_PFM"}}, {"type": "Feature", "geometry": {"type": "Point", "coordinates": [86.431872, 23.763053]}, "properties": {"subsidence_mm": 33.71, "tilt_deg": -0.11098, "strain_ue": 105.97, "x_offset_m": 150.0, "y_offset_m": -150.0, "source": "NCB_PFM"}}, {"type": "Feature", "geometry": {"type": "Point", "coordinates": [86.431872, 23.763187]}, "properties": {"subsidence_mm": 33.71, "tilt_deg": -0.11098, "strain_ue": 105.97, "x_offset_m": 150.0, "y_offset_m": -135.0, "source": "NCB_PFM"}}, {"type": "Feature", "geometry": {"type": "Point", "coordinates": [86.431872, 23.763322]}, "properties": {"subsidence_mm": 33.71, "tilt_deg": -0.11098, "strain_ue": 105.97, "x_offset_m": 150.0, "y_offset_m": -120.0, "source": "NCB_PFM"}}, {"type": "Feature", "geometry": {"type": "Point", "coordinates": [86.431872, 23.763457]}, "properties": {"subsidence_mm": 33.71, "tilt_deg": -0.11098, "strain_ue": 105.97, "x_offset_m": 150.0, "y_offset_m": -105.0, "source": "NCB_PFM"}}, {"type": "Feature", "geometry": {"type": "Point", "coordinates": [86.431872, 23.763592]}, "properties": {"subsidence_mm": 33.71, "tilt_deg": -0.11098, "strain_ue": 105.97, "x_offset_m": 150.0, "y_offset_m": -90.0, "source": "NCB_PFM"}}, {"type": "Feature", "geometry": {"type": "Point", "coordinates": [86.431872, 23.763726]}, "properties": {"subsidence_mm": 33.71, "tilt_deg": -0.11098, "strain_ue": 105.97, "x_offset_m": 150.0, "y_offset_m": -75.0, "source": "NCB_PFM"}}, {"type": "Feature", "geometry": {"type": "Point", "coordinates": [86.431872, 23.763861]}, "properties": {"subsidence_mm": 33.71, "tilt_deg": -0.11098, "strain_ue": 105.97, "x_offset_m": 150.0, "y_offset_m": -60.0, "source": "NCB_PFM"}}, {"type": "Feature", "geometry": {"type": "Point", "coordinates": [86.431872, 23.763996]}, "properties": {"subsidence_mm": 33.71, "tilt_deg": -0.11098, "strain_ue": 105.97, "x_offset_m": 150.0, "y_offset_m": -45.0, "source": "NCB_PFM"}}, {"type": "Feature", "geometry": {"type": "Point", "coordinates": [86.431872, 23.764131]}, "properties": {"subsidence_mm": 33.71, "tilt_deg": -0.11098, "strain_ue": 105.97, "x_offset_m": 150.0, "y_offset_m": -30.0, "source": "NCB_PFM"}}, {"type": "Feature", "geometry": {"type": "Point", "coordinates": [86.431872, 23.764265]}, "properties": {"subsidence_mm": 33.71, "tilt_deg": -0.11098, "strain_ue": 105.97, "x_offset_m": 150.0, "y_offset_m": -15.0, "source": "NCB_PFM"}}, {"type": "Feature", "geometry": {"type": "Point", "coordinates": [86.431872, 23.7644]}, "properties": {"subsidence_mm": 33.71, "tilt_deg": -0.11098, "strain_ue": 105.97, "x_offset_m": 150.0, "y_offset_m": 0.0, "source": "NCB_PFM"}}, {"type": "Feature", "geometry": {"type": "Point", "coordinates": [86.431872, 23.764535]}, "properties": {"subsidence_mm": 33.71, "tilt_deg": -0.11098, "strain_ue": 105.97, "x_offset_m": 150.0, "y_offset_m": 15.0, "source": "NCB_PFM"}}, {"type": "Feature", "geometry": {"type": "Point", "coordinates": [86.431872, 23.764669]}, "properties": {"subsidence_mm": 33.71, "tilt_deg": -0.11098, "strain_ue": 105.97, "x_offset_m": 150.0, "y_offset_m": 30.0, "source": "NCB_PFM"}}, {"type": "Feature", "geometry": {"type": "Point", "coordinates": [86.431872, 23.764804]}, "properties": {"subsidence_mm": 33.71, "tilt_deg": -0.11098, "strain_ue": 105.97, "x_offset_m": 150.0, "y_offset_m": 45.0, "source": "NCB_PFM"}}, {"type": "Feature", "geometry": {"type": "Point", "coordinates": [86.431872, 23.764939]}, "properties": {"subsidence_mm": 33.71, "tilt_deg": -0.11098, "strain_ue": 105.97, "x_offset_m": 150.0, "y_offset_m": 60.0, "source": "NCB_PFM"}}, {"type": "Feature", "geometry": {"type": "Point", "coordinates": [86.431872, 23.765074]}, "properties": {"subsidence_mm": 33.71, "tilt_deg": -0.11098, "strain_ue": 105.97, "x_offset_m": 150.0, "y_offset_m": 75.0, "source": "NCB_PFM"}}, {"type": "Feature", "geometry": {"type": "Point", "coordinates": [86.431872, 23.765208]}, "properties": {"subsidence_mm": 33.71, "tilt_deg": -0.11098, "strain_ue": 105.97, "x_offset_m": 150.0, "y_offset_m": 90.0, "source": "NCB_PFM"}}, {"type": "Feature", "geometry": {"type": "Point", "coordinates": [86.431872, 23.765343]}, "properties": {"subsidence_mm": 33.71, "tilt_deg": -0.11098, "strain_ue": 105.97, "x_offset_m": 150.0, "y_offset_m": 105.0, "source": "NCB_PFM"}}, {"type": "Feature", "geometry": {"type": "Point", "coordinates": [86.431872, 23.765478]}, "properties": {"subsidence_mm": 33.71, "tilt_deg": -0.11098, "strain_ue": 105.97, "x_offset_m": 150.0, "y_offset_m": 120.0, "source": "NCB_PFM"}}, {"type": "Feature", "geometry": {"type": "Point", "coordinates": [86.431872, 23.765613]}, "properties": {"subsidence_mm": 33.71, "tilt_deg": -0.11098, "strain_ue": 105.97, "x_offset_m": 150.0, "y_offset_m": 135.0, "source": "NCB_PFM"}}, {"type": "Feature", "geometry": {"type": "Point", "coordinates": [86.431872, 23.765747]}, "properties": {"subsidence_mm": 33.71, "tilt_deg": -0.11098, "strain_ue": 105.97, "x_offset_m": 150.0, "y_offset_m": 150.0, "source": "NCB_PFM"}}, {"type": "Feature", "geometry": {"type": "Point", "coordinates": [86.431872, 23.765882]}, "properties": {"subsidence_mm": 33.71, "tilt_deg": -0.11098, "strain_ue": 105.97, "x_offset_m": 150.0, "y_offset_m": 165.0, "source": "NCB_PFM"}}, {"type": "Feature", "geometry": {"type": "Point", "coordinates": [86.431872, 23.766017]}, "properties": {"subsidence_mm": 33.71, "tilt_deg": -0.11098, "strain_ue": 105.97, "x_offset_m": 150.0, "y_offset_m": 180.0, "source": "NCB_PFM"}}, {"type": "Feature", "geometry": {"type": "Point", "coordinates": [86.431872, 23.766152]}, "properties": {"subsidence_mm": 33.71, "tilt_deg": -0.11098, "strain_ue": 105.97, "x_offset_m": 150.0, "y_offset_m": 195.0, "source": "NCB_PFM"}}, {"type": "Feature", "geometry": {"type": "Point", "coordinates": [86.431872, 23.766286]}, "properties": {"subsidence_mm": 33.71, "tilt_deg": -0.11098, "strain_ue": 105.97, "x_offset_m": 150.0, "y_offset_m": 210.0, "source": "NCB_PFM"}}, {"type": "Feature", "geometry": {"type": "Point", "coordinates": [86.431872, 23.766421]}, "properties": {"subsidence_mm": 33.71, "tilt_deg": -0.11098, "strain_ue": 105.97, "x_offset_m": 150.0, "y_offset_m": 225.0, "source": "NCB_PFM"}}, {"type": "Feature", "geometry": {"type": "Point", "coordinates": [86.431872, 23.766556]}, "properties": {"subsidence_mm": 33.71, "tilt_deg": -0.11098, "strain_ue": 105.97, "x_offset_m": 150.0, "y_offset_m": 240.0, "source": "NCB_PFM"}}, {"type": "Feature", "geometry": {"type": "Point", "coordinates": [86.431872, 23.766691]}, "properties": {"subsidence_mm": 33.71, "tilt_deg": -0.11098, "strain_ue": 105.97, "x_offset_m": 150.0, "y_offset_m": 255.0, "source": "NCB_PFM"}}, {"type": "Feature", "geometry": {"type": "Point", "coordinates": [86.431872, 23.766825]}, "properties": {"subsidence_mm": 33.71, "tilt_deg": -0.11098, "strain_ue": 105.97, "x_offset_m": 150.0, "y_offset_m": 270.0, "source": "NCB_PFM"}}, {"type": "Feature", "geometry": {"type": "Point", "coordinates": [86.431872, 23.76696]}, "properties": {"subsidence_mm": 33.71, "tilt_deg": -0.11098, "strain_ue": 105.97, "x_offset_m": 150.0, "y_offset_m": 285.0, "source": "NCB_PFM"}}, {"type": "Feature", "geometry": {"type": "Point", "coordinates": [86.431872, 23.767095]}, "properties": {"subsidence_mm": 33.71, "tilt_deg": -0.11098, "strain_ue": 105.97, "x_offset_m": 150.0, "y_offset_m": 300.0, "source": "NCB_PFM"}}, {"type": "Feature", "geometry": {"type": "Point", "coordinates": [86.43202, 23.761705]}, "properties": {"subsidence_mm": 15.3, "tilt_deg": -0.0512, "strain_ue": 51.02, "x_offset_m": 165.0, "y_offset_m": -300.0, "source": "NCB_PFM"}}, {"type": "Feature", "geometry": {"type": "Point", "coordinates": [86.43202, 23.76184]}, "properties": {"subsidence_mm": 15.3, "tilt_deg": -0.0512, "strain_ue": 51.02, "x_offset_m": 165.0, "y_offset_m": -285.0, "source": "NCB_PFM"}}, {"type": "Feature", "geometry": {"type": "Point", "coordinates": [86.43202, 23.761975]}, "properties": {"subsidence_mm": 15.3, "tilt_deg": -0.0512, "strain_ue": 51.02, "x_offset_m": 165.0, "y_offset_m": -270.0, "source": "NCB_PFM"}}, {"type": "Feature", "geometry": {"type": "Point", "coordinates": [86.43202, 23.762109]}, "properties": {"subsidence_mm": 15.3, "tilt_deg": -0.0512, "strain_ue": 51.02, "x_offset_m": 165.0, "y_offset_m": -255.0, "source": "NCB_PFM"}}, {"type": "Feature", "geometry": {"type": "Point", "coordinates": [86.43202, 23.762244]}, "properties": {"subsidence_mm": 15.3, "tilt_deg": -0.0512, "strain_ue": 51.02, "x_offset_m": 165.0, "y_offset_m": -240.0, "source": "NCB_PFM"}}, {"type": "Feature", "geometry": {"type": "Point", "coordinates": [86.43202, 23.762379]}, "properties": {"subsidence_mm": 15.3, "tilt_deg": -0.0512, "strain_ue": 51.02, "x_offset_m": 165.0, "y_offset_m": -225.0, "source": "NCB_PFM"}}, {"type": "Feature", "geometry": {"type": "Point", "coordinates": [86.43202, 23.762514]}, "properties": {"subsidence_mm": 15.3, "tilt_deg": -0.0512, "strain_ue": 51.02, "x_offset_m": 165.0, "y_offset_m": -210.0, "source": "NCB_PFM"}}, {"type": "Feature", "geometry": {"type": "Point", "coordinates": [86.43202, 23.762648]}, "properties": {"subsidence_mm": 15.3, "tilt_deg": -0.0512, "strain_ue": 51.02, "x_offset_m": 165.0, "y_offset_m": -195.0, "source": "NCB_PFM"}}, {"type": "Feature", "geometry": {"type": "Point", "coordinates": [86.43202, 23.762783]}, "properties": {"subsidence_mm": 15.3, "tilt_deg": -0.0512, "strain_ue": 51.02, "x_offset_m": 165.0, "y_offset_m": -180.0, "source": "NCB_PFM"}}, {"type": "Feature", "geometry": {"type": "Point", "coordinates": [86.43202, 23.762918]}, "properties": {"subsidence_mm": 15.3, "tilt_deg": -0.0512, "strain_ue": 51.02, "x_offset_m": 165.0, "y_offset_m": -165.0, "source": "NCB_PFM"}}, {"type": "Feature", "geometry": {"type": "Point", "coordinates": [86.43202, 23.763053]}, "properties": {"subsidence_mm": 15.3, "tilt_deg": -0.0512, "strain_ue": 51.02, "x_offset_m": 165.0, "y_offset_m": -150.0, "source": "NCB_PFM"}}, {"type": "Feature", "geometry": {"type": "Point", "coordinates": [86.43202, 23.763187]}, "properties": {"subsidence_mm": 15.3, "tilt_deg": -0.0512, "strain_ue": 51.02, "x_offset_m": 165.0, "y_offset_m": -135.0, "source": "NCB_PFM"}}, {"type": "Feature", "geometry": {"type": "Point", "coordinates": [86.43202, 23.763322]}, "properties": {"subsidence_mm": 15.3, "tilt_deg": -0.0512, "strain_ue": 51.02, "x_offset_m": 165.0, "y_offset_m": -120.0, "source": "NCB_PFM"}}, {"type": "Feature", "geometry": {"type": "Point", "coordinates": [86.43202, 23.763457]}, "properties": {"subsidence_mm": 15.3, "tilt_deg": -0.0512, "strain_ue": 51.02, "x_offset_m": 165.0, "y_offset_m": -105.0, "source": "NCB_PFM"}}, {"type": "Feature", "geometry": {"type": "Point", "coordinates": [86.43202, 23.763592]}, "properties": {"subsidence_mm": 15.3, "tilt_deg": -0.0512, "strain_ue": 51.02, "x_offset_m": 165.0, "y_offset_m": -90.0, "source": "NCB_PFM"}}, {"type": "Feature", "geometry": {"type": "Point", "coordinates": [86.43202, 23.763726]}, "properties": {"subsidence_mm": 15.3, "tilt_deg": -0.0512, "strain_ue": 51.02, "x_offset_m": 165.0, "y_offset_m": -75.0, "source": "NCB_PFM"}}, {"type": "Feature", "geometry": {"type": "Point", "coordinates": [86.43202, 23.763861]}, "properties": {"subsidence_mm": 15.3, "tilt_deg": -0.0512, "strain_ue": 51.02, "x_offset_m": 165.0, "y_offset_m": -60.0, "source": "NCB_PFM"}}, {"type": "Feature", "geometry": {"type": "Point", "coordinates": [86.43202, 23.763996]}, "properties": {"subsidence_mm": 15.3, "tilt_deg": -0.0512, "strain_ue": 51.02, "x_offset_m": 165.0, "y_offset_m": -45.0, "source": "NCB_PFM"}}, {"type": "Feature", "geometry": {"type": "Point", "coordinates": [86.43202, 23.764131]}, "properties": {"subsidence_mm": 15.3, "tilt_deg": -0.0512, "strain_ue": 51.02, "x_offset_m": 165.0, "y_offset_m": -30.0, "source": "NCB_PFM"}}, {"type": "Feature", "geometry": {"type": "Point", "coordinates": [86.43202, 23.764265]}, "properties": {"subsidence_mm": 15.3, "tilt_deg": -0.0512, "strain_ue": 51.02, "x_offset_m": 165.0, "y_offset_m": -15.0, "source": "NCB_PFM"}}, {"type": "Feature", "geometry": {"type": "Point", "coordinates": [86.43202, 23.7644]}, "properties": {"subsidence_mm": 15.3, "tilt_deg": -0.0512, "strain_ue": 51.02, "x_offset_m": 165.0, "y_offset_m": 0.0, "source": "NCB_PFM"}}, {"type": "Feature", "geometry": {"type": "Point", "coordinates": [86.43202, 23.764535]}, "properties": {"subsidence_mm": 15.3, "tilt_deg": -0.0512, "strain_ue": 51.02, "x_offset_m": 165.0, "y_offset_m": 15.0, "source": "NCB_PFM"}}, {"type": "Feature", "geometry": {"type": "Point", "coordinates": [86.43202, 23.764669]}, "properties": {"subsidence_mm": 15.3, "tilt_deg": -0.0512, "strain_ue": 51.02, "x_offset_m": 165.0, "y_offset_m": 30.0, "source": "NCB_PFM"}}, {"type": "Feature", "geometry": {"type": "Point", "coordinates": [86.43202, 23.764804]}, "properties": {"subsidence_mm": 15.3, "tilt_deg": -0.0512, "strain_ue": 51.02, "x_offset_m": 165.0, "y_offset_m": 45.0, "source": "NCB_PFM"}}, {"type": "Feature", "geometry": {"type": "Point", "coordinates": [86.43202, 23.764939]}, "properties": {"subsidence_mm": 15.3, "tilt_deg": -0.0512, "strain_ue": 51.02, "x_offset_m": 165.0, "y_offset_m": 60.0, "source": "NCB_PFM"}}, {"type": "Feature", "geometry": {"type": "Point", "coordinates": [86.43202, 23.765074]}, "properties": {"subsidence_mm": 15.3, "tilt_deg": -0.0512, "strain_ue": 51.02, "x_offset_m": 165.0, "y_offset_m": 75.0, "source": "NCB_PFM"}}, {"type": "Feature", "geometry": {"type": "Point", "coordinates": [86.43202, 23.765208]}, "properties": {"subsidence_mm": 15.3, "tilt_deg": -0.0512, "strain_ue": 51.02, "x_offset_m": 165.0, "y_offset_m": 90.0, "source": "NCB_PFM"}}, {"type": "Feature", "geometry": {"type": "Point", "coordinates": [86.43202, 23.765343]}, "properties": {"subsidence_mm": 15.3, "tilt_deg": -0.0512, "strain_ue": 51.02, "x_offset_m": 165.0, "y_offset_m": 105.0, "source": "NCB_PFM"}}, {"type": "Feature", "geometry": {"type": "Point", "coordinates": [86.43202, 23.765478]}, "properties": {"subsidence_mm": 15.3, "tilt_deg": -0.0512, "strain_ue": 51.02, "x_offset_m": 165.0, "y_offset_m": 120.0, "source": "NCB_PFM"}}, {"type": "Feature", "geometry": {"type": "Point", "coordinates": [86.43202, 23.765613]}, "properties": {"subsidence_mm": 15.3, "tilt_deg": -0.0512, "strain_ue": 51.02, "x_offset_m": 165.0, "y_offset_m": 135.0, "source": "NCB_PFM"}}, {"type": "Feature", "geometry": {"type": "Point", "coordinates": [86.43202, 23.765747]}, "properties": {"subsidence_mm": 15.3, "tilt_deg": -0.0512, "strain_ue": 51.02, "x_offset_m": 165.0, "y_offset_m": 150.0, "source": "NCB_PFM"}}, {"type": "Feature", "geometry": {"type": "Point", "coordinates": [86.43202, 23.765882]}, "properties": {"subsidence_mm": 15.3, "tilt_deg": -0.0512, "strain_ue": 51.02, "x_offset_m": 165.0, "y_offset_m": 165.0, "source": "NCB_PFM"}}, {"type": "Feature", "geometry": {"type": "Point", "coordinates": [86.43202, 23.766017]}, "properties": {"subsidence_mm": 15.3, "tilt_deg": -0.0512, "strain_ue": 51.02, "x_offset_m": 165.0, "y_offset_m": 180.0, "source": "NCB_PFM"}}, {"type": "Feature", "geometry": {"type": "Point", "coordinates": [86.43202, 23.766152]}, "properties": {"subsidence_mm": 15.3, "tilt_deg": -0.0512, "strain_ue": 51.02, "x_offset_m": 165.0, "y_offset_m": 195.0, "source": "NCB_PFM"}}, {"type": "Feature", "geometry": {"type": "Point", "coordinates": [86.43202, 23.766286]}, "properties": {"subsidence_mm": 15.3, "tilt_deg": -0.0512, "strain_ue": 51.02, "x_offset_m": 165.0, "y_offset_m": 210.0, "source": "NCB_PFM"}}, {"type": "Feature", "geometry": {"type": "Point", "coordinates": [86.43202, 23.766421]}, "properties": {"subsidence_mm": 15.3, "tilt_deg": -0.0512, "strain_ue": 51.02, "x_offset_m": 165.0, "y_offset_m": 225.0, "source": "NCB_PFM"}}, {"type": "Feature", "geometry": {"type": "Point", "coordinates": [86.43202, 23.766556]}, "properties": {"subsidence_mm": 15.3, "tilt_deg": -0.0512, "strain_ue": 51.02, "x_offset_m": 165.0, "y_offset_m": 240.0, "source": "NCB_PFM"}}, {"type": "Feature", "geometry": {"type": "Point", "coordinates": [86.43202, 23.766691]}, "properties": {"subsidence_mm": 15.3, "tilt_deg": -0.0512, "strain_ue": 51.02, "x_offset_m": 165.0, "y_offset_m": 255.0, "source": "NCB_PFM"}}, {"type": "Feature", "geometry": {"type": "Point", "coordinates": [86.43202, 23.766825]}, "properties": {"subsidence_mm": 15.3, "tilt_deg": -0.0512, "strain_ue": 51.02, "x_offset_m": 165.0, "y_offset_m": 270.0, "source": "NCB_PFM"}}, {"type": "Feature", "geometry": {"type": "Point", "coordinates": [86.43202, 23.76696]}, "properties": {"subsidence_mm": 15.3, "tilt_deg": -0.0512, "strain_ue": 51.02, "x_offset_m": 165.0, "y_offset_m": 285.0, "source": "NCB_PFM"}}, {"type": "Feature", "geometry": {"type": "Point", "coordinates": [86.43202, 23.767095]}, "properties": {"subsidence_mm": 15.3, "tilt_deg": -0.0512, "strain_ue": 51.02, "x_offset_m": 165.0, "y_offset_m": 300.0, "source": "NCB_PFM"}}, {"type": "Feature", "geometry": {"type": "Point", "coordinates": [86.432167, 23.761705]}, "properties": {"subsidence_mm": 6.91, "tilt_deg": -0.02328, "strain_ue": 23.67, "x_offset_m": 180.0, "y_offset_m": -300.0, "source": "NCB_PFM"}}, {"type": "Feature", "geometry": {"type": "Point", "coordinates": [86.432167, 23.76184]}, "properties": {"subsidence_mm": 6.91, "tilt_deg": -0.02328, "strain_ue": 23.67, "x_offset_m": 180.0, "y_offset_m": -285.0, "source": "NCB_PFM"}}, {"type": "Feature", "geometry": {"type": "Point", "coordinates": [86.432167, 23.761975]}, "properties": {"subsidence_mm": 6.91, "tilt_deg": -0.02328, "strain_ue": 23.67, "x_offset_m": 180.0, "y_offset_m": -270.0, "source": "NCB_PFM"}}, {"type": "Feature", "geometry": {"type": "Point", "coordinates": [86.432167, 23.762109]}, "properties": {"subsidence_mm": 6.91, "tilt_deg": -0.02328, "strain_ue": 23.67, "x_offset_m": 180.0, "y_offset_m": -255.0, "source": "NCB_PFM"}}, {"type": "Feature", "geometry": {"type": "Point", "coordinates": [86.432167, 23.762244]}, "properties": {"subsidence_mm": 6.91, "tilt_deg": -0.02328, "strain_ue": 23.67, "x_offset_m": 180.0, "y_offset_m": -240.0, "source": "NCB_PFM"}}, {"type": "Feature", "geometry": {"type": "Point", "coordinates": [86.432167, 23.762379]}, "properties": {"subsidence_mm": 6.91, "tilt_deg": -0.02328, "strain_ue": 23.67, "x_offset_m": 180.0, "y_offset_m": -225.0, "source": "NCB_PFM"}}, {"type": "Feature", "geometry": {"type": "Point", "coordinates": [86.432167, 23.762514]}, "properties": {"subsidence_mm": 6.91, "tilt_deg": -0.02328, "strain_ue": 23.67, "x_offset_m": 180.0, "y_offset_m": -210.0, "source": "NCB_PFM"}}, {"type": "Feature", "geometry": {"type": "Point", "coordinates": [86.432167, 23.762648]}, "properties": {"subsidence_mm": 6.91, "tilt_deg": -0.02328, "strain_ue": 23.67, "x_offset_m": 180.0, "y_offset_m": -195.0, "source": "NCB_PFM"}}, {"type": "Feature", "geometry": {"type": "Point", "coordinates": [86.432167, 23.762783]}, "properties": {"subsidence_mm": 6.91, "tilt_deg": -0.02328, "strain_ue": 23.67, "x_offset_m": 180.0, "y_offset_m": -180.0, "source": "NCB_PFM"}}, {"type": "Feature", "geometry": {"type": "Point", "coordinates": [86.432167, 23.762918]}, "properties": {"subsidence_mm": 6.91, "tilt_deg": -0.02328, "strain_ue": 23.67, "x_offset_m": 180.0, "y_offset_m": -165.0, "source": "NCB_PFM"}}, {"type": "Feature", "geometry": {"type": "Point", "coordinates": [86.432167, 23.763053]}, "properties": {"subsidence_mm": 6.91, "tilt_deg": -0.02328, "strain_ue": 23.67, "x_offset_m": 180.0, "y_offset_m": -150.0, "source": "NCB_PFM"}}, {"type": "Feature", "geometry": {"type": "Point", "coordinates": [86.432167, 23.763187]}, "properties": {"subsidence_mm": 6.91, "tilt_deg": -0.02328, "strain_ue": 23.67, "x_offset_m": 180.0, "y_offset_m": -135.0, "source": "NCB_PFM"}}, {"type": "Feature", "geometry": {"type": "Point", "coordinates": [86.432167, 23.763322]}, "properties": {"subsidence_mm": 6.91, "tilt_deg": -0.02328, "strain_ue": 23.67, "x_offset_m": 180.0, "y_offset_m": -120.0, "source": "NCB_PFM"}}, {"type": "Feature", "geometry": {"type": "Point", "coordinates": [86.432167, 23.763457]}, "properties": {"subsidence_mm": 6.91, "tilt_deg": -0.02328, "strain_ue": 23.67, "x_offset_m": 180.0, "y_offset_m": -105.0, "source": "NCB_PFM"}}, {"type": "Feature", "geometry": {"type": "Point", "coordinates": [86.432167, 23.763592]}, "properties": {"subsidence_mm": 6.91, "tilt_deg": -0.02328, "strain_ue": 23.67, "x_offset_m": 180.0, "y_offset_m": -90.0, "source": "NCB_PFM"}}, {"type": "Feature", "geometry": {"type": "Point", "coordinates": [86.432167, 23.763726]}, "properties": {"subsidence_mm": 6.91, "tilt_deg": -0.02328, "strain_ue": 23.67, "x_offset_m": 180.0, "y_offset_m": -75.0, "source": "NCB_PFM"}}, {"type": "Feature", "geometry": {"type": "Point", "coordinates": [86.432167, 23.763861]}, "properties": {"subsidence_mm": 6.91, "tilt_deg": -0.02328, "strain_ue": 23.67, "x_offset_m": 180.0, "y_offset_m": -60.0, "source": "NCB_PFM"}}, {"type": "Feature", "geometry": {"type": "Point", "coordinates": [86.432167, 23.763996]}, "properties": {"subsidence_mm": 6.91, "tilt_deg": -0.02328, "strain_ue": 23.67, "x_offset_m": 180.0, "y_offset_m": -45.0, "source": "NCB_PFM"}}, {"type": "Feature", "geometry": {"type": "Point", "coordinates": [86.432167, 23.764131]}, "properties": {"subsidence_mm": 6.91, "tilt_deg": -0.02328, "strain_ue": 23.67, "x_offset_m": 180.0, "y_offset_m": -30.0, "source": "NCB_PFM"}}, {"type": "Feature", "geometry": {"type": "Point", "coordinates": [86.432167, 23.764265]}, "properties": {"subsidence_mm": 6.91, "tilt_deg": -0.02328, "strain_ue": 23.67, "x_offset_m": 180.0, "y_offset_m": -15.0, "source": "NCB_PFM"}}, {"type": "Feature", "geometry": {"type": "Point", "coordinates": [86.432167, 23.7644]}, "properties": {"subsidence_mm": 6.91, "tilt_deg": -0.02328, "strain_ue": 23.67, "x_offset_m": 180.0, "y_offset_m": 0.0, "source": "NCB_PFM"}}, {"type": "Feature", "geometry": {"type": "Point", "coordinates": [86.432167, 23.764535]}, "properties": {"subsidence_mm": 6.91, "tilt_deg": -0.02328, "strain_ue": 23.67, "x_offset_m": 180.0, "y_offset_m": 15.0, "source": "NCB_PFM"}}, {"type": "Feature", "geometry": {"type": "Point", "coordinates": [86.432167, 23.764669]}, "properties": {"subsidence_mm": 6.91, "tilt_deg": -0.02328, "strain_ue": 23.67, "x_offset_m": 180.0, "y_offset_m": 30.0, "source": "NCB_PFM"}}, {"type": "Feature", "geometry": {"type": "Point", "coordinates": [86.432167, 23.764804]}, "properties": {"subsidence_mm": 6.91, "tilt_deg": -0.02328, "strain_ue": 23.67, "x_offset_m": 180.0, "y_offset_m": 45.0, "source": "NCB_PFM"}}, {"type": "Feature", "geometry": {"type": "Point", "coordinates": [86.432167, 23.764939]}, "properties": {"subsidence_mm": 6.91, "tilt_deg": -0.02328, "strain_ue": 23.67, "x_offset_m": 180.0, "y_offset_m": 60.0, "source": "NCB_PFM"}}, {"type": "Feature", "geometry": {"type": "Point", "coordinates": [86.432167, 23.765074]}, "properties": {"subsidence_mm": 6.91, "tilt_deg": -0.02328, "strain_ue": 23.67, "x_offset_m": 180.0, "y_offset_m": 75.0, "source": "NCB_PFM"}}, {"type": "Feature", "geometry": {"type": "Point", "coordinates": [86.432167, 23.765208]}, "properties": {"subsidence_mm": 6.91, "tilt_deg": -0.02328, "strain_ue": 23.67, "x_offset_m": 180.0, "y_offset_m": 90.0, "source": "NCB_PFM"}}, {"type": "Feature", "geometry": {"type": "Point", "coordinates": [86.432167, 23.765343]}, "properties": {"subsidence_mm": 6.91, "tilt_deg": -0.02328, "strain_ue": 23.67, "x_offset_m": 180.0, "y_offset_m": 105.0, "source": "NCB_PFM"}}, {"type": "Feature", "geometry": {"type": "Point", "coordinates": [86.432167, 23.765478]}, "properties": {"subsidence_mm": 6.91, "tilt_deg": -0.02328, "strain_ue": 23.67, "x_offset_m": 180.0, "y_offset_m": 120.0, "source": "NCB_PFM"}}, {"type": "Feature", "geometry": {"type": "Point", "coordinates": [86.432167, 23.765613]}, "properties": {"subsidence_mm": 6.91, "tilt_deg": -0.02328, "strain_ue": 23.67, "x_offset_m": 180.0, "y_offset_m": 135.0, "source": "NCB_PFM"}}, {"type": "Feature", "geometry": {"type": "Point", "coordinates": [86.432167, 23.765747]}, "properties": {"subsidence_mm": 6.91, "tilt_deg": -0.02328, "strain_ue": 23.67, "x_offset_m": 180.0, "y_offset_m": 150.0, "source": "NCB_PFM"}}, {"type": "Feature", "geometry": {"type": "Point", "coordinates": [86.432167, 23.765882]}, "properties": {"subsidence_mm": 6.91, "tilt_deg": -0.02328, "strain_ue": 23.67, "x_offset_m": 180.0, "y_offset_m": 165.0, "source": "NCB_PFM"}}, {"type": "Feature", "geometry": {"type": "Point", "coordinates": [86.432167, 23.766017]}, "properties": {"subsidence_mm": 6.91, "tilt_deg": -0.02328, "strain_ue": 23.67, "x_offset_m": 180.0, "y_offset_m": 180.0, "source": "NCB_PFM"}}, {"type": "Feature", "geometry": {"type": "Point", "coordinates": [86.432167, 23.766152]}, "properties": {"subsidence_mm": 6.91, "tilt_deg": -0.02328, "strain_ue": 23.67, "x_offset_m": 180.0, "y_offset_m": 195.0, "source": "NCB_PFM"}}, {"type": "Feature", "geometry": {"type": "Point", "coordinates": [86.432167, 23.766286]}, "properties": {"subsidence_mm": 6.91, "tilt_deg": -0.02328, "strain_ue": 23.67, "x_offset_m": 180.0, "y_offset_m": 210.0, "source": "NCB_PFM"}}, {"type": "Feature", "geometry": {"type": "Point", "coordinates": [86.432167, 23.766421]}, "properties": {"subsidence_mm": 6.91, "tilt_deg": -0.02328, "strain_ue": 23.67, "x_offset_m": 180.0, "y_offset_m": 225.0, "source": "NCB_PFM"}}, {"type": "Feature", "geometry": {"type": "Point", "coordinates": [86.432167, 23.766556]}, "properties": {"subsidence_mm": 6.91, "tilt_deg": -0.02328, "strain_ue": 23.67, "x_offset_m": 180.0, "y_offset_m": 240.0, "source": "NCB_PFM"}}, {"type": "Feature", "geometry": {"type": "Point", "coordinates": [86.432167, 23.766691]}, "properties": {"subsidence_mm": 6.91, "tilt_deg": -0.02328, "strain_ue": 23.67, "x_offset_m": 180.0, "y_offset_m": 255.0, "source": "NCB_PFM"}}, {"type": "Feature", "geometry": {"type": "Point", "coordinates": [86.432167, 23.766825]}, "properties": {"subsidence_mm": 6.91, "tilt_deg": -0.02328, "strain_ue": 23.67, "x_offset_m": 180.0, "y_offset_m": 270.0, "source": "NCB_PFM"}}, {"type": "Feature", "geometry": {"type": "Point", "coordinates": [86.432167, 23.76696]}, "properties": {"subsidence_mm": 6.91, "tilt_deg": -0.02328, "strain_ue": 23.67, "x_offset_m": 180.0, "y_offset_m": 285.0, "source": "NCB_PFM"}}, {"type": "Feature", "geometry": {"type": "Point", "coordinates": [86.432167, 23.767095]}, "properties": {"subsidence_mm": 6.91, "tilt_deg": -0.02328, "strain_ue": 23.67, "x_offset_m": 180.0, "y_offset_m": 300.0, "source": "NCB_PFM"}}, {"type": "Feature", "geometry": {"type": "Point", "coordinates": [86.432314, 23.761705]}, "properties": {"subsidence_mm": 3.11, "tilt_deg": -0.01052, "strain_ue": 10.79, "x_offset_m": 195.0, "y_offset_m": -300.0, "source": "NCB_PFM"}}, {"type": "Feature", "geometry": {"type": "Point", "coordinates": [86.432314, 23.76184]}, "properties": {"subsidence_mm": 3.11, "tilt_deg": -0.01052, "strain_ue": 10.79, "x_offset_m": 195.0, "y_offset_m": -285.0, "source": "NCB_PFM"}}, {"type": "Feature", "geometry": {"type": "Point", "coordinates": [86.432314, 23.761975]}, "properties": {"subsidence_mm": 3.11, "tilt_deg": -0.01052, "strain_ue": 10.79, "x_offset_m": 195.0, "y_offset_m": -270.0, "source": "NCB_PFM"}}, {"type": "Feature", "geometry": {"type": "Point", "coordinates": [86.432314, 23.762109]}, "properties": {"subsidence_mm": 3.11, "tilt_deg": -0.01052, "strain_ue": 10.79, "x_offset_m": 195.0, "y_offset_m": -255.0, "source": "NCB_PFM"}}, {"type": "Feature", "geometry": {"type": "Point", "coordinates": [86.432314, 23.762244]}, "properties": {"subsidence_mm": 3.11, "tilt_deg": -0.01052, "strain_ue": 10.79, "x_offset_m": 195.0, "y_offset_m": -240.0, "source": "NCB_PFM"}}, {"type": "Feature", "geometry": {"type": "Point", "coordinates": [86.432314, 23.762379]}, "properties": {"subsidence_mm": 3.11, "tilt_deg": -0.01052, "strain_ue": 10.79, "x_offset_m": 195.0, "y_offset_m": -225.0, "source": "NCB_PFM"}}, {"type": "Feature", "geometry": {"type": "Point", "coordinates": [86.432314, 23.762514]}, "properties": {"subsidence_mm": 3.11, "tilt_deg": -0.01052, "strain_ue": 10.79, "x_offset_m": 195.0, "y_offset_m": -210.0, "source": "NCB_PFM"}}, {"type": "Feature", "geometry": {"type": "Point", "coordinates": [86.432314, 23.762648]}, "properties": {"subsidence_mm": 3.11, "tilt_deg": -0.01052, "strain_ue": 10.79, "x_offset_m": 195.0, "y_offset_m": -195.0, "source": "NCB_PFM"}}, {"type": "Feature", "geometry": {"type": "Point", "coordinates": [86.432314, 23.762783]}, "properties": {"subsidence_mm": 3.11, "tilt_deg": -0.01052, "strain_ue": 10.79, "x_offset_m": 195.0, "y_offset_m": -180.0, "source": "NCB_PFM"}}, {"type": "Feature", "geometry": {"type": "Point", "coordinates": [86.432314, 23.762918]}, "properties": {"subsidence_mm": 3.11, "tilt_deg": -0.01052, "strain_ue": 10.79, "x_offset_m": 195.0, "y_offset_m": -165.0, "source": "NCB_PFM"}}, {"type": "Feature", "geometry": {"type": "Point", "coordinates": [86.432314, 23.763053]}, "properties": {"subsidence_mm": 3.11, "tilt_deg": -0.01052, "strain_ue": 10.79, "x_offset_m": 195.0, "y_offset_m": -150.0, "source": "NCB_PFM"}}, {"type": "Feature", "geometry": {"type": "Point", "coordinates": [86.432314, 23.763187]}, "properties": {"subsidence_mm": 3.11, "tilt_deg": -0.01052, "strain_ue": 10.79, "x_offset_m": 195.0, "y_offset_m": -135.0, "source": "NCB_PFM"}}, {"type": "Feature", "geometry": {"type": "Point", "coordinates": [86.432314, 23.763322]}, "properties": {"subsidence_mm": 3.11, "tilt_deg": -0.01052, "strain_ue": 10.79, "x_offset_m": 195.0, "y_offset_m": -120.0, "source": "NCB_PFM"}}, {"type": "Feature", "geometry": {"type": "Point", "coordinates": [86.432314, 23.763457]}, "properties": {"subsidence_mm": 3.11, "tilt_deg": -0.01052, "strain_ue": 10.79, "x_offset_m": 195.0, "y_offset_m": -105.0, "source": "NCB_PFM"}}, {"type": "Feature", "geometry": {"type": "Point", "coordinates": [86.432314, 23.763592]}, "properties": {"subsidence_mm": 3.11, "tilt_deg": -0.01052, "strain_ue": 10.79, "x_offset_m": 195.0, "y_offset_m": -90.0, "source": "NCB_PFM"}}, {"type": "Feature", "geometry": {"type": "Point", "coordinates": [86.432314, 23.763726]}, "properties": {"subsidence_mm": 3.11, "tilt_deg": -0.01052, "strain_ue": 10.79, "x_offset_m": 195.0, "y_offset_m": -75.0, "source": "NCB_PFM"}}, {"type": "Feature", "geometry": {"type": "Point", "coordinates": [86.432314, 23.763861]}, "properties": {"subsidence_mm": 3.11, "tilt_deg": -0.01052, "strain_ue": 10.79, "x_offset_m": 195.0, "y_offset_m": -60.0, "source": "NCB_PFM"}}, {"type": "Feature", "geometry": {"type": "Point", "coordinates": [86.432314, 23.763996]}, "properties": {"subsidence_mm": 3.11, "tilt_deg": -0.01052, "strain_ue": 10.79, "x_offset_m": 195.0, "y_offset_m": -45.0, "source": "NCB_PFM"}}, {"type": "Feature", "geometry": {"type": "Point", "coordinates": [86.432314, 23.764131]}, "properties": {"subsidence_mm": 3.11, "tilt_deg": -0.01052, "strain_ue": 10.79, "x_offset_m": 195.0, "y_offset_m": -30.0, "source": "NCB_PFM"}}, {"type": "Feature", "geometry": {"type": "Point", "coordinates": [86.432314, 23.764265]}, "properties": {"subsidence_mm": 3.11, "tilt_deg": -0.01052, "strain_ue": 10.79, "x_offset_m": 195.0, "y_offset_m": -15.0, "source": "NCB_PFM"}}, {"type": "Feature", "geometry": {"type": "Point", "coordinates": [86.432314, 23.7644]}, "properties": {"subsidence_mm": 3.11, "tilt_deg": -0.01052, "strain_ue": 10.79, "x_offset_m": 195.0, "y_offset_m": 0.0, "source": "NCB_PFM"}}, {"type": "Feature", "geometry": {"type": "Point", "coordinates": [86.432314, 23.764535]}, "properties": {"subsidence_mm": 3.11, "tilt_deg": -0.01052, "strain_ue": 10.79, "x_offset_m": 195.0, "y_offset_m": 15.0, "source": "NCB_PFM"}}, {"type": "Feature", "geometry": {"type": "Point", "coordinates": [86.432314, 23.764669]}, "properties": {"subsidence_mm": 3.11, "tilt_deg": -0.01052, "strain_ue": 10.79, "x_offset_m": 195.0, "y_offset_m": 30.0, "source": "NCB_PFM"}}, {"type": "Feature", "geometry": {"type": "Point", "coordinates": [86.432314, 23.764804]}, "properties": {"subsidence_mm": 3.11, "tilt_deg": -0.01052, "strain_ue": 10.79, "x_offset_m": 195.0, "y_offset_m": 45.0, "source": "NCB_PFM"}}, {"type": "Feature", "geometry": {"type": "Point", "coordinates": [86.432314, 23.764939]}, "properties": {"subsidence_mm": 3.11, "tilt_deg": -0.01052, "strain_ue": 10.79, "x_offset_m": 195.0, "y_offset_m": 60.0, "source": "NCB_PFM"}}, {"type": "Feature", "geometry": {"type": "Point", "coordinates": [86.432314, 23.765074]}, "properties": {"subsidence_mm": 3.11, "tilt_deg": -0.01052, "strain_ue": 10.79, "x_offset_m": 195.0, "y_offset_m": 75.0, "source": "NCB_PFM"}}, {"type": "Feature", "geometry": {"type": "Point", "coordinates": [86.432314, 23.765208]}, "properties": {"subsidence_mm": 3.11, "tilt_deg": -0.01052, "strain_ue": 10.79, "x_offset_m": 195.0, "y_offset_m": 90.0, "source": "NCB_PFM"}}, {"type": "Feature", "geometry": {"type": "Point", "coordinates": [86.432314, 23.765343]}, "properties": {"subsidence_mm": 3.11, "tilt_deg": -0.01052, "strain_ue": 10.79, "x_offset_m": 195.0, "y_offset_m": 105.0, "source": "NCB_PFM"}}, {"type": "Feature", "geometry": {"type": "Point", "coordinates": [86.432314, 23.765478]}, "properties": {"subsidence_mm": 3.11, "tilt_deg": -0.01052, "strain_ue": 10.79, "x_offset_m": 195.0, "y_offset_m": 120.0, "source": "NCB_PFM"}}, {"type": "Feature", "geometry": {"type": "Point", "coordinates": [86.432314, 23.765613]}, "properties": {"subsidence_mm": 3.11, "tilt_deg": -0.01052, "strain_ue": 10.79, "x_offset_m": 195.0, "y_offset_m": 135.0, "source": "NCB_PFM"}}, {"type": "Feature", "geometry": {"type": "Point", "coordinates": [86.432314, 23.765747]}, "properties": {"subsidence_mm": 3.11, "tilt_deg": -0.01052, "strain_ue": 10.79, "x_offset_m": 195.0, "y_offset_m": 150.0, "source": "NCB_PFM"}}, {"type": "Feature", "geometry": {"type": "Point", "coordinates": [86.432314, 23.765882]}, "properties": {"subsidence_mm": 3.11, "tilt_deg": -0.01052, "strain_ue": 10.79, "x_offset_m": 195.0, "y_offset_m": 165.0, "source": "NCB_PFM"}}, {"type": "Feature", "geometry": {"type": "Point", "coordinates": [86.432314, 23.766017]}, "properties": {"subsidence_mm": 3.11, "tilt_deg": -0.01052, "strain_ue": 10.79, "x_offset_m": 195.0, "y_offset_m": 180.0, "source": "NCB_PFM"}}, {"type": "Feature", "geometry": {"type": "Point", "coordinates": [86.432314, 23.766152]}, "properties": {"subsidence_mm": 3.11, "tilt_deg": -0.01052, "strain_ue": 10.79, "x_offset_m": 195.0, "y_offset_m": 195.0, "source": "NCB_PFM"}}, {"type": "Feature", "geometry": {"type": "Point", "coordinates": [86.432314, 23.766286]}, "properties": {"subsidence_mm": 3.11, "tilt_deg": -0.01052, "strain_ue": 10.79, "x_offset_m": 195.0, "y_offset_m": 210.0, "source": "NCB_PFM"}}, {"type": "Feature", "geometry": {"type": "Point", "coordinates": [86.432314, 23.766421]}, "properties": {"subsidence_mm": 3.11, "tilt_deg": -0.01052, "strain_ue": 10.79, "x_offset_m": 195.0, "y_offset_m": 225.0, "source": "NCB_PFM"}}, {"type": "Feature", "geometry": {"type": "Point", "coordinates": [86.432314, 23.766556]}, "properties": {"subsidence_mm": 3.11, "tilt_deg": -0.01052, "strain_ue": 10.79, "x_offset_m": 195.0, "y_offset_m": 240.0, "source": "NCB_PFM"}}, {"type": "Feature", "geometry": {"type": "Point", "coordinates": [86.432314, 23.766691]}, "properties": {"subsidence_mm": 3.11, "tilt_deg": -0.01052, "strain_ue": 10.79, "x_offset_m": 195.0, "y_offset_m": 255.0, "source": "NCB_PFM"}}, {"type": "Feature", "geometry": {"type": "Point", "coordinates": [86.432314, 23.766825]}, "properties": {"subsidence_mm": 3.11, "tilt_deg": -0.01052, "strain_ue": 10.79, "x_offset_m": 195.0, "y_offset_m": 270.0, "source": "NCB_PFM"}}, {"type": "Feature", "geometry": {"type": "Point", "coordinates": [86.432314, 23.76696]}, "properties": {"subsidence_mm": 3.11, "tilt_deg": -0.01052, "strain_ue": 10.79, "x_offset_m": 195.0, "y_offset_m": 285.0, "source": "NCB_PFM"}}, {"type": "Feature", "geometry": {"type": "Point", "coordinates": [86.432314, 23.767095]}, "properties": {"subsidence_mm": 3.11, "tilt_deg": -0.01052, "strain_ue": 10.79, "x_offset_m": 195.0, "y_offset_m": 300.0, "source": "NCB_PFM"}}, {"type": "Feature", "geometry": {"type": "Point", "coordinates": [86.432461, 23.761705]}, "properties": {"subsidence_mm": 1.4, "tilt_deg": -0.00474, "strain_ue": 4.88, "x_offset_m": 210.0, "y_offset_m": -300.0, "source": "NCB_PFM"}}, {"type": "Feature", "geometry": {"type": "Point", "coordinates": [86.432461, 23.76184]}, "properties": {"subsidence_mm": 1.4, "tilt_deg": -0.00474, "strain_ue": 4.88, "x_offset_m": 210.0, "y_offset_m": -285.0, "source": "NCB_PFM"}}, {"type": "Feature", "geometry": {"type": "Point", "coordinates": [86.432461, 23.761975]}, "properties": {"subsidence_mm": 1.4, "tilt_deg": -0.00474, "strain_ue": 4.88, "x_offset_m": 210.0, "y_offset_m": -270.0, "source": "NCB_PFM"}}, {"type": "Feature", "geometry": {"type": "Point", "coordinates": [86.432461, 23.762109]}, "properties": {"subsidence_mm": 1.4, "tilt_deg": -0.00474, "strain_ue": 4.88, "x_offset_m": 210.0, "y_offset_m": -255.0, "source": "NCB_PFM"}}, {"type": "Feature", "geometry": {"type": "Point", "coordinates": [86.432461, 23.762244]}, "properties": {"subsidence_mm": 1.4, "tilt_deg": -0.00474, "strain_ue": 4.88, "x_offset_m": 210.0, "y_offset_m": -240.0, "source": "NCB_PFM"}}, {"type": "Feature", "geometry": {"type": "Point", "coordinates": [86.432461, 23.762379]}, "properties": {"subsidence_mm": 1.4, "tilt_deg": -0.00474, "strain_ue": 4.88, "x_offset_m": 210.0, "y_offset_m": -225.0, "source": "NCB_PFM"}}, {"type": "Feature", "geometry": {"type": "Point", "coordinates": [86.432461, 23.762514]}, "properties": {"subsidence_mm": 1.4, "tilt_deg": -0.00474, "strain_ue": 4.88, "x_offset_m": 210.0, "y_offset_m": -210.0, "source": "NCB_PFM"}}, {"type": "Feature", "geometry": {"type": "Point", "coordinates": [86.432461, 23.762648]}, "properties": {"subsidence_mm": 1.4, "tilt_deg": -0.00474, "strain_ue": 4.88, "x_offset_m": 210.0, "y_offset_m": -195.0, "source": "NCB_PFM"}}, {"type": "Feature", "geometry": {"type": "Point", "coordinates": [86.432461, 23.762783]}, "properties": {"subsidence_mm": 1.4, "tilt_deg": -0.00474, "strain_ue": 4.88, "x_offset_m": 210.0, "y_offset_m": -180.0, "source": "NCB_PFM"}}, {"type": "Feature", "geometry": {"type": "Point", "coordinates": [86.432461, 23.762918]}, "properties": {"subsidence_mm": 1.4, "tilt_deg": -0.00474, "strain_ue": 4.88, "x_offset_m": 210.0, "y_offset_m": -165.0, "source": "NCB_PFM"}}, {"type": "Feature", "geometry": {"type": "Point", "coordinates": [86.432461, 23.763053]}, "properties": {"subsidence_mm": 1.4, "tilt_deg": -0.00474, "strain_ue": 4.88, "x_offset_m": 210.0, "y_offset_m": -150.0, "source": "NCB_PFM"}}, {"type": "Feature", "geometry": {"type": "Point", "coordinates": [86.432461, 23.763187]}, "properties": {"subsidence_mm": 1.4, "tilt_deg": -0.00474, "strain_ue": 4.88, "x_offset_m": 210.0, "y_offset_m": -135.0, "source": "NCB_PFM"}}, {"type": "Feature", "geometry": {"type": "Point", "coordinates": [86.432461, 23.763322]}, "properties": {"subsidence_mm": 1.4, "tilt_deg": -0.00474, "strain_ue": 4.88, "x_offset_m": 210.0, "y_offset_m": -120.0, "source": "NCB_PFM"}}, {"type": "Feature", "geometry": {"type": "Point", "coordinates": [86.432461, 23.763457]}, "properties": {"subsidence_mm": 1.4, "tilt_deg": -0.00474, "strain_ue": 4.88, "x_offset_m": 210.0, "y_offset_m": -105.0, "source": "NCB_PFM"}}, {"type": "Feature", "geometry": {"type": "Point", "coordinates": [86.432461, 23.763592]}, "properties": {"subsidence_mm": 1.4, "tilt_deg": -0.00474, "strain_ue": 4.88, "x_offset_m": 210.0, "y_offset_m": -90.0, "source": "NCB_PFM"}}, {"type": "Feature", "geometry": {"type": "Point", "coordinates": [86.432461, 23.763726]}, "properties": {"subsidence_mm": 1.4, "tilt_deg": -0.00474, "strain_ue": 4.88, "x_offset_m": 210.0, "y_offset_m": -75.0, "source": "NCB_PFM"}}, {"type": "Feature", "geometry": {"type": "Point", "coordinates": [86.432461, 23.763861]}, "properties": {"subsidence_mm": 1.4, "tilt_deg": -0.00474, "strain_ue": 4.88, "x_offset_m": 210.0, "y_offset_m": -60.0, "source": "NCB_PFM"}}, {"type": "Feature", "geometry": {"type": "Point", "coordinates": [86.432461, 23.763996]}, "properties": {"subsidence_mm": 1.4, "tilt_deg": -0.00474, "strain_ue": 4.88, "x_offset_m": 210.0, "y_offset_m": -45.0, "source": "NCB_PFM"}}, {"type": "Feature", "geometry": {"type": "Point", "coordinates": [86.432461, 23.764131]}, "properties": {"subsidence_mm": 1.4, "tilt_deg": -0.00474, "strain_ue": 4.88, "x_offset_m": 210.0, "y_offset_m": -30.0, "source": "NCB_PFM"}}, {"type": "Feature", "geometry": {"type": "Point", "coordinates": [86.432461, 23.764265]}, "properties": {"subsidence_mm": 1.4, "tilt_deg": -0.00474, "strain_ue": 4.88, "x_offset_m": 210.0, "y_offset_m": -15.0, "source": "NCB_PFM"}}, {"type": "Feature", "geometry": {"type": "Point", "coordinates": [86.432461, 23.7644]}, "properties": {"subsidence_mm": 1.4, "tilt_deg": -0.00474, "strain_ue": 4.88, "x_offset_m": 210.0, "y_offset_m": 0.0, "source": "NCB_PFM"}}, {"type": "Feature", "geometry": {"type": "Point", "coordinates": [86.432461, 23.764535]}, "properties": {"subsidence_mm": 1.4, "tilt_deg": -0.00474, "strain_ue": 4.88, "x_offset_m": 210.0, "y_offset_m": 15.0, "source": "NCB_PFM"}}, {"type": "Feature", "geometry": {"type": "Point", "coordinates": [86.432461, 23.764669]}, "properties": {"subsidence_mm": 1.4, "tilt_deg": -0.00474, "strain_ue": 4.88, "x_offset_m": 210.0, "y_offset_m": 30.0, "source": "NCB_PFM"}}, {"type": "Feature", "geometry": {"type": "Point", "coordinates": [86.432461, 23.764804]}, "properties": {"subsidence_mm": 1.4, "tilt_deg": -0.00474, "strain_ue": 4.88, "x_offset_m": 210.0, "y_offset_m": 45.0, "source": "NCB_PFM"}}, {"type": "Feature", "geometry": {"type": "Point", "coordinates": [86.432461, 23.764939]}, "properties": {"subsidence_mm": 1.4, "tilt_deg": -0.00474, "strain_ue": 4.88, "x_offset_m": 210.0, "y_offset_m": 60.0, "source": "NCB_PFM"}}, {"type": "Feature", "geometry": {"type": "Point", "coordinates": [86.432461, 23.765074]}, "properties": {"subsidence_mm": 1.4, "tilt_deg": -0.00474, "strain_ue": 4.88, "x_offset_m": 210.0, "y_offset_m": 75.0, "source": "NCB_PFM"}}, {"type": "Feature", "geometry": {"type": "Point", "coordinates": [86.432461, 23.765208]}, "properties": {"subsidence_mm": 1.4, "tilt_deg": -0.00474, "strain_ue": 4.88, "x_offset_m": 210.0, "y_offset_m": 90.0, "source": "NCB_PFM"}}, {"type": "Feature", "geometry": {"type": "Point", "coordinates": [86.432461, 23.765343]}, "properties": {"subsidence_mm": 1.4, "tilt_deg": -0.00474, "strain_ue": 4.88, "x_offset_m": 210.0, "y_offset_m": 105.0, "source": "NCB_PFM"}}, {"type": "Feature", "geometry": {"type": "Point", "coordinates": [86.432461, 23.765478]}, "properties": {"subsidence_mm": 1.4, "tilt_deg": -0.00474, "strain_ue": 4.88, "x_offset_m": 210.0, "y_offset_m": 120.0, "source": "NCB_PFM"}}, {"type": "Feature", "geometry": {"type": "Point", "coordinates": [86.432461, 23.765613]}, "properties": {"subsidence_mm": 1.4, "tilt_deg": -0.00474, "strain_ue": 4.88, "x_offset_m": 210.0, "y_offset_m": 135.0, "source": "NCB_PFM"}}, {"type": "Feature", "geometry": {"type": "Point", "coordinates": [86.432461, 23.765747]}, "properties": {"subsidence_mm": 1.4, "tilt_deg": -0.00474, "strain_ue": 4.88, "x_offset_m": 210.0, "y_offset_m": 150.0, "source": "NCB_PFM"}}, {"type": "Feature", "geometry": {"type": "Point", "coordinates": [86.432461, 23.765882]}, "properties": {"subsidence_mm": 1.4, "tilt_deg": -0.00474, "strain_ue": 4.88, "x_offset_m": 210.0, "y_offset_m": 165.0, "source": "NCB_PFM"}}, {"type": "Feature", "geometry": {"type": "Point", "coordinates": [86.432461, 23.766017]}, "properties": {"subsidence_mm": 1.4, "tilt_deg": -0.00474, "strain_ue": 4.88, "x_offset_m": 210.0, "y_offset_m": 180.0, "source": "NCB_PFM"}}, {"type": "Feature", "geometry": {"type": "Point", "coordinates": [86.432461, 23.766152]}, "properties": {"subsidence_mm": 1.4, "tilt_deg": -0.00474, "strain_ue": 4.88, "x_offset_m": 210.0, "y_offset_m": 195.0, "source": "NCB_PFM"}}, {"type": "Feature", "geometry": {"type": "Point", "coordinates": [86.432461, 23.766286]}, "properties": {"subsidence_mm": 1.4, "tilt_deg": -0.00474, "strain_ue": 4.88, "x_offset_m": 210.0, "y_offset_m": 210.0, "source": "NCB_PFM"}}, {"type": "Feature", "geometry": {"type": "Point", "coordinates": [86.432461, 23.766421]}, "properties": {"subsidence_mm": 1.4, "tilt_deg": -0.00474, "strain_ue": 4.88, "x_offset_m": 210.0, "y_offset_m": 225.0, "source": "NCB_PFM"}}, {"type": "Feature", "geometry": {"type": "Point", "coordinates": [86.432461, 23.766556]}, "properties": {"subsidence_mm": 1.4, "tilt_deg": -0.00474, "strain_ue": 4.88, "x_offset_m": 210.0, "y_offset_m": 240.0, "source": "NCB_PFM"}}, {"type": "Feature", "geometry": {"type": "Point", "coordinates": [86.432461, 23.766691]}, "properties": {"subsidence_mm": 1.4, "tilt_deg": -0.00474, "strain_ue": 4.88, "x_offset_m": 210.0, "y_offset_m": 255.0, "source": "NCB_PFM"}}, {"type": "Feature", "geometry": {"type": "Point", "coordinates": [86.432461, 23.766825]}, "properties": {"subsidence_mm": 1.4, "tilt_deg": -0.00474, "strain_ue": 4.88, "x_offset_m": 210.0, "y_offset_m": 270.0, "source": "NCB_PFM"}}, {"type": "Feature", "geometry": {"type": "Point", "coordinates": [86.432461, 23.76696]}, "properties": {"subsidence_mm": 1.4, "tilt_deg": -0.00474, "strain_ue": 4.88, "x_offset_m": 210.0, "y_offset_m": 285.0, "source": "NCB_PFM"}}, {"type": "Feature", "geometry": {"type": "Point", "coordinates": [86.432461, 23.767095]}, "properties": {"subsidence_mm": 1.4, "tilt_deg": -0.00474, "strain_ue": 4.88, "x_offset_m": 210.0, "y_offset_m": 300.0, "source": "NCB_PFM"}}, {"type": "Feature", "geometry": {"type": "Point", "coordinates": [86.432608, 23.761705]}, "properties": {"subsidence_mm": 0.63, "tilt_deg": -0.00213, "strain_ue": 2.2, "x_offset_m": 225.0, "y_offset_m": -300.0, "source": "NCB_PFM"}}, {"type": "Feature", "geometry": {"type": "Point", "coordinates": [86.432608, 23.76184]}, "properties": {"subsidence_mm": 0.63, "tilt_deg": -0.00213, "strain_ue": 2.2, "x_offset_m": 225.0, "y_offset_m": -285.0, "source": "NCB_PFM"}}, {"type": "Feature", "geometry": {"type": "Point", "coordinates": [86.432608, 23.761975]}, "properties": {"subsidence_mm": 0.63, "tilt_deg": -0.00213, "strain_ue": 2.2, "x_offset_m": 225.0, "y_offset_m": -270.0, "source": "NCB_PFM"}}, {"type": "Feature", "geometry": {"type": "Point", "coordinates": [86.432608, 23.762109]}, "properties": {"subsidence_mm": 0.63, "tilt_deg": -0.00213, "strain_ue": 2.2, "x_offset_m": 225.0, "y_offset_m": -255.0, "source": "NCB_PFM"}}, {"type": "Feature", "geometry": {"type": "Point", "coordinates": [86.432608, 23.762244]}, "properties": {"subsidence_mm": 0.63, "tilt_deg": -0.00213, "strain_ue": 2.2, "x_offset_m": 225.0, "y_offset_m": -240.0, "source": "NCB_PFM"}}, {"type": "Feature", "geometry": {"type": "Point", "coordinates": [86.432608, 23.762379]}, "properties": {"subsidence_mm": 0.63, "tilt_deg": -0.00213, "strain_ue": 2.2, "x_offset_m": 225.0, "y_offset_m": -225.0, "source": "NCB_PFM"}}, {"type": "Feature", "geometry": {"type": "Point", "coordinates": [86.432608, 23.762514]}, "properties": {"subsidence_mm": 0.63, "tilt_deg": -0.00213, "strain_ue": 2.2, "x_offset_m": 225.0, "y_offset_m": -210.0, "source": "NCB_PFM"}}, {"type": "Feature", "geometry": {"type": "Point", "coordinates": [86.432608, 23.762648]}, "properties": {"subsidence_mm": 0.63, "tilt_deg": -0.00213, "strain_ue": 2.2, "x_offset_m": 225.0, "y_offset_m": -195.0, "source": "NCB_PFM"}}, {"type": "Feature", "geometry": {"type": "Point", "coordinates": [86.432608, 23.762783]}, "properties": {"subsidence_mm": 0.63, "tilt_deg": -0.00213, "strain_ue": 2.2, "x_offset_m": 225.0, "y_offset_m": -180.0, "source": "NCB_PFM"}}, {"type": "Feature", "geometry": {"type": "Point", "coordinates": [86.432608, 23.762918]}, "properties": {"subsidence_mm": 0.63, "tilt_deg": -0.00213, "strain_ue": 2.2, "x_offset_m": 225.0, "y_offset_m": -165.0, "source": "NCB_PFM"}}, {"type": "Feature", "geometry": {"type": "Point", "coordinates": [86.432608, 23.763053]}, "properties": {"subsidence_mm": 0.63, "tilt_deg": -0.00213, "strain_ue": 2.2, "x_offset_m": 225.0, "y_offset_m": -150.0, "source": "NCB_PFM"}}, {"type": "Feature", "geometry": {"type": "Point", "coordinates": [86.432608, 23.763187]}, "properties": {"subsidence_mm": 0.63, "tilt_deg": -0.00213, "strain_ue": 2.2, "x_offset_m": 225.0, "y_offset_m": -135.0, "source": "NCB_PFM"}}, {"type": "Feature", "geometry": {"type": "Point", "coordinates": [86.432608, 23.763322]}, "properties": {"subsidence_mm": 0.63, "tilt_deg": -0.00213, "strain_ue": 2.2, "x_offset_m": 225.0, "y_offset_m": -120.0, "source": "NCB_PFM"}}, {"type": "Feature", "geometry": {"type": "Point", "coordinates": [86.432608, 23.763457]}, "properties": {"subsidence_mm": 0.63, "tilt_deg": -0.00213, "strain_ue": 2.2, "x_offset_m": 225.0, "y_offset_m": -105.0, "source": "NCB_PFM"}}, {"type": "Feature", "geometry": {"type": "Point", "coordinates": [86.432608, 23.763592]}, "properties": {"subsidence_mm": 0.63, "tilt_deg": -0.00213, "strain_ue": 2.2, "x_offset_m": 225.0, "y_offset_m": -90.0, "source": "NCB_PFM"}}, {"type": "Feature", "geometry": {"type": "Point", "coordinates": [86.432608, 23.763726]}, "properties": {"subsidence_mm": 0.63, "tilt_deg": -0.00213, "strain_ue": 2.2, "x_offset_m": 225.0, "y_offset_m": -75.0, "source": "NCB_PFM"}}, {"type": "Feature", "geometry": {"type": "Point", "coordinates": [86.432608, 23.763861]}, "properties": {"subsidence_mm": 0.63, "tilt_deg": -0.00213, "strain_ue": 2.2, "x_offset_m": 225.0, "y_offset_m": -60.0, "source": "NCB_PFM"}}, {"type": "Feature", "geometry": {"type": "Point", "coordinates": [86.432608, 23.763996]}, "properties": {"subsidence_mm": 0.63, "tilt_deg": -0.00213, "strain_ue": 2.2, "x_offset_m": 225.0, "y_offset_m": -45.0, "source": "NCB_PFM"}}, {"type": "Feature", "geometry": {"type": "Point", "coordinates": [86.432608, 23.764131]}, "properties": {"subsidence_mm": 0.63, "tilt_deg": -0.00213, "strain_ue": 2.2, "x_offset_m": 225.0, "y_offset_m": -30.0, "source": "NCB_PFM"}}, {"type": "Feature", "geometry": {"type": "Point", "coordinates": [86.432608, 23.764265]}, "properties": {"subsidence_mm": 0.63, "tilt_deg": -0.00213, "strain_ue": 2.2, "x_offset_m": 225.0, "y_offset_m": -15.0, "source": "NCB_PFM"}}, {"type": "Feature", "geometry": {"type": "Point", "coordinates": [86.432608, 23.7644]}, "properties": {"subsidence_mm": 0.63, "tilt_deg": -0.00213, "strain_ue": 2.2, "x_offset_m": 225.0, "y_offset_m": 0.0, "source": "NCB_PFM"}}, {"type": "Feature", "geometry": {"type": "Point", "coordinates": [86.432608, 23.764535]}, "properties": {"subsidence_mm": 0.63, "tilt_deg": -0.00213, "strain_ue": 2.2, "x_offset_m": 225.0, "y_offset_m": 15.0, "source": "NCB_PFM"}}, {"type": "Feature", "geometry": {"type": "Point", "coordinates": [86.432608, 23.764669]}, "properties": {"subsidence_mm": 0.63, "tilt_deg": -0.00213, "strain_ue": 2.2, "x_offset_m": 225.0, "y_offset_m": 30.0, "source": "NCB_PFM"}}, {"type": "Feature", "geometry": {"type": "Point", "coordinates": [86.432608, 23.764804]}, "properties": {"subsidence_mm": 0.63, "tilt_deg": -0.00213, "strain_ue": 2.2, "x_offset_m": 225.0, "y_offset_m": 45.0, "source": "NCB_PFM"}}, {"type": "Feature", "geometry": {"type": "Point", "coordinates": [86.432608, 23.764939]}, "properties": {"subsidence_mm": 0.63, "tilt_deg": -0.00213, "strain_ue": 2.2, "x_offset_m": 225.0, "y_offset_m": 60.0, "source": "NCB_PFM"}}, {"type": "Feature", "geometry": {"type": "Point", "coordinates": [86.432608, 23.765074]}, "properties": {"subsidence_mm": 0.63, "tilt_deg": -0.00213, "strain_ue": 2.2, "x_offset_m": 225.0, "y_offset_m": 75.0, "source": "NCB_PFM"}}, {"type": "Feature", "geometry": {"type": "Point", "coordinates": [86.432608, 23.765208]}, "properties": {"subsidence_mm": 0.63, "tilt_deg": -0.00213, "strain_ue": 2.2, "x_offset_m": 225.0, "y_offset_m": 90.0, "source": "NCB_PFM"}}, {"type": "Feature", "geometry": {"type": "Point", "coordinates": [86.432608, 23.765343]}, "properties": {"subsidence_mm": 0.63, "tilt_deg": -0.00213, "strain_ue": 2.2, "x_offset_m": 225.0, "y_offset_m": 105.0, "source": "NCB_PFM"}}, {"type": "Feature", "geometry": {"type": "Point", "coordinates": [86.432608, 23.765478]}, "properties": {"subsidence_mm": 0.63, "tilt_deg": -0.00213, "strain_ue": 2.2, "x_offset_m": 225.0, "y_offset_m": 120.0, "source": "NCB_PFM"}}, {"type": "Feature", "geometry": {"type": "Point", "coordinates": [86.432608, 23.765613]}, "properties": {"subsidence_mm": 0.63, "tilt_deg": -0.00213, "strain_ue": 2.2, "x_offset_m": 225.0, "y_offset_m": 135.0, "source": "NCB_PFM"}}, {"type": "Feature", "geometry": {"type": "Point", "coordinates": [86.432608, 23.765747]}, "properties": {"subsidence_mm": 0.63, "tilt_deg": -0.00213, "strain_ue": 2.2, "x_offset_m": 225.0, "y_offset_m": 150.0, "source": "NCB_PFM"}}, {"type": "Feature", "geometry": {"type": "Point", "coordinates": [86.432608, 23.765882]}, "properties": {"subsidence_mm": 0.63, "tilt_deg": -0.00213, "strain_ue": 2.2, "x_offset_m": 225.0, "y_offset_m": 165.0, "source": "NCB_PFM"}}, {"type": "Feature", "geometry": {"type": "Point", "coordinates": [86.432608, 23.766017]}, "properties": {"subsidence_mm": 0.63, "tilt_deg": -0.00213, "strain_ue": 2.2, "x_offset_m": 225.0, "y_offset_m": 180.0, "source": "NCB_PFM"}}, {"type": "Feature", "geometry": {"type": "Point", "coordinates": [86.432608, 23.766152]}, "properties": {"subsidence_mm": 0.63, "tilt_deg": -0.00213, "strain_ue": 2.2, "x_offset_m": 225.0, "y_offset_m": 195.0, "source": "NCB_PFM"}}, {"type": "Feature", "geometry": {"type": "Point", "coordinates": [86.432608, 23.766286]}, "properties": {"subsidence_mm": 0.63, "tilt_deg": -0.00213, "strain_ue": 2.2, "x_offset_m": 225.0, "y_offset_m": 210.0, "source": "NCB_PFM"}}, {"type": "Feature", "geometry": {"type": "Point", "coordinates": [86.432608, 23.766421]}, "properties": {"subsidence_mm": 0.63, "tilt_deg": -0.00213, "strain_ue": 2.2, "x_offset_m": 225.0, "y_offset_m": 225.0, "source": "NCB_PFM"}}, {"type": "Feature", "geometry": {"type": "Point", "coordinates": [86.432608, 23.766556]}, "properties": {"subsidence_mm": 0.63, "tilt_deg": -0.00213, "strain_ue": 2.2, "x_offset_m": 225.0, "y_offset_m": 240.0, "source": "NCB_PFM"}}, {"type": "Feature", "geometry": {"type": "Point", "coordinates": [86.432608, 23.766691]}, "properties": {"subsidence_mm": 0.63, "tilt_deg": -0.00213, "strain_ue": 2.2, "x_offset_m": 225.0, "y_offset_m": 255.0, "source": "NCB_PFM"}}, {"type": "Feature", "geometry": {"type": "Point", "coordinates": [86.432608, 23.766825]}, "properties": {"subsidence_mm": 0.63, "tilt_deg": -0.00213, "strain_ue": 2.2, "x_offset_m": 225.0, "y_offset_m": 270.0, "source": "NCB_PFM"}}, {"type": "Feature", "geometry": {"type": "Point", "coordinates": [86.432608, 23.76696]}, "properties": {"subsidence_mm": 0.63, "tilt_deg": -0.00213, "strain_ue": 2.2, "x_offset_m": 225.0, "y_offset_m": 285.0, "source": "NCB_PFM"}}, {"type": "Feature", "geometry": {"type": "Point", "coordinates": [86.432608, 23.767095]}, "properties": {"subsidence_mm": 0.63, "tilt_deg": -0.00213, "strain_ue": 2.2, "x_offset_m": 225.0, "y_offset_m": 300.0, "source": "NCB_PFM"}}, {"type": "Feature", "geometry": {"type": "Point", "coordinates": [86.432756, 23.761705]}, "properties": {"subsidence_mm": 0.28, "tilt_deg": -0.00096, "strain_ue": 0.99, "x_offset_m": 240.0, "y_offset_m": -300.0, "source": "NCB_PFM"}}, {"type": "Feature", "geometry": {"type": "Point", "coordinates": [86.432756, 23.76184]}, "properties": {"subsidence_mm": 0.28, "tilt_deg": -0.00096, "strain_ue": 0.99, "x_offset_m": 240.0, "y_offset_m": -285.0, "source": "NCB_PFM"}}, {"type": "Feature", "geometry": {"type": "Point", "coordinates": [86.432756, 23.761975]}, "properties": {"subsidence_mm": 0.28, "tilt_deg": -0.00096, "strain_ue": 0.99, "x_offset_m": 240.0, "y_offset_m": -270.0, "source": "NCB_PFM"}}, {"type": "Feature", "geometry": {"type": "Point", "coordinates": [86.432756, 23.762109]}, "properties": {"subsidence_mm": 0.28, "tilt_deg": -0.00096, "strain_ue": 0.99, "x_offset_m": 240.0, "y_offset_m": -255.0, "source": "NCB_PFM"}}, {"type": "Feature", "geometry": {"type": "Point", "coordinates": [86.432756, 23.762244]}, "properties": {"subsidence_mm": 0.28, "tilt_deg": -0.00096, "strain_ue": 0.99, "x_offset_m": 240.0, "y_offset_m": -240.0, "source": "NCB_PFM"}}, {"type": "Feature", "geometry": {"type": "Point", "coordinates": [86.432756, 23.762379]}, "properties": {"subsidence_mm": 0.28, "tilt_deg": -0.00096, "strain_ue": 0.99, "x_offset_m": 240.0, "y_offset_m": -225.0, "source": "NCB_PFM"}}, {"type": "Feature", "geometry": {"type": "Point", "coordinates": [86.432756, 23.762514]}, "properties": {"subsidence_mm": 0.28, "tilt_deg": -0.00096, "strain_ue": 0.99, "x_offset_m": 240.0, "y_offset_m": -210.0, "source": "NCB_PFM"}}, {"type": "Feature", "geometry": {"type": "Point", "coordinates": [86.432756, 23.762648]}, "properties": {"subsidence_mm": 0.28, "tilt_deg": -0.00096, "strain_ue": 0.99, "x_offset_m": 240.0, "y_offset_m": -195.0, "source": "NCB_PFM"}}, {"type": "Feature", "geometry": {"type": "Point", "coordinates": [86.432756, 23.762783]}, "properties": {"subsidence_mm": 0.28, "tilt_deg": -0.00096, "strain_ue": 0.99, "x_offset_m": 240.0, "y_offset_m": -180.0, "source": "NCB_PFM"}}, {"type": "Feature", "geometry": {"type": "Point", "coordinates": [86.432756, 23.762918]}, "properties": {"subsidence_mm": 0.28, "tilt_deg": -0.00096, "strain_ue": 0.99, "x_offset_m": 240.0, "y_offset_m": -165.0, "source": "NCB_PFM"}}, {"type": "Feature", "geometry": {"type": "Point", "coordinates": [86.432756, 23.763053]}, "properties": {"subsidence_mm": 0.28, "tilt_deg": -0.00096, "strain_ue": 0.99, "x_offset_m": 240.0, "y_offset_m": -150.0, "source": "NCB_PFM"}}, {"type": "Feature", "geometry": {"type": "Point", "coordinates": [86.432756, 23.763187]}, "properties": {"subsidence_mm": 0.28, "tilt_deg": -0.00096, "strain_ue": 0.99, "x_offset_m": 240.0, "y_offset_m": -135.0, "source": "NCB_PFM"}}, {"type": "Feature", "geometry": {"type": "Point", "coordinates": [86.432756, 23.763322]}, "properties": {"subsidence_mm": 0.28, "tilt_deg": -0.00096, "strain_ue": 0.99, "x_offset_m": 240.0, "y_offset_m": -120.0, "source": "NCB_PFM"}}, {"type": "Feature", "geometry": {"type": "Point", "coordinates": [86.432756, 23.763457]}, "properties": {"subsidence_mm": 0.28, "tilt_deg": -0.00096, "strain_ue": 0.99, "x_offset_m": 240.0, "y_offset_m": -105.0, "source": "NCB_PFM"}}, {"type": "Feature", "geometry": {"type": "Point", "coordinates": [86.432756, 23.763592]}, "properties": {"subsidence_mm": 0.28, "tilt_deg": -0.00096, "strain_ue": 0.99, "x_offset_m": 240.0, "y_offset_m": -90.0, "source": "NCB_PFM"}}, {"type": "Feature", "geometry": {"type": "Point", "coordinates": [86.432756, 23.763726]}, "properties": {"subsidence_mm": 0.28, "tilt_deg": -0.00096, "strain_ue": 0.99, "x_offset_m": 240.0, "y_offset_m": -75.0, "source": "NCB_PFM"}}, {"type": "Feature", "geometry": {"type": "Point", "coordinates": [86.432756, 23.763861]}, "properties": {"subsidence_mm": 0.28, "tilt_deg": -0.00096, "strain_ue": 0.99, "x_offset_m": 240.0, "y_offset_m": -60.0, "source": "NCB_PFM"}}, {"type": "Feature", "geometry": {"type": "Point", "coordinates": [86.432756, 23.763996]}, "properties": {"subsidence_mm": 0.28, "tilt_deg": -0.00096, "strain_ue": 0.99, "x_offset_m": 240.0, "y_offset_m": -45.0, "source": "NCB_PFM"}}, {"type": "Feature", "geometry": {"type": "Point", "coordinates": [86.432756, 23.764131]}, "properties": {"subsidence_mm": 0.28, "tilt_deg": -0.00096, "strain_ue": 0.99, "x_offset_m": 240.0, "y_offset_m": -30.0, "source": "NCB_PFM"}}, {"type": "Feature", "geometry": {"type": "Point", "coordinates": [86.432756, 23.764265]}, "properties": {"subsidence_mm": 0.28, "tilt_deg": -0.00096, "strain_ue": 0.99, "x_offset_m": 240.0, "y_offset_m": -15.0, "source": "NCB_PFM"}}, {"type": "Feature", "geometry": {"type": "Point", "coordinates": [86.432756, 23.7644]}, "properties": {"subsidence_mm": 0.28, "tilt_deg": -0.00096, "strain_ue": 0.99, "x_offset_m": 240.0, "y_offset_m": 0.0, "source": "NCB_PFM"}}, {"type": "Feature", "geometry": {"type": "Point", "coordinates": [86.432756, 23.764535]}, "properties": {"subsidence_mm": 0.28, "tilt_deg": -0.00096, "strain_ue": 0.99, "x_offset_m": 240.0, "y_offset_m": 15.0, "source": "NCB_PFM"}}, {"type": "Feature", "geometry": {"type": "Point", "coordinates": [86.432756, 23.764669]}, "properties": {"subsidence_mm": 0.28, "tilt_deg": -0.00096, "strain_ue": 0.99, "x_offset_m": 240.0, "y_offset_m": 30.0, "source": "NCB_PFM"}}, {"type": "Feature", "geometry": {"type": "Point", "coordinates": [86.432756, 23.764804]}, "properties": {"subsidence_mm": 0.28, "tilt_deg": -0.00096, "strain_ue": 0.99, "x_offset_m": 240.0, "y_offset_m": 45.0, "source": "NCB_PFM"}}, {"type": "Feature", "geometry": {"type": "Point", "coordinates": [86.432756, 23.764939]}, "properties": {"subsidence_mm": 0.28, "tilt_deg": -0.00096, "strain_ue": 0.99, "x_offset_m": 240.0, "y_offset_m": 60.0, "source": "NCB_PFM"}}, {"type": "Feature", "geometry": {"type": "Point", "coordinates": [86.432756, 23.765074]}, "properties": {"subsidence_mm": 0.28, "tilt_deg": -0.00096, "strain_ue": 0.99, "x_offset_m": 240.0, "y_offset_m": 75.0, "source": "NCB_PFM"}}, {"type": "Feature", "geometry": {"type": "Point", "coordinates": [86.432756, 23.765208]}, "properties": {"subsidence_mm": 0.28, "tilt_deg": -0.00096, "strain_ue": 0.99, "x_offset_m": 240.0, "y_offset_m": 90.0, "source": "NCB_PFM"}}, {"type": "Feature", "geometry": {"type": "Point", "coordinates": [86.432756, 23.765343]}, "properties": {"subsidence_mm": 0.28, "tilt_deg": -0.00096, "strain_ue": 0.99, "x_offset_m": 240.0, "y_offset_m": 105.0, "source": "NCB_PFM"}}, {"type": "Feature", "geometry": {"type": "Point", "coordinates": [86.432756, 23.765478]}, "properties": {"subsidence_mm": 0.28, "tilt_deg": -0.00096, "strain_ue": 0.99, "x_offset_m": 240.0, "y_offset_m": 120.0, "source": "NCB_PFM"}}, {"type": "Feature", "geometry": {"type": "Point", "coordinates": [86.432756, 23.765613]}, "properties": {"subsidence_mm": 0.28, "tilt_deg": -0.00096, "strain_ue": 0.99, "x_offset_m": 240.0, "y_offset_m": 135.0, "source": "NCB_PFM"}}, {"type": "Feature", "geometry": {"type": "Point", "coordinates": [86.432756, 23.765747]}, "properties": {"subsidence_mm": 0.28, "tilt_deg": -0.00096, "strain_ue": 0.99, "x_offset_m": 240.0, "y_offset_m": 150.0, "source": "NCB_PFM"}}, {"type": "Feature", "geometry": {"type": "Point", "coordinates": [86.432756, 23.765882]}, "properties": {"subsidence_mm": 0.28, "tilt_deg": -0.00096, "strain_ue": 0.99, "x_offset_m": 240.0, "y_offset_m": 165.0, "source": "NCB_PFM"}}, {"type": "Feature", "geometry": {"type": "Point", "coordinates": [86.432756, 23.766017]}, "properties": {"subsidence_mm": 0.28, "tilt_deg": -0.00096, "strain_ue": 0.99, "x_offset_m": 240.0, "y_offset_m": 180.0, "source": "NCB_PFM"}}, {"type": "Feature", "geometry": {"type": "Point", "coordinates": [86.432756, 23.766152]}, "properties": {"subsidence_mm": 0.28, "tilt_deg": -0.00096, "strain_ue": 0.99, "x_offset_m": 240.0, "y_offset_m": 195.0, "source": "NCB_PFM"}}, {"type": "Feature", "geometry": {"type": "Point", "coordinates": [86.432756, 23.766286]}, "properties": {"subsidence_mm": 0.28, "tilt_deg": -0.00096, "strain_ue": 0.99, "x_offset_m": 240.0, "y_offset_m": 210.0, "source": "NCB_PFM"}}, {"type": "Feature", "geometry": {"type": "Point", "coordinates": [86.432756, 23.766421]}, "properties": {"subsidence_mm": 0.28, "tilt_deg": -0.00096, "strain_ue": 0.99, "x_offset_m": 240.0, "y_offset_m": 225.0, "source": "NCB_PFM"}}, {"type": "Feature", "geometry": {"type": "Point", "coordinates": [86.432756, 23.766556]}, "properties": {"subsidence_mm": 0.28, "tilt_deg": -0.00096, "strain_ue": 0.99, "x_offset_m": 240.0, "y_offset_m": 240.0, "source": "NCB_PFM"}}, {"type": "Feature", "geometry": {"type": "Point", "coordinates": [86.432756, 23.766691]}, "properties": {"subsidence_mm": 0.28, "tilt_deg": -0.00096, "strain_ue": 0.99, "x_offset_m": 240.0, "y_offset_m": 255.0, "source": "NCB_PFM"}}, {"type": "Feature", "geometry": {"type": "Point", "coordinates": [86.432756, 23.766825]}, "properties": {"subsidence_mm": 0.28, "tilt_deg": -0.00096, "strain_ue": 0.99, "x_offset_m": 240.0, "y_offset_m": 270.0, "source": "NCB_PFM"}}, {"type": "Feature", "geometry": {"type": "Point", "coordinates": [86.432756, 23.76696]}, "properties": {"subsidence_mm": 0.28, "tilt_deg": -0.00096, "strain_ue": 0.99, "x_offset_m": 240.0, "y_offset_m": 285.0, "source": "NCB_PFM"}}, {"type": "Feature", "geometry": {"type": "Point", "coordinates": [86.432756, 23.767095]}, "properties": {"subsidence_mm": 0.28, "tilt_deg": -0.00096, "strain_ue": 0.99, "x_offset_m": 240.0, "y_offset_m": 300.0, "source": "NCB_PFM"}}, {"type": "Feature", "geometry": {"type": "Point", "coordinates": [86.432903, 23.761705]}, "properties": {"subsidence_mm": 0.13, "tilt_deg": -0.00043, "strain_ue": 0.44, "x_offset_m": 255.0, "y_offset_m": -300.0, "source": "NCB_PFM"}}, {"type": "Feature", "geometry": {"type": "Point", "coordinates": [86.432903, 23.76184]}, "properties": {"subsidence_mm": 0.13, "tilt_deg": -0.00043, "strain_ue": 0.44, "x_offset_m": 255.0, "y_offset_m": -285.0, "source": "NCB_PFM"}}, {"type": "Feature", "geometry": {"type": "Point", "coordinates": [86.432903, 23.761975]}, "properties": {"subsidence_mm": 0.13, "tilt_deg": -0.00043, "strain_ue": 0.44, "x_offset_m": 255.0, "y_offset_m": -270.0, "source": "NCB_PFM"}}, {"type": "Feature", "geometry": {"type": "Point", "coordinates": [86.432903, 23.762109]}, "properties": {"subsidence_mm": 0.13, "tilt_deg": -0.00043, "strain_ue": 0.44, "x_offset_m": 255.0, "y_offset_m": -255.0, "source": "NCB_PFM"}}, {"type": "Feature", "geometry": {"type": "Point", "coordinates": [86.432903, 23.762244]}, "properties": {"subsidence_mm": 0.13, "tilt_deg": -0.00043, "strain_ue": 0.44, "x_offset_m": 255.0, "y_offset_m": -240.0, "source": "NCB_PFM"}}, {"type": "Feature", "geometry": {"type": "Point", "coordinates": [86.432903, 23.762379]}, "properties": {"subsidence_mm": 0.13, "tilt_deg": -0.00043, "strain_ue": 0.44, "x_offset_m": 255.0, "y_offset_m": -225.0, "source": "NCB_PFM"}}, {"type": "Feature", "geometry": {"type": "Point", "coordinates": [86.432903, 23.762514]}, "properties": {"subsidence_mm": 0.13, "tilt_deg": -0.00043, "strain_ue": 0.44, "x_offset_m": 255.0, "y_offset_m": -210.0, "source": "NCB_PFM"}}, {"type": "Feature", "geometry": {"type": "Point", "coordinates": [86.432903, 23.762648]}, "properties": {"subsidence_mm": 0.13, "tilt_deg": -0.00043, "strain_ue": 0.44, "x_offset_m": 255.0, "y_offset_m": -195.0, "source": "NCB_PFM"}}, {"type": "Feature", "geometry": {"type": "Point", "coordinates": [86.432903, 23.762783]}, "properties": {"subsidence_mm": 0.13, "tilt_deg": -0.00043, "strain_ue": 0.44, "x_offset_m": 255.0, "y_offset_m": -180.0, "source": "NCB_PFM"}}, {"type": "Feature", "geometry": {"type": "Point", "coordinates": [86.432903, 23.762918]}, "properties": {"subsidence_mm": 0.13, "tilt_deg": -0.00043, "strain_ue": 0.44, "x_offset_m": 255.0, "y_offset_m": -165.0, "source": "NCB_PFM"}}, {"type": "Feature", "geometry": {"type": "Point", "coordinates": [86.432903, 23.763053]}, "properties": {"subsidence_mm": 0.13, "tilt_deg": -0.00043, "strain_ue": 0.44, "x_offset_m": 255.0, "y_offset_m": -150.0, "source": "NCB_PFM"}}, {"type": "Feature", "geometry": {"type": "Point", "coordinates": [86.432903, 23.763187]}, "properties": {"subsidence_mm": 0.13, "tilt_deg": -0.00043, "strain_ue": 0.44, "x_offset_m": 255.0, "y_offset_m": -135.0, "source": "NCB_PFM"}}, {"type": "Feature", "geometry": {"type": "Point", "coordinates": [86.432903, 23.763322]}, "properties": {"subsidence_mm": 0.13, "tilt_deg": -0.00043, "strain_ue": 0.44, "x_offset_m": 255.0, "y_offset_m": -120.0, "source": "NCB_PFM"}}, {"type": "Feature", "geometry": {"type": "Point", "coordinates": [86.432903, 23.763457]}, "properties": {"subsidence_mm": 0.13, "tilt_deg": -0.00043, "strain_ue": 0.44, "x_offset_m": 255.0, "y_offset_m": -105.0, "source": "NCB_PFM"}}, {"type": "Feature", "geometry": {"type": "Point", "coordinates": [86.432903, 23.763592]}, "properties": {"subsidence_mm": 0.13, "tilt_deg": -0.00043, "strain_ue": 0.44, "x_offset_m": 255.0, "y_offset_m": -90.0, "source": "NCB_PFM"}}, {"type": "Feature", "geometry": {"type": "Point", "coordinates": [86.432903, 23.763726]}, "properties": {"subsidence_mm": 0.13, "tilt_deg": -0.00043, "strain_ue": 0.44, "x_offset_m": 255.0, "y_offset_m": -75.0, "source": "NCB_PFM"}}, {"type": "Feature", "geometry": {"type": "Point", "coordinates": [86.432903, 23.763861]}, "properties": {"subsidence_mm": 0.13, "tilt_deg": -0.00043, "strain_ue": 0.44, "x_offset_m": 255.0, "y_offset_m": -60.0, "source": "NCB_PFM"}}, {"type": "Feature", "geometry": {"type": "Point", "coordinates": [86.432903, 23.763996]}, "properties": {"subsidence_mm": 0.13, "tilt_deg": -0.00043, "strain_ue": 0.44, "x_offset_m": 255.0, "y_offset_m": -45.0, "source": "NCB_PFM"}}, {"type": "Feature", "geometry": {"type": "Point", "coordinates": [86.432903, 23.764131]}, "properties": {"subsidence_mm": 0.13, "tilt_deg": -0.00043, "strain_ue": 0.44, "x_offset_m": 255.0, "y_offset_m": -30.0, "source": "NCB_PFM"}}, {"type": "Feature", "geometry": {"type": "Point", "coordinates": [86.432903, 23.764265]}, "properties": {"subsidence_mm": 0.13, "tilt_deg": -0.00043, "strain_ue": 0.44, "x_offset_m": 255.0, "y_offset_m": -15.0, "source": "NCB_PFM"}}, {"type": "Feature", "geometry": {"type": "Point", "coordinates": [86.432903, 23.7644]}, "properties": {"subsidence_mm": 0.13, "tilt_deg": -0.00043, "strain_ue": 0.44, "x_offset_m": 255.0, "y_offset_m": 0.0, "source": "NCB_PFM"}}, {"type": "Feature", "geometry": {"type": "Point", "coordinates": [86.432903, 23.764535]}, "properties": {"subsidence_mm": 0.13, "tilt_deg": -0.00043, "strain_ue": 0.44, "x_offset_m": 255.0, "y_offset_m": 15.0, "source": "NCB_PFM"}}, {"type": "Feature", "geometry": {"type": "Point", "coordinates": [86.432903, 23.764669]}, "properties": {"subsidence_mm": 0.13, "tilt_deg": -0.00043, "strain_ue": 0.44, "x_offset_m": 255.0, "y_offset_m": 30.0, "source": "NCB_PFM"}}, {"type": "Feature", "geometry": {"type": "Point", "coordinates": [86.432903, 23.764804]}, "properties": {"subsidence_mm": 0.13, "tilt_deg": -0.00043, "strain_ue": 0.44, "x_offset_m": 255.0, "y_offset_m": 45.0, "source": "NCB_PFM"}}, {"type": "Feature", "geometry": {"type": "Point", "coordinates": [86.432903, 23.764939]}, "properties": {"subsidence_mm": 0.13, "tilt_deg": -0.00043, "strain_ue": 0.44, "x_offset_m": 255.0, "y_offset_m": 60.0, "source": "NCB_PFM"}}, {"type": "Feature", "geometry": {"type": "Point", "coordinates": [86.432903, 23.765074]}, "properties": {"subsidence_mm": 0.13, "tilt_deg": -0.00043, "strain_ue": 0.44, "x_offset_m": 255.0, "y_offset_m": 75.0, "source": "NCB_PFM"}}, {"type": "Feature", "geometry": {"type": "Point", "coordinates": [86.432903, 23.765208]}, "properties": {"subsidence_mm": 0.13, "tilt_deg": -0.00043, "strain_ue": 0.44, "x_offset_m": 255.0, "y_offset_m": 90.0, "source": "NCB_PFM"}}, {"type": "Feature", "geometry": {"type": "Point", "coordinates": [86.432903, 23.765343]}, "properties": {"subsidence_mm": 0.13, "tilt_deg": -0.00043, "strain_ue": 0.44, "x_offset_m": 255.0, "y_offset_m": 105.0, "source": "NCB_PFM"}}, {"type": "Feature", "geometry": {"type": "Point", "coordinates": [86.432903, 23.765478]}, "properties": {"subsidence_mm": 0.13, "tilt_deg": -0.00043, "strain_ue": 0.44, "x_offset_m": 255.0, "y_offset_m": 120.0, "source": "NCB_PFM"}}, {"type": "Feature", "geometry": {"type": "Point", "coordinates": [86.432903, 23.765613]}, "properties": {"subsidence_mm": 0.13, "tilt_deg": -0.00043, "strain_ue": 0.44, "x_offset_m": 255.0, "y_offset_m": 135.0, "source": "NCB_PFM"}}, {"type": "Feature", "geometry": {"type": "Point", "coordinates": [86.432903, 23.765747]}, "properties": {"subsidence_mm": 0.13, "tilt_deg": -0.00043, "strain_ue": 0.44, "x_offset_m": 255.0, "y_offset_m": 150.0, "source": "NCB_PFM"}}, {"type": "Feature", "geometry": {"type": "Point", "coordinates": [86.432903, 23.765882]}, "properties": {"subsidence_mm": 0.13, "tilt_deg": -0.00043, "strain_ue": 0.44, "x_offset_m": 255.0, "y_offset_m": 165.0, "source": "NCB_PFM"}}, {"type": "Feature", "geometry": {"type": "Point", "coordinates": [86.432903, 23.766017]}, "properties": {"subsidence_mm": 0.13, "tilt_deg": -0.00043, "strain_ue": 0.44, "x_offset_m": 255.0, "y_offset_m": 180.0, "source": "NCB_PFM"}}, {"type": "Feature", "geometry": {"type": "Point", "coordinates": [86.432903, 23.766152]}, "properties": {"subsidence_mm": 0.13, "tilt_deg": -0.00043, "strain_ue": 0.44, "x_offset_m": 255.0, "y_offset_m": 195.0, "source": "NCB_PFM"}}, {"type": "Feature", "geometry": {"type": "Point", "coordinates": [86.432903, 23.766286]}, "properties": {"subsidence_mm": 0.13, "tilt_deg": -0.00043, "strain_ue": 0.44, "x_offset_m": 255.0, "y_offset_m": 210.0, "source": "NCB_PFM"}}, {"type": "Feature", "geometry": {"type": "Point", "coordinates": [86.432903, 23.766421]}, "properties": {"subsidence_mm": 0.13, "tilt_deg": -0.00043, "strain_ue": 0.44, "x_offset_m": 255.0, "y_offset_m": 225.0, "source": "NCB_PFM"}}, {"type": "Feature", "geometry": {"type": "Point", "coordinates": [86.432903, 23.766556]}, "properties": {"subsidence_mm": 0.13, "tilt_deg": -0.00043, "strain_ue": 0.44, "x_offset_m": 255.0, "y_offset_m": 240.0, "source": "NCB_PFM"}}, {"type": "Feature", "geometry": {"type": "Point", "coordinates": [86.432903, 23.766691]}, "properties": {"subsidence_mm": 0.13, "tilt_deg": -0.00043, "strain_ue": 0.44, "x_offset_m": 255.0, "y_offset_m": 255.0, "source": "NCB_PFM"}}, {"type": "Feature", "geometry": {"type": "Point", "coordinates": [86.432903, 23.766825]}, "properties": {"subsidence_mm": 0.13, "tilt_deg": -0.00043, "strain_ue": 0.44, "x_offset_m": 255.0, "y_offset_m": 270.0, "source": "NCB_PFM"}}, {"type": "Feature", "geometry": {"type": "Point", "coordinates": [86.432903, 23.76696]}, "properties": {"subsidence_mm": 0.13, "tilt_deg": -0.00043, "strain_ue": 0.44, "x_offset_m": 255.0, "y_offset_m": 285.0, "source": "NCB_PFM"}}, {"type": "Feature", "geometry": {"type": "Point", "coordinates": [86.432903, 23.767095]}, "properties": {"subsidence_mm": 0.13, "tilt_deg": -0.00043, "strain_ue": 0.44, "x_offset_m": 255.0, "y_offset_m": 300.0, "source": "NCB_PFM"}}, {"type": "Feature", "geometry": {"type": "Point", "coordinates": [86.43305, 23.761705]}, "properties": {"subsidence_mm": 0.06, "tilt_deg": -0.00019, "strain_ue": 0.2, "x_offset_m": 270.0, "y_offset_m": -300.0, "source": "NCB_PFM"}}, {"type": "Feature", "geometry": {"type": "Point", "coordinates": [86.43305, 23.76184]}, "properties": {"subsidence_mm": 0.06, "tilt_deg": -0.00019, "strain_ue": 0.2, "x_offset_m": 270.0, "y_offset_m": -285.0, "source": "NCB_PFM"}}, {"type": "Feature", "geometry": {"type": "Point", "coordinates": [86.43305, 23.761975]}, "properties": {"subsidence_mm": 0.06, "tilt_deg": -0.00019, "strain_ue": 0.2, "x_offset_m": 270.0, "y_offset_m": -270.0, "source": "NCB_PFM"}}, {"type": "Feature", "geometry": {"type": "Point", "coordinates": [86.43305, 23.762109]}, "properties": {"subsidence_mm": 0.06, "tilt_deg": -0.00019, "strain_ue": 0.2, "x_offset_m": 270.0, "y_offset_m": -255.0, "source": "NCB_PFM"}}, {"type": "Feature", "geometry": {"type": "Point", "coordinates": [86.43305, 23.762244]}, "properties": {"subsidence_mm": 0.06, "tilt_deg": -0.00019, "strain_ue": 0.2, "x_offset_m": 270.0, "y_offset_m": -240.0, "source": "NCB_PFM"}}, {"type": "Feature", "geometry": {"type": "Point", "coordinates": [86.43305, 23.762379]}, "properties": {"subsidence_mm": 0.06, "tilt_deg": -0.00019, "strain_ue": 0.2, "x_offset_m": 270.0, "y_offset_m": -225.0, "source": "NCB_PFM"}}, {"type": "Feature", "geometry": {"type": "Point", "coordinates": [86.43305, 23.762514]}, "properties": {"subsidence_mm": 0.06, "tilt_deg": -0.00019, "strain_ue": 0.2, "x_offset_m": 270.0, "y_offset_m": -210.0, "source": "NCB_PFM"}}, {"type": "Feature", "geometry": {"type": "Point", "coordinates": [86.43305, 23.762648]}, "properties": {"subsidence_mm": 0.06, "tilt_deg": -0.00019, "strain_ue": 0.2, "x_offset_m": 270.0, "y_offset_m": -195.0, "source": "NCB_PFM"}}, {"type": "Feature", "geometry": {"type": "Point", "coordinates": [86.43305, 23.762783]}, "properties": {"subsidence_mm": 0.06, "tilt_deg": -0.00019, "strain_ue": 0.2, "x_offset_m": 270.0, "y_offset_m": -180.0, "source": "NCB_PFM"}}, {"type": "Feature", "geometry": {"type": "Point", "coordinates": [86.43305, 23.762918]}, "properties": {"subsidence_mm": 0.06, "tilt_deg": -0.00019, "strain_ue": 0.2, "x_offset_m": 270.0, "y_offset_m": -165.0, "source": "NCB_PFM"}}, {"type": "Feature", "geometry": {"type": "Point", "coordinates": [86.43305, 23.763053]}, "properties": {"subsidence_mm": 0.06, "tilt_deg": -0.00019, "strain_ue": 0.2, "x_offset_m": 270.0, "y_offset_m": -150.0, "source": "NCB_PFM"}}, {"type": "Feature", "geometry": {"type": "Point", "coordinates": [86.43305, 23.763187]}, "properties": {"subsidence_mm": 0.06, "tilt_deg": -0.00019, "strain_ue": 0.2, "x_offset_m": 270.0, "y_offset_m": -135.0, "source": "NCB_PFM"}}, {"type": "Feature", "geometry": {"type": "Point", "coordinates": [86.43305, 23.763322]}, "properties": {"subsidence_mm": 0.06, "tilt_deg": -0.00019, "strain_ue": 0.2, "x_offset_m": 270.0, "y_offset_m": -120.0, "source": "NCB_PFM"}}, {"type": "Feature", "geometry": {"type": "Point", "coordinates": [86.43305, 23.763457]}, "properties": {"subsidence_mm": 0.06, "tilt_deg": -0.00019, "strain_ue": 0.2, "x_offset_m": 270.0, "y_offset_m": -105.0, "source": "NCB_PFM"}}, {"type": "Feature", "geometry": {"type": "Point", "coordinates": [86.43305, 23.763592]}, "properties": {"subsidence_mm": 0.06, "tilt_deg": -0.00019, "strain_ue": 0.2, "x_offset_m": 270.0, "y_offset_m": -90.0, "source": "NCB_PFM"}}, {"type": "Feature", "geometry": {"type": "Point", "coordinates": [86.43305, 23.763726]}, "properties": {"subsidence_mm": 0.06, "tilt_deg": -0.00019, "strain_ue": 0.2, "x_offset_m": 270.0, "y_offset_m": -75.0, "source": "NCB_PFM"}}, {"type": "Feature", "geometry": {"type": "Point", "coordinates": [86.43305, 23.763861]}, "properties": {"subsidence_mm": 0.06, "tilt_deg": -0.00019, "strain_ue": 0.2, "x_offset_m": 270.0, "y_offset_m": -60.0, "source": "NCB_PFM"}}, {"type": "Feature", "geometry": {"type": "Point", "coordinates": [86.43305, 23.763996]}, "properties": {"subsidence_mm": 0.06, "tilt_deg": -0.00019, "strain_ue": 0.2, "x_offset_m": 270.0, "y_offset_m": -45.0, "source": "NCB_PFM"}}, {"type": "Feature", "geometry": {"type": "Point", "coordinates": [86.43305, 23.764131]}, "properties": {"subsidence_mm": 0.06, "tilt_deg": -0.00019, "strain_ue": 0.2, "x_offset_m": 270.0, "y_offset_m": -30.0, "source": "NCB_PFM"}}, {"type": "Feature", "geometry": {"type": "Point", "coordinates": [86.43305, 23.764265]}, "properties": {"subsidence_mm": 0.06, "tilt_deg": -0.00019, "strain_ue": 0.2, "x_offset_m": 270.0, "y_offset_m": -15.0, "source": "NCB_PFM"}}, {"type": "Feature", "geometry": {"type": "Point", "coordinates": [86.43305, 23.7644]}, "properties": {"subsidence_mm": 0.06, "tilt_deg": -0.00019, "strain_ue": 0.2, "x_offset_m": 270.0, "y_offset_m": 0.0, "source": "NCB_PFM"}}, {"type": "Feature", "geometry": {"type": "Point", "coordinates": [86.43305, 23.764535]}, "properties": {"subsidence_mm": 0.06, "tilt_deg": -0.00019, "strain_ue": 0.2, "x_offset_m": 270.0, "y_offset_m": 15.0, "source": "NCB_PFM"}}, {"type": "Feature", "geometry": {"type": "Point", "coordinates": [86.43305, 23.764669]}, "properties": {"subsidence_mm": 0.06, "tilt_deg": -0.00019, "strain_ue": 0.2, "x_offset_m": 270.0, "y_offset_m": 30.0, "source": "NCB_PFM"}}, {"type": "Feature", "geometry": {"type": "Point", "coordinates": [86.43305, 23.764804]}, "properties": {"subsidence_mm": 0.06, "tilt_deg": -0.00019, "strain_ue": 0.2, "x_offset_m": 270.0, "y_offset_m": 45.0, "source": "NCB_PFM"}}, {"type": "Feature", "geometry": {"type": "Point", "coordinates": [86.43305, 23.764939]}, "properties": {"subsidence_mm": 0.06, "tilt_deg": -0.00019, "strain_ue": 0.2, "x_offset_m": 270.0, "y_offset_m": 60.0, "source": "NCB_PFM"}}, {"type": "Feature", "geometry": {"type": "Point", "coordinates": [86.43305, 23.765074]}, "properties": {"subsidence_mm": 0.06, "tilt_deg": -0.00019, "strain_ue": 0.2, "x_offset_m": 270.0, "y_offset_m": 75.0, "source": "NCB_PFM"}}, {"type": "Feature", "geometry": {"type": "Point", "coordinates": [86.43305, 23.765208]}, "properties": {"subsidence_mm": 0.06, "tilt_deg": -0.00019, "strain_ue": 0.2, "x_offset_m": 270.0, "y_offset_m": 90.0, "source": "NCB_PFM"}}, {"type": "Feature", "geometry": {"type": "Point", "coordinates": [86.43305, 23.765343]}, "properties": {"subsidence_mm": 0.06, "tilt_deg": -0.00019, "strain_ue": 0.2, "x_offset_m": 270.0, "y_offset_m": 105.0, "source": "NCB_PFM"}}, {"type": "Feature", "geometry": {"type": "Point", "coordinates": [86.43305, 23.765478]}, "properties": {"subsidence_mm": 0.06, "tilt_deg": -0.00019, "strain_ue": 0.2, "x_offset_m": 270.0, "y_offset_m": 120.0, "source": "NCB_PFM"}}, {"type": "Feature", "geometry": {"type": "Point", "coordinates": [86.43305, 23.765613]}, "properties": {"subsidence_mm": 0.06, "tilt_deg": -0.00019, "strain_ue": 0.2, "x_offset_m": 270.0, "y_offset_m": 135.0, "source": "NCB_PFM"}}, {"type": "Feature", "geometry": {"type": "Point", "coordinates": [86.43305, 23.765747]}, "properties": {"subsidence_mm": 0.06, "tilt_deg": -0.00019, "strain_ue": 0.2, "x_offset_m": 270.0, "y_offset_m": 150.0, "source": "NCB_PFM"}}, {"type": "Feature", "geometry": {"type": "Point", "coordinates": [86.43305, 23.765882]}, "properties": {"subsidence_mm": 0.06, "tilt_deg": -0.00019, "strain_ue": 0.2, "x_offset_m": 270.0, "y_offset_m": 165.0, "source": "NCB_PFM"}}, {"type": "Feature", "geometry": {"type": "Point", "coordinates": [86.43305, 23.766017]}, "properties": {"subsidence_mm": 0.06, "tilt_deg": -0.00019, "strain_ue": 0.2, "x_offset_m": 270.0, "y_offset_m": 180.0, "source": "NCB_PFM"}}, {"type": "Feature", "geometry": {"type": "Point", "coordinates": [86.43305, 23.766152]}, "properties": {"subsidence_mm": 0.06, "tilt_deg": -0.00019, "strain_ue": 0.2, "x_offset_m": 270.0, "y_offset_m": 195.0, "source": "NCB_PFM"}}, {"type": "Feature", "geometry": {"type": "Point", "coordinates": [86.43305, 23.766286]}, "properties": {"subsidence_mm": 0.06, "tilt_deg": -0.00019, "strain_ue": 0.2, "x_offset_m": 270.0, "y_offset_m": 210.0, "source": "NCB_PFM"}}, {"type": "Feature", "geometry": {"type": "Point", "coordinates": [86.43305, 23.766421]}, "properties": {"subsidence_mm": 0.06, "tilt_deg": -0.00019, "strain_ue": 0.2, "x_offset_m": 270.0, "y_offset_m": 225.0, "source": "NCB_PFM"}}, {"type": "Feature", "geometry": {"type": "Point", "coordinates": [86.43305, 23.766556]}, "properties": {"subsidence_mm": 0.06, "tilt_deg": -0.00019, "strain_ue": 0.2, "x_offset_m": 270.0, "y_offset_m": 240.0, "source": "NCB_PFM"}}, {"type": "Feature", "geometry": {"type": "Point", "coordinates": [86.43305, 23.766691]}, "properties": {"subsidence_mm": 0.06, "tilt_deg": -0.00019, "strain_ue": 0.2, "x_offset_m": 270.0, "y_offset_m": 255.0, "source": "NCB_PFM"}}, {"type": "Feature", "geometry": {"type": "Point", "coordinates": [86.43305, 23.766825]}, "properties": {"subsidence_mm": 0.06, "tilt_deg": -0.00019, "strain_ue": 0.2, "x_offset_m": 270.0, "y_offset_m": 270.0, "source": "NCB_PFM"}}, {"type": "Feature", "geometry": {"type": "Point", "coordinates": [86.43305, 23.76696]}, "properties": {"subsidence_mm": 0.06, "tilt_deg": -0.00019, "strain_ue": 0.2, "x_offset_m": 270.0, "y_offset_m": 285.0, "source": "NCB_PFM"}}, {"type": "Feature", "geometry": {"type": "Point", "coordinates": [86.43305, 23.767095]}, "properties": {"subsidence_mm": 0.06, "tilt_deg": -0.00019, "strain_ue": 0.2, "x_offset_m": 270.0, "y_offset_m": 300.0, "source": "NCB_PFM"}}, {"type": "Feature", "geometry": {"type": "Point", "coordinates": [86.433197, 23.761705]}, "properties": {"subsidence_mm": 0.03, "tilt_deg": -9e-05, "strain_ue": 0.08, "x_offset_m": 285.0, "y_offset_m": -300.0, "source": "NCB_PFM"}}, {"type": "Feature", "geometry": {"type": "Point", "coordinates": [86.433197, 23.76184]}, "properties": {"subsidence_mm": 0.03, "tilt_deg": -9e-05, "strain_ue": 0.08, "x_offset_m": 285.0, "y_offset_m": -285.0, "source": "NCB_PFM"}}, {"type": "Feature", "geometry": {"type": "Point", "coordinates": [86.433197, 23.761975]}, "properties": {"subsidence_mm": 0.03, "tilt_deg": -9e-05, "strain_ue": 0.08, "x_offset_m": 285.0, "y_offset_m": -270.0, "source": "NCB_PFM"}}, {"type": "Feature", "geometry": {"type": "Point", "coordinates": [86.433197, 23.762109]}, "properties": {"subsidence_mm": 0.03, "tilt_deg": -9e-05, "strain_ue": 0.08, "x_offset_m": 285.0, "y_offset_m": -255.0, "source": "NCB_PFM"}}, {"type": "Feature", "geometry": {"type": "Point", "coordinates": [86.433197, 23.762244]}, "properties": {"subsidence_mm": 0.03, "tilt_deg": -9e-05, "strain_ue": 0.08, "x_offset_m": 285.0, "y_offset_m": -240.0, "source": "NCB_PFM"}}, {"type": "Feature", "geometry": {"type": "Point", "coordinates": [86.433197, 23.762379]}, "properties": {"subsidence_mm": 0.03, "tilt_deg": -9e-05, "strain_ue": 0.08, "x_offset_m": 285.0, "y_offset_m": -225.0, "source": "NCB_PFM"}}, {"type": "Feature", "geometry": {"type": "Point", "coordinates": [86.433197, 23.762514]}, "properties": {"subsidence_mm": 0.03, "tilt_deg": -9e-05, "strain_ue": 0.08, "x_offset_m": 285.0, "y_offset_m": -210.0, "source": "NCB_PFM"}}, {"type": "Feature", "geometry": {"type": "Point", "coordinates": [86.433197, 23.762648]}, "properties": {"subsidence_mm": 0.03, "tilt_deg": -9e-05, "strain_ue": 0.08, "x_offset_m": 285.0, "y_offset_m": -195.0, "source": "NCB_PFM"}}, {"type": "Feature", "geometry": {"type": "Point", "coordinates": [86.433197, 23.762783]}, "properties": {"subsidence_mm": 0.03, "tilt_deg": -9e-05, "strain_ue": 0.08, "x_offset_m": 285.0, "y_offset_m": -180.0, "source": "NCB_PFM"}}, {"type": "Feature", "geometry": {"type": "Point", "coordinates": [86.433197, 23.762918]}, "properties": {"subsidence_mm": 0.03, "tilt_deg": -9e-05, "strain_ue": 0.08, "x_offset_m": 285.0, "y_offset_m": -165.0, "source": "NCB_PFM"}}, {"type": "Feature", "geometry": {"type": "Point", "coordinates": [86.433197, 23.763053]}, "properties": {"subsidence_mm": 0.03, "tilt_deg": -9e-05, "strain_ue": 0.08, "x_offset_m": 285.0, "y_offset_m": -150.0, "source": "NCB_PFM"}}, {"type": "Feature", "geometry": {"type": "Point", "coordinates": [86.433197, 23.763187]}, "properties": {"subsidence_mm": 0.03, "tilt_deg": -9e-05, "strain_ue": 0.08, "x_offset_m": 285.0, "y_offset_m": -135.0, "source": "NCB_PFM"}}, {"type": "Feature", "geometry": {"type": "Point", "coordinates": [86.433197, 23.763322]}, "properties": {"subsidence_mm": 0.03, "tilt_deg": -9e-05, "strain_ue": 0.08, "x_offset_m": 285.0, "y_offset_m": -120.0, "source": "NCB_PFM"}}, {"type": "Feature", "geometry": {"type": "Point", "coordinates": [86.433197, 23.763457]}, "properties": {"subsidence_mm": 0.03, "tilt_deg": -9e-05, "strain_ue": 0.08, "x_offset_m": 285.0, "y_offset_m": -105.0, "source": "NCB_PFM"}}, {"type": "Feature", "geometry": {"type": "Point", "coordinates": [86.433197, 23.763592]}, "properties": {"subsidence_mm": 0.03, "tilt_deg": -9e-05, "strain_ue": 0.08, "x_offset_m": 285.0, "y_offset_m": -90.0, "source": "NCB_PFM"}}, {"type": "Feature", "geometry": {"type": "Point", "coordinates": [86.433197, 23.763726]}, "properties": {"subsidence_mm": 0.03, "tilt_deg": -9e-05, "strain_ue": 0.08, "x_offset_m": 285.0, "y_offset_m": -75.0, "source": "NCB_PFM"}}, {"type": "Feature", "geometry": {"type": "Point", "coordinates": [86.433197, 23.763861]}, "properties": {"subsidence_mm": 0.03, "tilt_deg": -9e-05, "strain_ue": 0.08, "x_offset_m": 285.0, "y_offset_m": -60.0, "source": "NCB_PFM"}}, {"type": "Feature", "geometry": {"type": "Point", "coordinates": [86.433197, 23.763996]}, "properties": {"subsidence_mm": 0.03, "tilt_deg": -9e-05, "strain_ue": 0.08, "x_offset_m": 285.0, "y_offset_m": -45.0, "source": "NCB_PFM"}}, {"type": "Feature", "geometry": {"type": "Point", "coordinates": [86.433197, 23.764131]}, "properties": {"subsidence_mm": 0.03, "tilt_deg": -9e-05, "strain_ue": 0.08, "x_offset_m": 285.0, "y_offset_m": -30.0, "source": "NCB_PFM"}}, {"type": "Feature", "geometry": {"type": "Point", "coordinates": [86.433197, 23.764265]}, "properties": {"subsidence_mm": 0.03, "tilt_deg": -9e-05, "strain_ue": 0.08, "x_offset_m": 285.0, "y_offset_m": -15.0, "source": "NCB_PFM"}}, {"type": "Feature", "geometry": {"type": "Point", "coordinates": [86.433197, 23.7644]}, "properties": {"subsidence_mm": 0.03, "tilt_deg": -9e-05, "strain_ue": 0.08, "x_offset_m": 285.0, "y_offset_m": 0.0, "source": "NCB_PFM"}}, {"type": "Feature", "geometry": {"type": "Point", "coordinates": [86.433197, 23.764535]}, "properties": {"subsidence_mm": 0.03, "tilt_deg": -9e-05, "strain_ue": 0.08, "x_offset_m": 285.0, "y_offset_m": 15.0, "source": "NCB_PFM"}}, {"type": "Feature", "geometry": {"type": "Point", "coordinates": [86.433197, 23.764669]}, "properties": {"subsidence_mm": 0.03, "tilt_deg": -9e-05, "strain_ue": 0.08, "x_offset_m": 285.0, "y_offset_m": 30.0, "source": "NCB_PFM"}}, {"type": "Feature", "geometry": {"type": "Point", "coordinates": [86.433197, 23.764804]}, "properties": {"subsidence_mm": 0.03, "tilt_deg": -9e-05, "strain_ue": 0.08, "x_offset_m": 285.0, "y_offset_m": 45.0, "source": "NCB_PFM"}}, {"type": "Feature", "geometry": {"type": "Point", "coordinates": [86.433197, 23.764939]}, "properties": {"subsidence_mm": 0.03, "tilt_deg": -9e-05, "strain_ue": 0.08, "x_offset_m": 285.0, "y_offset_m": 60.0, "source": "NCB_PFM"}}, {"type": "Feature", "geometry": {"type": "Point", "coordinates": [86.433197, 23.765074]}, "properties": {"subsidence_mm": 0.03, "tilt_deg": -9e-05, "strain_ue": 0.08, "x_offset_m": 285.0, "y_offset_m": 75.0, "source": "NCB_PFM"}}, {"type": "Feature", "geometry": {"type": "Point", "coordinates": [86.433197, 23.765208]}, "properties": {"subsidence_mm": 0.03, "tilt_deg": -9e-05, "strain_ue": 0.08, "x_offset_m": 285.0, "y_offset_m": 90.0, "source": "NCB_PFM"}}, {"type": "Feature", "geometry": {"type": "Point", "coordinates": [86.433197, 23.765343]}, "properties": {"subsidence_mm": 0.03, "tilt_deg": -9e-05, "strain_ue": 0.08, "x_offset_m": 285.0, "y_offset_m": 105.0, "source": "NCB_PFM"}}, {"type": "Feature", "geometry": {"type": "Point", "coordinates": [86.433197, 23.765478]}, "properties": {"subsidence_mm": 0.03, "tilt_deg": -9e-05, "strain_ue": 0.08, "x_offset_m": 285.0, "y_offset_m": 120.0, "source": "NCB_PFM"}}, {"type": "Feature", "geometry": {"type": "Point", "coordinates": [86.433197, 23.765613]}, "properties": {"subsidence_mm": 0.03, "tilt_deg": -9e-05, "strain_ue": 0.08, "x_offset_m": 285.0, "y_offset_m": 135.0, "source": "NCB_PFM"}}, {"type": "Feature", "geometry": {"type": "Point", "coordinates": [86.433197, 23.765747]}, "properties": {"subsidence_mm": 0.03, "tilt_deg": -9e-05, "strain_ue": 0.08, "x_offset_m": 285.0, "y_offset_m": 150.0, "source": "NCB_PFM"}}, {"type": "Feature", "geometry": {"type": "Point", "coordinates": [86.433197, 23.765882]}, "properties": {"subsidence_mm": 0.03, "tilt_deg": -9e-05, "strain_ue": 0.08, "x_offset_m": 285.0, "y_offset_m": 165.0, "source": "NCB_PFM"}}, {"type": "Feature", "geometry": {"type": "Point", "coordinates": [86.433197, 23.766017]}, "properties": {"subsidence_mm": 0.03, "tilt_deg": -9e-05, "strain_ue": 0.08, "x_offset_m": 285.0, "y_offset_m": 180.0, "source": "NCB_PFM"}}, {"type": "Feature", "geometry": {"type": "Point", "coordinates": [86.433197, 23.766152]}, "properties": {"subsidence_mm": 0.03, "tilt_deg": -9e-05, "strain_ue": 0.08, "x_offset_m": 285.0, "y_offset_m": 195.0, "source": "NCB_PFM"}}, {"type": "Feature", "geometry": {"type": "Point", "coordinates": [86.433197, 23.766286]}, "properties": {"subsidence_mm": 0.03, "tilt_deg": -9e-05, "strain_ue": 0.08, "x_offset_m": 285.0, "y_offset_m": 210.0, "source": "NCB_PFM"}}, {"type": "Feature", "geometry": {"type": "Point", "coordinates": [86.433197, 23.766421]}, "properties": {"subsidence_mm": 0.03, "tilt_deg": -9e-05, "strain_ue": 0.08, "x_offset_m": 285.0, "y_offset_m": 225.0, "source": "NCB_PFM"}}, {"type": "Feature", "geometry": {"type": "Point", "coordinates": [86.433197, 23.766556]}, "properties": {"subsidence_mm": 0.03, "tilt_deg": -9e-05, "strain_ue": 0.08, "x_offset_m": 285.0, "y_offset_m": 240.0, "source": "NCB_PFM"}}, {"type": "Feature", "geometry": {"type": "Point", "coordinates": [86.433197, 23.766691]}, "properties": {"subsidence_mm": 0.03, "tilt_deg": -9e-05, "strain_ue": 0.08, "x_offset_m": 285.0, "y_offset_m": 255.0, "source": "NCB_PFM"}}, {"type": "Feature", "geometry": {"type": "Point", "coordinates": [86.433197, 23.766825]}, "properties": {"subsidence_mm": 0.03, "tilt_deg": -9e-05, "strain_ue": 0.08, "x_offset_m": 285.0, "y_offset_m": 270.0, "source": "NCB_PFM"}}, {"type": "Feature", "geometry": {"type": "Point", "coordinates": [86.433197, 23.76696]}, "properties": {"subsidence_mm": 0.03, "tilt_deg": -9e-05, "strain_ue": 0.08, "x_offset_m": 285.0, "y_offset_m": 285.0, "source": "NCB_PFM"}}, {"type": "Feature", "geometry": {"type": "Point", "coordinates": [86.433197, 23.767095]}, "properties": {"subsidence_mm": 0.03, "tilt_deg": -9e-05, "strain_ue": 0.08, "x_offset_m": 285.0, "y_offset_m": 300.0, "source": "NCB_PFM"}}, {"type": "Feature", "geometry": {"type": "Point", "coordinates": [86.433345, 23.761705]}, "properties": {"subsidence_mm": 0.01, "tilt_deg": -5e-05, "strain_ue": 0.04, "x_offset_m": 300.0, "y_offset_m": -300.0, "source": "NCB_PFM"}}, {"type": "Feature", "geometry": {"type": "Point", "coordinates": [86.433345, 23.76184]}, "properties": {"subsidence_mm": 0.01, "tilt_deg": -5e-05, "strain_ue": 0.04, "x_offset_m": 300.0, "y_offset_m": -285.0, "source": "NCB_PFM"}}, {"type": "Feature", "geometry": {"type": "Point", "coordinates": [86.433345, 23.761975]}, "properties": {"subsidence_mm": 0.01, "tilt_deg": -5e-05, "strain_ue": 0.04, "x_offset_m": 300.0, "y_offset_m": -270.0, "source": "NCB_PFM"}}, {"type": "Feature", "geometry": {"type": "Point", "coordinates": [86.433345, 23.762109]}, "properties": {"subsidence_mm": 0.01, "tilt_deg": -5e-05, "strain_ue": 0.04, "x_offset_m": 300.0, "y_offset_m": -255.0, "source": "NCB_PFM"}}, {"type": "Feature", "geometry": {"type": "Point", "coordinates": [86.433345, 23.762244]}, "properties": {"subsidence_mm": 0.01, "tilt_deg": -5e-05, "strain_ue": 0.04, "x_offset_m": 300.0, "y_offset_m": -240.0, "source": "NCB_PFM"}}, {"type": "Feature", "geometry": {"type": "Point", "coordinates": [86.433345, 23.762379]}, "properties": {"subsidence_mm": 0.01, "tilt_deg": -5e-05, "strain_ue": 0.04, "x_offset_m": 300.0, "y_offset_m": -225.0, "source": "NCB_PFM"}}, {"type": "Feature", "geometry": {"type": "Point", "coordinates": [86.433345, 23.762514]}, "properties": {"subsidence_mm": 0.01, "tilt_deg": -5e-05, "strain_ue": 0.04, "x_offset_m": 300.0, "y_offset_m": -210.0, "source": "NCB_PFM"}}, {"type": "Feature", "geometry": {"type": "Point", "coordinates": [86.433345, 23.762648]}, "properties": {"subsidence_mm": 0.01, "tilt_deg": -5e-05, "strain_ue": 0.04, "x_offset_m": 300.0, "y_offset_m": -195.0, "source": "NCB_PFM"}}, {"type": "Feature", "geometry": {"type": "Point", "coordinates": [86.433345, 23.762783]}, "properties": {"subsidence_mm": 0.01, "tilt_deg": -5e-05, "strain_ue": 0.04, "x_offset_m": 300.0, "y_offset_m": -180.0, "source": "NCB_PFM"}}, {"type": "Feature", "geometry": {"type": "Point", "coordinates": [86.433345, 23.762918]}, "properties": {"subsidence_mm": 0.01, "tilt_deg": -5e-05, "strain_ue": 0.04, "x_offset_m": 300.0, "y_offset_m": -165.0, "source": "NCB_PFM"}}, {"type": "Feature", "geometry": {"type": "Point", "coordinates": [86.433345, 23.763053]}, "properties": {"subsidence_mm": 0.01, "tilt_deg": -5e-05, "strain_ue": 0.04, "x_offset_m": 300.0, "y_offset_m": -150.0, "source": "NCB_PFM"}}, {"type": "Feature", "geometry": {"type": "Point", "coordinates": [86.433345, 23.763187]}, "properties": {"subsidence_mm": 0.01, "tilt_deg": -5e-05, "strain_ue": 0.04, "x_offset_m": 300.0, "y_offset_m": -135.0, "source": "NCB_PFM"}}, {"type": "Feature", "geometry": {"type": "Point", "coordinates": [86.433345, 23.763322]}, "properties": {"subsidence_mm": 0.01, "tilt_deg": -5e-05, "strain_ue": 0.04, "x_offset_m": 300.0, "y_offset_m": -120.0, "source": "NCB_PFM"}}, {"type": "Feature", "geometry": {"type": "Point", "coordinates": [86.433345, 23.763457]}, "properties": {"subsidence_mm": 0.01, "tilt_deg": -5e-05, "strain_ue": 0.04, "x_offset_m": 300.0, "y_offset_m": -105.0, "source": "NCB_PFM"}}, {"type": "Feature", "geometry": {"type": "Point", "coordinates": [86.433345, 23.763592]}, "properties": {"subsidence_mm": 0.01, "tilt_deg": -5e-05, "strain_ue": 0.04, "x_offset_m": 300.0, "y_offset_m": -90.0, "source": "NCB_PFM"}}, {"type": "Feature", "geometry": {"type": "Point", "coordinates": [86.433345, 23.763726]}, "properties": {"subsidence_mm": 0.01, "tilt_deg": -5e-05, "strain_ue": 0.04, "x_offset_m": 300.0, "y_offset_m": -75.0, "source": "NCB_PFM"}}, {"type": "Feature", "geometry": {"type": "Point", "coordinates": [86.433345, 23.763861]}, "properties": {"subsidence_mm": 0.01, "tilt_deg": -5e-05, "strain_ue": 0.04, "x_offset_m": 300.0, "y_offset_m": -60.0, "source": "NCB_PFM"}}, {"type": "Feature", "geometry": {"type": "Point", "coordinates": [86.433345, 23.763996]}, "properties": {"subsidence_mm": 0.01, "tilt_deg": -5e-05, "strain_ue": 0.04, "x_offset_m": 300.0, "y_offset_m": -45.0, "source": "NCB_PFM"}}, {"type": "Feature", "geometry": {"type": "Point", "coordinates": [86.433345, 23.764131]}, "properties": {"subsidence_mm": 0.01, "tilt_deg": -5e-05, "strain_ue": 0.04, "x_offset_m": 300.0, "y_offset_m": -30.0, "source": "NCB_PFM"}}, {"type": "Feature", "geometry": {"type": "Point", "coordinates": [86.433345, 23.764265]}, "properties": {"subsidence_mm": 0.01, "tilt_deg": -5e-05, "strain_ue": 0.04, "x_offset_m": 300.0, "y_offset_m": -15.0, "source": "NCB_PFM"}}, {"type": "Feature", "geometry": {"type": "Point", "coordinates": [86.433345, 23.7644]}, "properties": {"subsidence_mm": 0.01, "tilt_deg": -5e-05, "strain_ue": 0.04, "x_offset_m": 300.0, "y_offset_m": 0.0, "source": "NCB_PFM"}}, {"type": "Feature", "geometry": {"type": "Point", "coordinates": [86.433345, 23.764535]}, "properties": {"subsidence_mm": 0.01, "tilt_deg": -5e-05, "strain_ue": 0.04, "x_offset_m": 300.0, "y_offset_m": 15.0, "source": "NCB_PFM"}}, {"type": "Feature", "geometry": {"type": "Point", "coordinates": [86.433345, 23.764669]}, "properties": {"subsidence_mm": 0.01, "tilt_deg": -5e-05, "strain_ue": 0.04, "x_offset_m": 300.0, "y_offset_m": 30.0, "source": "NCB_PFM"}}, {"type": "Feature", "geometry": {"type": "Point", "coordinates": [86.433345, 23.764804]}, "properties": {"subsidence_mm": 0.01, "tilt_deg": -5e-05, "strain_ue": 0.04, "x_offset_m": 300.0, "y_offset_m": 45.0, "source": "NCB_PFM"}}, {"type": "Feature", "geometry": {"type": "Point", "coordinates": [86.433345, 23.764939]}, "properties": {"subsidence_mm": 0.01, "tilt_deg": -5e-05, "strain_ue": 0.04, "x_offset_m": 300.0, "y_offset_m": 60.0, "source": "NCB_PFM"}}, {"type": "Feature", "geometry": {"type": "Point", "coordinates": [86.433345, 23.765074]}, "properties": {"subsidence_mm": 0.01, "tilt_deg": -5e-05, "strain_ue": 0.04, "x_offset_m": 300.0, "y_offset_m": 75.0, "source": "NCB_PFM"}}, {"type": "Feature", "geometry": {"type": "Point", "coordinates": [86.433345, 23.765208]}, "properties": {"subsidence_mm": 0.01, "tilt_deg": -5e-05, "strain_ue": 0.04, "x_offset_m": 300.0, "y_offset_m": 90.0, "source": "NCB_PFM"}}, {"type": "Feature", "geometry": {"type": "Point", "coordinates": [86.433345, 23.765343]}, "properties": {"subsidence_mm": 0.01, "tilt_deg": -5e-05, "strain_ue": 0.04, "x_offset_m": 300.0, "y_offset_m": 105.0, "source": "NCB_PFM"}}, {"type": "Feature", "geometry": {"type": "Point", "coordinates": [86.433345, 23.765478]}, "properties": {"subsidence_mm": 0.01, "tilt_deg": -5e-05, "strain_ue": 0.04, "x_offset_m": 300.0, "y_offset_m": 120.0, "source": "NCB_PFM"}}, {"type": "Feature", "geometry": {"type": "Point", "coordinates": [86.433345, 23.765613]}, "properties": {"subsidence_mm": 0.01, "tilt_deg": -5e-05, "strain_ue": 0.04, "x_offset_m": 300.0, "y_offset_m": 135.0, "source": "NCB_PFM"}}, {"type": "Feature", "geometry": {"type": "Point", "coordinates": [86.433345, 23.765747]}, "properties": {"subsidence_mm": 0.01, "tilt_deg": -5e-05, "strain_ue": 0.04, "x_offset_m": 300.0, "y_offset_m": 150.0, "source": "NCB_PFM"}}, {"type": "Feature", "geometry": {"type": "Point", "coordinates": [86.433345, 23.765882]}, "properties": {"subsidence_mm": 0.01, "tilt_deg": -5e-05, "strain_ue": 0.04, "x_offset_m": 300.0, "y_offset_m": 165.0, "source": "NCB_PFM"}}, {"type": "Feature", "geometry": {"type": "Point", "coordinates": [86.433345, 23.766017]}, "properties": {"subsidence_mm": 0.01, "tilt_deg": -5e-05, "strain_ue": 0.04, "x_offset_m": 300.0, "y_offset_m": 180.0, "source": "NCB_PFM"}}, {"type": "Feature", "geometry": {"type": "Point", "coordinates": [86.433345, 23.766152]}, "properties": {"subsidence_mm": 0.01, "tilt_deg": -5e-05, "strain_ue": 0.04, "x_offset_m": 300.0, "y_offset_m": 195.0, "source": "NCB_PFM"}}, {"type": "Feature", "geometry": {"type": "Point", "coordinates": [86.433345, 23.766286]}, "properties": {"subsidence_mm": 0.01, "tilt_deg": -5e-05, "strain_ue": 0.04, "x_offset_m": 300.0, "y_offset_m": 210.0, "source": "NCB_PFM"}}, {"type": "Feature", "geometry": {"type": "Point", "coordinates": [86.433345, 23.766421]}, "properties": {"subsidence_mm": 0.01, "tilt_deg": -5e-05, "strain_ue": 0.04, "x_offset_m": 300.0, "y_offset_m": 225.0, "source": "NCB_PFM"}}, {"type": "Feature", "geometry": {"type": "Point", "coordinates": [86.433345, 23.766556]}, "properties": {"subsidence_mm": 0.01, "tilt_deg": -5e-05, "strain_ue": 0.04, "x_offset_m": 300.0, "y_offset_m": 240.0, "source": "NCB_PFM"}}, {"type": "Feature", "geometry": {"type": "Point", "coordinates": [86.433345, 23.766691]}, "properties": {"subsidence_mm": 0.01, "tilt_deg": -5e-05, "strain_ue": 0.04, "x_offset_m": 300.0, "y_offset_m": 255.0, "source": "NCB_PFM"}}, {"type": "Feature", "geometry": {"type": "Point", "coordinates": [86.433345, 23.766825]}, "properties": {"subsidence_mm": 0.01, "tilt_deg": -5e-05, "strain_ue": 0.04, "x_offset_m": 300.0, "y_offset_m": 270.0, "source": "NCB_PFM"}}, {"type": "Feature", "geometry": {"type": "Point", "coordinates": [86.433345, 23.76696]}, "properties": {"subsidence_mm": 0.01, "tilt_deg": -5e-05, "strain_ue": 0.04, "x_offset_m": 300.0, "y_offset_m": 285.0, "source": "NCB_PFM"}}, {"type": "Feature", "geometry": {"type": "Point", "coordinates": [86.433345, 23.767095]}, "properties": {"subsidence_mm": 0.01, "tilt_deg": -5e-05, "strain_ue": 0.04, "x_offset_m": 300.0, "y_offset_m": 300.0, "source": "NCB_PFM"}}]}